timestamp,elapsed_sec,gsr_raw,phase
1777616752.852854,0.0002639293670654297,1280.0,baseline
1777616752.85295,0.0003600120544433594,1278.0,baseline
1777616752.853028,0.0004379749298095703,1280.0,baseline
1777616752.853107,0.0005168914794921875,1279.0,baseline
1777616752.853183,0.0005929470062255859,1278.0,baseline
1777616752.853259,0.0006690025329589844,1278.0,baseline
1777616752.8533351,0.0007450580596923828,1278.0,baseline
1777616752.853411,0.0008208751678466797,1278.0,baseline
1777616752.853487,0.0008969306945800781,1280.0,baseline
1777616752.853562,0.0009720325469970703,1277.0,baseline
1777616752.8536372,0.0010471343994140625,1278.0,baseline
1777616752.8537128,0.0011227130889892578,1280.0,baseline
1777616752.853835,0.0012450218200683594,1277.0,baseline
1777616752.853913,0.0013229846954345703,1278.0,baseline
1777616752.8539891,0.0013990402221679688,1277.0,baseline
1777616752.8540668,0.0014767646789550781,1281.0,baseline
1777616752.854143,0.0015528202056884766,1281.0,baseline
1777616752.854219,0.001628875732421875,1279.0,baseline
1777616752.854306,0.0017158985137939453,1278.0,baseline
1777616752.854382,0.0017919540405273438,1279.0,baseline
1777616752.8544571,0.001867055892944336,1283.0,baseline
1777616752.854578,0.001987934112548828,1280.0,baseline
1777616752.854653,0.0020627975463867188,1277.0,baseline
1777616752.8549051,0.002315044403076172,1278.0,baseline
1777616752.855018,0.002427816390991211,1280.0,baseline
1777616752.855107,0.0025169849395751953,1278.0,baseline
1777616752.8551931,0.0026030540466308594,1277.0,baseline
1777616752.855284,0.0026938915252685547,1280.0,baseline
1777616752.855381,0.0027909278869628906,1277.0,baseline
1777616752.855468,0.002877950668334961,1278.0,baseline
1777616752.855553,0.002962827682495117,1283.0,baseline
1777616752.855638,0.003047943115234375,1277.0,baseline
1777616752.855723,0.0031328201293945312,1278.0,baseline
1777616752.855808,0.003217935562133789,1280.0,baseline
1777616752.855893,0.0033028125762939453,1279.0,baseline
1777616752.855978,0.003387928009033203,1278.0,baseline
1777616752.856063,0.0034728050231933594,1280.0,baseline
1777616752.856148,0.003557920455932617,1278.0,baseline
1777616752.856232,0.003641843795776367,1281.0,baseline
1777616752.856317,0.003726959228515625,1284.0,baseline
1777616752.856402,0.0038118362426757812,1284.0,baseline
1777616752.8564858,0.0038957595825195312,1281.0,baseline
1777616752.856571,0.003980875015258789,1276.0,baseline
1777616752.856669,0.004078865051269531,1278.0,baseline
1777616752.856748,0.00415802001953125,1281.0,baseline
1777616752.8568141,0.004224061965942383,1280.0,baseline
1777616752.8568802,0.004290103912353516,1282.0,baseline
1777616752.856947,0.004356861114501953,1280.0,baseline
1777616752.857013,0.004422903060913086,1279.0,baseline
1777616752.8570828,0.004492759704589844,1278.0,baseline
1777616752.857149,0.0045588016510009766,1279.0,baseline
1777616752.857215,0.004624843597412109,1277.0,baseline
1777616752.857301,0.0047109127044677734,1278.0,baseline
1777616752.857367,0.004776954650878906,1281.0,baseline
1777616752.857433,0.004842996597290039,1277.0,baseline
1777616752.8574998,0.0049097537994384766,1279.0,baseline
1777616752.8575659,0.004975795745849609,1281.0,baseline
1777616752.857632,0.005041837692260742,1276.0,baseline
1777616752.857698,0.005107879638671875,1280.0,baseline
1777616752.8577652,0.005175113677978516,1280.0,baseline
1777616752.857831,0.005240917205810547,1277.0,baseline
1777616752.857897,0.00530695915222168,1280.0,baseline
1777616752.857963,0.0053730010986328125,1279.0,baseline
1777616752.8580291,0.005439043045043945,1277.0,baseline
1777616752.85813,0.005539894104003906,1280.0,baseline
1777616752.858197,0.005606889724731445,1278.0,baseline
1777616752.858264,0.005673885345458984,1280.0,baseline
1777616752.858345,0.005754947662353516,1279.0,baseline
1777616752.858412,0.005821943283081055,1276.0,baseline
1777616752.858616,0.006026029586791992,1280.0,baseline
1777616752.858696,0.006105899810791016,1281.0,baseline
1777616752.858766,0.006175994873046875,1280.0,baseline
1777616752.858835,0.0062448978424072266,1279.0,baseline
1777616752.858903,0.006312847137451172,1277.0,baseline
1777616752.8589709,0.006380796432495117,1278.0,baseline
1777616752.8590379,0.006447792053222656,1276.0,baseline
1777616752.8591092,0.0065190792083740234,1279.0,baseline
1777616752.859176,0.006585836410522461,1280.0,baseline
1777616752.859244,0.006654024124145508,1280.0,baseline
1777616752.8593102,0.006720066070556641,1281.0,baseline
1777616752.859377,0.006786823272705078,1283.0,baseline
1777616752.859444,0.006853818893432617,1280.0,baseline
1777616752.8595111,0.006921052932739258,1279.0,baseline
1777616752.8595781,0.006988048553466797,1281.0,baseline
1777616752.859644,0.007053852081298828,1276.0,baseline
1777616752.859711,0.007120847702026367,1279.0,baseline
1777616752.85979,0.007200002670288086,1281.0,baseline
1777616752.8598568,0.0072667598724365234,1276.0,baseline
1777616752.8599281,0.007338047027587891,1279.0,baseline
1777616752.86,0.007409811019897461,1281.0,baseline
1777616752.860066,0.007475852966308594,1279.0,baseline
1777616752.8601332,0.007543087005615234,1279.0,baseline
1777616752.860208,0.007617950439453125,1275.0,baseline
1777616752.8602738,0.007683753967285156,1277.0,baseline
1777616752.860341,0.007750988006591797,1281.0,baseline
1777616752.860407,0.00781702995300293,1276.0,baseline
1777616752.8604732,0.007883071899414062,1278.0,baseline
1777616752.860539,0.007948875427246094,1277.0,baseline
1777616752.860605,0.008014917373657227,1276.0,baseline
1777616752.860672,0.008081912994384766,1278.0,baseline
1777616752.860738,0.008147954940795898,1279.0,baseline
1777616752.860804,0.008213996887207031,1278.0,baseline
1777616752.86087,0.008279800415039062,1277.0,baseline
1777616752.8609369,0.008346796035766602,1282.0,baseline
1777616752.861003,0.008412837982177734,1279.0,baseline
1777616752.861069,0.008478879928588867,1279.0,baseline
1777616752.861135,0.008544921875,1278.0,baseline
1777616752.8612008,0.008610725402832031,1278.0,baseline
1777616752.8612852,0.008695125579833984,1276.0,baseline
1777616752.861351,0.008760929107666016,1279.0,baseline
1777616752.861417,0.008826971054077148,1282.0,baseline
1777616752.861483,0.008893013000488281,1281.0,baseline
1777616752.8615491,0.008959054946899414,1278.0,baseline
1777616752.8616152,0.009025096893310547,1278.0,baseline
1777616752.86168,0.009089946746826172,1276.0,baseline
1777616752.8617458,0.009155750274658203,1276.0,baseline
1777616752.8618119,0.009221792221069336,1279.0,baseline
1777616752.861878,0.009287834167480469,1277.0,baseline
1777616752.861944,0.009353876113891602,1278.0,baseline
1777616752.86201,0.009419918060302734,1281.0,baseline
1777616752.8620758,0.009485721588134766,1280.0,baseline
1777616752.8621418,0.009551763534545898,1279.0,baseline
1777616752.862208,0.009617805480957031,1277.0,baseline
1777616752.862274,0.009683847427368164,1277.0,baseline
1777616752.8623402,0.009750127792358398,1277.0,baseline
1777616752.8624058,0.009815692901611328,1279.0,baseline
1777616752.862473,0.009882926940917969,1276.0,baseline
1777616752.862539,0.009948968887329102,1280.0,baseline
1777616752.862608,0.010017871856689453,1281.0,baseline
1777616752.86268,0.010089874267578125,1276.0,baseline
1777616752.862747,0.010156869888305664,1276.0,baseline
1777616752.8628201,0.010230064392089844,1280.0,baseline
1777616752.862887,0.010296821594238281,1277.0,baseline
1777616752.862953,0.010362863540649414,1278.0,baseline
1777616752.86302,0.010429859161376953,1281.0,baseline
1777616752.863122,0.010531902313232422,1276.0,baseline
1777616752.863195,0.0106048583984375,1279.0,baseline
1777616752.863264,0.010673999786376953,1283.0,baseline
1777616752.863433,0.01084280014038086,1282.0,baseline
1777616752.8635142,0.010924100875854492,1283.0,baseline
1777616752.863584,0.01099395751953125,1284.0,baseline
1777616752.863651,0.011060953140258789,1284.0,baseline
1777616752.863719,0.011128902435302734,1282.0,baseline
1777616752.863786,0.011195898056030273,1284.0,baseline
1777616752.863853,0.011262893676757812,1281.0,baseline
1777616752.864217,0.011626958847045898,1276.0,baseline
1777616752.864287,0.011696815490722656,1277.0,baseline
1777616752.864355,0.011765003204345703,1278.0,baseline
1777616752.8644228,0.011832714080810547,1278.0,baseline
1777616752.864492,0.01190185546875,1280.0,baseline
1777616752.8645592,0.01196908950805664,1281.0,baseline
1777616752.864633,0.012042999267578125,1281.0,baseline
1777616752.864699,0.012108802795410156,1279.0,baseline
1777616752.864766,0.012175798416137695,1278.0,baseline
1777616752.864831,0.012240886688232422,1279.0,baseline
1777616752.864897,0.012306928634643555,1279.0,baseline
1777616752.864963,0.012372970581054688,1280.0,baseline
1777616752.865029,0.01243901252746582,1278.0,baseline
1777616752.8650959,0.012505769729614258,1280.0,baseline
1777616752.865162,0.01257181167602539,1278.0,baseline
1777616752.865228,0.012637853622436523,1280.0,baseline
1777616752.865294,0.012703895568847656,1283.0,baseline
1777616752.865359,0.012768983840942383,1280.0,baseline
1777616752.8654258,0.01283574104309082,1280.0,baseline
1777616752.865491,0.012900829315185547,1279.0,baseline
1777616752.865557,0.01296687126159668,1281.0,baseline
1777616752.865623,0.013032913208007812,1277.0,baseline
1777616752.865688,0.013098001480102539,1277.0,baseline
1777616752.8657548,0.013164758682250977,1276.0,baseline
1777616752.865821,0.01323080062866211,1280.0,baseline
1777616752.865901,0.013310909271240234,1282.0,baseline
1777616752.8659651,0.013375043869018555,1281.0,baseline
1777616752.86603,0.01343989372253418,1276.0,baseline
1777616752.866106,0.013515949249267578,1276.0,baseline
1777616752.866171,0.013580799102783203,1281.0,baseline
1777616752.8662348,0.013644695281982422,1283.0,baseline
1777616752.866299,0.013708829879760742,1281.0,baseline
1777616752.866365,0.013774871826171875,1283.0,baseline
1777616752.8664289,0.013838768005371094,1283.0,baseline
1777616752.866494,0.01390385627746582,1282.0,baseline
1777616752.866559,0.013968944549560547,1276.0,baseline
1777616752.866624,0.014034032821655273,1279.0,baseline
1777616752.866688,0.014097929000854492,1276.0,baseline
1777616752.866752,0.014161825180053711,1280.0,baseline
1777616752.866817,0.014226913452148438,1276.0,baseline
1777616752.866883,0.01429295539855957,1280.0,baseline
1777616752.8669481,0.014358043670654297,1279.0,baseline
1777616752.8670132,0.014423131942749023,1277.0,baseline
1777616752.8670778,0.014487743377685547,1280.0,baseline
1777616752.867143,0.014552831649780273,1281.0,baseline
1777616752.867288,0.014698028564453125,1281.0,baseline
1777616752.867358,0.014767885208129883,1280.0,baseline
1777616752.867424,0.014833927154541016,1281.0,baseline
1777616752.867489,0.014899015426635742,1278.0,baseline
1777616752.86756,0.014969825744628906,1280.0,baseline
1777616752.867626,0.015035867691040039,1280.0,baseline
1777616752.867691,0.015100955963134766,1282.0,baseline
1777616752.867757,0.015166997909545898,1279.0,baseline
1777616752.8678222,0.015232086181640625,1280.0,baseline
1777616752.867886,0.015295982360839844,1280.0,baseline
1777616752.8679512,0.01536107063293457,1279.0,baseline
1777616752.8680162,0.015426158905029297,1277.0,baseline
1777616752.8680818,0.015491724014282227,1276.0,baseline
1777616752.868147,0.015556812286376953,1278.0,baseline
1777616752.868212,0.01562190055847168,1276.0,baseline
1777616752.868277,0.015686988830566406,1278.0,baseline
1777616752.868342,0.01575183868408203,1281.0,baseline
1777616752.868406,0.01581597328186035,1282.0,baseline
1777616752.8684711,0.015881061553955078,1283.0,baseline
1777616752.8685372,0.01594710350036621,1283.0,baseline
1777616752.868601,0.01601099967956543,1284.0,baseline
1777616752.868654,0.016063928604125977,1281.0,baseline
1777616752.8687081,0.01611804962158203,1280.0,baseline
1777616752.868761,0.016170978546142578,1283.0,baseline
1777616752.8688152,0.016225099563598633,1281.0,baseline
1777616752.868868,0.01627802848815918,1281.0,baseline
1777616752.868927,0.016336917877197266,1279.0,baseline
1777616752.86898,0.016389846801757812,1281.0,baseline
1777616752.869034,0.016443967819213867,1283.0,baseline
1777616752.869087,0.016496896743774414,1280.0,baseline
1777616752.86914,0.01654982566833496,1282.0,baseline
1777616752.869201,0.01661086082458496,1282.0,baseline
1777616752.8692539,0.016663789749145508,1276.0,baseline
1777616752.8693068,0.016716718673706055,1277.0,baseline
1777616752.869361,0.01677083969116211,1279.0,baseline
1777616752.8694139,0.016823768615722656,1278.0,baseline
1777616752.869489,0.01689887046813965,1279.0,baseline
1777616752.8696508,0.01706075668334961,1283.0,baseline
1777616752.8697321,0.017142057418823242,1283.0,baseline
1777616752.869876,0.017285823822021484,1282.0,baseline
1777616752.870123,0.017532825469970703,1276.0,baseline
1777616752.870181,0.017590999603271484,1276.0,baseline
1777616752.870235,0.017644882202148438,1279.0,baseline
1777616752.8702898,0.017699718475341797,1280.0,baseline
1777616752.870372,0.017781972885131836,1281.0,baseline
1777616752.870563,0.017972946166992188,1279.0,baseline
1777616752.870755,0.018164873123168945,1278.0,baseline
1777616752.87086,0.018270015716552734,1276.0,baseline
1777616752.870922,0.01833200454711914,1276.0,baseline
1777616752.870977,0.0183868408203125,1280.0,baseline
1777616752.871031,0.018440961837768555,1280.0,baseline
1777616752.8710852,0.01849508285522461,1276.0,baseline
1777616752.871209,0.01861882209777832,1280.0,baseline
1777616752.871295,0.018704891204833984,1283.0,baseline
1777616752.87135,0.018759965896606445,1284.0,baseline
1777616752.871404,0.0188138484954834,1284.0,baseline
1777616752.871457,0.018867015838623047,1281.0,baseline
1777616752.871511,0.0189208984375,1278.0,baseline
1777616752.871565,0.018975019454956055,1279.0,baseline
1777616752.871619,0.019028902053833008,1278.0,baseline
1777616752.871673,0.019083023071289062,1278.0,baseline
1777616752.871726,0.01913595199584961,1280.0,baseline
1777616752.8717802,0.019190073013305664,1278.0,baseline
1777616752.871835,0.019244909286499023,1280.0,baseline
1777616752.871888,0.01929783821105957,1278.0,baseline
1777616752.8719418,0.019351720809936523,1277.0,baseline
1777616752.871995,0.019404888153076172,1280.0,baseline
1777616752.8720481,0.01945805549621582,1280.0,baseline
1777616752.8721018,0.019511699676513672,1278.0,baseline
1777616752.872162,0.019572019577026367,1279.0,baseline
1777616752.8722172,0.019627094268798828,1276.0,baseline
1777616752.87227,0.019680023193359375,1274.0,baseline
1777616752.872323,0.019732952117919922,1280.0,baseline
1777616752.8723772,0.019787073135375977,1278.0,baseline
1777616752.87243,0.019840002059936523,1280.0,baseline
1777616752.872483,0.01989293098449707,1276.0,baseline
1777616752.872538,0.01994800567626953,1279.0,baseline
1777616752.872593,0.02000284194946289,1279.0,baseline
1777616752.8726468,0.020056724548339844,1280.0,baseline
1777616752.872701,0.0201108455657959,1280.0,baseline
1777616752.872757,0.020166873931884766,1280.0,baseline
1777616752.872811,0.02022099494934082,1281.0,baseline
1777616752.872865,0.020274877548217773,1281.0,baseline
1777616752.87292,0.020329952239990234,1278.0,baseline
1777616752.872973,0.02038288116455078,1281.0,baseline
1777616752.8730261,0.02043604850769043,1281.0,baseline
1777616752.87308,0.020489931106567383,1280.0,baseline
1777616752.8731341,0.020544052124023438,1276.0,baseline
1777616752.87319,0.020599842071533203,1280.0,baseline
1777616752.8732429,0.02065277099609375,1282.0,baseline
1777616752.873297,0.020706892013549805,1280.0,baseline
1777616752.873354,0.020763874053955078,1281.0,baseline
1777616752.873408,0.020817995071411133,1283.0,baseline
1777616752.873461,0.02087092399597168,1284.0,baseline
1777616752.8735192,0.02092909812927246,1282.0,baseline
1777616752.873573,0.020982980728149414,1277.0,baseline
1777616752.873627,0.021036863327026367,1280.0,baseline
1777616752.8736808,0.02109074592590332,1282.0,baseline
1777616752.873736,0.02114582061767578,1276.0,baseline
1777616752.87379,0.021199941635131836,1279.0,baseline
1777616752.873843,0.021252870559692383,1278.0,baseline
1777616752.873975,0.02138495445251465,1280.0,baseline
1777616752.874032,0.021441936492919922,1283.0,baseline
1777616752.8740869,0.02149677276611328,1281.0,baseline
1777616752.874141,0.021550893783569336,1280.0,baseline
1777616752.8741949,0.02160477638244629,1283.0,baseline
1777616752.874249,0.021658897399902344,1281.0,baseline
1777616752.874302,0.02171182632446289,1281.0,baseline
1777616752.874356,0.021765947341918945,1279.0,baseline
1777616752.87441,0.0218198299407959,1277.0,baseline
1777616752.874463,0.021872997283935547,1278.0,baseline
1777616752.874516,0.021925926208496094,1280.0,baseline
1777616752.87457,0.021979808807373047,1283.0,baseline
1777616752.874627,0.022037029266357422,1283.0,baseline
1777616752.874681,0.022090911865234375,1282.0,baseline
1777616752.8747342,0.022144079208374023,1277.0,baseline
1777616752.874788,0.022197961807250977,1278.0,baseline
1777616752.874841,0.022250890731811523,1276.0,baseline
1777616752.8748941,0.022304058074951172,1279.0,baseline
1777616752.874948,0.022357940673828125,1276.0,baseline
1777616752.8750012,0.022411108016967773,1278.0,baseline
1777616752.8750541,0.02246403694152832,1278.0,baseline
1777616752.875108,0.022517919540405273,1279.0,baseline
1777616752.8751612,0.022571086883544922,1277.0,baseline
1777616752.875214,0.02262401580810547,1280.0,baseline
1777616752.875268,0.022677898406982422,1276.0,baseline
1777616752.8753211,0.02273106575012207,1280.0,baseline
1777616752.875375,0.022784948348999023,1277.0,baseline
1777616752.8754282,0.022838115692138672,1280.0,baseline
1777616752.8754811,0.02289104461669922,1280.0,baseline
1777616752.875535,0.022944927215576172,1281.0,baseline
1777616752.8755882,0.02299809455871582,1282.0,baseline
1777616752.875642,0.023051977157592773,1280.0,baseline
1777616752.875695,0.02310490608215332,1281.0,baseline
1777616752.875752,0.023161888122558594,1279.0,baseline
1777616752.875807,0.023216962814331055,1283.0,baseline
1777616752.87586,0.0232698917388916,1282.0,baseline
1777616752.875913,0.02332282066345215,1282.0,baseline
1777616752.876061,0.02347087860107422,1281.0,baseline
1777616752.8762019,0.023611783981323242,1282.0,baseline
1777616752.87626,0.023669958114624023,1277.0,baseline
1777616752.8763149,0.023724794387817383,1280.0,baseline
1777616752.8763678,0.02377772331237793,1281.0,baseline
1777616752.876422,0.023831844329833984,1283.0,baseline
1777616752.8764758,0.023885726928710938,1282.0,baseline
1777616752.876529,0.023938894271850586,1283.0,baseline
1777616752.8765829,0.02399277687072754,1282.0,baseline
1777616752.8766358,0.024045705795288086,1283.0,baseline
1777616752.876689,0.024098873138427734,1280.0,baseline
1777616752.876742,0.02415180206298828,1280.0,baseline
1777616752.876796,0.024205923080444336,1283.0,baseline
1777616752.87685,0.02425980567932129,1281.0,baseline
1777616752.8769028,0.024312734603881836,1277.0,baseline
1777616752.876957,0.02436685562133789,1280.0,baseline
1777616752.8770099,0.024419784545898438,1283.0,baseline
1777616752.877064,0.024473905563354492,1280.0,baseline
1777616752.877123,0.02453303337097168,1280.0,baseline
1777616752.877176,0.024585962295532227,1278.0,baseline
1777616752.8772302,0.02464008331298828,1280.0,baseline
1777616752.877283,0.024693012237548828,1282.0,baseline
1777616752.877337,0.02474689483642578,1282.0,baseline
1777616752.8773901,0.02480006217956543,1282.0,baseline
1777616752.877443,0.024852991104125977,1282.0,baseline
1777616752.877496,0.024905920028686523,1282.0,baseline
1777616752.8775492,0.024959087371826172,1284.0,baseline
1777616752.877604,0.02501392364501953,1280.0,baseline
1777616752.8776581,0.025068044662475586,1279.0,baseline
1777616752.877711,0.025120973587036133,1276.0,baseline
1777616752.8777652,0.025175094604492188,1280.0,baseline
1777616752.877818,0.025228023529052734,1280.0,baseline
1777616752.877871,0.02528095245361328,1282.0,baseline
1777616752.8779242,0.02533411979675293,1281.0,baseline
1777616752.8779771,0.025387048721313477,1276.0,baseline
1777616752.878031,0.02544093132019043,1278.0,baseline
1777616752.8780851,0.025495052337646484,1281.0,baseline
1777616752.878138,0.02554798126220703,1280.0,baseline
1777616752.8781922,0.025602102279663086,1276.0,baseline
1777616752.878248,0.02565789222717285,1280.0,baseline
1777616752.878305,0.025714874267578125,1282.0,baseline
1777616752.8783581,0.025768041610717773,1279.0,baseline
1777616752.878412,0.025821924209594727,1276.0,baseline
1777616752.878458,0.025867938995361328,1280.0,baseline
1777616752.878504,0.02591395378112793,1278.0,baseline
1777616752.878549,0.025959014892578125,1280.0,baseline
1777616752.8785942,0.02600407600402832,1278.0,baseline
1777616752.8786392,0.026049137115478516,1281.0,baseline
1777616752.878685,0.026094913482666016,1280.0,baseline
1777616752.87873,0.02613997459411621,1277.0,baseline
1777616752.8787751,0.026185035705566406,1280.0,baseline
1777616752.8788211,0.026231050491333008,1283.0,baseline
1777616752.878867,0.026276826858520508,1282.0,baseline
1777616752.878912,0.026321887969970703,1283.0,baseline
1777616752.878958,0.026367902755737305,1282.0,baseline
1777616752.879005,0.026414871215820312,1279.0,baseline
1777616752.87905,0.026459932327270508,1281.0,baseline
1777616752.879095,0.026504993438720703,1280.0,baseline
1777616752.879141,0.026551008224487305,1280.0,baseline
1777616752.8791869,0.026596784591674805,1283.0,baseline
1777616752.8792331,0.026643037796020508,1283.0,baseline
1777616752.8792808,0.02669072151184082,1283.0,baseline
1777616752.879327,0.026736974716186523,1284.0,baseline
1777616752.879373,0.026782989501953125,1281.0,baseline
1777616752.8794181,0.02682805061340332,1279.0,baseline
1777616752.879464,0.02687382698059082,1277.0,baseline
1777616752.879509,0.026918888092041016,1278.0,baseline
1777616752.879555,0.026964902877807617,1278.0,baseline
1777616752.8796,0.027009963989257812,1281.0,baseline
1777616752.879646,0.027055978775024414,1283.0,baseline
1777616752.8796911,0.02710103988647461,1283.0,baseline
1777616752.879738,0.027148008346557617,1278.0,baseline
1777616752.8797839,0.027193784713745117,1280.0,baseline
1777616752.8798301,0.02724003791809082,1281.0,baseline
1777616752.8798761,0.027286052703857422,1276.0,baseline
1777616752.879922,0.027331829071044922,1280.0,baseline
1777616752.879968,0.027377843856811523,1283.0,baseline
1777616752.880013,0.02742290496826172,1282.0,baseline
1777616752.8800588,0.02746868133544922,1281.0,baseline
1777616752.880105,0.027514934539794922,1279.0,baseline
1777616752.880151,0.027560949325561523,1277.0,baseline
1777616752.880197,0.027606964111328125,1281.0,baseline
1777616752.880243,0.027652978897094727,1282.0,baseline
1777616752.8802931,0.027703046798706055,1280.0,baseline
1777616752.880339,0.027748823165893555,1283.0,baseline
1777616752.880385,0.027794837951660156,1285.0,baseline
1777616752.88043,0.02783989906311035,1282.0,baseline
1777616752.880476,0.027885913848876953,1283.0,baseline
1777616752.880521,0.02793097496032715,1282.0,baseline
1777616752.880567,0.02797698974609375,1283.0,baseline
1777616752.8806121,0.028022050857543945,1284.0,baseline
1777616752.8806589,0.02806878089904785,1284.0,baseline
1777616752.880705,0.028115034103393555,1281.0,baseline
1777616752.880752,0.028162002563476562,1278.0,baseline
1777616752.880797,0.028206825256347656,1276.0,baseline
1777616752.880843,0.028252840042114258,1277.0,baseline
1777616752.880888,0.028297901153564453,1280.0,baseline
1777616752.880934,0.028343915939331055,1283.0,baseline
1777616752.88098,0.028389930725097656,1284.0,baseline
1777616752.881025,0.02843499183654785,1280.0,baseline
1777616752.881071,0.028481006622314453,1283.0,baseline
1777616752.8811169,0.028526782989501953,1286.0,baseline
1777616752.8811631,0.028573036193847656,1285.0,baseline
1777616752.8812082,0.02861809730529785,1286.0,baseline
1777616752.881253,0.028662919998168945,1280.0,baseline
1777616752.8813062,0.028716087341308594,1275.0,baseline
1777616752.881352,0.028761863708496094,1278.0,baseline
1777616752.881397,0.02880692481994629,1275.0,baseline
1777616752.881442,0.028851985931396484,1274.0,baseline
1777616752.881543,0.028952836990356445,1278.0,baseline
1777616752.881591,0.02900099754333496,1278.0,baseline
1777616752.8816378,0.029047727584838867,1278.0,baseline
1777616752.881684,0.02909398078918457,1278.0,baseline
1777616752.88173,0.029139995574951172,1281.0,baseline
1777616752.8817768,0.029186725616455078,1282.0,baseline
1777616752.881823,0.02923297882080078,1284.0,baseline
1777616752.881887,0.029296875,1283.0,baseline
1777616752.8819342,0.02934408187866211,1282.0,baseline
1777616752.881981,0.029390811920166016,1283.0,baseline
1777616752.882028,0.029438018798828125,1284.0,baseline
1777616752.882074,0.029484033584594727,1284.0,baseline
1777616752.88212,0.029529809951782227,1284.0,baseline
1777616752.882166,0.029575824737548828,1284.0,baseline
1777616752.882211,0.029620885848999023,1278.0,baseline
1777616752.8822558,0.029665708541870117,1276.0,baseline
1777616752.882302,0.02971196174621582,1275.0,baseline
1777616752.882348,0.029757976531982422,1280.0,baseline
1777616752.8824,0.029809951782226562,1283.0,baseline
1777616752.882446,0.029855966567993164,1282.0,baseline
1777616752.8824909,0.029900789260864258,1279.0,baseline
1777616752.882536,0.029945850372314453,1278.0,baseline
1777616752.882582,0.029991865158081055,1280.0,baseline
1777616752.882627,0.03003692626953125,1281.0,baseline
1777616752.8826728,0.03008270263671875,1277.0,baseline
1777616752.882719,0.030128955841064453,1280.0,baseline
1777616752.882765,0.030174970626831055,1283.0,baseline
1777616752.8828108,0.030220746994018555,1284.0,baseline
1777616752.882856,0.03026580810546875,1284.0,baseline
1777616752.882902,0.03031182289123535,1281.0,baseline
1777616752.882947,0.030356884002685547,1281.0,baseline
1777616752.882993,0.03040289878845215,1276.0,baseline
1777616752.883039,0.03044891357421875,1278.0,baseline
1777616752.883085,0.03049492835998535,1280.0,baseline
1777616752.883132,0.03054189682006836,1281.0,baseline
1777616752.883178,0.03058791160583496,1277.0,baseline
1777616752.883223,0.030632972717285156,1278.0,baseline
1777616752.883269,0.030678987503051758,1278.0,baseline
1777616752.8833148,0.030724763870239258,1276.0,baseline
1777616752.883372,0.030781984329223633,1277.0,baseline
1777616752.88342,0.030829906463623047,1279.0,baseline
1777616752.883466,0.03087592124938965,1284.0,baseline
1777616752.883512,0.03092193603515625,1282.0,baseline
1777616752.883557,0.030966997146606445,1277.0,baseline
1777616752.8836029,0.031012773513793945,1278.0,baseline
1777616752.883648,0.03105783462524414,1280.0,baseline
1777616752.883706,0.031116008758544922,1283.0,baseline
1777616752.8837519,0.031161785125732422,1281.0,baseline
1777616752.883797,0.031206846237182617,1281.0,baseline
1777616752.8838432,0.03125309944152832,1282.0,baseline
1777616752.8838882,0.031298160552978516,1283.0,baseline
1777616752.8839328,0.03134274482727051,1282.0,baseline
1777616752.883979,0.03138899803161621,1282.0,baseline
1777616752.8840551,0.03146505355834961,1281.0,baseline
1777616752.884174,0.03158402442932129,1281.0,baseline
1777616752.88424,0.03164982795715332,1278.0,baseline
1777616752.8842869,0.03169679641723633,1280.0,baseline
1777616752.8843331,0.03174304962158203,1280.0,baseline
1777616752.8843799,0.03178977966308594,1282.0,baseline
1777616752.8844259,0.03183579444885254,1280.0,baseline
1777616752.8844721,0.03188204765319824,1280.0,baseline
1777616752.884522,0.03193187713623047,1278.0,baseline
1777616752.8845692,0.03197908401489258,1281.0,baseline
1777616752.884616,0.032025814056396484,1282.0,baseline
1777616752.884662,0.032071828842163086,1282.0,baseline
1777616752.8847082,0.03211808204650879,1281.0,baseline
1777616752.884754,0.03216385841369629,1281.0,baseline
1777616752.884799,0.032208919525146484,1278.0,baseline
1777616752.884844,0.03225398063659668,1279.0,baseline
1777616752.88489,0.03229999542236328,1280.0,baseline
1777616752.884935,0.032344818115234375,1285.0,baseline
1777616752.884981,0.03239083290100098,1283.0,baseline
1777616752.885026,0.03243589401245117,1280.0,baseline
1777616752.885071,0.03248095512390137,1279.0,baseline
1777616752.885118,0.032527923583984375,1278.0,baseline
1777616752.885163,0.03257298469543457,1280.0,baseline
1777616752.885211,0.032620906829833984,1285.0,baseline
1777616752.885256,0.03266596794128418,1284.0,baseline
1777616752.885302,0.03271198272705078,1282.0,baseline
1777616752.885348,0.03275799751281738,1281.0,baseline
1777616752.8853939,0.03280377388000488,1278.0,baseline
1777616752.885439,0.03284883499145508,1276.0,baseline
1777616752.8854852,0.03289508819580078,1279.0,baseline
1777616752.885534,0.0329439640045166,1278.0,baseline
1777616752.88558,0.0329899787902832,1282.0,baseline
1777616752.885626,0.033035993576049805,1282.0,baseline
1777616752.885671,0.0330808162689209,1279.0,baseline
1777616752.885717,0.0331268310546875,1276.0,baseline
1777616752.8857632,0.0331730842590332,1279.0,baseline
1777616752.885809,0.0332188606262207,1280.0,baseline
1777616752.885855,0.033264875411987305,1283.0,baseline
1777616752.8859,0.0333099365234375,1284.0,baseline
1777616752.885947,0.03335690498352051,1279.0,baseline
1777616752.885992,0.0334019660949707,1281.0,baseline
1777616752.886038,0.033447980880737305,1283.0,baseline
1777616752.886088,0.03349781036376953,1281.0,baseline
1777616752.886134,0.03354382514953613,1281.0,baseline
1777616752.886179,0.03358888626098633,1280.0,baseline
1777616752.886225,0.03363490104675293,1279.0,baseline
1777616752.88627,0.033679962158203125,1280.0,baseline
1777616752.886316,0.03372597694396973,1281.0,baseline
1777616752.8863611,0.03377103805541992,1280.0,baseline
1777616752.886407,0.03381681442260742,1286.0,baseline
1777616752.886452,0.03386187553405762,1285.0,baseline
1777616752.886498,0.03390789031982422,1282.0,baseline
1777616752.886555,0.03396487236022949,1281.0,baseline
1777616752.8866,0.03400993347167969,1282.0,baseline
1777616752.886645,0.03405499458312988,1283.0,baseline
1777616752.886702,0.034111976623535156,1283.0,baseline
1777616752.8867478,0.034157752990722656,1284.0,baseline
1777616752.886793,0.03420281410217285,1284.0,baseline
1777616752.8868392,0.034249067306518555,1280.0,baseline
1777616752.8868842,0.03429412841796875,1283.0,baseline
1777616752.88693,0.03433990478515625,1283.0,baseline
1777616752.886975,0.034384965896606445,1281.0,baseline
1777616752.887021,0.03443098068237305,1283.0,baseline
1777616752.8870661,0.03447604179382324,1282.0,baseline
1777616752.887112,0.03452181816101074,1279.0,baseline
1777616752.887157,0.03456687927246094,1277.0,baseline
1777616752.887203,0.03461289405822754,1276.0,baseline
1777616752.8872478,0.03465771675109863,1280.0,baseline
1777616752.887294,0.034703969955444336,1278.0,baseline
1777616752.887339,0.03474903106689453,1276.0,baseline
1777616752.8873851,0.03479504585266113,1277.0,baseline
1777616752.88743,0.03483986854553223,1280.0,baseline
1777616752.887475,0.03488492965698242,1282.0,baseline
1777616752.88753,0.03494000434875488,1282.0,baseline
1777616752.887576,0.034986019134521484,1284.0,baseline
1777616752.887628,0.035037994384765625,1282.0,baseline
1777616752.887674,0.03508400917053223,1284.0,baseline
1777616752.887719,0.03512883186340332,1283.0,baseline
1777616752.887764,0.035173892974853516,1281.0,baseline
1777616752.887809,0.03521895408630371,1279.0,baseline
1777616752.887855,0.03526496887207031,1280.0,baseline
1777616752.8878999,0.035309791564941406,1277.0,baseline
1777616752.887946,0.03535580635070801,1275.0,baseline
1777616752.887991,0.0354008674621582,1279.0,baseline
1777616752.8880372,0.035447120666503906,1280.0,baseline
1777616752.888082,0.035491943359375,1279.0,baseline
1777616752.888128,0.0355379581451416,1279.0,baseline
1777616752.888173,0.0355830192565918,1276.0,baseline
1777616752.8882189,0.0356287956237793,1279.0,baseline
1777616752.888264,0.03567385673522949,1278.0,baseline
1777616752.88831,0.035719871520996094,1279.0,baseline
1777616752.888355,0.03576493263244629,1281.0,baseline
1777616752.8883982,0.03580808639526367,1282.0,baseline
1777616752.888437,0.03584694862365723,1280.0,baseline
1777616752.8884768,0.03588676452636719,1278.0,baseline
1777616752.888593,0.03600287437438965,1278.0,baseline
1777616752.8886342,0.03604412078857422,1277.0,baseline
1777616752.888681,0.036090850830078125,1280.0,baseline
1777616752.888721,0.03613090515136719,1278.0,baseline
1777616752.888761,0.03617095947265625,1279.0,baseline
1777616752.8888,0.036209821701049805,1278.0,baseline
1777616752.88884,0.03624987602233887,1280.0,baseline
1777616752.88888,0.03628993034362793,1282.0,baseline
1777616752.888919,0.036329030990600586,1282.0,baseline
1777616752.888972,0.03638195991516113,1282.0,baseline
1777616752.889011,0.03642082214355469,1281.0,baseline
1777616752.889051,0.03646087646484375,1285.0,baseline
1777616752.889091,0.03650093078613281,1285.0,baseline
1777616752.8891299,0.03653979301452637,1284.0,baseline
1777616752.88917,0.03657984733581543,1282.0,baseline
1777616752.889209,0.036618947982788086,1281.0,baseline
1777616752.889249,0.03665900230407715,1284.0,baseline
1777616752.889289,0.03669881820678711,1280.0,baseline
1777616752.889329,0.03673887252807617,1281.0,baseline
1777616752.889369,0.036778926849365234,1286.0,baseline
1777616752.889409,0.0368189811706543,1284.0,baseline
1777616752.889449,0.03685879707336426,1284.0,baseline
1777616752.889496,0.03690600395202637,1282.0,baseline
1777616752.889535,0.03694486618041992,1282.0,baseline
1777616752.8895879,0.03699779510498047,1280.0,baseline
1777616752.889628,0.03703784942626953,1281.0,baseline
1777616752.889667,0.03707695007324219,1282.0,baseline
1777616752.889706,0.03711581230163574,1283.0,baseline
1777616752.889746,0.037155866622924805,1280.0,baseline
1777616752.889785,0.03719496726989746,1280.0,baseline
1777616752.889825,0.03723502159118652,1281.0,baseline
1777616752.889864,0.03727388381958008,1281.0,baseline
1777616752.889904,0.03731393814086914,1280.0,baseline
1777616752.889944,0.0373539924621582,1280.0,baseline
1777616752.889983,0.03739285469055176,1283.0,baseline
1777616752.890023,0.03743290901184082,1280.0,baseline
1777616752.890062,0.03747200965881348,1282.0,baseline
1777616752.890102,0.03751182556152344,1281.0,baseline
1777616752.890141,0.037550926208496094,1281.0,baseline
1777616752.890181,0.037590980529785156,1285.0,baseline
1777616752.890221,0.03763103485107422,1286.0,baseline
1777616752.89026,0.03766989707946777,1285.0,baseline
1777616752.8902998,0.037709712982177734,1285.0,baseline
1777616752.89034,0.0377500057220459,1285.0,baseline
1777616752.890383,0.03779292106628418,1282.0,baseline
1777616752.890423,0.03783297538757324,1281.0,baseline
1777616752.890462,0.0378718376159668,1284.0,baseline
1777616752.890502,0.03791189193725586,1284.0,baseline
1777616752.890542,0.03795194625854492,1284.0,baseline
1777616752.890581,0.03799080848693848,1285.0,baseline
1777616752.890621,0.03803086280822754,1279.0,baseline
1777616752.89066,0.038069963455200195,1281.0,baseline
1777616752.8907,0.03811001777648926,1281.0,baseline
1777616752.890739,0.03814888000488281,1283.0,baseline
1777616752.890778,0.03818798065185547,1282.0,baseline
1777616752.8908212,0.03823113441467285,1283.0,baseline
1777616752.89086,0.038269996643066406,1284.0,baseline
1777616752.8909,0.03830981254577637,1281.0,baseline
1777616752.89094,0.03834986686706543,1280.0,baseline
1777616752.890979,0.038388967514038086,1283.0,baseline
1777616752.891019,0.03842902183532715,1284.0,baseline
1777616752.891059,0.03846883773803711,1284.0,baseline
1777616752.891098,0.038507938385009766,1282.0,baseline
1777616752.891138,0.03854799270629883,1283.0,baseline
1777616752.891177,0.03858685493469238,1284.0,baseline
1777616752.891223,0.038632869720458984,1284.0,baseline
1777616752.891264,0.03867387771606445,1281.0,baseline
1777616752.891304,0.038713932037353516,1283.0,baseline
1777616752.891343,0.03875303268432617,1283.0,baseline
1777616752.891383,0.03879284858703613,1281.0,baseline
1777616752.891422,0.03883194923400879,1276.0,baseline
1777616752.891484,0.038893938064575195,1276.0,baseline
1777616752.8915231,0.03893303871154785,1280.0,baseline
1777616752.891563,0.03897285461425781,1280.0,baseline
1777616752.8916018,0.03901171684265137,1283.0,baseline
1777616752.891642,0.03905200958251953,1282.0,baseline
1777616752.891683,0.039093017578125,1282.0,baseline
1777616752.891722,0.039131879806518555,1284.0,baseline
1777616752.8917701,0.03918004035949707,1282.0,baseline
1777616752.89181,0.03921985626220703,1282.0,baseline
1777616752.891851,0.0392608642578125,1284.0,baseline
1777616752.8918898,0.039299726486206055,1285.0,baseline
1777616752.89193,0.03934001922607422,1280.0,baseline
1777616752.891969,0.03937888145446777,1280.0,baseline
1777616752.8920078,0.03941774368286133,1280.0,baseline
1777616752.892048,0.03945779800415039,1281.0,baseline
1777616752.8920882,0.039498090744018555,1285.0,baseline
1777616752.892131,0.039541006088256836,1283.0,baseline
1777616752.89217,0.03957986831665039,1281.0,baseline
1777616752.89221,0.03961992263793945,1283.0,baseline
1777616752.892249,0.03965902328491211,1282.0,baseline
1777616752.892289,0.03969883918762207,1281.0,baseline
1777616752.892329,0.03973889350891113,1284.0,baseline
1777616752.8923678,0.03977775573730469,1284.0,baseline
1777616752.8924081,0.03981804847717285,1281.0,baseline
1777616752.892448,0.03985786437988281,1284.0,baseline
1777616752.8924868,0.03989672660827637,1284.0,baseline
1777616752.892527,0.03993701934814453,1284.0,baseline
1777616752.892566,0.039975881576538086,1284.0,baseline
1777616752.8926048,0.04001474380493164,1280.0,baseline
1777616752.8926451,0.040055036544799805,1283.0,baseline
1777616752.892684,0.04009389877319336,1282.0,baseline
1777616752.892724,0.04013395309448242,1281.0,baseline
1777616752.892763,0.04017281532287598,1283.0,baseline
1777616752.892803,0.04021286964416504,1282.0,baseline
1777616752.892842,0.040251970291137695,1280.0,baseline
1777616752.8928819,0.040291786193847656,1283.0,baseline
1777616752.892921,0.04033088684082031,1281.0,baseline
1777616752.892961,0.040370941162109375,1279.0,baseline
1777616752.8930051,0.040415048599243164,1281.0,baseline
1777616752.893044,0.04045391082763672,1280.0,baseline
1777616752.8930829,0.04049277305603027,1281.0,baseline
1777616752.893122,0.04053187370300293,1283.0,baseline
1777616752.893162,0.04057192802429199,1283.0,baseline
1777616752.8932009,0.04061079025268555,1283.0,baseline
1777616752.8932412,0.04065108299255371,1282.0,baseline
1777616752.89328,0.040689945220947266,1284.0,baseline
1777616752.8933198,0.04072976112365723,1284.0,baseline
1777616752.8933601,0.04077005386352539,1280.0,baseline
1777616752.893399,0.040808916091918945,1279.0,baseline
1777616752.893439,0.04084897041320801,1278.0,baseline
1777616752.893478,0.04088783264160156,1276.0,baseline
1777616752.893517,0.04092693328857422,1279.0,baseline
1777616752.893557,0.04096698760986328,1280.0,baseline
1777616752.893596,0.041005849838256836,1283.0,baseline
1777616752.893635,0.04104495048522949,1282.0,baseline
1777616752.893675,0.041085004806518555,1284.0,baseline
1777616752.893714,0.04112386703491211,1281.0,baseline
1777616752.893754,0.04116392135620117,1279.0,baseline
1777616752.893794,0.041203975677490234,1280.0,baseline
1777616752.893836,0.04124593734741211,1279.0,baseline
1777616752.893877,0.04128694534301758,1277.0,baseline
1777616752.8939168,0.04132676124572754,1279.0,baseline
1777616752.8939562,0.0413661003112793,1276.0,baseline
1777616752.893995,0.04140496253967285,1276.0,baseline
1777616752.8940349,0.04144477844238281,1276.0,baseline
1777616752.894075,0.041484832763671875,1278.0,baseline
1777616752.894114,0.04152393341064453,1280.0,baseline
1777616752.894154,0.041563987731933594,1281.0,baseline
1777616752.894193,0.04160284996032715,1282.0,baseline
1777616752.894233,0.04164290428161621,1284.0,baseline
1777616752.894272,0.04168200492858887,1283.0,baseline
1777616752.894312,0.04172182083129883,1281.0,baseline
1777616752.894351,0.041760921478271484,1278.0,baseline
1777616752.89439,0.04180002212524414,1277.0,baseline
1777616752.89443,0.0418398380279541,1280.0,baseline
1777616752.894469,0.04187893867492676,1278.0,baseline
1777616752.8945081,0.041918039321899414,1281.0,baseline
1777616752.8945742,0.04198408126831055,1279.0,baseline
1777616752.894615,0.042024850845336914,1280.0,baseline
1777616752.894655,0.04206490516662598,1283.0,baseline
1777616752.8946948,0.04210472106933594,1280.0,baseline
1777616752.894738,0.04214787483215332,1281.0,baseline
1777616752.894778,0.04218792915344238,1284.0,baseline
1777616752.894817,0.04222702980041504,1284.0,baseline
1777616752.894857,0.042266845703125,1280.0,baseline
1777616752.894896,0.042305946350097656,1275.0,baseline
1777616752.894936,0.04234600067138672,1276.0,baseline
1777616752.894975,0.04238486289978027,1280.0,baseline
1777616752.895015,0.042424917221069336,1280.0,baseline
1777616752.895054,0.04246401786804199,1283.0,baseline
1777616752.895093,0.04250288009643555,1286.0,baseline
1777616752.895133,0.04254293441772461,1285.0,baseline
1777616752.895173,0.04258298873901367,1282.0,baseline
1777616752.895212,0.04262185096740723,1281.0,baseline
1777616752.895252,0.04266190528869629,1283.0,baseline
1777616752.8952909,0.042700767517089844,1285.0,baseline
1777616752.8953311,0.04274106025695801,1282.0,baseline
1777616752.89537,0.04277992248535156,1276.0,baseline
1777616752.8954098,0.04281973838806152,1278.0,baseline
1777616752.8954492,0.04285907745361328,1277.0,baseline
1777616752.895489,0.04289889335632324,1276.0,baseline
1777616752.8955278,0.0429377555847168,1276.0,baseline
1777616752.895568,0.04297780990600586,1284.0,baseline
1777616752.8956108,0.04302072525024414,1282.0,baseline
1777616752.895651,0.043061017990112305,1280.0,baseline
1777616752.89569,0.04309988021850586,1276.0,baseline
1777616752.89573,0.04313993453979492,1278.0,baseline
1777616752.8957691,0.04317903518676758,1280.0,baseline
1777616752.895809,0.04321885108947754,1281.0,baseline
1777616752.895848,0.043257951736450195,1282.0,baseline
1777616752.8958879,0.043297767639160156,1285.0,baseline
1777616752.8959281,0.04333806037902832,1286.0,baseline
1777616752.895967,0.043376922607421875,1285.0,baseline
1777616752.8960068,0.043416738510131836,1287.0,baseline
1777616752.896047,0.04345703125,1286.0,baseline
1777616752.896089,0.043498992919921875,1285.0,baseline
1777616752.8961291,0.04353904724121094,1284.0,baseline
1777616752.896169,0.0435788631439209,1286.0,baseline
1777616752.896209,0.04361891746520996,1287.0,baseline
1777616752.896248,0.04365801811218262,1286.0,baseline
1777616752.896288,0.04369783401489258,1286.0,baseline
1777616752.896327,0.043736934661865234,1286.0,baseline
1777616752.896367,0.0437769889831543,1287.0,baseline
1777616752.896406,0.04381585121154785,1284.0,baseline
1777616752.896445,0.04385495185852051,1278.0,baseline
1777616752.896489,0.043898820877075195,1273.0,baseline
1777616752.896529,0.04393887519836426,1272.0,baseline
1777616752.896568,0.043977975845336914,1272.0,baseline
1777616752.896608,0.04401803016662598,1276.0,baseline
1777616752.896648,0.04405784606933594,1279.0,baseline
1777616752.896687,0.044096946716308594,1289.0,baseline
1777616752.8967261,0.04413604736328125,1289.0,baseline
1777616752.896766,0.04417586326599121,1286.0,baseline
1777616752.896805,0.04421496391296387,1280.0,baseline
1777616752.8968441,0.04425406455993652,1284.0,baseline
1777616752.896884,0.044293880462646484,1285.0,baseline
1777616752.8969228,0.04433274269104004,1283.0,baseline
1777616752.8969631,0.0443730354309082,1282.0,baseline
1777616752.897002,0.04441189765930176,1276.0,baseline
1777616752.897042,0.04445195198059082,1279.0,baseline
1777616752.8970811,0.04449105262756348,1280.0,baseline
1777616752.89712,0.04452991485595703,1296.0,baseline
1777616752.8971589,0.044568777084350586,1285.0,baseline
1777616752.8971992,0.04460906982421875,1277.0,baseline
1777616752.897238,0.044647932052612305,1272.0,baseline
1777616752.897278,0.04468798637390137,1278.0,baseline
1777616752.8973172,0.04472708702087402,1281.0,baseline
1777616752.8973608,0.04477071762084961,1281.0,baseline
1777616752.897401,0.04481101036071777,1286.0,baseline
1777616752.89744,0.04484987258911133,1286.0,baseline
1777616752.8974788,0.04488873481750488,1284.0,baseline
1777616752.897519,0.04492902755737305,1274.0,baseline
1777616752.897559,0.04496884346008301,1242.0,baseline
1777616752.8976,0.04500985145568848,1279.0,baseline
1777616752.89764,0.04504990577697754,1285.0,baseline
1777616752.8976798,0.0450897216796875,1281.0,baseline
1777616752.8977191,0.04512906074523926,1285.0,baseline
1777616752.897758,0.04516792297363281,1283.0,baseline
1777616752.897797,0.04520702362060547,1286.0,baseline
1777616752.8978481,0.0452580451965332,1286.0,baseline
1777616752.897887,0.04529690742492676,1285.0,baseline
1777616752.8979259,0.04533576965332031,1283.0,baseline
1777616752.8979661,0.04537606239318848,1284.0,baseline
1777616752.898006,0.04541587829589844,1278.0,baseline
1777616752.898046,0.0454559326171875,1277.0,baseline
1777616752.898085,0.045495033264160156,1273.0,baseline
1777616752.8981252,0.04553508758544922,1273.0,baseline
1777616752.898166,0.045575857162475586,1286.0,baseline
1777616752.89821,0.045619964599609375,1292.0,baseline
1777616752.898251,0.045660972595214844,1288.0,baseline
1777616752.898303,0.045712947845458984,1272.0,baseline
1777616752.8983428,0.045752763748168945,1266.0,baseline
1777616752.8983822,0.0457921028137207,1260.0,baseline
1777616752.898422,0.045831918716430664,1262.0,baseline
1777616752.8984609,0.04587078094482422,1269.0,baseline
1777616752.8985002,0.04591012001037598,1279.0,baseline
1777616752.89854,0.04594993591308594,1282.0,baseline
1777616752.898579,0.04598879814147949,1280.0,baseline
1777616752.8986182,0.04602813720703125,1281.0,baseline
1777616752.898657,0.046066999435424805,1282.0,baseline
1777616752.898697,0.046106815338134766,1285.0,baseline
1777616752.8987362,0.04614615440368652,1288.0,baseline
1777616752.898776,0.046185970306396484,1289.0,baseline
1777616752.898816,0.04622602462768555,1282.0,baseline
1777616752.898856,0.04626584053039551,1275.0,baseline
1777616752.898896,0.04630589485168457,1276.0,baseline
1777616752.898936,0.04634594917297363,1277.0,baseline
1777616752.898975,0.04638481140136719,1282.0,baseline
1777616752.899015,0.04642486572265625,1283.0,baseline
1777616752.899054,0.046463966369628906,1280.0,baseline
1777616752.899102,0.04651188850402832,1280.0,baseline
1777616752.8991418,0.04655170440673828,1279.0,baseline
1777616752.899182,0.046591997146606445,1279.0,baseline
1777616752.899221,0.046630859375,1284.0,baseline
1777616752.899261,0.04667091369628906,1285.0,baseline
1777616752.8993,0.04671001434326172,1285.0,baseline
1777616752.89934,0.04674983024597168,1276.0,baseline
1777616752.899379,0.046788930892944336,1273.0,baseline
1777616752.8994188,0.0468287467956543,1281.0,baseline
1777616752.899458,0.04686784744262695,1284.0,baseline
1777616752.899498,0.046907901763916016,1280.0,baseline
1777616752.8995368,0.04694676399230957,1279.0,baseline
1777616752.8995771,0.046987056732177734,1275.0,baseline
1777616752.899616,0.04702591896057129,1273.0,baseline
1777616752.8996549,0.047064781188964844,1274.0,baseline
1777616752.8996952,0.04710507392883301,1285.0,baseline
1777616752.899735,0.04714488983154297,1282.0,baseline
1777616752.8997738,0.04718375205993652,1279.0,baseline
1777616752.8998132,0.04722309112548828,1276.0,baseline
1777616752.899853,0.04726290702819824,1274.0,baseline
1777616752.8998919,0.0473017692565918,1281.0,baseline
1777616752.899931,0.04734086990356445,1283.0,baseline
1777616752.899978,0.04738783836364746,1285.0,baseline
1777616752.900018,0.04742789268493652,1284.0,baseline
1777616752.900057,0.04746699333190918,1281.0,baseline
1777616752.9000971,0.04750704765319824,1278.0,baseline
1777616752.900137,0.0475468635559082,1281.0,baseline
1777616752.900177,0.047586917877197266,1285.0,baseline
1777616752.900216,0.04762601852416992,1284.0,baseline
1777616752.9002528,0.04766273498535156,1277.0,baseline
1777616752.900288,0.047698020935058594,1274.0,baseline
1777616752.9003232,0.04773306846618652,1278.0,baseline
1777616752.9003599,0.047769784927368164,1283.0,baseline
1777616752.900419,0.04782891273498535,1281.0,baseline
1777616752.900457,0.0478668212890625,1279.0,baseline
1777616752.900521,0.04793095588684082,1278.0,baseline
1777616752.900557,0.047966957092285156,1275.0,baseline
1777616752.900595,0.048004865646362305,1275.0,baseline
1777616752.90063,0.048039913177490234,1276.0,baseline
1777616752.900666,0.04807591438293457,1280.0,baseline
1777616752.900701,0.0481109619140625,1277.0,baseline
1777616752.900736,0.04814600944519043,1277.0,baseline
1777616752.9007711,0.04818105697631836,1275.0,baseline
1777616752.900807,0.048216819763183594,1278.0,baseline
1777616752.900846,0.04825592041015625,1284.0,baseline
1777616752.900882,0.048291921615600586,1286.0,baseline
1777616752.900918,0.04832792282104492,1284.0,baseline
1777616752.900952,0.048362016677856445,1279.0,baseline
1777616752.9009879,0.04839777946472168,1278.0,baseline
1777616752.901023,0.04843282699584961,1279.0,baseline
1777616752.901058,0.04846787452697754,1284.0,baseline
1777616752.901093,0.04850292205810547,1288.0,baseline
1777616752.901128,0.0485379695892334,1285.0,baseline
1777616752.901163,0.04857301712036133,1279.0,baseline
1777616752.901197,0.04860687255859375,1280.0,baseline
1777616752.9012322,0.04864215850830078,1282.0,baseline
1777616752.901268,0.048677921295166016,1284.0,baseline
1777616752.901303,0.048712968826293945,1285.0,baseline
1777616752.9013388,0.04874873161315918,1282.0,baseline
1777616752.901375,0.04878497123718262,1278.0,baseline
1777616752.90141,0.04882001876831055,1278.0,baseline
1777616752.9014452,0.04885506629943848,1281.0,baseline
1777616752.90148,0.048889875411987305,1284.0,baseline
1777616752.901515,0.048924922943115234,1282.0,baseline
1777616752.90155,0.048959970474243164,1283.0,baseline
1777616752.9015849,0.04899477958679199,1284.0,baseline
1777616752.901623,0.04903292655944824,1285.0,baseline
1777616752.9016588,0.04906868934631348,1285.0,baseline
1777616752.901695,0.049104928970336914,1284.0,baseline
1777616752.90173,0.049139976501464844,1282.0,baseline
1777616752.901765,0.04917502403259277,1281.0,baseline
1777616752.9018,0.0492098331451416,1281.0,baseline
1777616752.901835,0.04924488067626953,1280.0,baseline
1777616752.90187,0.04927992820739746,1283.0,baseline
1777616752.9019048,0.04931473731994629,1286.0,baseline
1777616752.9019399,0.04934978485107422,1281.0,baseline
1777616752.9019752,0.04938507080078125,1279.0,baseline
1777616752.902011,0.049420833587646484,1283.0,baseline
1777616752.902046,0.049455881118774414,1283.0,baseline
1777616752.902081,0.049490928649902344,1282.0,baseline
1777616752.902116,0.04952597618103027,1281.0,baseline
1777616752.9021509,0.0495607852935791,1281.0,baseline
1777616752.902186,0.04959583282470703,1278.0,baseline
1777616752.9022222,0.04963207244873047,1277.0,baseline
1777616752.902256,0.04966592788696289,1280.0,baseline
1777616752.902292,0.04970192909240723,1281.0,baseline
1777616752.902326,0.04973602294921875,1282.0,baseline
1777616752.902362,0.049772024154663086,1282.0,baseline
1777616752.9024,0.049809932708740234,1284.0,baseline
1777616752.902436,0.04984593391418457,1282.0,baseline
1777616752.9024708,0.0498807430267334,1282.0,baseline
1777616752.9025059,0.04991579055786133,1283.0,baseline
1777616752.9025412,0.04995107650756836,1284.0,baseline
1777616752.9025762,0.04998612403869629,1283.0,baseline
1777616752.902611,0.05002093315124512,1280.0,baseline
1777616752.902646,0.05005598068237305,1280.0,baseline
1777616752.902681,0.05009102821350098,1283.0,baseline
1777616752.902716,0.050125837326049805,1286.0,baseline
1777616752.902751,0.050160884857177734,1285.0,baseline
1777616752.902787,0.05019688606262207,1283.0,baseline
1777616752.9028218,0.0502316951751709,1280.0,baseline
1777616752.902857,0.05026698112487793,1284.0,baseline
1777616752.902891,0.05030083656311035,1287.0,baseline
1777616752.9029272,0.05033707618713379,1284.0,baseline
1777616752.902962,0.05037188529968262,1280.0,baseline
1777616752.902996,0.05040597915649414,1280.0,baseline
1777616752.903031,0.05044102668762207,1275.0,baseline
1777616752.9030662,0.05047607421875,1278.0,baseline
1777616752.903101,0.05051088333129883,1284.0,baseline
1777616752.903135,0.05054497718811035,1282.0,baseline
1777616752.903174,0.050583839416503906,1279.0,baseline
1777616752.903211,0.05062103271484375,1279.0,baseline
1777616752.9032462,0.05065608024597168,1276.0,baseline
1777616752.903281,0.05069088935852051,1278.0,baseline
1777616752.903316,0.05072593688964844,1279.0,baseline
1777616752.90335,0.05076003074645996,1282.0,baseline
1777616752.9033852,0.05079507827758789,1280.0,baseline
1777616752.90342,0.05082988739013672,1278.0,baseline
1777616752.903455,0.05086493492126465,1279.0,baseline
1777616752.90349,0.05089998245239258,1277.0,baseline
1777616752.9035242,0.0509340763092041,1281.0,baseline
1777616752.903559,0.05096888542175293,1278.0,baseline
1777616752.903594,0.05100393295288086,1280.0,baseline
1777616752.903629,0.05103898048400879,1277.0,baseline
1777616752.903664,0.05107402801513672,1281.0,baseline
1777616752.903699,0.05110883712768555,1285.0,baseline
1777616752.903733,0.05114293098449707,1282.0,baseline
1777616752.903769,0.051178932189941406,1280.0,baseline
1777616752.9038038,0.051213741302490234,1280.0,baseline
1777616752.9038389,0.051248788833618164,1280.0,baseline
1777616752.9038742,0.051284074783325195,1276.0,baseline
1777616752.9039092,0.051319122314453125,1282.0,baseline
1777616752.903949,0.051358938217163086,1282.0,baseline
1777616752.903984,0.051393985748291016,1283.0,baseline
1777616752.9040189,0.051428794860839844,1282.0,baseline
1777616752.904054,0.05146384239196777,1281.0,baseline
1777616752.904089,0.0514988899230957,1284.0,baseline
1777616752.904124,0.05153393745422363,1285.0,baseline
1777616752.904159,0.05156898498535156,1288.0,baseline
1777616752.904193,0.051602840423583984,1286.0,baseline
1777616752.9042282,0.051638126373291016,1288.0,baseline
1777616752.904263,0.051672935485839844,1297.0,baseline
1777616752.904298,0.05170798301696777,1313.0,baseline
1777616752.904341,0.051750898361206055,1276.0,baseline
1777616752.904376,0.051785945892333984,1272.0,baseline
1777616752.9044108,0.05182075500488281,1272.0,baseline
1777616752.904446,0.05185580253601074,1273.0,baseline
1777616752.904481,0.05189085006713867,1276.0,baseline
1777616752.904516,0.0519258975982666,1276.0,baseline
1777616752.904551,0.05196094512939453,1280.0,baseline
1777616752.904586,0.05199599266052246,1275.0,baseline
1777616752.9046211,0.05203104019165039,1271.0,baseline
1777616752.904656,0.05206584930419922,1273.0,baseline
1777616752.9046972,0.05210709571838379,1277.0,baseline
1777616752.904734,0.05214381217956543,1284.0,baseline
1777616752.904769,0.05217885971069336,1283.0,baseline
1777616752.904804,0.05221390724182129,1281.0,baseline
1777616752.9048388,0.05224871635437012,1280.0,baseline
1777616752.904874,0.05228400230407715,1283.0,baseline
1777616752.9049091,0.05231904983520508,1281.0,baseline
1777616752.9049442,0.05235409736633301,1276.0,baseline
1777616752.904979,0.052388906478881836,1280.0,baseline
1777616752.905014,0.052423954010009766,1279.0,baseline
1777616752.905056,0.05246591567993164,1279.0,baseline
1777616752.905091,0.05250096321105957,1277.0,baseline
1777616752.9051259,0.0525357723236084,1276.0,baseline
1777616752.905161,0.05257081985473633,1279.0,baseline
1777616752.905196,0.05260586738586426,1282.0,baseline
1777616752.905231,0.05264091491699219,1281.0,baseline
1777616752.905267,0.05267691612243652,1281.0,baseline
1777616752.905302,0.05271196365356445,1282.0,baseline
1777616752.9053361,0.05274605751037598,1282.0,baseline
1777616752.905371,0.052780866622924805,1282.0,baseline
1777616752.905406,0.052815914154052734,1281.0,baseline
1777616752.905441,0.052850961685180664,1280.0,baseline
1777616752.905486,0.05289602279663086,1281.0,baseline
1777616752.905521,0.05293083190917969,1283.0,baseline
1777616752.905558,0.05296802520751953,1283.0,baseline
1777616752.9055932,0.05300307273864746,1283.0,baseline
1777616752.905631,0.05304098129272461,1281.0,baseline
1777616752.905668,0.05307793617248535,1279.0,baseline
1777616752.9057028,0.05311274528503418,1279.0,baseline
1777616752.9057379,0.05314779281616211,1279.0,baseline
1777616752.905827,0.053236961364746094,1276.0,baseline
1777616752.9058628,0.05327272415161133,1280.0,baseline
1777616752.905904,0.0533139705657959,1280.0,baseline
1777616752.9059389,0.05334877967834473,1280.0,baseline
1777616752.905975,0.053385019302368164,1282.0,baseline
1777616752.9060102,0.053420066833496094,1283.0,baseline
1777616752.906045,0.05345487594604492,1284.0,baseline
1777616752.90608,0.05348992347717285,1285.0,baseline
1777616752.906115,0.05352497100830078,1283.0,baseline
1777616752.9061499,0.05355978012084961,1286.0,baseline
1777616752.906185,0.05359482765197754,1285.0,baseline
1777616752.90622,0.05362987518310547,1281.0,baseline
1777616752.906255,0.0536649227142334,1278.0,baseline
1777616752.9062898,0.05369973182678223,1277.0,baseline
1777616752.906336,0.05374598503112793,1277.0,baseline
1777616752.906371,0.05378103256225586,1279.0,baseline
1777616752.906406,0.05381584167480469,1277.0,baseline
1777616752.906441,0.05385088920593262,1281.0,baseline
1777616752.906476,0.05388593673706055,1283.0,baseline
1777616752.90651,0.05392003059387207,1284.0,baseline
1777616752.906545,0.0539548397064209,1282.0,baseline
1777616752.90658,0.05398988723754883,1282.0,baseline
1777616752.906614,0.05402398109436035,1283.0,baseline
1777616752.906649,0.05405902862548828,1284.0,baseline
1777616752.906684,0.05409383773803711,1282.0,baseline
1777616752.906719,0.05412888526916504,1280.0,baseline
1777616752.906753,0.05416297912597656,1281.0,baseline
1777616752.906788,0.05419802665710449,1278.0,baseline
1777616752.906823,0.05423283576965332,1282.0,baseline
1777616752.906857,0.054266929626464844,1284.0,baseline
1777616752.906892,0.05430197715759277,1281.0,baseline
1777616752.906927,0.0543370246887207,1284.0,baseline
1777616752.906962,0.05437183380126953,1281.0,baseline
1777616752.906997,0.05440688133239746,1283.0,baseline
1777616752.907032,0.05444192886352539,1283.0,baseline
1777616752.907066,0.054476022720336914,1284.0,baseline
1777616752.907108,0.05451798439025879,1284.0,baseline
1777616752.907146,0.05455589294433594,1283.0,baseline
1777616752.907181,0.05459094047546387,1280.0,baseline
1777616752.9072158,0.054625749588012695,1283.0,baseline
1777616752.907251,0.054660797119140625,1282.0,baseline
1777616752.907285,0.05469489097595215,1281.0,baseline
1777616752.90732,0.05472993850708008,1281.0,baseline
1777616752.9073548,0.054764747619628906,1282.0,baseline
1777616752.907389,0.05479884147644043,1282.0,baseline
1777616752.907424,0.05483388900756836,1279.0,baseline
1777616752.907459,0.05486893653869629,1277.0,baseline
1777616752.9074938,0.05490374565124512,1277.0,baseline
1777616752.9075289,0.05493879318237305,1277.0,baseline
1777616752.907564,0.05497384071350098,1280.0,baseline
1777616752.9075992,0.05500912666320801,1278.0,baseline
1777616752.907634,0.055043935775756836,1281.0,baseline
1777616752.907669,0.055078983306884766,1283.0,baseline
1777616752.907704,0.055114030838012695,1276.0,baseline
1777616752.907739,0.05514883995056152,1275.0,baseline
1777616752.907774,0.05518388748168945,1277.0,baseline
1777616752.907808,0.05521798133850098,1275.0,baseline
1777616752.907843,0.055253028869628906,1277.0,baseline
1777616752.907885,0.05529499053955078,1277.0,baseline
1777616752.90792,0.05532979965209961,1276.0,baseline
1777616752.907955,0.05536484718322754,1277.0,baseline
1777616752.908006,0.05541586875915527,1279.0,baseline
1777616752.908041,0.0554509162902832,1277.0,baseline
1777616752.908076,0.05548596382141113,1280.0,baseline
1777616752.9081101,0.055520057678222656,1279.0,baseline
1777616752.9081411,0.05555105209350586,1276.0,baseline
1777616752.908173,0.05558300018310547,1282.0,baseline
1777616752.908204,0.05561399459838867,1280.0,baseline
1777616752.908235,0.055644989013671875,1281.0,baseline
1777616752.908267,0.055676937103271484,1278.0,baseline
1777616752.908298,0.05570793151855469,1278.0,baseline
1777616752.90833,0.0557398796081543,1280.0,baseline
1777616752.908361,0.0557708740234375,1279.0,baseline
1777616752.908393,0.05580282211303711,1279.0,baseline
1777616752.908424,0.05583381652832031,1276.0,baseline
1777616752.908455,0.055864810943603516,1279.0,baseline
1777616752.9084868,0.055896759033203125,1279.0,baseline
1777616752.9085178,0.05592775344848633,1276.0,baseline
1777616752.908549,0.05595898628234863,1280.0,baseline
1777616752.90858,0.055989980697631836,1281.0,baseline
1777616752.9086149,0.056024789810180664,1281.0,baseline
1777616752.9086459,0.05605578422546387,1278.0,baseline
1777616752.9086778,0.05608773231506348,1278.0,baseline
1777616752.908709,0.05611896514892578,1280.0,baseline
1777616752.90874,0.056149959564208984,1277.0,baseline
1777616752.908772,0.056181907653808594,1275.0,baseline
1777616752.908803,0.0562129020690918,1280.0,baseline
1777616752.9088352,0.05624508857727051,1277.0,baseline
1777616752.9088662,0.05627608299255371,1278.0,baseline
1777616752.908897,0.05630683898925781,1280.0,baseline
1777616752.908928,0.056337833404541016,1279.0,baseline
1777616752.90896,0.05637001991271973,1277.0,baseline
1777616752.9089909,0.05640077590942383,1275.0,baseline
1777616752.909023,0.05643296241760254,1278.0,baseline
1777616752.909054,0.05646395683288574,1279.0,baseline
1777616752.909085,0.056494951248168945,1276.0,baseline
1777616752.909117,0.056526899337768555,1279.0,baseline
1777616752.909148,0.05655789375305176,1280.0,baseline
1777616752.909179,0.05658888816833496,1276.0,baseline
1777616752.9092102,0.056620121002197266,1275.0,baseline
1777616752.9092422,0.056652069091796875,1277.0,baseline
1777616752.9092731,0.05668306350708008,1280.0,baseline
1777616752.909309,0.05671882629394531,1281.0,baseline
1777616752.90934,0.056749820709228516,1281.0,baseline
1777616752.9093719,0.056781768798828125,1280.0,baseline
1777616752.9094028,0.05681276321411133,1277.0,baseline
1777616752.909434,0.05684399604797363,1279.0,baseline
1777616752.909466,0.05687594413757324,1280.0,baseline
1777616752.909497,0.056906938552856445,1279.0,baseline
1777616752.909528,0.05693793296813965,1279.0,baseline
1777616752.909559,0.05696892738342285,1275.0,baseline
1777616752.909591,0.05700087547302246,1278.0,baseline
1777616752.909622,0.057031869888305664,1279.0,baseline
1777616752.909653,0.05706286430358887,1280.0,baseline
1777616752.909684,0.05709385871887207,1282.0,baseline
1777616752.909715,0.05712485313415527,1281.0,baseline
1777616752.909746,0.05715584754943848,1281.0,baseline
1777616752.9097779,0.057187795639038086,1282.0,baseline
1777616752.9098089,0.05721879005432129,1279.0,baseline
1777616752.9098399,0.05724978446960449,1276.0,baseline
1777616752.909872,0.0572819709777832,1280.0,baseline
1777616752.909903,0.057312965393066406,1283.0,baseline
1777616752.909934,0.05734395980834961,1280.0,baseline
1777616752.909966,0.05737590789794922,1278.0,baseline
1777616752.9100008,0.05741071701049805,1280.0,baseline
1777616752.910033,0.05744290351867676,1282.0,baseline
1777616752.9100642,0.05747413635253906,1280.0,baseline
1777616752.9100952,0.057505130767822266,1281.0,baseline
1777616752.9101272,0.057537078857421875,1282.0,baseline
1777616752.910159,0.057569026947021484,1281.0,baseline
1777616752.91019,0.05760002136230469,1279.0,baseline
1777616752.910221,0.05763101577758789,1280.0,baseline
1777616752.910253,0.0576629638671875,1276.0,baseline
1777616752.910284,0.0576939582824707,1279.0,baseline
1777616752.910315,0.057724952697753906,1280.0,baseline
1777616752.910346,0.05775594711303711,1276.0,baseline
1777616752.9103801,0.05779004096984863,1279.0,baseline
1777616752.910412,0.05782198905944824,1278.0,baseline
1777616752.910443,0.057852983474731445,1280.0,baseline
1777616752.910474,0.05788397789001465,1281.0,baseline
1777616752.910505,0.05791497230529785,1278.0,baseline
1777616752.910536,0.057945966720581055,1279.0,baseline
1777616752.9105668,0.057976722717285156,1282.0,baseline
1777616752.9105978,0.05800771713256836,1283.0,baseline
1777616752.91063,0.05803990364074707,1282.0,baseline
1777616752.9106612,0.058071136474609375,1278.0,baseline
1777616752.9106948,0.058104753494262695,1278.0,baseline
1777616752.9107468,0.058156728744506836,1276.0,baseline
1777616752.91078,0.05818986892700195,1280.0,baseline
1777616752.910811,0.058220863342285156,1280.0,baseline
1777616752.910843,0.058252811431884766,1282.0,baseline
1777616752.9108748,0.058284759521484375,1278.0,baseline
1777616752.910906,0.05831599235534668,1280.0,baseline
1777616752.910938,0.05834794044494629,1278.0,baseline
1777616752.910969,0.05837893486022949,1278.0,baseline
1777616752.9110012,0.0584111213684082,1280.0,baseline
1777616752.911032,0.058441877365112305,1282.0,baseline
1777616752.9110641,0.058474063873291016,1283.0,baseline
1777616752.9110951,0.05850505828857422,1282.0,baseline
1777616752.911127,0.05853700637817383,1280.0,baseline
1777616752.911158,0.05856800079345703,1279.0,baseline
1777616752.911189,0.058598995208740234,1277.0,baseline
1777616752.91122,0.05862998962402344,1280.0,baseline
1777616752.911252,0.05866193771362305,1283.0,baseline
1777616752.911283,0.05869293212890625,1281.0,baseline
1777616752.911314,0.05872392654418945,1277.0,baseline
1777616752.911345,0.058754920959472656,1277.0,baseline
1777616752.9113789,0.05878877639770508,1280.0,baseline
1777616752.911412,0.058821916580200195,1280.0,baseline
1777616752.911443,0.0588529109954834,1279.0,baseline
1777616752.911474,0.0588839054107666,1281.0,baseline
1777616752.911506,0.05891585350036621,1278.0,baseline
1777616752.911537,0.058946847915649414,1279.0,baseline
1777616752.911568,0.05897784233093262,1278.0,baseline
1777616752.9116,0.05901002883911133,1278.0,baseline
1777616752.911631,0.05904102325439453,1278.0,baseline
1777616752.911662,0.059072017669677734,1280.0,baseline
1777616752.911693,0.05910301208496094,1279.0,baseline
1777616752.911725,0.05913496017456055,1277.0,baseline
1777616752.911756,0.05916595458984375,1278.0,baseline
1777616752.911788,0.05919790267944336,1280.0,baseline
1777616752.911819,0.05922889709472656,1276.0,baseline
1777616752.91185,0.059259891510009766,1276.0,baseline
1777616752.911881,0.05929088592529297,1277.0,baseline
1777616752.911912,0.05932188034057617,1280.0,baseline
1777616752.911943,0.059352874755859375,1279.0,baseline
1777616752.911975,0.059384822845458984,1280.0,baseline
1777616752.912006,0.05941581726074219,1283.0,baseline
1777616752.9120378,0.0594477653503418,1284.0,baseline
1777616752.912072,0.05948185920715332,1281.0,baseline
1777616752.9121048,0.059514760971069336,1283.0,baseline
1777616752.9121358,0.05954575538635254,1283.0,baseline
1777616752.912168,0.05957794189453125,1284.0,baseline
1777616752.912199,0.05960893630981445,1280.0,baseline
1777616752.9122298,0.059639692306518555,1276.0,baseline
1777616752.912262,0.059671878814697266,1276.0,baseline
1777616752.9122932,0.05970311164855957,1278.0,baseline
1777616752.9123242,0.05973410606384277,1280.0,baseline
1777616752.9123561,0.05976605415344238,1276.0,baseline
1777616752.9123871,0.059797048568725586,1280.0,baseline
1777616752.9124181,0.05982804298400879,1280.0,baseline
1777616752.91245,0.0598599910736084,1281.0,baseline
1777616752.912481,0.0598909854888916,1283.0,baseline
1777616752.912513,0.05992293357849121,1283.0,baseline
1777616752.912544,0.059953927993774414,1283.0,baseline
1777616752.912575,0.05998492240905762,1281.0,baseline
1777616752.912606,0.06001591682434082,1283.0,baseline
1777616752.912637,0.06004691123962402,1281.0,baseline
1777616752.912668,0.06007790565490723,1280.0,baseline
1777616752.9127,0.060109853744506836,1280.0,baseline
1777616752.912732,0.060141801834106445,1283.0,baseline
1777616752.912766,0.06017589569091797,1284.0,baseline
1777616752.912798,0.06020784378051758,1281.0,baseline
1777616752.9128299,0.06023979187011719,1282.0,baseline
1777616752.9128609,0.06027078628540039,1281.0,baseline
1777616752.9128928,0.060302734375,1278.0,baseline
1777616752.9129238,0.0603337287902832,1281.0,baseline
1777616752.912956,0.060365915298461914,1282.0,baseline
1777616752.912987,0.06039690971374512,1280.0,baseline
1777616752.9130182,0.06042814254760742,1283.0,baseline
1777616752.9130502,0.06046009063720703,1285.0,baseline
1777616752.9130812,0.060491085052490234,1285.0,baseline
1777616752.9131122,0.06052207946777344,1281.0,baseline
1777616752.913144,0.06055402755737305,1281.0,baseline
1777616752.913175,0.06058502197265625,1280.0,baseline
1777616752.913207,0.06061697006225586,1283.0,baseline
1777616752.913238,0.06064796447753906,1284.0,baseline
1777616752.913269,0.060678958892822266,1283.0,baseline
1777616752.9133,0.06070995330810547,1284.0,baseline
1777616752.913331,0.06074094772338867,1282.0,baseline
1777616752.913363,0.06077289581298828,1279.0,baseline
1777616752.913394,0.060803890228271484,1278.0,baseline
1777616752.913426,0.060835838317871094,1280.0,baseline
1777616752.91346,0.06086993217468262,1281.0,baseline
1777616752.913492,0.06090188026428223,1279.0,baseline
1777616752.913523,0.06093287467956543,1279.0,baseline
1777616752.913554,0.06096386909484863,1281.0,baseline
1777616752.913586,0.06099581718444824,1279.0,baseline
1777616752.913617,0.061026811599731445,1278.0,baseline
1777616752.9136488,0.061058759689331055,1282.0,baseline
1777616752.9136798,0.06108975410461426,1280.0,baseline
1777616752.913711,0.06112098693847656,1281.0,baseline
1777616752.913743,0.06115293502807617,1283.0,baseline
1777616752.913774,0.061183929443359375,1281.0,baseline
1777616752.913805,0.06121492385864258,1282.0,baseline
1777616752.913836,0.06124591827392578,1280.0,baseline
1777616752.913867,0.061276912689208984,1280.0,baseline
1777616752.913898,0.06130790710449219,1280.0,baseline
1777616752.91393,0.0613398551940918,1280.0,baseline
1777616752.913961,0.061370849609375,1283.0,baseline
1777616752.913993,0.06140279769897461,1281.0,baseline
1777616752.9140239,0.06143379211425781,1283.0,baseline
1777616752.9140549,0.061464786529541016,1284.0,baseline
1777616752.9140859,0.06149578094482422,1284.0,baseline
1777616752.9141178,0.06152772903442383,1284.0,baseline
1777616752.9141529,0.06156277656555176,1281.0,baseline
1777616752.9141839,0.06159377098083496,1278.0,baseline
1777616752.9142148,0.061624765396118164,1276.0,baseline
1777616752.9142458,0.06165575981140137,1277.0,baseline
1777616752.914277,0.06168699264526367,1280.0,baseline
1777616752.914308,0.061717987060546875,1282.0,baseline
1777616752.91434,0.061749935150146484,1282.0,baseline
1777616752.914371,0.06178092956542969,1280.0,baseline
1777616752.914402,0.06181192398071289,1281.0,baseline
1777616752.914433,0.061842918395996094,1279.0,baseline
1777616752.914464,0.0618739128112793,1280.0,baseline
1777616752.914496,0.061905860900878906,1281.0,baseline
1777616752.914527,0.06193685531616211,1279.0,baseline
1777616752.914559,0.06196880340576172,1279.0,baseline
1777616752.91459,0.06199979782104492,1281.0,baseline
1777616752.9146209,0.062030792236328125,1281.0,baseline
1777616752.9146528,0.062062740325927734,1283.0,baseline
1777616752.9146838,0.06209373474121094,1281.0,baseline
1777616752.9147148,0.06212472915649414,1283.0,baseline
1777616752.9147468,0.06215667724609375,1284.0,baseline
1777616752.914779,0.06218886375427246,1283.0,baseline
1777616752.9148102,0.062220096588134766,1281.0,baseline
1777616752.914846,0.062255859375,1283.0,baseline
1777616752.914877,0.0622868537902832,1283.0,baseline
1777616752.914908,0.062317848205566406,1282.0,baseline
1777616752.9149399,0.062349796295166016,1282.0,baseline
1777616752.9149709,0.06238079071044922,1283.0,baseline
1777616752.9150028,0.06241273880004883,1284.0,baseline
1777616752.915034,0.06244397163391113,1285.0,baseline
1777616752.915065,0.062474966049194336,1282.0,baseline
1777616752.915097,0.06250691413879395,1281.0,baseline
1777616752.9151292,0.06253910064697266,1281.0,baseline
1777616752.9151602,0.06257009506225586,1278.0,baseline
1777616752.915191,0.06260085105895996,1279.0,baseline
1777616752.915222,0.06263184547424316,1277.0,baseline
1777616752.915254,0.06266403198242188,1278.0,baseline
1777616752.915285,0.06269502639770508,1278.0,baseline
1777616752.9153159,0.06272578239440918,1276.0,baseline
1777616752.9153469,0.06275677680969238,1280.0,baseline
1777616752.915395,0.0628049373626709,1281.0,baseline
1777616752.915427,0.06283688545227051,1278.0,baseline
1777616752.915458,0.06286787986755371,1277.0,baseline
1777616752.915489,0.06289887428283691,1279.0,baseline
1777616752.915523,0.06293296813964844,1279.0,baseline
1777616752.9155562,0.06296610832214355,1278.0,baseline
1777616752.9155872,0.06299710273742676,1280.0,baseline
1777616752.9156191,0.06302905082702637,1279.0,baseline
1777616752.9156501,0.06306004524230957,1280.0,baseline
1777616752.9156811,0.06309103965759277,1280.0,baseline
1777616752.915712,0.06312203407287598,1280.0,baseline
1777616752.915744,0.06315398216247559,1276.0,baseline
1777616752.915775,0.06318497657775879,1277.0,baseline
1777616752.915806,0.06321597099304199,1280.0,baseline
1777616752.9158368,0.0632467269897461,1283.0,baseline
1777616752.9158678,0.0632777214050293,1285.0,baseline
1777616752.9159,0.06330990791320801,1284.0,baseline
1777616752.915931,0.06334090232849121,1284.0,baseline
1777616752.9159622,0.06337213516235352,1283.0,baseline
1777616752.9159942,0.06340408325195312,1282.0,baseline
1777616752.916024,0.06343388557434082,1278.0,baseline
1777616752.9160519,0.0634617805480957,1281.0,baseline
1777616752.916081,0.0634908676147461,1281.0,baseline
1777616752.91611,0.06351995468139648,1285.0,baseline
1777616752.916138,0.06354784965515137,1286.0,baseline
1777616752.916167,0.06357693672180176,1283.0,baseline
1777616752.9162,0.06360983848571777,1281.0,baseline
1777616752.916229,0.06363892555236816,1276.0,baseline
1777616752.9162571,0.06366705894470215,1278.0,baseline
1777616752.916286,0.06369590759277344,1276.0,baseline
1777616752.9163141,0.06372404098510742,1279.0,baseline
1777616752.916343,0.06375288963317871,1276.0,baseline
1777616752.916372,0.0637819766998291,1280.0,baseline
1777616752.9164002,0.06381011009216309,1283.0,baseline
1777616752.916429,0.06383895874023438,1280.0,baseline
1777616752.916457,0.06386685371398926,1279.0,baseline
1777616752.9164858,0.06389570236206055,1279.0,baseline
1777616752.916515,0.06392502784729004,1279.0,baseline
1777616752.916543,0.06395292282104492,1277.0,baseline
1777616752.9165719,0.06398177146911621,1280.0,baseline
1777616752.9166,0.0640099048614502,1281.0,baseline
1777616752.916629,0.06403899192810059,1278.0,baseline
1777616752.916657,0.06406688690185547,1277.0,baseline
1777616752.916686,0.06409597396850586,1276.0,baseline
1777616752.916715,0.06412482261657715,1278.0,baseline
1777616752.9167428,0.06415271759033203,1281.0,baseline
1777616752.9167721,0.06418204307556152,1295.0,baseline
1777616752.9168,0.0642099380493164,1303.0,baseline
1777616752.916833,0.06424283981323242,1308.0,baseline
1777616752.916862,0.06427192687988281,1279.0,baseline
1777616752.9168901,0.0643000602722168,1274.0,baseline
1777616752.916919,0.06432890892028809,1277.0,baseline
1777616752.916948,0.06435799598693848,1280.0,baseline
1777616752.9169762,0.06438612937927246,1281.0,baseline
1777616752.917005,0.06441497802734375,1279.0,baseline
1777616752.917033,0.06444287300109863,1279.0,baseline
1777616752.9170911,0.06450104713439941,1277.0,baseline
1777616752.917123,0.06453299522399902,1279.0,baseline
1777616752.917152,0.06456184387207031,1283.0,baseline
1777616752.917181,0.0645909309387207,1278.0,baseline
1777616752.91721,0.0646200180053711,1275.0,baseline
1777616752.917239,0.06464886665344238,1277.0,baseline
1777616752.9172668,0.06467676162719727,1276.0,baseline
1777616752.9172962,0.06470608711242676,1280.0,baseline
1777616752.917325,0.06473493576049805,1281.0,baseline
1777616752.9173539,0.06476378440856934,1276.0,baseline
1777616752.917383,0.06479287147521973,1275.0,baseline
1777616752.917412,0.06482195854187012,1276.0,baseline
1777616752.91744,0.064849853515625,1284.0,baseline
1777616752.917469,0.06487894058227539,1286.0,baseline
1777616752.917504,0.06491398811340332,1296.0,baseline
1777616752.917533,0.06494283676147461,1298.0,baseline
1777616752.917561,0.0649709701538086,1306.0,baseline
1777616752.91759,0.06499981880187988,1305.0,baseline
1777616752.917619,0.06502890586853027,1291.0,baseline
1777616752.9176478,0.06505775451660156,1265.0,baseline
1777616752.9176772,0.06508708000183105,1262.0,baseline
1777616752.917705,0.06511497497558594,1257.0,baseline
1777616752.917734,0.06514382362365723,1277.0,baseline
1777616752.917763,0.06517291069030762,1281.0,baseline
1777616752.917791,0.0652008056640625,1287.0,baseline
1777616752.91782,0.06522989273071289,1301.0,baseline
1777616752.917848,0.06525802612304688,1292.0,baseline
1777616752.917877,0.06528687477111816,1284.0,baseline
1777616752.9179058,0.06531572341918945,1283.0,baseline
1777616752.9179351,0.06534504890441895,1272.0,baseline
1777616752.917964,0.06537389755249023,1271.0,baseline
1777616752.9179919,0.06540179252624512,1274.0,baseline
1777616752.9180212,0.06543111801147461,1276.0,baseline
1777616752.91805,0.0654599666595459,1276.0,baseline
1777616752.918078,0.06548786163330078,1271.0,baseline
1777616752.9181068,0.06551671028137207,1275.0,baseline
1777616752.918139,0.06554889678955078,1276.0,baseline
1777616752.918168,0.06557798385620117,1273.0,baseline
1777616752.918196,0.06560587882995605,1272.0,baseline
1777616752.9182248,0.06563472747802734,1274.0,baseline
1777616752.9182541,0.06566405296325684,1271.0,baseline
1777616752.918282,0.06569194793701172,1257.0,baseline
1777616752.9183118,0.06572175025939941,1274.0,baseline
1777616752.9183402,0.0657501220703125,1283.0,baseline
1777616752.918369,0.06577897071838379,1281.0,baseline
1777616752.918398,0.06580781936645508,1288.0,baseline
1777616752.918426,0.06583595275878906,1286.0,baseline
1777616752.9184551,0.06586503982543945,1288.0,baseline
1777616752.918484,0.06589388847351074,1289.0,baseline
1777616752.918512,0.06592202186584473,1288.0,baseline
1777616752.918541,0.06595087051391602,1286.0,baseline
1777616752.9185688,0.0659787654876709,1283.0,baseline
1777616752.918598,0.06600785255432129,1282.0,baseline
1777616752.918627,0.06603693962097168,1276.0,baseline
1777616752.918655,0.06606483459472656,1277.0,baseline
1777616752.918684,0.06609392166137695,1280.0,baseline
1777616752.918713,0.06612300872802734,1276.0,baseline
1777616752.918741,0.06615090370178223,1275.0,baseline
1777616752.918773,0.06618285179138184,1281.0,baseline
1777616752.918802,0.06621193885803223,1284.0,baseline
1777616752.918831,0.06624102592468262,1281.0,baseline
1777616752.918859,0.0662689208984375,1279.0,baseline
1777616752.9188879,0.06629776954650879,1277.0,baseline
1777616752.9189172,0.06632709503173828,1273.0,baseline
1777616752.918946,0.06635594367980957,1276.0,baseline
1777616752.9189749,0.06638479232788086,1271.0,baseline
1777616752.9190028,0.06641268730163574,1273.0,baseline
1777616752.919032,0.06644201278686523,1275.0,baseline
1777616752.919061,0.06647086143493652,1272.0,baseline
1777616752.9190888,0.0664987564086914,1272.0,baseline
1777616752.9191182,0.0665280818939209,1276.0,baseline
1777616752.919146,0.06655597686767578,1277.0,baseline
1777616752.919175,0.06658482551574707,1283.0,baseline
1777616752.919204,0.06661391258239746,1280.0,baseline
1777616752.919232,0.06664180755615234,1278.0,baseline
1777616752.919261,0.06667089462280273,1280.0,baseline
1777616752.91929,0.06669998168945312,1277.0,baseline
1777616752.919318,0.06672787666320801,1280.0,baseline
1777616752.919348,0.0667579174041748,1269.0,baseline
1777616752.919376,0.06678581237792969,1284.0,baseline
1777616752.919408,0.0668179988861084,1282.0,baseline
1777616752.9194372,0.06684708595275879,1281.0,baseline
1777616752.919466,0.06687593460083008,1286.0,baseline
1777616752.919494,0.06690382957458496,1284.0,baseline
1777616752.919523,0.06693291664123535,1285.0,baseline
1777616752.919551,0.06696081161499023,1294.0,baseline
1777616752.91958,0.06698989868164062,1297.0,baseline
1777616752.919608,0.06701803207397461,1298.0,baseline
1777616752.919637,0.0670468807220459,1293.0,baseline
1777616752.9196658,0.06707572937011719,1289.0,baseline
1777616752.9196942,0.06710410118103027,1286.0,baseline
1777616752.919723,0.06713294982910156,1286.0,baseline
1777616752.919779,0.06718897819519043,1287.0,baseline
1777616752.919808,0.06721782684326172,1283.0,baseline
1777616752.919837,0.06724691390991211,1259.0,baseline
1777616752.919866,0.0672760009765625,1273.0,baseline
1777616752.919894,0.06730389595031738,1278.0,baseline
1777616752.9199228,0.06733274459838867,1271.0,baseline
1777616752.919952,0.06736183166503906,1271.0,baseline
1777616752.91998,0.06738996505737305,1272.0,baseline
1777616752.920009,0.06741881370544434,1273.0,baseline
1777616752.920038,0.06744790077209473,1273.0,baseline
1777616752.920066,0.06747603416442871,1268.0,baseline
1777616752.920095,0.0675048828125,1270.0,baseline
1777616752.9201229,0.06753277778625488,1275.0,baseline
1777616752.920152,0.06756186485290527,1277.0,baseline
1777616752.92018,0.06758999824523926,1279.0,baseline
1777616752.920209,0.06761884689331055,1278.0,baseline
1777616752.920237,0.06764698028564453,1280.0,baseline
1777616752.920266,0.06767582893371582,1281.0,baseline
1777616752.9202938,0.0677037239074707,1284.0,baseline
1777616752.9203231,0.0677330493927002,1283.0,baseline
1777616752.920352,0.06776189804077148,1281.0,baseline
1777616752.9203808,0.06779074668884277,1281.0,baseline
1777616752.9204092,0.06781911849975586,1284.0,baseline
1777616752.920438,0.06784796714782715,1284.0,baseline
1777616752.920466,0.06787586212158203,1278.0,baseline
1777616752.920495,0.06790494918823242,1280.0,baseline
1777616752.9205241,0.06793403625488281,1276.0,baseline
1777616752.920552,0.0679619312286377,1274.0,baseline
1777616752.920581,0.06799101829528809,1280.0,baseline
1777616752.92061,0.06801986694335938,1276.0,baseline
1777616752.9206378,0.06804776191711426,1280.0,baseline
1777616752.920667,0.06807684898376465,1286.0,baseline
1777616752.920696,0.06810593605041504,1289.0,baseline
1777616752.920725,0.06813502311706543,1288.0,baseline
1777616752.920754,0.06816387176513672,1289.0,baseline
1777616752.920782,0.0681920051574707,1289.0,baseline
1777616752.920811,0.06822085380554199,1284.0,baseline
1777616752.92084,0.06824994087219238,1285.0,baseline
1777616752.9208682,0.06827807426452637,1281.0,baseline
1777616752.920897,0.06830692291259766,1280.0,baseline
1777616752.9209259,0.06833577156066895,1277.0,baseline
1777616752.920955,0.06836485862731934,1272.0,baseline
1777616752.920984,0.06839394569396973,1273.0,baseline
1777616752.921012,0.06842184066772461,1278.0,baseline
1777616752.921041,0.068450927734375,1289.0,baseline
1777616752.92107,0.06848001480102539,1291.0,baseline
1777616752.921099,0.06850886344909668,1287.0,baseline
1777616752.9211268,0.06853675842285156,1280.0,baseline
1777616752.9211562,0.06856608390808105,1277.0,baseline
1777616752.921197,0.06860685348510742,1275.0,baseline
1777616752.921225,0.0686349868774414,1280.0,baseline
1777616752.9212532,0.06866312026977539,1284.0,baseline
1777616752.921282,0.06869196891784668,1283.0,baseline
1777616752.921311,0.06872081756591797,1282.0,baseline
1777616752.9213388,0.06874871253967285,1281.0,baseline
1777616752.9213681,0.06877803802490234,1285.0,baseline
1777616752.921397,0.06880688667297363,1286.0,baseline
1777616752.9214249,0.06883478164672852,1284.0,baseline
1777616752.9214542,0.06886410713195801,1280.0,baseline
1777616752.921482,0.06889200210571289,1273.0,baseline
1777616752.921511,0.06892085075378418,1271.0,baseline
1777616752.92154,0.06894993782043457,1273.0,baseline
1777616752.921568,0.06897783279418945,1279.0,baseline
1777616752.921597,0.06900691986083984,1281.0,baseline
1777616752.921637,0.0690469741821289,1281.0,baseline
1777616752.9216661,0.0690760612487793,1280.0,baseline
1777616752.921695,0.06910490989685059,1281.0,baseline
1777616752.921723,0.06913280487060547,1288.0,baseline
1777616752.921752,0.06916189193725586,1287.0,baseline
1777616752.921781,0.06919097900390625,1282.0,baseline
1777616752.921809,0.06921887397766113,1281.0,baseline
1777616752.921838,0.06924796104431152,1275.0,baseline
1777616752.921867,0.06927680969238281,1275.0,baseline
1777616752.921895,0.0693049430847168,1278.0,baseline
1777616752.921924,0.06933403015136719,1278.0,baseline
1777616752.921953,0.06936287879943848,1282.0,baseline
1777616752.92198,0.06938982009887695,1281.0,baseline
1777616752.9220018,0.0694117546081543,1275.0,baseline
1777616752.922025,0.06943488121032715,1275.0,baseline
1777616752.922048,0.0694580078125,1280.0,baseline
1777616752.92207,0.06947994232177734,1282.0,baseline
1777616752.9220932,0.0695030689239502,1287.0,baseline
1777616752.922116,0.06952595710754395,1285.0,baseline
1777616752.92214,0.0695497989654541,1284.0,baseline
1777616752.9221618,0.06957173347473145,1285.0,baseline
1777616752.9221828,0.06959271430969238,1283.0,baseline
1777616752.922219,0.06962895393371582,1281.0,baseline
1777616752.922241,0.06965088844299316,1277.0,baseline
1777616752.922274,0.06968402862548828,1284.0,baseline
1777616752.922296,0.06970596313476562,1288.0,baseline
1777616752.922317,0.06972694396972656,1289.0,baseline
1777616752.922339,0.0697488784790039,1282.0,baseline
1777616752.9223602,0.06977009773254395,1275.0,baseline
1777616752.9223812,0.06979107856750488,1274.0,baseline
1777616752.922403,0.06981301307678223,1279.0,baseline
1777616752.922424,0.06983399391174316,1281.0,baseline
1777616752.922445,0.0698549747467041,1276.0,baseline
1777616752.922466,0.06987595558166504,1278.0,baseline
1777616752.922487,0.06989693641662598,1279.0,baseline
1777616752.922508,0.06991791725158691,1277.0,baseline
1777616752.922529,0.06993889808654785,1277.0,baseline
1777616752.9225512,0.0699610710144043,1279.0,baseline
1777616752.9225721,0.06998205184936523,1280.0,baseline
1777616752.922593,0.07000303268432617,1276.0,baseline
1777616752.922614,0.07002401351928711,1279.0,baseline
1777616752.922636,0.07004594802856445,1284.0,baseline
1777616752.922657,0.07006692886352539,1289.0,baseline
1777616752.922678,0.07008790969848633,1287.0,baseline
1777616752.9227,0.07010984420776367,1285.0,baseline
1777616752.922721,0.07013082504272461,1281.0,baseline
1777616752.9227421,0.07015204429626465,1273.0,baseline
1777616752.922764,0.07017397880554199,1272.0,baseline
1777616752.922785,0.07019495964050293,1278.0,baseline
1777616752.922806,0.07021594047546387,1285.0,baseline
1777616752.922827,0.0702369213104248,1281.0,baseline
1777616752.922849,0.07025885581970215,1279.0,baseline
1777616752.92287,0.07027983665466309,1279.0,baseline
1777616752.922891,0.07030081748962402,1275.0,baseline
1777616752.9229188,0.0703287124633789,1278.0,baseline
1777616752.922941,0.07035088539123535,1284.0,baseline
1777616752.9229639,0.0703737735748291,1287.0,baseline
1777616752.922987,0.07039690017700195,1288.0,baseline
1777616752.92301,0.0704200267791748,1278.0,baseline
1777616752.923032,0.07044196128845215,1277.0,baseline
1777616752.923054,0.07046389579772949,1280.0,baseline
1777616752.923077,0.07048702239990234,1284.0,baseline
1777616752.923098,0.07050800323486328,1285.0,baseline
1777616752.923119,0.07052898406982422,1281.0,baseline
1777616752.923141,0.07055091857910156,1279.0,baseline
1777616752.9231622,0.0705721378326416,1281.0,baseline
1777616752.9231832,0.07059311866760254,1281.0,baseline
1777616752.9232042,0.07061409950256348,1278.0,baseline
1777616752.9232252,0.07063508033752441,1281.0,baseline
1777616752.9232461,0.07065606117248535,1279.0,baseline
1777616752.923268,0.0706779956817627,1282.0,baseline
1777616752.923289,0.07069897651672363,1279.0,baseline
1777616752.92331,0.07071995735168457,1280.0,baseline
1777616752.923331,0.07074093818664551,1279.0,baseline
1777616752.923352,0.07076191902160645,1278.0,baseline
1777616752.9233742,0.07078409194946289,1278.0,baseline
1777616752.9233952,0.07080507278442383,1278.0,baseline
1777616752.9234161,0.07082605361938477,1282.0,baseline
1777616752.923438,0.07084798812866211,1283.0,baseline
1777616752.923459,0.07086896896362305,1284.0,baseline
1777616752.92348,0.07088994979858398,1279.0,baseline
1777616752.923501,0.07091093063354492,1280.0,baseline
1777616752.9235232,0.07093310356140137,1279.0,baseline
1777616752.9235442,0.0709540843963623,1278.0,baseline
1777616752.923568,0.07097792625427246,1278.0,baseline
1777616752.923603,0.07101297378540039,1276.0,baseline
1777616752.923625,0.07103490829467773,1278.0,baseline
1777616752.923646,0.07105588912963867,1277.0,baseline
1777616752.923668,0.07107782363891602,1281.0,baseline
1777616752.923689,0.07109880447387695,1281.0,baseline
1777616752.9637709,0.11118078231811523,1280.0,baseline
1777616753.013929,0.16133880615234375,1282.0,baseline
1777616753.063916,0.21132588386535645,1284.0,baseline
1777616753.114079,0.2614889144897461,1281.0,baseline
1777616753.164012,0.31142187118530273,1280.0,baseline
1777616753.214209,0.3616189956665039,1277.0,baseline
1777616753.264155,0.41156482696533203,1278.0,baseline
1777616753.314199,0.46160888671875,1278.0,baseline
1777616753.364181,0.5115909576416016,1278.0,baseline
1777616753.41422,0.5616300106048584,1278.0,baseline
1777616753.464054,0.6114640235900879,1278.0,baseline
1777616753.514106,0.6615159511566162,1280.0,baseline
1777616753.564255,0.7116649150848389,1280.0,baseline
1777616753.6142862,0.7616961002349854,1281.0,baseline
1777616753.664341,0.8117508888244629,1282.0,baseline
1777616753.7143092,0.8617191314697266,1282.0,baseline
1777616753.7644749,0.9118847846984863,1280.0,baseline
1777616753.814412,0.9618220329284668,1284.0,baseline
1777616753.8642938,1.0117037296295166,1284.0,baseline
1777616753.914229,1.0616388320922852,1283.0,baseline
1777616753.964229,1.1116390228271484,1283.0,baseline
1777616754.014291,1.161700963973999,1282.0,baseline
1777616754.064427,1.211836814880371,1280.0,baseline
1777616754.114548,1.2619578838348389,1281.0,baseline
1777616754.164502,1.3119118213653564,1279.0,baseline
1777616754.214633,1.3620429039001465,1277.0,baseline
1777616754.264619,1.4120290279388428,1279.0,baseline
1777616754.31468,1.462090015411377,1283.0,baseline
1777616754.364753,1.5121629238128662,1283.0,baseline
1777616754.414593,1.5620028972625732,1282.0,baseline
1777616754.4647648,1.6121747493743896,1281.0,baseline
1777616754.5146549,1.662064790725708,1280.0,baseline
1777616754.564842,1.712251901626587,1279.0,baseline
1777616754.614836,1.7622458934783936,1281.0,baseline
1777616754.66485,1.8122599124908447,1277.0,baseline
1777616754.71487,1.8622798919677734,1280.0,baseline
1777616754.7649112,1.9123210906982422,1285.0,baseline
1777616754.814929,1.962338924407959,1284.0,baseline
1777616754.864908,2.0123178958892822,1280.0,baseline
1777616754.914964,2.0623738765716553,1278.0,baseline
1777616754.965045,2.112454891204834,1280.0,baseline
1777616755.015025,2.1624348163604736,1275.0,baseline
1777616755.0649989,2.2124087810516357,1277.0,baseline
1777616755.1150699,2.262479782104492,1279.0,baseline
1777616755.165111,2.312520980834961,1281.0,baseline
1777616755.215134,2.362543821334839,1276.0,baseline
1777616755.265096,2.412505865097046,1275.0,baseline
1777616755.315097,2.4625070095062256,1279.0,baseline
1777616755.365061,2.5124709606170654,1277.0,baseline
1777616755.415187,2.5625967979431152,1278.0,baseline
1777616755.465097,2.612506866455078,1281.0,baseline
1777616755.5150511,2.662461042404175,1279.0,baseline
1777616755.5650072,2.7124171257019043,1280.0,baseline
1777616755.6150122,2.7624220848083496,1276.0,baseline
1777616755.665094,2.8125038146972656,1281.0,baseline
1777616755.715214,2.862623929977417,1279.0,baseline
1777616755.765347,2.91275691986084,1284.0,baseline
1777616755.81531,2.9627199172973633,1288.0,baseline
1777616755.86538,3.0127899646759033,1287.0,baseline
1777616756.3713431,0.49623918533325195,1287.0,stimulus
1777616756.371378,0.4962739944458008,1285.0,stimulus
1777616756.371402,0.49629807472229004,1283.0,stimulus
1777616756.371426,0.4963221549987793,1284.0,stimulus
1777616756.3714502,0.49634623527526855,1281.0,stimulus
1777616756.371474,0.4963700771331787,1277.0,stimulus
1777616756.371521,0.4964170455932617,1274.0,stimulus
1777616756.371552,0.4964480400085449,1279.0,stimulus
1777616756.372024,0.496920108795166,1279.0,stimulus
1777616756.372052,0.4969480037689209,1278.0,stimulus
1777616756.415355,0.5402510166168213,1281.0,stimulus
1777616756.465309,0.5902049541473389,1279.0,stimulus
1777616756.51532,0.6402161121368408,1278.0,stimulus
1777616756.565305,0.6902010440826416,1280.0,stimulus
1777616756.61539,0.740286111831665,1280.0,stimulus
1777616756.665358,0.7902541160583496,1279.0,stimulus
1777616756.715596,0.8404920101165771,1282.0,stimulus
1777616756.7654479,0.8903439044952393,1280.0,stimulus
1777616756.8157802,0.940676212310791,1283.0,stimulus
1777616756.86546,0.9903559684753418,1283.0,stimulus
1777616756.915495,1.040390968322754,1281.0,stimulus
1777616756.965572,1.090468168258667,1280.0,stimulus
1777616757.0156028,1.1404988765716553,1277.0,stimulus
1777616757.065569,1.190464973449707,1280.0,stimulus
1777616757.115893,1.2407889366149902,1276.0,stimulus
1777616757.165965,1.2908611297607422,1280.0,stimulus
1777616757.2159622,1.3408582210540771,1280.0,stimulus
1777616757.265974,1.3908700942993164,1280.0,stimulus
1777616757.315967,1.4408631324768066,1276.0,stimulus
1777616757.365962,1.4908580780029297,1279.0,stimulus
1777616757.41604,1.54093599319458,1279.0,stimulus
1777616757.465923,1.5908191204071045,1280.0,stimulus
1777616757.516108,1.6410040855407715,1280.0,stimulus
1777616757.5660641,1.690960168838501,1283.0,stimulus
1777616757.6161878,1.7410838603973389,1282.0,stimulus
1777616757.666207,1.7911031246185303,1279.0,stimulus
1777616757.7162082,1.84110426902771,1279.0,stimulus
1777616757.766208,1.891103982925415,1278.0,stimulus
1777616757.816243,1.9411389827728271,1278.0,stimulus
1777616757.866231,1.9911270141601562,1277.0,stimulus
1777616757.9162629,2.04115891456604,1280.0,stimulus
1777616757.966306,2.0912020206451416,1281.0,stimulus
1777616758.016277,2.1411731243133545,1281.0,stimulus
1777616758.066226,2.191122055053711,1279.0,stimulus
1777616758.1164212,2.2413172721862793,1278.0,stimulus
1777616758.166302,2.2911980152130127,1278.0,stimulus
1777616758.216347,2.341243028640747,1279.0,stimulus
1777616758.266465,2.3913609981536865,1278.0,stimulus
1777616758.3163252,2.441221237182617,1278.0,stimulus
1777616758.366511,2.4914071559906006,1280.0,stimulus
1777616758.416351,2.5412471294403076,1280.0,stimulus
1777616758.466476,2.591372013092041,1281.0,stimulus
1777616758.516428,2.641324043273926,1280.0,stimulus
1777616758.56657,2.6914660930633545,1283.0,stimulus
1777616758.616562,2.741457939147949,1282.0,stimulus
1777616758.66662,2.791516065597534,1283.0,stimulus
1777616758.716683,2.841578960418701,1284.0,stimulus
1777616758.766657,2.8915531635284424,1280.0,stimulus
1777616758.816691,2.941586971282959,1278.0,stimulus
1777616758.866713,2.9916090965270996,1277.0,stimulus
1777616758.9167202,3.041616201400757,1277.0,stimulus
1777616758.966718,3.091614007949829,1280.0,stimulus
1777616759.0168,3.141695976257324,1278.0,stimulus
1777616759.066717,3.191612958908081,1282.0,stimulus
1777616759.1167412,3.2416372299194336,1282.0,stimulus
1777616759.1668181,3.2917141914367676,1283.0,stimulus
1777616759.216856,3.341752052307129,1278.0,stimulus
1777616759.266743,3.391638994216919,1280.0,stimulus
1777616759.3167942,3.44169020652771,1278.0,stimulus
1777616759.3668501,3.491746187210083,1279.0,stimulus
1777616759.416956,3.5418519973754883,1280.0,stimulus
1777616759.466939,3.5918350219726562,1278.0,stimulus
1777616759.516948,3.6418440341949463,1280.0,stimulus
1777616759.566981,3.6918771266937256,1275.0,stimulus
1777616759.616975,3.7418711185455322,1279.0,stimulus
1777616759.667061,3.791957139968872,1276.0,stimulus
1777616759.717095,3.8419909477233887,1278.0,stimulus
1777616759.767078,3.8919739723205566,1280.0,stimulus
1777616759.817248,3.9421441555023193,1278.0,stimulus
1777616759.867213,3.9921090602874756,1280.0,stimulus
1777616759.917131,4.042026996612549,1277.0,stimulus
1777616759.967166,4.092061996459961,1279.0,stimulus
1777616760.0171762,4.1420722007751465,1278.0,stimulus
1777616760.0669749,4.191870927810669,1279.0,stimulus
1777616760.1171598,4.242055892944336,1279.0,stimulus
1777616760.167244,4.292140007019043,1276.0,stimulus
1777616760.217223,4.342118978500366,1279.0,stimulus
1777616760.26751,4.392405986785889,1279.0,stimulus
1777616760.317267,4.442162990570068,1281.0,stimulus
1777616760.3674262,4.492322206497192,1279.0,stimulus
1777616760.417454,4.5423500537872314,1280.0,stimulus
1777616760.4674618,4.592357873916626,1280.0,stimulus
1777616760.517416,4.642312049865723,1278.0,stimulus
1777616760.5674691,4.6923651695251465,1278.0,stimulus
1777616760.6174982,4.742394208908081,1279.0,stimulus
1777616760.667491,4.792387008666992,1276.0,stimulus
1777616760.717558,4.842453956604004,1280.0,stimulus
1777616760.7675772,4.892473220825195,1282.0,stimulus
1777616760.81756,4.942456007003784,1281.0,stimulus
1777616760.867604,4.992500066757202,1283.0,stimulus
1777616760.917603,5.04249906539917,1283.0,stimulus
1777616760.967592,5.092488050460815,1279.0,stimulus
1777616761.104057,0.0002548694610595703,1274.0,post
1777616761.1041842,0.0003819465637207031,1277.0,post
1777616761.11761,0.01380777359008789,1282.0,post
1777616761.16767,0.06386780738830566,1279.0,post
1777616761.227919,0.12411689758300781,1281.0,post
1777616761.271399,0.16759681701660156,1278.0,post
1777616761.317785,0.21398282051086426,1278.0,post
1777616761.367724,0.26392173767089844,1281.0,post
1777616761.417718,0.3139157295227051,1276.0,post
1777616761.4677749,0.36397266387939453,1279.0,post
1777616761.5178812,0.414078950881958,1278.0,post
1777616761.567843,0.46404075622558594,1282.0,post
1777616761.617931,0.5141286849975586,1283.0,post
1777616761.667958,0.5641558170318604,1284.0,post
1777616761.717997,0.6141948699951172,1281.0,post
1777616761.76798,0.6641778945922852,1282.0,post
1777616761.818013,0.7142107486724854,1284.0,post
1777616761.867792,0.7639896869659424,1283.0,post
1777616761.918071,0.8142688274383545,1281.0,post
1777616761.968016,0.8642137050628662,1281.0,post
1777616762.018087,0.9142847061157227,1282.0,post
1777616762.068097,0.9642949104309082,1282.0,post
1777616762.118099,1.0142967700958252,1281.0,post
1777616762.1681821,1.0643799304962158,1282.0,post
1777616762.2181299,1.1143276691436768,1280.0,post
1777616762.26815,1.1643478870391846,1283.0,post
1777616762.31818,1.2143778800964355,1283.0,post
1777616762.368232,1.2644298076629639,1283.0,post
1777616762.418089,1.314286708831787,1283.0,post
1777616762.46816,1.3643577098846436,1280.0,post
1777616762.518285,1.414482831954956,1279.0,post
1777616762.568334,1.4645318984985352,1276.0,post
1777616762.618262,1.5144598484039307,1276.0,post
1777616762.668362,1.5645596981048584,1280.0,post
1777616762.718399,1.6145968437194824,1279.0,post
1777616762.76843,1.6646277904510498,1278.0,post
1777616762.818429,1.7146267890930176,1276.0,post
1777616762.868469,1.7646667957305908,1278.0,post
1777616762.9185321,1.814729928970337,1277.0,post
1777616762.968523,1.8647208213806152,1277.0,post
1777616763.018517,1.9147148132324219,1278.0,post
1777616763.0684931,1.964690923690796,1279.0,post
1777616763.118633,2.0148308277130127,1276.0,post
1777616763.168619,2.06481671333313,1276.0,post
1777616763.218648,2.1148457527160645,1280.0,post
1777616763.268666,2.1648638248443604,1276.0,post
1777616763.318646,2.21484375,1279.0,post
1777616763.368662,2.264859914779663,1281.0,post
1777616763.4188,2.314997911453247,1280.0,post
1777616763.4686668,2.3648645877838135,1278.0,post
1777616763.5186949,2.4148926734924316,1277.0,post
1777616763.568546,2.4647438526153564,1280.0,post
1777616763.618708,2.5149056911468506,1282.0,post
1777616763.668694,2.564891815185547,1281.0,post
1777616763.718787,2.6149847507476807,1283.0,post
1777616763.768824,2.6650218963623047,1279.0,post
1777616763.818789,2.714986801147461,1278.0,post
1777616763.8688939,2.76509165763855,1278.0,post
1777616763.918891,2.8150887489318848,1278.0,post
1777616763.968918,2.8651158809661865,1276.0,post
1777616764.018933,2.915130853652954,1278.0,post
1777616764.068937,2.965134859085083,1279.0,post
1777616764.1188421,3.0150399208068848,1278.0,post
