timestamp,elapsed_sec,gsr_raw,phase
1777620633.193873,0.000286102294921875,1366.0,baseline
1777620633.193965,0.0003781318664550781,1366.0,baseline
1777620633.1940439,0.0004570484161376953,1367.0,baseline
1777620633.194123,0.0005362033843994141,1367.0,baseline
1777620633.194201,0.000614166259765625,1370.0,baseline
1777620633.194278,0.0006911754608154297,1370.0,baseline
1777620633.194356,0.0007691383361816406,1364.0,baseline
1777620633.1944342,0.0008473396301269531,1362.0,baseline
1777620633.194512,0.0009250640869140625,1359.0,baseline
1777620633.194589,0.0010020732879638672,1361.0,baseline
1777620633.194666,0.0010790824890136719,1359.0,baseline
1777620633.1947432,0.0011563301086425781,1360.0,baseline
1777620633.1948211,0.001234292984008789,1359.0,baseline
1777620633.194898,0.0013110637664794922,1360.0,baseline
1777620633.194975,0.0013880729675292969,1359.0,baseline
1777620633.195053,0.0014662742614746094,1358.0,baseline
1777620633.19513,0.001543283462524414,1359.0,baseline
1777620633.1952069,0.0016200542449951172,1361.0,baseline
1777620633.195285,0.0016982555389404297,1361.0,baseline
1777620633.195362,0.0017752647399902344,1361.0,baseline
1777620633.19556,0.0019731521606445312,1359.0,baseline
1777620633.195658,0.0020711421966552734,1362.0,baseline
1777620633.195881,0.0022940635681152344,1360.0,baseline
1777620633.195984,0.0023970603942871094,1359.0,baseline
1777620633.196074,0.0024871826171875,1361.0,baseline
1777620633.196161,0.0025742053985595703,1360.0,baseline
1777620633.196249,0.002662181854248047,1358.0,baseline
1777620633.196336,0.002749204635620117,1357.0,baseline
1777620633.1964211,0.002834320068359375,1359.0,baseline
1777620633.1965172,0.0029304027557373047,1361.0,baseline
1777620633.196626,0.003039121627807617,1359.0,baseline
1777620633.196713,0.0031261444091796875,1361.0,baseline
1777620633.19682,0.003233194351196289,1360.0,baseline
1777620633.196906,0.003319263458251953,1360.0,baseline
1777620633.197029,0.0034422874450683594,1362.0,baseline
1777620633.197116,0.003529071807861328,1361.0,baseline
1777620633.197202,0.003615140914916992,1358.0,baseline
1777620633.1972868,0.0037000179290771484,1362.0,baseline
1777620633.19738,0.0037932395935058594,1362.0,baseline
1777620633.1974652,0.003878355026245117,1358.0,baseline
1777620633.197551,0.00396418571472168,1359.0,baseline
1777620633.197637,0.004050254821777344,1359.0,baseline
1777620633.19773,0.004143238067626953,1360.0,baseline
1777620633.197817,0.0042302608489990234,1358.0,baseline
1777620633.197906,0.004319190979003906,1358.0,baseline
1777620633.197991,0.0044040679931640625,1358.0,baseline
1777620633.198077,0.0044901371002197266,1361.0,baseline
1777620633.198171,0.004584074020385742,1358.0,baseline
1777620633.198256,0.004669189453125,1358.0,baseline
1777620633.1983411,0.004754304885864258,1362.0,baseline
1777620633.198427,0.00484013557434082,1360.0,baseline
1777620633.198512,0.004925251007080078,1359.0,baseline
1777620633.198616,0.005029201507568359,1359.0,baseline
1777620633.1987011,0.005114316940307617,1361.0,baseline
1777620633.198786,0.0051991939544677734,1360.0,baseline
1777620633.1988711,0.005284309387207031,1358.0,baseline
1777620633.198957,0.005370140075683594,1360.0,baseline
1777620633.199043,0.005456209182739258,1358.0,baseline
1777620633.1991282,0.005541324615478516,1362.0,baseline
1777620633.1992772,0.005690336227416992,1363.0,baseline
1777620633.19945,0.005863189697265625,1360.0,baseline
1777620633.199543,0.005956172943115234,1359.0,baseline
1777620633.1996312,0.0060443878173828125,1357.0,baseline
1777620633.1997068,0.006119966506958008,1356.0,baseline
1777620633.199788,0.006201267242431641,1359.0,baseline
1777620633.199856,0.006269216537475586,1359.0,baseline
1777620633.199923,0.006336212158203125,1361.0,baseline
1777620633.199991,0.00640416145324707,1361.0,baseline
1777620633.2000582,0.006471395492553711,1361.0,baseline
1777620633.200125,0.0065381526947021484,1360.0,baseline
1777620633.200192,0.0066051483154296875,1359.0,baseline
1777620633.200259,0.0066721439361572266,1359.0,baseline
1777620633.200326,0.006739139556884766,1357.0,baseline
1777620633.200393,0.006806135177612305,1356.0,baseline
1777620633.20046,0.006873130798339844,1359.0,baseline
1777620633.2005272,0.006940364837646484,1358.0,baseline
1777620633.200597,0.007010221481323242,1361.0,baseline
1777620633.200664,0.007077217102050781,1361.0,baseline
1777620633.2007308,0.007143974304199219,1360.0,baseline
1777620633.200798,0.007211208343505859,1359.0,baseline
1777620633.200865,0.0072782039642333984,1361.0,baseline
1777620633.2009332,0.007346391677856445,1358.0,baseline
1777620633.201,0.007413148880004883,1356.0,baseline
1777620633.201067,0.007480144500732422,1356.0,baseline
1777620633.201134,0.007547140121459961,1357.0,baseline
1777620633.201202,0.007615089416503906,1356.0,baseline
1777620633.2012742,0.00768733024597168,1359.0,baseline
1777620633.201341,0.007754087448120117,1358.0,baseline
1777620633.201407,0.00782012939453125,1360.0,baseline
1777620633.201474,0.007887125015258789,1360.0,baseline
1777620633.20154,0.007953166961669922,1358.0,baseline
1777620633.2016058,0.008018970489501953,1358.0,baseline
1777620633.201674,0.008087158203125,1359.0,baseline
1777620633.20174,0.008153200149536133,1358.0,baseline
1777620633.201806,0.008219242095947266,1360.0,baseline
1777620633.2018719,0.008285045623779297,1358.0,baseline
1777620633.2019389,0.008352041244506836,1359.0,baseline
1777620633.202005,0.008418083190917969,1359.0,baseline
1777620633.202071,0.008484125137329102,1362.0,baseline
1777620633.202137,0.008550167083740234,1366.0,baseline
1777620633.202204,0.008617162704467773,1363.0,baseline
1777620633.2022688,0.008682012557983398,1360.0,baseline
1777620633.202336,0.008749246597290039,1359.0,baseline
1777620633.202401,0.008814096450805664,1357.0,baseline
1777620633.2024682,0.008881330490112305,1361.0,baseline
1777620633.202534,0.008947134017944336,1359.0,baseline
1777620633.202603,0.009016275405883789,1362.0,baseline
1777620633.202678,0.00909113883972168,1363.0,baseline
1777620633.2027462,0.009159326553344727,1368.0,baseline
1777620633.202812,0.009225130081176758,1370.0,baseline
1777620633.202878,0.00929117202758789,1363.0,baseline
1777620633.202944,0.009357213973999023,1359.0,baseline
1777620633.20301,0.009423255920410156,1357.0,baseline
1777620633.2030761,0.009489297866821289,1359.0,baseline
1777620633.2031412,0.009554386138916016,1360.0,baseline
1777620633.203208,0.009621143341064453,1358.0,baseline
1777620633.203274,0.009687185287475586,1359.0,baseline
1777620633.20334,0.009753227233886719,1357.0,baseline
1777620633.203406,0.009819269180297852,1360.0,baseline
1777620633.203472,0.009885072708129883,1362.0,baseline
1777620633.203538,0.009951114654541016,1358.0,baseline
1777620633.203604,0.010017156600952148,1358.0,baseline
1777620633.203671,0.010084152221679688,1359.0,baseline
1777620633.203737,0.01015019416809082,1358.0,baseline
1777620633.203804,0.01021718978881836,1361.0,baseline
1777620633.2038772,0.010290384292602539,1363.0,baseline
1777620633.203945,0.010358095169067383,1360.0,baseline
1777620633.204012,0.010425090789794922,1360.0,baseline
1777620633.20408,0.010493278503417969,1357.0,baseline
1777620633.204233,0.01064610481262207,1361.0,baseline
1777620633.204313,0.010726213455200195,1358.0,baseline
1777620633.204384,0.010797262191772461,1358.0,baseline
1777620633.204452,0.010865211486816406,1358.0,baseline
1777620633.20452,0.010933160781860352,1361.0,baseline
1777620633.204587,0.01100015640258789,1360.0,baseline
1777620633.204654,0.01106715202331543,1361.0,baseline
1777620633.204721,0.011134147644042969,1363.0,baseline
1777620633.204788,0.011201143264770508,1359.0,baseline
1777620633.2048562,0.011269330978393555,1362.0,baseline
1777620633.204923,0.011336088180541992,1361.0,baseline
1777620633.20499,0.011403083801269531,1360.0,baseline
1777620633.205057,0.01147007942199707,1357.0,baseline
1777620633.205125,0.011538267135620117,1358.0,baseline
1777620633.2051919,0.011605024337768555,1360.0,baseline
1777620633.20526,0.011673212051391602,1359.0,baseline
1777620633.205327,0.01174020767211914,1357.0,baseline
1777620633.205738,0.012151241302490234,1356.0,baseline
1777620633.2058072,0.012220382690429688,1359.0,baseline
1777620633.205875,0.012288093566894531,1358.0,baseline
1777620633.205943,0.012356281280517578,1361.0,baseline
1777620633.2060091,0.012422323226928711,1359.0,baseline
1777620633.2060869,0.01250004768371582,1358.0,baseline
1777620633.206153,0.012566089630126953,1362.0,baseline
1777620633.206219,0.012632131576538086,1363.0,baseline
1777620633.2062862,0.012699365615844727,1362.0,baseline
1777620633.2063518,0.012764930725097656,1358.0,baseline
1777620633.206418,0.01283121109008789,1357.0,baseline
1777620633.206484,0.012897253036499023,1359.0,baseline
1777620633.2065501,0.012963294982910156,1361.0,baseline
1777620633.2066162,0.013029336929321289,1358.0,baseline
1777620633.206683,0.013096094131469727,1358.0,baseline
1777620633.206749,0.01316213607788086,1358.0,baseline
1777620633.206816,0.013229131698608398,1362.0,baseline
1777620633.206882,0.013295173645019531,1363.0,baseline
1777620633.206948,0.013361215591430664,1363.0,baseline
1777620633.2070138,0.013427019119262695,1363.0,baseline
1777620633.2070808,0.013494014739990234,1361.0,baseline
1777620633.2071471,0.013560295104980469,1357.0,baseline
1777620633.2072132,0.013626337051391602,1363.0,baseline
1777620633.2072792,0.013692378997802734,1361.0,baseline
1777620633.2073689,0.013782024383544922,1360.0,baseline
1777620633.207434,0.013847112655639648,1360.0,baseline
1777620633.207505,0.013918161392211914,1359.0,baseline
1777620633.207572,0.013985157012939453,1361.0,baseline
1777620633.207637,0.01405024528503418,1361.0,baseline
1777620633.207702,0.014115095138549805,1360.0,baseline
1777620633.207767,0.014180183410644531,1358.0,baseline
1777620633.207832,0.014245271682739258,1361.0,baseline
1777620633.2078972,0.014310359954833984,1359.0,baseline
1777620633.207963,0.014376163482666016,1359.0,baseline
1777620633.2080278,0.01444101333618164,1359.0,baseline
1777620633.208094,0.014507055282592773,1361.0,baseline
1777620633.208159,0.0145721435546875,1360.0,baseline
1777620633.208225,0.014638185501098633,1361.0,baseline
1777620633.208289,0.014702081680297852,1362.0,baseline
1777620633.2083552,0.014768362045288086,1360.0,baseline
1777620633.20842,0.014833211898803711,1359.0,baseline
1777620633.2084858,0.014899015426635742,1361.0,baseline
1777620633.208551,0.014964103698730469,1357.0,baseline
1777620633.208616,0.015029191970825195,1358.0,baseline
1777620633.2088242,0.01523733139038086,1363.0,baseline
1777620633.209016,0.015429258346557617,1367.0,baseline
1777620633.209197,0.015610218048095703,1365.0,baseline
1777620633.209383,0.015796184539794922,1362.0,baseline
1777620633.209468,0.015881061553955078,1358.0,baseline
1777620633.20969,0.016103267669677734,1361.0,baseline
1777620633.2098129,0.01622605323791504,1359.0,baseline
1777620633.209959,0.016372203826904297,1359.0,baseline
1777620633.2100952,0.01650834083557129,1358.0,baseline
1777620633.21015,0.01656317710876465,1356.0,baseline
1777620633.210204,0.0166170597076416,1356.0,baseline
1777620633.2102568,0.01666998863220215,1356.0,baseline
1777620633.21031,0.016723155975341797,1359.0,baseline
1777620633.210363,0.016776084899902344,1362.0,baseline
1777620633.2104168,0.016829967498779297,1365.0,baseline
1777620633.21047,0.016883134841918945,1359.0,baseline
1777620633.210523,0.016936063766479492,1358.0,baseline
1777620633.2105758,0.01698899269104004,1360.0,baseline
1777620633.21063,0.017043113708496094,1360.0,baseline
1777620633.2106829,0.01709604263305664,1359.0,baseline
1777620633.210739,0.017152070999145508,1361.0,baseline
1777620633.2107918,0.017204999923706055,1359.0,baseline
1777620633.210846,0.01725912094116211,1362.0,baseline
1777620633.2109,0.017313241958618164,1360.0,baseline
1777620633.210953,0.01736617088317871,1357.0,baseline
1777620633.2110069,0.017420053482055664,1357.0,baseline
1777620633.211068,0.017481088638305664,1358.0,baseline
1777620633.2111208,0.01753401756286621,1358.0,baseline
1777620633.211175,0.017588138580322266,1361.0,baseline
1777620633.211228,0.017641067504882812,1361.0,baseline
1777620633.2112808,0.01769399642944336,1361.0,baseline
1777620633.211335,0.017748117446899414,1359.0,baseline
1777620633.211391,0.01780414581298828,1361.0,baseline
1777620633.211444,0.017857074737548828,1363.0,baseline
1777620633.211497,0.017910242080688477,1362.0,baseline
1777620633.211551,0.01796412467956543,1360.0,baseline
1777620633.2116039,0.018017053604125977,1362.0,baseline
1777620633.211657,0.018070220947265625,1359.0,baseline
1777620633.211711,0.018124103546142578,1358.0,baseline
1777620633.2117639,0.018177032470703125,1360.0,baseline
1777620633.211818,0.01823115348815918,1363.0,baseline
1777620633.211871,0.018284082412719727,1365.0,baseline
1777620633.211925,0.01833820343017578,1363.0,baseline
1777620633.211978,0.018391132354736328,1362.0,baseline
1777620633.212031,0.018444061279296875,1362.0,baseline
1777620633.212084,0.018497228622436523,1364.0,baseline
1777620633.212138,0.018551111221313477,1363.0,baseline
1777620633.212197,0.018610239028930664,1358.0,baseline
1777620633.2122529,0.01866602897644043,1359.0,baseline
1777620633.212306,0.018719196319580078,1361.0,baseline
1777620633.21236,0.01877307891845703,1360.0,baseline
1777620633.2124128,0.018826007843017578,1360.0,baseline
1777620633.212466,0.018879175186157227,1360.0,baseline
1777620633.212519,0.018932104110717773,1358.0,baseline
1777620633.2125728,0.018985986709594727,1359.0,baseline
1777620633.212627,0.01904010772705078,1362.0,baseline
1777620633.2126799,0.019093036651611328,1360.0,baseline
1777620633.212733,0.019146203994750977,1358.0,baseline
1777620633.212786,0.019199132919311523,1359.0,baseline
1777620633.2128398,0.019253015518188477,1362.0,baseline
1777620633.212893,0.019306182861328125,1358.0,baseline
1777620633.212947,0.019360065460205078,1359.0,baseline
1777620633.2129998,0.019412994384765625,1361.0,baseline
1777620633.213054,0.01946711540222168,1362.0,baseline
1777620633.213108,0.019521236419677734,1361.0,baseline
1777620633.213162,0.019575119018554688,1356.0,baseline
1777620633.2132149,0.019628047943115234,1361.0,baseline
1777620633.213268,0.019681215286254883,1361.0,baseline
1777620633.213322,0.019735097885131836,1361.0,baseline
1777620633.2133791,0.01979231834411621,1361.0,baseline
1777620633.213433,0.019846200942993164,1360.0,baseline
1777620633.213587,0.020000219345092773,1358.0,baseline
1777620633.21365,0.020063161849975586,1357.0,baseline
1777620633.213706,0.020119190216064453,1357.0,baseline
1777620633.213761,0.020174264907836914,1358.0,baseline
1777620633.213815,0.020228147506713867,1359.0,baseline
1777620633.213869,0.020282268524169922,1358.0,baseline
1777620633.213923,0.020336151123046875,1359.0,baseline
1777620633.2139761,0.020389318466186523,1357.0,baseline
1777620633.2140312,0.020444393157958984,1359.0,baseline
1777620633.214085,0.020498275756835938,1361.0,baseline
1777620633.214138,0.020551204681396484,1360.0,baseline
1777620633.2141922,0.02060532569885254,1361.0,baseline
1777620633.2142458,0.02065896987915039,1361.0,baseline
1777620633.214302,0.02071523666381836,1359.0,baseline
1777620633.214423,0.02083611488342285,1362.0,baseline
1777620633.2144818,0.020895004272460938,1362.0,baseline
1777620633.214577,0.02099013328552246,1358.0,baseline
1777620633.214634,0.021047115325927734,1361.0,baseline
1777620633.214689,0.021102190017700195,1359.0,baseline
1777620633.2147431,0.02115631103515625,1356.0,baseline
1777620633.214804,0.02121710777282715,1361.0,baseline
1777620633.214859,0.02127218246459961,1362.0,baseline
1777620633.214912,0.021325111389160156,1358.0,baseline
1777620633.214966,0.02137923240661621,1359.0,baseline
1777620633.21502,0.021433115005493164,1361.0,baseline
1777620633.215075,0.021488189697265625,1362.0,baseline
1777620633.2151291,0.02154231071472168,1359.0,baseline
1777620633.215184,0.02159714698791504,1358.0,baseline
1777620633.2152379,0.021651029586791992,1361.0,baseline
1777620633.215292,0.021705150604248047,1359.0,baseline
1777620633.2153459,0.021759033203125,1362.0,baseline
1777620633.21548,0.02189326286315918,1360.0,baseline
1777620633.215536,0.021949291229248047,1358.0,baseline
1777620633.215598,0.022011280059814453,1359.0,baseline
1777620633.215651,0.022064208984375,1360.0,baseline
1777620633.2157052,0.022118330001831055,1360.0,baseline
1777620633.215759,0.022172212600708008,1360.0,baseline
1777620633.2158132,0.022226333618164062,1363.0,baseline
1777620633.2158668,0.022279977798461914,1362.0,baseline
1777620633.215921,0.02233409881591797,1360.0,baseline
1777620633.2159748,0.022387981414794922,1359.0,baseline
1777620633.21604,0.02245306968688965,1361.0,baseline
1777620633.216095,0.02250814437866211,1363.0,baseline
1777620633.216149,0.022562265396118164,1361.0,baseline
1777620633.216202,0.02261519432067871,1360.0,baseline
1777620633.216256,0.022669076919555664,1359.0,baseline
1777620633.216309,0.022722244262695312,1361.0,baseline
1777620633.216363,0.022776126861572266,1358.0,baseline
1777620633.216416,0.022829055786132812,1358.0,baseline
1777620633.21647,0.022883176803588867,1358.0,baseline
1777620633.216527,0.02294015884399414,1359.0,baseline
1777620633.2165802,0.02299332618713379,1358.0,baseline
1777620633.216634,0.023047208786010742,1361.0,baseline
1777620633.2166882,0.023101329803466797,1357.0,baseline
1777620633.216741,0.023154258728027344,1358.0,baseline
1777620633.216806,0.02321910858154297,1358.0,baseline
1777620633.2168589,0.023272037506103516,1359.0,baseline
1777620633.216913,0.02332615852355957,1357.0,baseline
1777620633.216966,0.023379087448120117,1360.0,baseline
1777620633.2170198,0.02343297004699707,1361.0,baseline
1777620633.217073,0.02348613739013672,1359.0,baseline
1777620633.2171268,0.023540019989013672,1359.0,baseline
1777620633.21718,0.02359318733215332,1358.0,baseline
1777620633.217243,0.023656129837036133,1359.0,baseline
1777620633.2172968,0.023710012435913086,1359.0,baseline
1777620633.21735,0.023763179779052734,1360.0,baseline
1777620633.217403,0.02381610870361328,1359.0,baseline
1777620633.2174568,0.023869991302490234,1361.0,baseline
1777620633.21751,0.023923158645629883,1361.0,baseline
1777620633.2175639,0.023977041244506836,1359.0,baseline
1777620633.2176168,0.024029970169067383,1358.0,baseline
1777620633.217671,0.024084091186523438,1359.0,baseline
1777620633.2177238,0.024137020111083984,1361.0,baseline
1777620633.217778,0.02419114112854004,1360.0,baseline
1777620633.217831,0.024244070053100586,1359.0,baseline
1777620633.217885,0.02429819107055664,1357.0,baseline
1777620633.217939,0.024352073669433594,1355.0,baseline
1777620633.2179918,0.02440500259399414,1356.0,baseline
1777620633.218046,0.024459123611450195,1357.0,baseline
1777620633.2180989,0.024512052536010742,1358.0,baseline
1777620633.218152,0.02456521987915039,1361.0,baseline
1777620633.218206,0.024619102478027344,1360.0,baseline
1777620633.2182589,0.02467203140258789,1360.0,baseline
1777620633.218313,0.024726152420043945,1361.0,baseline
1777620633.2183669,0.0247800350189209,1359.0,baseline
1777620633.218445,0.02485823631286621,1361.0,baseline
1777620633.2184992,0.024912357330322266,1360.0,baseline
1777620633.218552,0.024965286254882812,1361.0,baseline
1777620633.218606,0.025019168853759766,1359.0,baseline
1777620633.2186592,0.025072336196899414,1362.0,baseline
1777620633.218712,0.02512526512145996,1363.0,baseline
1777620633.218766,0.025179147720336914,1361.0,baseline
1777620633.2188191,0.025232315063476562,1358.0,baseline
1777620633.218872,0.02528524398803711,1359.0,baseline
1777620633.2189262,0.025339365005493164,1361.0,baseline
1777620633.21898,0.025393247604370117,1363.0,baseline
1777620633.219033,0.025446176528930664,1363.0,baseline
1777620633.2190862,0.025499343872070312,1360.0,baseline
1777620633.21914,0.025553226470947266,1360.0,baseline
1777620633.219193,0.025606155395507812,1361.0,baseline
1777620633.2192461,0.02565932273864746,1362.0,baseline
1777620633.2193,0.025713205337524414,1361.0,baseline
1777620633.2193532,0.025766372680664062,1358.0,baseline
1777620633.219407,0.025820255279541016,1357.0,baseline
1777620633.219457,0.025870084762573242,1359.0,baseline
1777620633.2195032,0.025916337966918945,1361.0,baseline
1777620633.219556,0.025969266891479492,1362.0,baseline
1777620633.219605,0.026018142700195312,1360.0,baseline
1777620633.219651,0.026064157485961914,1361.0,baseline
1777620633.219696,0.02610921859741211,1359.0,baseline
1777620633.219742,0.02615523338317871,1361.0,baseline
1777620633.2197871,0.026200294494628906,1363.0,baseline
1777620633.2198331,0.026246309280395508,1360.0,baseline
1777620633.219879,0.026292085647583008,1358.0,baseline
1777620633.219924,0.026337146759033203,1361.0,baseline
1777620633.21997,0.026383161544799805,1360.0,baseline
1777620633.220015,0.02642822265625,1362.0,baseline
1777620633.220063,0.026476144790649414,1363.0,baseline
1777620633.220108,0.02652120590209961,1362.0,baseline
1777620633.220154,0.02656722068786621,1360.0,baseline
1777620633.2201998,0.02661299705505371,1359.0,baseline
1777620633.220246,0.026659250259399414,1356.0,baseline
1777620633.2202911,0.02670431137084961,1358.0,baseline
1777620633.22034,0.02675318717956543,1357.0,baseline
1777620633.220386,0.02679920196533203,1356.0,baseline
1777620633.220431,0.026844263076782227,1359.0,baseline
1777620633.220478,0.026891231536865234,1361.0,baseline
1777620633.220524,0.026937246322631836,1361.0,baseline
1777620633.22058,0.026993274688720703,1363.0,baseline
1777620633.2206259,0.027039051055908203,1361.0,baseline
1777620633.220672,0.027085065841674805,1359.0,baseline
1777620633.2207181,0.027131319046020508,1359.0,baseline
1777620633.220764,0.027177095413208008,1360.0,baseline
1777620633.22081,0.02722311019897461,1358.0,baseline
1777620633.220856,0.02726912498474121,1359.0,baseline
1777620633.220901,0.027314186096191406,1359.0,baseline
1777620633.220947,0.027360200881958008,1356.0,baseline
1777620633.220993,0.02740621566772461,1357.0,baseline
1777620633.22104,0.027453184127807617,1358.0,baseline
1777620633.221086,0.02749919891357422,1357.0,baseline
1777620633.221131,0.027544260025024414,1357.0,baseline
1777620633.221177,0.027590274810791016,1361.0,baseline
1777620633.2212229,0.027636051177978516,1358.0,baseline
1777620633.221269,0.027682065963745117,1361.0,baseline
1777620633.221314,0.027727127075195312,1358.0,baseline
1777620633.2213602,0.027773380279541016,1359.0,baseline
1777620633.221406,0.027819156646728516,1362.0,baseline
1777620633.221451,0.02786421775817871,1364.0,baseline
1777620633.221497,0.027910232543945312,1360.0,baseline
1777620633.2215428,0.027956008911132812,1361.0,baseline
1777620633.221594,0.02800726890563965,1360.0,baseline
1777620633.2216399,0.02805304527282715,1358.0,baseline
1777620633.2216861,0.02809929847717285,1358.0,baseline
1777620633.2217321,0.028145313262939453,1357.0,baseline
1777620633.221777,0.028190135955810547,1358.0,baseline
1777620633.221823,0.02823615074157715,1361.0,baseline
1777620633.221868,0.028281211853027344,1360.0,baseline
1777620633.221914,0.028327226638793945,1361.0,baseline
1777620633.2219589,0.02837204933166504,1360.0,baseline
1777620633.222006,0.02841925621032715,1359.0,baseline
1777620633.2220511,0.028464317321777344,1358.0,baseline
1777620633.222097,0.028510093688964844,1361.0,baseline
1777620633.222143,0.028556108474731445,1361.0,baseline
1777620633.222188,0.02860116958618164,1358.0,baseline
1777620633.222234,0.028647184371948242,1359.0,baseline
1777620633.22228,0.028693199157714844,1358.0,baseline
1777620633.222325,0.02873826026916504,1357.0,baseline
1777620633.222371,0.02878427505493164,1360.0,baseline
1777620633.2224169,0.02883005142211914,1361.0,baseline
1777620633.222463,0.028876066207885742,1358.0,baseline
1777620633.2225091,0.028922319412231445,1358.0,baseline
1777620633.2225542,0.02896738052368164,1359.0,baseline
1777620633.222605,0.029018163681030273,1359.0,baseline
1777620633.2226508,0.029063940048217773,1362.0,baseline
1777620633.222697,0.029110193252563477,1359.0,baseline
1777620633.222743,0.029156208038330078,1359.0,baseline
1777620633.222789,0.02920222282409668,1360.0,baseline
1777620633.222868,0.029281139373779297,1357.0,baseline
1777620633.2229152,0.029328346252441406,1360.0,baseline
1777620633.222961,0.029374122619628906,1358.0,baseline
1777620633.223007,0.029420137405395508,1359.0,baseline
1777620633.223053,0.02946615219116211,1357.0,baseline
1777620633.223099,0.02951216697692871,1359.0,baseline
1777620633.223144,0.029557228088378906,1359.0,baseline
1777620633.22319,0.029603242874145508,1361.0,baseline
1777620633.223236,0.02964925765991211,1359.0,baseline
1777620633.2232819,0.02969503402709961,1356.0,baseline
1777620633.223328,0.029741287231445312,1359.0,baseline
1777620633.2233741,0.029787302017211914,1360.0,baseline
1777620633.22342,0.029833078384399414,1361.0,baseline
1777620633.223465,0.02987813949584961,1361.0,baseline
1777620633.223511,0.02992415428161621,1360.0,baseline
1777620633.2235572,0.029970407485961914,1361.0,baseline
1777620633.223606,0.030019283294677734,1359.0,baseline
1777620633.2236538,0.030066967010498047,1362.0,baseline
1777620633.2237,0.03011322021484375,1360.0,baseline
1777620633.223746,0.03015923500061035,1358.0,baseline
1777620633.2237911,0.030204296112060547,1356.0,baseline
1777620633.223837,0.030250072479248047,1357.0,baseline
1777620633.223884,0.030297279357910156,1360.0,baseline
1777620633.2239292,0.03034234046936035,1359.0,baseline
1777620633.223975,0.03038811683654785,1361.0,baseline
1777620633.22402,0.030433177947998047,1361.0,baseline
1777620633.224066,0.03047919273376465,1360.0,baseline
1777620633.224112,0.03052520751953125,1357.0,baseline
1777620633.2241569,0.030570030212402344,1358.0,baseline
1777620633.224203,0.030616283416748047,1358.0,baseline
1777620633.2242491,0.03066229820251465,1361.0,baseline
1777620633.224294,0.030707120895385742,1362.0,baseline
1777620633.22434,0.030753135681152344,1361.0,baseline
1777620633.224386,0.030799150466918945,1358.0,baseline
1777620633.2244322,0.03084540367126465,1360.0,baseline
1777620633.2244768,0.03088998794555664,1358.0,baseline
1777620633.224523,0.030936241149902344,1359.0,baseline
1777620633.2245739,0.030987024307250977,1361.0,baseline
1777620633.224627,0.031040191650390625,1359.0,baseline
1777620633.224673,0.031086206436157227,1358.0,baseline
1777620633.224718,0.031131267547607422,1360.0,baseline
1777620633.2247639,0.031177043914794922,1358.0,baseline
1777620633.224809,0.031222105026245117,1358.0,baseline
1777620633.224855,0.03126811981201172,1357.0,baseline
1777620633.2249,0.031313180923461914,1359.0,baseline
1777620633.224946,0.031359195709228516,1356.0,baseline
1777620633.224991,0.03140425682067871,1358.0,baseline
1777620633.225037,0.03145027160644531,1356.0,baseline
1777620633.2250822,0.03149533271789551,1360.0,baseline
1777620633.225128,0.03154110908508301,1357.0,baseline
1777620633.225173,0.0315861701965332,1358.0,baseline
1777620633.225219,0.031632184982299805,1359.0,baseline
1777620633.225264,0.03167724609375,1359.0,baseline
1777620633.2253098,0.0317230224609375,1361.0,baseline
1777620633.225356,0.0317692756652832,1359.0,baseline
1777620633.2254012,0.0318143367767334,1361.0,baseline
1777620633.225447,0.0318601131439209,1360.0,baseline
1777620633.225493,0.0319061279296875,1361.0,baseline
1777620633.225539,0.0319521427154541,1361.0,baseline
1777620633.225584,0.0319972038269043,1362.0,baseline
1777620633.225635,0.03204822540283203,1362.0,baseline
1777620633.2256808,0.03209400177001953,1359.0,baseline
1777620633.225727,0.032140254974365234,1361.0,baseline
1777620633.2257721,0.03218531608581543,1361.0,baseline
1777620633.2258182,0.03223133087158203,1358.0,baseline
1777620633.225864,0.03227710723876953,1357.0,baseline
1777620633.225909,0.03232216835021973,1360.0,baseline
1777620633.225955,0.03236818313598633,1362.0,baseline
1777620633.2260008,0.03241395950317383,1363.0,baseline
1777620633.2260458,0.03245902061462402,1362.0,baseline
1777620633.226092,0.03250527381896973,1363.0,baseline
1777620633.226138,0.03255128860473633,1363.0,baseline
1777620633.226183,0.03259611129760742,1362.0,baseline
1777620633.226229,0.03264212608337402,1360.0,baseline
1777620633.226274,0.03268718719482422,1357.0,baseline
1777620633.2263198,0.03273296356201172,1363.0,baseline
1777620633.226366,0.03277921676635742,1353.0,baseline
1777620633.226412,0.03282523155212402,1363.0,baseline
1777620633.226457,0.03287029266357422,1369.0,baseline
1777620633.226502,0.03291511535644531,1366.0,baseline
1777620633.226548,0.032961130142211914,1362.0,baseline
1777620633.226593,0.03300619125366211,1362.0,baseline
1777620633.226644,0.033057212829589844,1367.0,baseline
1777620633.22669,0.033103227615356445,1364.0,baseline
1777620633.226736,0.03314924240112305,1367.0,baseline
1777620633.226781,0.03319406509399414,1365.0,baseline
1777620633.226827,0.03324007987976074,1363.0,baseline
1777620633.226872,0.03328514099121094,1363.0,baseline
1777620633.226918,0.03333115577697754,1361.0,baseline
1777620633.226963,0.033376216888427734,1362.0,baseline
1777620633.227009,0.033422231674194336,1365.0,baseline
1777620633.227055,0.03346824645996094,1365.0,baseline
1777620633.2271008,0.03351402282714844,1358.0,baseline
1777620633.227147,0.03356027603149414,1356.0,baseline
1777620633.227193,0.03360629081726074,1353.0,baseline
1777620633.227238,0.033651113510131836,1350.0,baseline
1777620633.227284,0.03369712829589844,1351.0,baseline
1777620633.227329,0.03374218940734863,1354.0,baseline
1777620633.227374,0.03378725051879883,1355.0,baseline
1777620633.2274199,0.03383302688598633,1361.0,baseline
1777620633.2274659,0.03387904167175293,1367.0,baseline
1777620633.227511,0.033924102783203125,1369.0,baseline
1777620633.227558,0.03397107124328613,1370.0,baseline
1777620633.227603,0.03401613235473633,1370.0,baseline
1777620633.227704,0.03411722183227539,1363.0,baseline
1777620633.227752,0.034165143966674805,1362.0,baseline
1777620633.227798,0.034211158752441406,1358.0,baseline
1777620633.227844,0.03425717353820801,1361.0,baseline
1777620633.227891,0.034304141998291016,1359.0,baseline
1777620633.227938,0.03435111045837402,1356.0,baseline
1777620633.227984,0.034397125244140625,1355.0,baseline
1777620633.22803,0.03444314002990723,1355.0,baseline
1777620633.228076,0.03448915481567383,1357.0,baseline
1777620633.228122,0.03453516960144043,1358.0,baseline
1777620633.228168,0.03458118438720703,1356.0,baseline
1777620633.228213,0.03462624549865723,1358.0,baseline
1777620633.228259,0.03467226028442383,1357.0,baseline
1777620633.228304,0.03471708297729492,1358.0,baseline
1777620633.22835,0.03476309776306152,1353.0,baseline
1777620633.228396,0.034809112548828125,1359.0,baseline
1777620633.2284422,0.03485536575317383,1360.0,baseline
1777620633.228488,0.03490114212036133,1362.0,baseline
1777620633.228533,0.03494620323181152,1362.0,baseline
1777620633.228579,0.034992218017578125,1363.0,baseline
1777620633.2286248,0.035037994384765625,1366.0,baseline
1777620633.228676,0.03508925437927246,1357.0,baseline
1777620633.2287219,0.03513503074645996,1351.0,baseline
1777620633.228768,0.035181283950805664,1354.0,baseline
1777620633.228815,0.03522825241088867,1351.0,baseline
1777620633.2288609,0.03527402877807617,1351.0,baseline
1777620633.228907,0.035320281982421875,1353.0,baseline
1777620633.2289522,0.03536534309387207,1355.0,baseline
1777620633.228999,0.03541207313537598,1356.0,baseline
1777620633.229044,0.03545713424682617,1353.0,baseline
1777620633.22909,0.03550314903259277,1351.0,baseline
1777620633.229136,0.035549163818359375,1352.0,baseline
1777620633.229182,0.03559517860412598,1353.0,baseline
1777620633.229227,0.03564023971557617,1354.0,baseline
1777620633.229274,0.03568720817565918,1352.0,baseline
1777620633.22932,0.03573322296142578,1361.0,baseline
1777620633.229366,0.03577923774719238,1364.0,baseline
1777620633.2294111,0.03582429885864258,1362.0,baseline
1777620633.229451,0.03586411476135254,1357.0,baseline
1777620633.229491,0.0359041690826416,1356.0,baseline
1777620633.2295308,0.03594398498535156,1357.0,baseline
1777620633.229571,0.03598427772521973,1354.0,baseline
1777620633.22961,0.03602313995361328,1354.0,baseline
1777620633.229693,0.036106109619140625,1353.0,baseline
1777620633.229735,0.0361480712890625,1352.0,baseline
1777620633.229776,0.03618907928466797,1352.0,baseline
1777620633.229816,0.03622913360595703,1351.0,baseline
1777620633.229855,0.03626823425292969,1340.0,baseline
1777620633.2298949,0.03630805015563965,1345.0,baseline
1777620633.2299352,0.03634834289550781,1349.0,baseline
1777620633.229975,0.03638815879821777,1354.0,baseline
1777620633.230015,0.036428213119506836,1356.0,baseline
1777620633.2300549,0.0364680290222168,1362.0,baseline
1777620633.2300951,0.03650832176208496,1367.0,baseline
1777620633.230135,0.03654813766479492,1371.0,baseline
1777620633.230175,0.036588191986083984,1372.0,baseline
1777620633.2302148,0.036628007888793945,1369.0,baseline
1777620633.2302551,0.03666830062866211,1368.0,baseline
1777620633.230295,0.03670811653137207,1365.0,baseline
1777620633.230335,0.03674817085266113,1366.0,baseline
1777620633.2303748,0.036787986755371094,1365.0,baseline
1777620633.230415,0.03682827949523926,1367.0,baseline
1777620633.230455,0.03686809539794922,1369.0,baseline
1777620633.230495,0.03690814971923828,1365.0,baseline
1777620633.2305338,0.036947011947631836,1362.0,baseline
1777620633.230577,0.03699016571044922,1357.0,baseline
1777620633.23062,0.0370330810546875,1354.0,baseline
1777620633.2306602,0.037073373794555664,1356.0,baseline
1777620633.2307,0.037113189697265625,1357.0,baseline
1777620633.2307389,0.03715205192565918,1356.0,baseline
1777620633.230779,0.03719210624694824,1357.0,baseline
1777620633.230819,0.037232160568237305,1363.0,baseline
1777620633.230858,0.03727126121520996,1362.0,baseline
1777620633.230898,0.03731107711791992,1362.0,baseline
1777620633.2309382,0.037351369857788086,1359.0,baseline
1777620633.230979,0.03739213943481445,1359.0,baseline
1777620633.231019,0.037432193756103516,1362.0,baseline
1777620633.23106,0.037473201751708984,1363.0,baseline
1777620633.2310998,0.037513017654418945,1366.0,baseline
1777620633.2311401,0.03755331039428711,1366.0,baseline
1777620633.23118,0.03759312629699707,1367.0,baseline
1777620633.23122,0.03763318061828613,1366.0,baseline
1777620633.231261,0.0376741886138916,1366.0,baseline
1777620633.231301,0.037714242935180664,1366.0,baseline
1777620633.2313411,0.03775429725646973,1361.0,baseline
1777620633.231381,0.03779411315917969,1358.0,baseline
1777620633.231421,0.03783416748046875,1362.0,baseline
1777620633.231466,0.037879228591918945,1363.0,baseline
1777620633.231507,0.037920236587524414,1365.0,baseline
1777620633.2315462,0.03795933723449707,1361.0,baseline
1777620633.231586,0.03799915313720703,1362.0,baseline
1777620633.231626,0.038039207458496094,1359.0,baseline
1777620633.2316658,0.038079023361206055,1362.0,baseline
1777620633.2317061,0.03811931610107422,1360.0,baseline
1777620633.231745,0.03815817832946777,1360.0,baseline
1777620633.231785,0.038198232650756836,1362.0,baseline
1777620633.2318249,0.0382380485534668,1362.0,baseline
1777620633.231864,0.03827714920043945,1363.0,baseline
1777620633.231904,0.038317203521728516,1364.0,baseline
1777620633.2319438,0.03835701942443848,1361.0,baseline
1777620633.2319832,0.038396358489990234,1358.0,baseline
1777620633.232023,0.038436174392700195,1358.0,baseline
1777620633.232063,0.03847622871398926,1362.0,baseline
1777620633.2321038,0.038516998291015625,1363.0,baseline
1777620633.2321432,0.03855633735656738,1362.0,baseline
1777620633.2321842,0.03859734535217285,1360.0,baseline
1777620633.232223,0.038636207580566406,1358.0,baseline
1777620633.232264,0.038677215576171875,1362.0,baseline
1777620633.2323048,0.03871798515319824,1359.0,baseline
1777620633.232351,0.038764238357543945,1367.0,baseline
1777620633.2323918,0.03880500793457031,1369.0,baseline
1777620633.2324328,0.03884601593017578,1369.0,baseline
1777620633.2324731,0.038886308670043945,1369.0,baseline
1777620633.232513,0.038926124572753906,1366.0,baseline
1777620633.232553,0.03896617889404297,1361.0,baseline
1777620633.2325928,0.03900599479675293,1356.0,baseline
1777620633.232633,0.039046287536621094,1356.0,baseline
1777620633.232673,0.039086103439331055,1356.0,baseline
1777620633.232714,0.03912711143493652,1357.0,baseline
1777620633.232754,0.039167165756225586,1360.0,baseline
1777620633.232794,0.03920722007751465,1357.0,baseline
1777620633.232835,0.03924822807312012,1355.0,baseline
1777620633.232875,0.03928828239440918,1354.0,baseline
1777620633.232914,0.039327144622802734,1355.0,baseline
1777620633.232954,0.0393671989440918,1356.0,baseline
1777620633.232994,0.03940725326538086,1357.0,baseline
1777620633.233034,0.03944706916809082,1361.0,baseline
1777620633.233073,0.03948616981506348,1361.0,baseline
1777620633.233113,0.03952622413635254,1360.0,baseline
1777620633.233153,0.0395662784576416,1362.0,baseline
1777620633.233193,0.03960609436035156,1363.0,baseline
1777620633.233243,0.03965616226196289,1363.0,baseline
1777620633.233284,0.03969717025756836,1362.0,baseline
1777620633.233324,0.03973722457885742,1364.0,baseline
1777620633.2333639,0.03977704048156738,1361.0,baseline
1777620633.2334049,0.03981804847717285,1357.0,baseline
1777620633.233446,0.03985905647277832,1360.0,baseline
1777620633.2334871,0.03990030288696289,1364.0,baseline
1777620633.233527,0.03994011878967285,1361.0,baseline
1777620633.233566,0.03997921943664551,1359.0,baseline
1777620633.2336059,0.04001903533935547,1362.0,baseline
1777620633.2336462,0.04005932807922363,1361.0,baseline
1777620633.233687,0.04010009765625,1358.0,baseline
1777620633.233727,0.04014015197753906,1356.0,baseline
1777620633.2337658,0.04017901420593262,1358.0,baseline
1777620633.2338061,0.04021930694580078,1358.0,baseline
1777620633.2338471,0.04026031494140625,1359.0,baseline
1777620633.233887,0.04030013084411621,1359.0,baseline
1777620633.233928,0.04034113883972168,1359.0,baseline
1777620633.233967,0.040380239486694336,1357.0,baseline
1777620633.234008,0.040421247482299805,1359.0,baseline
1777620633.234049,0.04046225547790527,1361.0,baseline
1777620633.234088,0.04050111770629883,1362.0,baseline
1777620633.234132,0.04054522514343262,1358.0,baseline
1777620633.2341728,0.040585994720458984,1359.0,baseline
1777620633.2342122,0.04062533378601074,1359.0,baseline
1777620633.2342532,0.04066634178161621,1359.0,baseline
1777620633.234293,0.04070615768432617,1362.0,baseline
1777620633.234333,0.040746212005615234,1363.0,baseline
1777620633.234373,0.0407862663269043,1363.0,baseline
1777620633.234414,0.040827274322509766,1362.0,baseline
1777620633.234454,0.04086709022521973,1360.0,baseline
1777620633.234494,0.04090714454650879,1363.0,baseline
1777620633.2345338,0.04094696044921875,1363.0,baseline
1777620633.2345731,0.04098629951477051,1364.0,baseline
1777620633.234613,0.04102611541748047,1366.0,baseline
1777620633.2346518,0.04106497764587402,1364.0,baseline
1777620633.234692,0.04110527038574219,1360.0,baseline
1777620633.234731,0.04114413261413574,1359.0,baseline
1777620633.234771,0.041184186935424805,1361.0,baseline
1777620633.2348108,0.041224002838134766,1363.0,baseline
1777620633.2348511,0.04126429557800293,1365.0,baseline
1777620633.234891,0.04130411148071289,1367.0,baseline
1777620633.23493,0.04134321212768555,1366.0,baseline
1777620633.234974,0.041387081146240234,1366.0,baseline
1777620633.235014,0.0414271354675293,1365.0,baseline
1777620633.2350552,0.04146838188171387,1364.0,baseline
1777620633.235094,0.04150724411010742,1365.0,baseline
1777620633.235133,0.04154610633850098,1362.0,baseline
1777620633.2351732,0.04158639907836914,1363.0,baseline
1777620633.235213,0.0416262149810791,1360.0,baseline
1777620633.235253,0.041666269302368164,1359.0,baseline
1777620633.235292,0.04170513153076172,1356.0,baseline
1777620633.235332,0.04174518585205078,1360.0,baseline
1777620633.235372,0.041785240173339844,1353.0,baseline
1777620633.235411,0.0418241024017334,1356.0,baseline
1777620633.235451,0.04186415672302246,1355.0,baseline
1777620633.23549,0.04190325736999512,1363.0,baseline
1777620633.23553,0.04194307327270508,1358.0,baseline
1777620633.235569,0.041982173919677734,1359.0,baseline
1777620633.235636,0.04204916954040527,1359.0,baseline
1777620633.2356758,0.042088985443115234,1359.0,baseline
1777620633.235717,0.042130231857299805,1356.0,baseline
1777620633.235757,0.04217028617858887,1356.0,baseline
1777620633.235796,0.04220914840698242,1354.0,baseline
1777620633.2358358,0.04224896430969238,1356.0,baseline
1777620633.235887,0.04230022430419922,1358.0,baseline
1777620633.235927,0.04234027862548828,1356.0,baseline
1777620633.235967,0.04238009452819824,1357.0,baseline
1777620633.236007,0.042420148849487305,1357.0,baseline
1777620633.236047,0.04246020317077637,1356.0,baseline
1777620633.2360861,0.04249930381774902,1357.0,baseline
1777620633.236125,0.04253816604614258,1358.0,baseline
1777620633.236165,0.04257822036743164,1362.0,baseline
1777620633.2362041,0.0426173210144043,1359.0,baseline
1777620633.236244,0.04265713691711426,1360.0,baseline
1777620633.2362828,0.04269599914550781,1361.0,baseline
1777620633.236323,0.04273629188537598,1361.0,baseline
1777620633.236362,0.04277515411376953,1360.0,baseline
1777620633.2364008,0.042814016342163086,1359.0,baseline
1777620633.2364402,0.042853355407714844,1358.0,baseline
1777620633.23648,0.042893171310424805,1357.0,baseline
1777620633.2365189,0.04293203353881836,1359.0,baseline
1777620633.2365582,0.04297137260437012,1361.0,baseline
1777620633.236598,0.04301118850708008,1356.0,baseline
1777620633.2366369,0.04305005073547363,1353.0,baseline
1777620633.2366772,0.0430903434753418,1354.0,baseline
1777620633.236716,0.04312920570373535,1356.0,baseline
1777620633.2367601,0.04317331314086914,1355.0,baseline
1777620633.2368,0.0432131290435791,1353.0,baseline
1777620633.2368388,0.043251991271972656,1352.0,baseline
1777620633.236879,0.04329228401184082,1351.0,baseline
1777620633.236919,0.04333209991455078,1352.0,baseline
1777620633.236958,0.04337120056152344,1357.0,baseline
1777620633.2369988,0.043411970138549805,1360.0,baseline
1777620633.2370381,0.04345130920410156,1361.0,baseline
1777620633.237078,0.04349112510681152,1362.0,baseline
1777620633.2371168,0.04352998733520508,1362.0,baseline
1777620633.2371578,0.04357099533081055,1359.0,baseline
1777620633.2371972,0.043610334396362305,1362.0,baseline
1777620633.237237,0.043650150299072266,1360.0,baseline
1777620633.2372758,0.04368901252746582,1356.0,baseline
1777620633.2373161,0.043729305267333984,1357.0,baseline
1777620633.237355,0.04376816749572754,1361.0,baseline
1777620633.237409,0.043822288513183594,1362.0,baseline
1777620633.237448,0.04386115074157715,1359.0,baseline
1777620633.237487,0.043900251388549805,1361.0,baseline
1777620633.2375271,0.04394030570983887,1361.0,baseline
1777620633.2375731,0.04398632049560547,1363.0,baseline
1777620633.2376168,0.044029951095581055,1360.0,baseline
1777620633.237663,0.04407620429992676,1357.0,baseline
1777620633.237702,0.04411506652832031,1357.0,baseline
1777620633.2377422,0.04415535926818848,1358.0,baseline
1777620633.237782,0.04419517517089844,1361.0,baseline
1777620633.2378209,0.04423403739929199,1358.0,baseline
1777620633.2378602,0.04427337646484375,1359.0,baseline
1777620633.237899,0.044312238693237305,1358.0,baseline
1777620633.237946,0.04435920715332031,1356.0,baseline
1777620633.237986,0.044399261474609375,1357.0,baseline
1777620633.238025,0.04443812370300293,1358.0,baseline
1777620633.238065,0.04447817802429199,1358.0,baseline
1777620633.238104,0.04451727867126465,1361.0,baseline
1777620633.238144,0.04455709457397461,1357.0,baseline
1777620633.238183,0.044596195220947266,1356.0,baseline
1777620633.238223,0.04463624954223633,1356.0,baseline
1777620633.2382631,0.04467630386352539,1359.0,baseline
1777620633.238302,0.044715166091918945,1359.0,baseline
1777620633.238341,0.0447542667388916,1365.0,baseline
1777620633.2383811,0.044794321060180664,1363.0,baseline
1777620633.23842,0.04483318328857422,1361.0,baseline
1777620633.2384589,0.04487204551696777,1358.0,baseline
1777620633.238504,0.04491710662841797,1358.0,baseline
1777620633.238544,0.04495716094970703,1361.0,baseline
1777620633.238583,0.04499626159667969,1359.0,baseline
1777620633.238622,0.04503512382507324,1358.0,baseline
1777620633.238661,0.0450742244720459,1358.0,baseline
1777620633.238701,0.04511427879333496,1360.0,baseline
1777620633.238741,0.04515409469604492,1361.0,baseline
1777620633.23878,0.04519319534301758,1359.0,baseline
1777620633.2388191,0.045232295989990234,1361.0,baseline
1777620633.238859,0.045272111892700195,1359.0,baseline
1777620633.238898,0.04531121253967285,1358.0,baseline
1777620633.2389371,0.04535031318664551,1357.0,baseline
1777620633.238977,0.04539012908935547,1359.0,baseline
1777620633.2390158,0.04542899131774902,1362.0,baseline
1777620633.2390552,0.04546833038330078,1363.0,baseline
1777620633.239095,0.04550814628601074,1362.0,baseline
1777620633.2391338,0.0455470085144043,1357.0,baseline
1777620633.239174,0.04558706283569336,1359.0,baseline
1777620633.239213,0.045626163482666016,1359.0,baseline
1777620633.239253,0.04566621780395508,1358.0,baseline
1777620633.239292,0.04570508003234863,1356.0,baseline
1777620633.2393322,0.0457453727722168,1357.0,baseline
1777620633.2393768,0.04578995704650879,1361.0,baseline
1777620633.2394161,0.04582929611206055,1361.0,baseline
1777620633.239456,0.04586911201477051,1362.0,baseline
1777620633.2394948,0.04590797424316406,1363.0,baseline
1777620633.2395341,0.04594731330871582,1364.0,baseline
1777620633.239574,0.04598712921142578,1362.0,baseline
1777620633.2396128,0.046025991439819336,1360.0,baseline
1777620633.239653,0.0460662841796875,1356.0,baseline
1777620633.239692,0.046105146408081055,1359.0,baseline
1777620633.2397308,0.04614400863647461,1361.0,baseline
1777620633.239771,0.04618406295776367,1360.0,baseline
1777620633.23981,0.04622316360473633,1360.0,baseline
1777620633.23985,0.04626321792602539,1358.0,baseline
1777620633.2398899,0.04630303382873535,1360.0,baseline
1777620633.2399292,0.04634237289428711,1360.0,baseline
1777620633.239969,0.04638218879699707,1362.0,baseline
1777620633.240009,0.04642224311828613,1368.0,baseline
1777620633.240049,0.046462059020996094,1361.0,baseline
1777620633.240088,0.04650115966796875,1358.0,baseline
1777620633.240128,0.04654121398925781,1358.0,baseline
1777620633.240167,0.04658007621765137,1358.0,baseline
1777620633.2402098,0.04662299156188965,1358.0,baseline
1777620633.24025,0.04666328430175781,1357.0,baseline
1777620633.240289,0.04670214653015137,1358.0,baseline
1777620633.2403278,0.04674100875854492,1358.0,baseline
1777620633.2403681,0.046781301498413086,1352.0,baseline
1777620633.240407,0.04682016372680664,1350.0,baseline
1777620633.240448,0.04686117172241211,1354.0,baseline
1777620633.240488,0.04690122604370117,1358.0,baseline
1777620633.2405272,0.04694032669067383,1361.0,baseline
1777620633.240567,0.04698014259338379,1358.0,baseline
1777620633.240607,0.04702019691467285,1359.0,baseline
1777620633.2406468,0.04706001281738281,1362.0,baseline
1777620633.2406871,0.04710030555725098,1365.0,baseline
1777620633.240726,0.04713916778564453,1362.0,baseline
1777620633.240767,0.04718017578125,1360.0,baseline
1777620633.2408059,0.047219038009643555,1359.0,baseline
1777620633.2408462,0.04725933074951172,1361.0,baseline
1777620633.240885,0.04729819297790527,1359.0,baseline
1777620633.2409248,0.047338008880615234,1361.0,baseline
1777620633.2409651,0.0473783016204834,1363.0,baseline
1777620633.241004,0.04741716384887695,1361.0,baseline
1777620633.2410429,0.04745602607727051,1363.0,baseline
1777620633.241091,0.04750418663024902,1363.0,baseline
1777620633.241131,0.047544240951538086,1362.0,baseline
1777620633.241171,0.04758405685424805,1362.0,baseline
1777620633.2412102,0.047623395919799805,1359.0,baseline
1777620633.24125,0.047663211822509766,1359.0,baseline
1777620633.241287,0.04770016670227051,1359.0,baseline
1777620633.241322,0.04773521423339844,1358.0,baseline
1777620633.2413561,0.04776930809020996,1361.0,baseline
1777620633.2413912,0.04780435562133789,1360.0,baseline
1777620633.241426,0.04783916473388672,1358.0,baseline
1777620633.241461,0.04787421226501465,1361.0,baseline
1777620633.241516,0.04792928695678711,1363.0,baseline
1777620633.2415512,0.04796433448791504,1362.0,baseline
1777620633.241586,0.04799914360046387,1360.0,baseline
1777620633.241621,0.0480341911315918,1360.0,baseline
1777620633.241656,0.04806923866271973,1357.0,baseline
1777620633.2416909,0.048104047775268555,1360.0,baseline
1777620633.241726,0.048139095306396484,1361.0,baseline
1777620633.241761,0.048174142837524414,1362.0,baseline
1777620633.241796,0.048209190368652344,1361.0,baseline
1777620633.2418308,0.04824399948120117,1362.0,baseline
1777620633.2418659,0.0482790470123291,1362.0,baseline
1777620633.241905,0.04831814765930176,1362.0,baseline
1777620633.24194,0.04835319519042969,1360.0,baseline
1777620633.241975,0.04838824272155762,1359.0,baseline
1777620633.2420092,0.04842233657836914,1361.0,baseline
1777620633.242044,0.04845714569091797,1362.0,baseline
1777620633.242079,0.0484921932220459,1363.0,baseline
1777620633.242114,0.04852724075317383,1360.0,baseline
1777620633.242149,0.04856228828430176,1361.0,baseline
1777620633.242183,0.04859614372253418,1361.0,baseline
1777620633.242218,0.04863119125366211,1361.0,baseline
1777620633.242253,0.04866623878479004,1361.0,baseline
1777620633.2422972,0.04871034622192383,1362.0,baseline
1777620633.242332,0.048745155334472656,1360.0,baseline
1777620633.242367,0.048780202865600586,1359.0,baseline
1777620633.242402,0.048815250396728516,1358.0,baseline
1777620633.2424371,0.048850297927856445,1357.0,baseline
1777620633.242472,0.04888510704040527,1359.0,baseline
1777620633.242507,0.0489201545715332,1360.0,baseline
1777620633.242542,0.04895520210266113,1360.0,baseline
1777620633.242576,0.048989057540893555,1360.0,baseline
1777620633.242611,0.049024105072021484,1361.0,baseline
1777620633.242646,0.049059152603149414,1358.0,baseline
1777620633.2427058,0.049118995666503906,1361.0,baseline
1777620633.242741,0.04915428161621094,1360.0,baseline
1777620633.2427762,0.04918932914733887,1359.0,baseline
1777620633.242811,0.049224138259887695,1361.0,baseline
1777620633.2428448,0.04925799369812012,1362.0,baseline
1777620633.24288,0.04929327964782715,1362.0,baseline
1777620633.2429152,0.04932832717895508,1361.0,baseline
1777620633.24295,0.049363136291503906,1361.0,baseline
1777620633.2429838,0.04939699172973633,1361.0,baseline
1777620633.243019,0.04943227767944336,1359.0,baseline
1777620633.2430542,0.04946732521057129,1358.0,baseline
1777620633.243089,0.04950213432312012,1360.0,baseline
1777620633.243124,0.04953718185424805,1359.0,baseline
1777620633.243159,0.04957222938537598,1361.0,baseline
1777620633.2431931,0.0496063232421875,1358.0,baseline
1777620633.243228,0.04964113235473633,1357.0,baseline
1777620633.243263,0.04967617988586426,1361.0,baseline
1777620633.243297,0.04971027374267578,1363.0,baseline
1777620633.2433321,0.04974532127380371,1362.0,baseline
1777620633.243367,0.04978013038635254,1360.0,baseline
1777620633.243402,0.04981517791748047,1358.0,baseline
1777620633.243437,0.0498502254486084,1362.0,baseline
1777620633.24348,0.04989314079284668,1363.0,baseline
1777620633.2435148,0.04992794990539551,1362.0,baseline
1777620633.2435489,0.04996204376220703,1359.0,baseline
1777620633.243584,0.04999709129333496,1360.0,baseline
1777620633.243619,0.05003213882446289,1361.0,baseline
1777620633.2436538,0.05006694793701172,1362.0,baseline
1777620633.243689,0.05010223388671875,1363.0,baseline
1777620633.243724,0.05013728141784668,1363.0,baseline
1777620633.2437592,0.05017232894897461,1365.0,baseline
1777620633.243794,0.05020713806152344,1360.0,baseline
1777620633.243829,0.05024218559265137,1359.0,baseline
1777620633.243864,0.0502772331237793,1360.0,baseline
1777620633.2438989,0.050312042236328125,1361.0,baseline
1777620633.243933,0.05034613609313965,1359.0,baseline
1777620633.243968,0.05038118362426758,1362.0,baseline
1777620633.244003,0.05041623115539551,1359.0,baseline
1777620633.2440379,0.050451040267944336,1363.0,baseline
1777620633.244073,0.050486087799072266,1360.0,baseline
1777620633.244108,0.050521135330200195,1361.0,baseline
1777620633.244142,0.05055522918701172,1362.0,baseline
1777620633.2441769,0.05059003829956055,1358.0,baseline
1777620633.244213,0.050626277923583984,1358.0,baseline
1777620633.244256,0.050669193267822266,1361.0,baseline
1777620633.244291,0.050704240798950195,1363.0,baseline
1777620633.2443252,0.05073833465576172,1359.0,baseline
1777620633.24436,0.05077314376831055,1358.0,baseline
1777620633.244394,0.05080723762512207,1361.0,baseline
1777620633.244429,0.05084228515625,1359.0,baseline
1777620633.2444642,0.05087733268737793,1359.0,baseline
1777620633.244498,0.05091118812561035,1361.0,baseline
1777620633.244533,0.05094623565673828,1363.0,baseline
1777620633.2445672,0.050980329513549805,1359.0,baseline
1777620633.2446022,0.051015377044677734,1360.0,baseline
1777620633.244637,0.05105018615722656,1361.0,baseline
1777620633.244672,0.05108523368835449,1363.0,baseline
1777620633.244707,0.05112028121948242,1363.0,baseline
1777620633.244742,0.05115509033203125,1363.0,baseline
1777620633.244777,0.05119013786315918,1363.0,baseline
1777620633.244812,0.05122518539428711,1360.0,baseline
1777620633.244846,0.05125927925109863,1359.0,baseline
1777620633.244881,0.05129408836364746,1359.0,baseline
1777620633.244916,0.05132913589477539,1359.0,baseline
1777620633.244951,0.05136418342590332,1361.0,baseline
1777620633.244985,0.051398277282714844,1359.0,baseline
1777620633.245025,0.051438093185424805,1360.0,baseline
1777620633.2450602,0.051473379135131836,1361.0,baseline
1777620633.245095,0.051508188247680664,1361.0,baseline
1777620633.24513,0.051543235778808594,1361.0,baseline
1777620633.245165,0.05157828330993652,1359.0,baseline
1777620633.2452,0.05161309242248535,1359.0,baseline
1777620633.245235,0.05164813995361328,1359.0,baseline
1777620633.24527,0.05168318748474121,1362.0,baseline
1777620633.245305,0.05171823501586914,1362.0,baseline
1777620633.2453399,0.05175304412841797,1361.0,baseline
1777620633.245376,0.051789283752441406,1362.0,baseline
1777620633.24541,0.05182313919067383,1361.0,baseline
1777620633.245445,0.05185818672180176,1358.0,baseline
1777620633.2454798,0.051892995834350586,1361.0,baseline
1777620633.245515,0.05192828178405762,1363.0,baseline
1777620633.2455502,0.05196332931518555,1361.0,baseline
1777620633.245585,0.051998138427734375,1363.0,baseline
1777620633.24562,0.052033185958862305,1360.0,baseline
1777620633.245655,0.052068233489990234,1360.0,baseline
1777620633.24569,0.052103281021118164,1359.0,baseline
1777620633.245725,0.05213809013366699,1360.0,baseline
1777620633.2457669,0.05218005180358887,1361.0,baseline
1777620633.245803,0.052216291427612305,1358.0,baseline
1777620633.2458382,0.052251338958740234,1357.0,baseline
1777620633.245875,0.052288055419921875,1361.0,baseline
1777620633.24591,0.052323102951049805,1359.0,baseline
1777620633.245945,0.052358150482177734,1361.0,baseline
1777620633.2459798,0.05239295959472656,1362.0,baseline
1777620633.246015,0.052428245544433594,1361.0,baseline
1777620633.2460501,0.05246329307556152,1363.0,baseline
1777620633.2460852,0.05249834060668945,1363.0,baseline
1777620633.246119,0.052532196044921875,1362.0,baseline
1777620633.246154,0.052567243576049805,1362.0,baseline
1777620633.246189,0.052602291107177734,1362.0,baseline
1777620633.246224,0.05263710021972656,1361.0,baseline
1777620633.246259,0.05267214775085449,1362.0,baseline
1777620633.246302,0.05271506309509277,1360.0,baseline
1777620633.246337,0.0527501106262207,1361.0,baseline
1777620633.246387,0.05280017852783203,1359.0,baseline
1777620633.2464252,0.05283832550048828,1360.0,baseline
1777620633.24646,0.05287313461303711,1364.0,baseline
1777620633.246496,0.052909135818481445,1364.0,baseline
1777620633.2465322,0.05294537544250488,1362.0,baseline
1777620633.2465699,0.05298304557800293,1363.0,baseline
1777620633.2466078,0.05302095413208008,1363.0,baseline
1777620633.246644,0.053057193756103516,1362.0,baseline
1777620633.24668,0.05309319496154785,1363.0,baseline
1777620633.2467148,0.05312800407409668,1363.0,baseline
1777620633.246774,0.05318713188171387,1363.0,baseline
1777620633.2468102,0.053223371505737305,1362.0,baseline
1777620633.246846,0.05325913429260254,1363.0,baseline
1777620633.246881,0.05329418182373047,1360.0,baseline
1777620633.246916,0.0533292293548584,1359.0,baseline
1777620633.2469509,0.05336403846740723,1360.0,baseline
1777620633.246986,0.053399085998535156,1361.0,baseline
1777620633.2470222,0.053435325622558594,1358.0,baseline
1777620633.247057,0.05347013473510742,1359.0,baseline
1777620633.247092,0.05350518226623535,1359.0,baseline
1777620633.247128,0.05354118347167969,1360.0,baseline
1777620633.2471628,0.053575992584228516,1360.0,baseline
1777620633.2471979,0.053611040115356445,1362.0,baseline
1777620633.247233,0.053646087646484375,1364.0,baseline
1777620633.2472682,0.053681373596191406,1360.0,baseline
1777620633.247304,0.05371713638305664,1361.0,baseline
1777620633.247339,0.05375218391418457,1364.0,baseline
1777620633.2473788,0.05379199981689453,1363.0,baseline
1777620633.247415,0.05382823944091797,1363.0,baseline
1777620633.24745,0.0538632869720459,1359.0,baseline
1777620633.2474859,0.05389904975891113,1362.0,baseline
1777620633.247521,0.05393409729003906,1364.0,baseline
1777620633.2475562,0.053969383239746094,1364.0,baseline
1777620633.2475898,0.054003000259399414,1358.0,baseline
1777620633.247626,0.05403923988342285,1361.0,baseline
1777620633.247661,0.05407428741455078,1361.0,baseline
1777620633.247696,0.05410909652709961,1360.0,baseline
1777620633.247732,0.054145097732543945,1358.0,baseline
1777620633.247767,0.054180145263671875,1359.0,baseline
1777620633.247802,0.054215192794799805,1360.0,baseline
1777620633.2478368,0.05425000190734863,1360.0,baseline
1777620633.247873,0.05428624153137207,1361.0,baseline
1777620633.247908,0.0543212890625,1358.0,baseline
1777620633.247943,0.05435609817504883,1358.0,baseline
1777620633.247978,0.05439114570617676,1361.0,baseline
1777620633.248013,0.05442619323730469,1360.0,baseline
1777620633.248048,0.05446124076843262,1360.0,baseline
1777620633.248084,0.05449724197387695,1361.0,baseline
1777620633.24812,0.05453324317932129,1363.0,baseline
1777620633.24816,0.05457305908203125,1363.0,baseline
1777620633.2481961,0.05460929870605469,1361.0,baseline
1777620633.248232,0.05464506149291992,1357.0,baseline
1777620633.248267,0.05468010902404785,1361.0,baseline
1777620633.248302,0.05471515655517578,1362.0,baseline
1777620633.248338,0.05475115776062012,1365.0,baseline
1777620633.248373,0.05478620529174805,1363.0,baseline
1777620633.248408,0.05482125282287598,1362.0,baseline
1777620633.248443,0.054856061935424805,1360.0,baseline
1777620633.248479,0.05489206314086914,1360.0,baseline
1777620633.248514,0.05492711067199707,1362.0,baseline
1777620633.2485492,0.0549623966217041,1358.0,baseline
1777620633.248584,0.05499720573425293,1359.0,baseline
1777620633.248619,0.05503225326538086,1360.0,baseline
1777620633.248655,0.055068254470825195,1358.0,baseline
1777620633.2486908,0.05510401725769043,1358.0,baseline
1777620633.2487261,0.05513930320739746,1357.0,baseline
1777620633.2487612,0.05517435073852539,1356.0,baseline
1777620633.248797,0.055210113525390625,1361.0,baseline
1777620633.248832,0.055245161056518555,1358.0,baseline
1777620633.248867,0.055280208587646484,1357.0,baseline
1777620633.2489028,0.05531597137451172,1359.0,baseline
1777620633.248943,0.05535626411437988,1359.0,baseline
1777620633.2489789,0.05539202690124512,1362.0,baseline
1777620633.249016,0.05542922019958496,1360.0,baseline
1777620633.249053,0.0554661750793457,1358.0,baseline
1777620633.249088,0.05550122261047363,1361.0,baseline
1777620633.249123,0.05553627014160156,1360.0,baseline
1777620633.2491589,0.0555720329284668,1360.0,baseline
1777620633.249194,0.05560708045959473,1363.0,baseline
1777620633.249229,0.055642127990722656,1360.0,baseline
1777620633.249262,0.05567526817321777,1362.0,baseline
1777620633.249294,0.05570721626281738,1359.0,baseline
1777620633.249326,0.05573916435241699,1358.0,baseline
1777620633.249357,0.055770158767700195,1357.0,baseline
1777620633.2493892,0.055802345275878906,1358.0,baseline
1777620633.249422,0.05583524703979492,1358.0,baseline
1777620633.2494552,0.05586838722229004,1361.0,baseline
1777620633.249486,0.05589914321899414,1361.0,baseline
1777620633.2495182,0.05593132972717285,1361.0,baseline
1777620633.2495492,0.055962324142456055,1359.0,baseline
1777620633.249581,0.055994272232055664,1361.0,baseline
1777620633.249613,0.05602622032165527,1362.0,baseline
1777620633.249644,0.05605721473693848,1360.0,baseline
1777620633.249679,0.056092262268066406,1358.0,baseline
1777620633.249711,0.056124210357666016,1361.0,baseline
1777620633.2497432,0.05615639686584473,1362.0,baseline
1777620633.2497752,0.056188344955444336,1362.0,baseline
1777620633.2498062,0.05621933937072754,1360.0,baseline
1777620633.249838,0.05625128746032715,1361.0,baseline
1777620633.24987,0.05628323554992676,1358.0,baseline
1777620633.249902,0.05631518363952637,1361.0,baseline
1777620633.249933,0.05634617805480957,1362.0,baseline
1777620633.249965,0.05637812614440918,1359.0,baseline
1777620633.2499971,0.05641031265258789,1362.0,baseline
1777620633.25003,0.056443214416503906,1365.0,baseline
1777620633.250062,0.056475162506103516,1363.0,baseline
1777620633.250093,0.05650615692138672,1360.0,baseline
1777620633.2501261,0.056539297103881836,1358.0,baseline
1777620633.250158,0.056571245193481445,1359.0,baseline
1777620633.250189,0.05660223960876465,1358.0,baseline
1777620633.250221,0.05663418769836426,1358.0,baseline
1777620633.250253,0.05666613578796387,1363.0,baseline
1777620633.250284,0.05669713020324707,1359.0,baseline
1777620633.250315,0.05672812461853027,1358.0,baseline
1777620633.250346,0.05675911903381348,1361.0,baseline
1777620633.250378,0.056791067123413086,1362.0,baseline
1777620633.250415,0.05682826042175293,1360.0,baseline
1777620633.250446,0.05685925483703613,1359.0,baseline
1777620633.250478,0.05689120292663574,1362.0,baseline
1777620633.250509,0.056922197341918945,1357.0,baseline
1777620633.250541,0.056954145431518555,1358.0,baseline
1777620633.250572,0.05698513984680176,1357.0,baseline
1777620633.250604,0.05701708793640137,1361.0,baseline
1777620633.250635,0.05704808235168457,1361.0,baseline
1777620633.250666,0.05707907676696777,1358.0,baseline
1777620633.250698,0.057111263275146484,1359.0,baseline
1777620633.2507288,0.057142019271850586,1357.0,baseline
1777620633.2507598,0.05717301368713379,1360.0,baseline
1777620633.250792,0.0572052001953125,1358.0,baseline
1777620633.250823,0.0572361946105957,1360.0,baseline
1777620633.250855,0.05726814270019531,1359.0,baseline
1777620633.250886,0.057299137115478516,1358.0,baseline
1777620633.250918,0.057331085205078125,1357.0,baseline
1777620633.2509491,0.05736231803894043,1358.0,baseline
1777620633.250981,0.05739426612854004,1361.0,baseline
1777620633.251013,0.05742621421813965,1359.0,baseline
1777620633.251044,0.05745720863342285,1361.0,baseline
1777620633.251076,0.05748915672302246,1361.0,baseline
1777620633.251113,0.0575261116027832,1360.0,baseline
1777620633.251145,0.05755805969238281,1356.0,baseline
1777620633.251177,0.05759024620056152,1358.0,baseline
1777620633.2512078,0.057621002197265625,1361.0,baseline
1777620633.25124,0.057653188705444336,1359.0,baseline
1777620633.251271,0.05768418312072754,1359.0,baseline
1777620633.251303,0.05771613121032715,1361.0,baseline
1777620633.251334,0.05774712562561035,1365.0,baseline
1777620633.2513652,0.057778358459472656,1364.0,baseline
1777620633.2513971,0.057810306549072266,1362.0,baseline
1777620633.251429,0.057842254638671875,1360.0,baseline
1777620633.25146,0.05787324905395508,1358.0,baseline
1777620633.251492,0.05790519714355469,1360.0,baseline
1777620633.251523,0.05793619155883789,1358.0,baseline
1777620633.251555,0.0579681396484375,1357.0,baseline
1777620633.251586,0.0579991340637207,1361.0,baseline
1777620633.2516181,0.058031320571899414,1359.0,baseline
1777620633.2516491,0.05806231498718262,1359.0,baseline
1777620633.251681,0.05809426307678223,1363.0,baseline
1777620633.251733,0.05814623832702637,1362.0,baseline
1777620633.251765,0.05817818641662598,1363.0,baseline
1777620633.2518,0.058213233947753906,1363.0,baseline
1777620633.251832,0.058245182037353516,1362.0,baseline
1777620633.251864,0.058277130126953125,1360.0,baseline
1777620633.251895,0.05830812454223633,1360.0,baseline
1777620633.2519271,0.05834031105041504,1362.0,baseline
1777620633.2519581,0.05837130546569824,1361.0,baseline
1777620633.25199,0.05840325355529785,1360.0,baseline
1777620633.252021,0.058434247970581055,1359.0,baseline
1777620633.252052,0.05846524238586426,1358.0,baseline
1777620633.252084,0.05849719047546387,1356.0,baseline
1777620633.252115,0.05852818489074707,1358.0,baseline
1777620633.252146,0.05855917930603027,1358.0,baseline
1777620633.252177,0.05859017372131348,1358.0,baseline
1777620633.2522082,0.05862140655517578,1361.0,baseline
1777620633.25224,0.05865311622619629,1359.0,baseline
1777620633.2522712,0.058684349060058594,1361.0,baseline
1777620633.2523031,0.0587162971496582,1360.0,baseline
1777620633.252335,0.05874824523925781,1361.0,baseline
1777620633.252367,0.05878019332885742,1363.0,baseline
1777620633.2523992,0.05881237983703613,1362.0,baseline
1777620633.25243,0.058843135833740234,1361.0,baseline
1777620633.252461,0.05887413024902344,1359.0,baseline
1777620633.2524989,0.058912038803100586,1357.0,baseline
1777620633.2525299,0.05894303321838379,1361.0,baseline
1777620633.2525609,0.05897402763366699,1359.0,baseline
1777620633.252592,0.0590052604675293,1358.0,baseline
1777620633.2526238,0.059036970138549805,1358.0,baseline
1777620633.252655,0.05906820297241211,1358.0,baseline
1777620633.2526872,0.05910038948059082,1358.0,baseline
1777620633.252718,0.05913114547729492,1361.0,baseline
1777620633.252749,0.059162139892578125,1361.0,baseline
1777620633.2527812,0.059194326400756836,1362.0,baseline
1777620633.2528121,0.05922532081604004,1361.0,baseline
1777620633.252843,0.05925607681274414,1362.0,baseline
1777620633.252875,0.05928826332092285,1363.0,baseline
1777620633.252906,0.059319257736206055,1363.0,baseline
1777620633.252937,0.05935025215148926,1360.0,baseline
1777620633.252969,0.05938220024108887,1361.0,baseline
1777620633.253,0.05941319465637207,1358.0,baseline
1777620633.253032,0.05944514274597168,1361.0,baseline
1777620633.253063,0.05947613716125488,1363.0,baseline
1777620633.253094,0.059507131576538086,1364.0,baseline
1777620633.253126,0.059539079666137695,1362.0,baseline
1777620633.2531571,0.0595703125,1358.0,baseline
1777620633.253194,0.05960726737976074,1361.0,baseline
1777620633.2532248,0.059638023376464844,1356.0,baseline
1777620633.253257,0.059670209884643555,1353.0,baseline
1777620633.253289,0.059702157974243164,1354.0,baseline
1777620633.25332,0.05973315238952637,1359.0,baseline
1777620633.253351,0.05976414680480957,1362.0,baseline
1777620633.253383,0.05979609489440918,1364.0,baseline
1777620633.253414,0.05982708930969238,1363.0,baseline
1777620633.2534451,0.05985832214355469,1362.0,baseline
1777620633.253477,0.0598902702331543,1362.0,baseline
1777620633.253508,0.0599212646484375,1363.0,baseline
1777620633.253539,0.0599522590637207,1361.0,baseline
1777620633.25357,0.059983253479003906,1359.0,baseline
1777620633.253602,0.060015201568603516,1361.0,baseline
1777620633.253633,0.06004619598388672,1363.0,baseline
1777620633.253664,0.06007719039916992,1357.0,baseline
1777620633.253696,0.06010913848876953,1357.0,baseline
1777620633.253727,0.060140132904052734,1361.0,baseline
1777620633.253759,0.060172080993652344,1359.0,baseline
1777620633.253791,0.060204267501831055,1360.0,baseline
1777620633.2538218,0.060235023498535156,1361.0,baseline
1777620633.2538571,0.06027030944824219,1358.0,baseline
1777620633.253889,0.0603022575378418,1357.0,baseline
1777620633.25392,0.060333251953125,1359.0,baseline
1777620633.253951,0.0603642463684082,1358.0,baseline
1777620633.253982,0.060395240783691406,1361.0,baseline
1777620633.2540128,0.06042599678039551,1360.0,baseline
1777620633.254045,0.06045818328857422,1361.0,baseline
1777620633.254076,0.06048917770385742,1358.0,baseline
1777620633.254107,0.060520172119140625,1359.0,baseline
1777620633.254139,0.060552120208740234,1361.0,baseline
1777620633.2541702,0.06058335304260254,1359.0,baseline
1777620633.2542021,0.06061530113220215,1360.0,baseline
1777620633.2542331,0.06064629554748535,1361.0,baseline
1777620633.254265,0.06067824363708496,1358.0,baseline
1777620633.254296,0.060709238052368164,1357.0,baseline
1777620633.254327,0.06074023246765137,1356.0,baseline
1777620633.25436,0.06077313423156738,1360.0,baseline
1777620633.2543921,0.060805320739746094,1360.0,baseline
1777620633.2544231,0.0608363151550293,1357.0,baseline
1777620633.254454,0.0608670711517334,1358.0,baseline
1777620633.254486,0.06089925765991211,1360.0,baseline
1777620633.254517,0.06093025207519531,1359.0,baseline
1777620633.254553,0.06096625328063965,1360.0,baseline
1777620633.254584,0.06099724769592285,1359.0,baseline
1777620633.254615,0.061028242111206055,1362.0,baseline
1777620633.254647,0.061060190200805664,1363.0,baseline
1777620633.254679,0.06109213829040527,1362.0,baseline
1777620633.25471,0.06112313270568848,1362.0,baseline
1777620633.254742,0.061155080795288086,1362.0,baseline
1777620633.254773,0.06118607521057129,1361.0,baseline
1777620633.254805,0.06121826171875,1362.0,baseline
1777620633.254836,0.0612492561340332,1359.0,baseline
1777620633.2548668,0.061280012130737305,1359.0,baseline
1777620633.254899,0.061312198638916016,1358.0,baseline
1777620633.25493,0.06134319305419922,1360.0,baseline
1777620633.254961,0.06137418746948242,1357.0,baseline
1777620633.254993,0.06140613555908203,1359.0,baseline
1777620633.2550242,0.061437368392944336,1361.0,baseline
1777620633.2550552,0.06146836280822754,1361.0,baseline
1777620633.2550871,0.06150031089782715,1360.0,baseline
1777620633.2551181,0.06153130531311035,1364.0,baseline
1777620633.25515,0.06156325340270996,1358.0,baseline
1777620633.255182,0.06159520149230957,1358.0,baseline
1777620633.255213,0.06162619590759277,1359.0,baseline
1777620633.2552562,0.061669349670410156,1361.0,baseline
1777620633.255287,0.06170010566711426,1359.0,baseline
1777620633.255319,0.06173229217529297,1359.0,baseline
1777620633.25535,0.06176328659057617,1362.0,baseline
1777620633.255381,0.061794281005859375,1360.0,baseline
1777620633.255413,0.061826229095458984,1358.0,baseline
1777620633.255444,0.06185722351074219,1358.0,baseline
1777620633.255476,0.0618891716003418,1361.0,baseline
1777620633.255507,0.061920166015625,1359.0,baseline
1777620633.255538,0.0619511604309082,1361.0,baseline
1777620633.25557,0.06198310852050781,1357.0,baseline
1777620633.255601,0.062014102935791016,1359.0,baseline
1777620633.2556329,0.062046051025390625,1361.0,baseline
1777620633.255664,0.06207728385925293,1358.0,baseline
1777620633.255695,0.06210827827453613,1361.0,baseline
1777620633.255727,0.06214022636413574,1362.0,baseline
1777620633.255758,0.062171220779418945,1362.0,baseline
1777620633.255789,0.06220221519470215,1360.0,baseline
1777620633.255821,0.06223416328430176,1363.0,baseline
1777620633.255852,0.06226515769958496,1362.0,baseline
1777620633.255883,0.062296152114868164,1361.0,baseline
1777620633.255918,0.062331199645996094,1361.0,baseline
1777620633.25595,0.0623631477355957,1362.0,baseline
1777620633.255981,0.062394142150878906,1363.0,baseline
1777620633.256012,0.06242513656616211,1363.0,baseline
1777620633.2560441,0.06245732307434082,1358.0,baseline
1777620633.256075,0.06248807907104492,1358.0,baseline
1777620633.256106,0.06251907348632812,1358.0,baseline
1777620633.256138,0.06255125999450684,1360.0,baseline
1777620633.2561688,0.06258201599121094,1361.0,baseline
1777620633.256201,0.06261420249938965,1361.0,baseline
1777620633.256232,0.06264519691467285,1363.0,baseline
1777620633.256263,0.06267619132995605,1364.0,baseline
1777620633.256295,0.06270813941955566,1364.0,baseline
1777620633.256326,0.06273913383483887,1362.0,baseline
1777620633.2563572,0.06277036666870117,1360.0,baseline
1777620633.256404,0.06281709671020508,1360.0,baseline
1777620633.256458,0.06287121772766113,1361.0,baseline
1777620633.25649,0.06290316581726074,1359.0,baseline
1777620633.256521,0.06293416023254395,1360.0,baseline
1777620633.256553,0.06296610832214355,1358.0,baseline
1777620633.256584,0.06299710273742676,1359.0,baseline
1777620633.2566159,0.06302905082702637,1358.0,baseline
1777620633.256657,0.06307005882263184,1360.0,baseline
1777620633.2566888,0.06310200691223145,1358.0,baseline
1777620633.2567198,0.06313300132751465,1357.0,baseline
1777620633.256752,0.06316518783569336,1360.0,baseline
1777620633.256783,0.06319618225097656,1358.0,baseline
1777620633.256814,0.06322717666625977,1360.0,baseline
1777620633.2568462,0.06325936317443848,1359.0,baseline
1777620633.256877,0.06329011917114258,1361.0,baseline
1777620633.256908,0.06332111358642578,1358.0,baseline
1777620633.256939,0.06335210800170898,1357.0,baseline
1777620633.2569711,0.0633842945098877,1357.0,baseline
1777620633.2570019,0.0634150505065918,1361.0,baseline
1777620633.257034,0.06344723701477051,1358.0,baseline
1777620633.257065,0.06347823143005371,1362.0,baseline
1777620633.257096,0.06350922584533691,1363.0,baseline
1777620633.257128,0.06354117393493652,1360.0,baseline
1777620633.257159,0.06357216835021973,1360.0,baseline
1777620633.25719,0.06360316276550293,1359.0,baseline
1777620633.257222,0.06363511085510254,1359.0,baseline
1777620633.2572532,0.06366634368896484,1361.0,baseline
1777620633.2572842,0.06369733810424805,1359.0,baseline
1777620633.257316,0.06372928619384766,1359.0,baseline
1777620633.2573519,0.06376504898071289,1358.0,baseline
1777620633.2573829,0.0637960433959961,1361.0,baseline
1777620633.2574148,0.0638279914855957,1359.0,baseline
1777620633.2574458,0.0638589859008789,1360.0,baseline
1777620633.257477,0.06389021873474121,1359.0,baseline
1777620633.2575092,0.06392240524291992,1357.0,baseline
1777620633.25754,0.06395316123962402,1360.0,baseline
1777620633.257571,0.06398415565490723,1362.0,baseline
1777620633.257602,0.06401515007019043,1365.0,baseline
1777620633.257633,0.06404614448547363,1363.0,baseline
1777620633.257664,0.06407713890075684,1360.0,baseline
1777620633.257696,0.06410908699035645,1360.0,baseline
1777620633.257728,0.06414127349853516,1362.0,baseline
1777620633.257759,0.06417226791381836,1360.0,baseline
1777620633.2577899,0.06420302391052246,1363.0,baseline
1777620633.2578208,0.06423401832580566,1359.0,baseline
1777620633.257855,0.06426811218261719,1360.0,baseline
1777620633.257886,0.06429910659790039,1357.0,baseline
1777620633.257917,0.0643301010131836,1362.0,baseline
1777620633.257948,0.0643610954284668,1363.0,baseline
1777620633.2579799,0.0643930435180664,1358.0,baseline
1777620633.2580109,0.06442403793334961,1358.0,baseline
1777620633.258052,0.06446528434753418,1356.0,baseline
1777620633.258084,0.06449723243713379,1356.0,baseline
1777620633.258115,0.06452822685241699,1361.0,baseline
1777620633.258146,0.0645592212677002,1362.0,baseline
1777620633.258178,0.0645911693572998,1358.0,baseline
1777620633.258209,0.06462216377258301,1354.0,baseline
1777620633.25824,0.06465315818786621,1356.0,baseline
1777620633.258271,0.06468415260314941,1361.0,baseline
1777620633.258302,0.06471514701843262,1360.0,baseline
1777620633.258333,0.06474614143371582,1361.0,baseline
1777620633.258365,0.06477808952331543,1360.0,baseline
1777620633.258396,0.06480908393859863,1362.0,baseline
1777620633.258427,0.06484007835388184,1360.0,baseline
1777620633.2584581,0.06487131118774414,1361.0,baseline
1777620633.25849,0.06490325927734375,1359.0,baseline
1777620633.258521,0.06493425369262695,1359.0,baseline
1777620633.258552,0.06496524810791016,1361.0,baseline
1777620633.258583,0.06499624252319336,1361.0,baseline
1777620633.258614,0.06502723693847656,1357.0,baseline
1777620633.258645,0.06505823135375977,1357.0,baseline
1777620633.258676,0.06508922576904297,1357.0,baseline
1777620633.258708,0.06512117385864258,1360.0,baseline
1777620633.2587461,0.06515932083129883,1361.0,baseline
1777620633.258778,0.06519126892089844,1361.0,baseline
1777620633.258809,0.06522226333618164,1360.0,baseline
1777620633.25884,0.06525325775146484,1358.0,baseline
1777620633.258872,0.06528520584106445,1359.0,baseline
1777620633.258903,0.06531620025634766,1358.0,baseline
1777620633.258935,0.06534814834594727,1360.0,baseline
1777620633.258967,0.06538009643554688,1357.0,baseline
1777620633.258997,0.06541013717651367,1359.0,baseline
1777620633.2590258,0.06543898582458496,1358.0,baseline
1777620633.2590542,0.06546735763549805,1363.0,baseline
1777620633.259083,0.06549620628356934,1360.0,baseline
1777620633.259112,0.06552505493164062,1358.0,baseline
1777620633.2591412,0.06555438041687012,1358.0,baseline
1777620633.25917,0.0655832290649414,1356.0,baseline
1777620633.259199,0.0656120777130127,1359.0,baseline
1777620633.2592268,0.06563997268676758,1359.0,baseline
1777620633.2592561,0.06566929817199707,1359.0,baseline
1777620633.259285,0.06569814682006836,1362.0,baseline
1777620633.2593129,0.06572604179382324,1359.0,baseline
1777620633.2593422,0.06575536727905273,1358.0,baseline
1777620633.25937,0.06578326225280762,1356.0,baseline
1777620633.259404,0.06581711769104004,1356.0,baseline
1777620633.259433,0.06584620475769043,1356.0,baseline
1777620633.2594612,0.06587433815002441,1361.0,baseline
1777620633.25949,0.0659031867980957,1361.0,baseline
1777620633.2595189,0.06593203544616699,1359.0,baseline
1777620633.259547,0.06596016883850098,1361.0,baseline
1777620633.259576,0.06598925590515137,1363.0,baseline
1777620633.259604,0.06601715087890625,1362.0,baseline
1777620633.2596328,0.06604599952697754,1360.0,baseline
1777620633.2596622,0.06607532501220703,1361.0,baseline
1777620633.259691,0.06610417366027832,1362.0,baseline
1777620633.2597198,0.06613302230834961,1360.0,baseline
1777620633.259748,0.0661611557006836,1360.0,baseline
1777620633.259777,0.06619024276733398,1358.0,baseline
1777620633.259806,0.06621909141540527,1361.0,baseline
1777620633.259834,0.06624722480773926,1361.0,baseline
1777620633.2598631,0.06627631187438965,1363.0,baseline
1777620633.259892,0.06630516052246094,1363.0,baseline
1777620633.25992,0.06633305549621582,1362.0,baseline
1777620633.259949,0.06636214256286621,1360.0,baseline
1777620633.2599769,0.0663900375366211,1361.0,baseline
1777620633.260006,0.06641912460327148,1358.0,baseline
1777620633.260042,0.06645512580871582,1358.0,baseline
1777620633.2600708,0.06648397445678711,1359.0,baseline
1777620633.2600992,0.0665123462677002,1360.0,baseline
1777620633.260128,0.06654119491577148,1360.0,baseline
1777620633.260156,0.06656908988952637,1359.0,baseline
1777620633.260185,0.06659817695617676,1360.0,baseline
1777620633.260214,0.06662726402282715,1361.0,baseline
1777620633.260242,0.06665515899658203,1360.0,baseline
1777620633.260271,0.06668424606323242,1361.0,baseline
1777620633.260299,0.0667121410369873,1358.0,baseline
1777620633.260328,0.0667412281036377,1356.0,baseline
1777620633.2603562,0.06676936149597168,1361.0,baseline
1777620633.260385,0.06679821014404297,1361.0,baseline
1777620633.260414,0.06682705879211426,1359.0,baseline
1777620633.260443,0.06685614585876465,1361.0,baseline
1777620633.260471,0.06688427925109863,1362.0,baseline
1777620633.2605,0.06691312789916992,1360.0,baseline
1777620633.2605288,0.06694197654724121,1360.0,baseline
1777620633.2605581,0.0669713020324707,1359.0,baseline
1777620633.260586,0.06699919700622559,1359.0,baseline
1777620633.2606149,0.06702804565429688,1359.0,baseline
1777620633.2606442,0.06705737113952637,1357.0,baseline
1777620633.260679,0.0670921802520752,1359.0,baseline
1777620633.260708,0.06712126731872559,1359.0,baseline
1777620633.260737,0.06715011596679688,1359.0,baseline
1777620633.2607648,0.06717801094055176,1358.0,baseline
1777620633.2607942,0.06720733642578125,1360.0,baseline
1777620633.260823,0.06723618507385254,1362.0,baseline
1777620633.2608519,0.06726503372192383,1360.0,baseline
1777620633.2608798,0.06729292869567871,1358.0,baseline
1777620633.260909,0.0673222541809082,1361.0,baseline
1777620633.260937,0.06735014915466309,1361.0,baseline
1777620633.260979,0.06739211082458496,1363.0,baseline
1777620633.2610078,0.06742095947265625,1360.0,baseline
1777620633.261037,0.06745028495788574,1361.0,baseline
1777620633.261066,0.06747913360595703,1362.0,baseline
1777620633.2610948,0.06750798225402832,1359.0,baseline
1777620633.2611241,0.06753730773925781,1358.0,baseline
1777620633.261152,0.0675652027130127,1363.0,baseline
1777620633.2611809,0.06759405136108398,1361.0,baseline
1777620633.2612102,0.06762337684631348,1361.0,baseline
1777620633.261238,0.06765127182006836,1357.0,baseline
1777620633.261267,0.06768012046813965,1358.0,baseline
1777620633.261295,0.06770825386047363,1361.0,baseline
1777620633.26133,0.06774306297302246,1361.0,baseline
1777620633.261361,0.06777405738830566,1359.0,baseline
1777620633.261389,0.06780219078063965,1359.0,baseline
1777620633.2614179,0.06783103942871094,1358.0,baseline
1777620633.261447,0.06786012649536133,1360.0,baseline
1777620633.261475,0.06788825988769531,1360.0,baseline
1777620633.261504,0.0679171085357666,1359.0,baseline
1777620633.2615318,0.06794500350952148,1358.0,baseline
1777620633.2615612,0.06797432899475098,1359.0,baseline
1777620633.261589,0.06800222396850586,1362.0,baseline
1777620633.261618,0.06803107261657715,1361.0,baseline
1777620633.261647,0.06806015968322754,1360.0,baseline
1777620633.2616751,0.06808829307556152,1360.0,baseline
1777620633.261704,0.06811714172363281,1359.0,baseline
1777620633.261732,0.0681452751159668,1361.0,baseline
1777620633.261761,0.06817412376403809,1362.0,baseline
1777620633.26179,0.06820321083068848,1358.0,baseline
1777620633.2618182,0.06823134422302246,1358.0,baseline
1777620633.261847,0.06826019287109375,1358.0,baseline
1777620633.2618759,0.06828904151916504,1361.0,baseline
1777620633.2619038,0.06831693649291992,1359.0,baseline
1777620633.261933,0.06834626197814941,1359.0,baseline
1777620633.2619672,0.06838035583496094,1361.0,baseline
1777620633.2619982,0.06841135025024414,1361.0,baseline
1777620633.262026,0.06843924522399902,1360.0,baseline
1777620633.262055,0.06846809387207031,1361.0,baseline
1777620633.262084,0.0684971809387207,1361.0,baseline
1777620633.262113,0.0685262680053711,1362.0,baseline
1777620633.262142,0.06855511665344238,1360.0,baseline
1777620633.26217,0.06858325004577637,1357.0,baseline
1777620633.262199,0.06861209869384766,1360.0,baseline
1777620633.262228,0.06864118576049805,1361.0,baseline
1777620633.2622569,0.06867003440856934,1360.0,baseline
1777620633.262285,0.06869816780090332,1362.0,baseline
1777620633.262314,0.06872725486755371,1363.0,baseline
1777620633.262342,0.0687551498413086,1362.0,baseline
1777620633.262371,0.06878423690795898,1361.0,baseline
1777620633.262399,0.06881213188171387,1362.0,baseline
1777620633.2624278,0.06884098052978516,1359.0,baseline
1777620633.2624571,0.06887030601501465,1360.0,baseline
1777620633.262485,0.06889820098876953,1360.0,baseline
1777620633.2625139,0.06892704963684082,1362.0,baseline
1777620633.2625432,0.06895637512207031,1359.0,baseline
1777620633.262571,0.0689842700958252,1358.0,baseline
1777620633.2626061,0.06901931762695312,1357.0,baseline
1777620633.262636,0.06904911994934082,1359.0,baseline
1777620633.262665,0.06907820701599121,1358.0,baseline
1777620633.2626932,0.0691063404083252,1359.0,baseline
1777620633.262722,0.06913518905639648,1363.0,baseline
1777620633.26275,0.06916308403015137,1362.0,baseline
1777620633.262779,0.06919217109680176,1358.0,baseline
1777620633.2628071,0.06922030448913574,1357.0,baseline
1777620633.262836,0.06924915313720703,1358.0,baseline
1777620633.2628648,0.06927800178527832,1358.0,baseline
1777620633.262893,0.0693061351776123,1359.0,baseline
1777620633.262922,0.0693352222442627,1362.0,baseline
1777620633.262951,0.06936407089233398,1362.0,baseline
1777620633.262979,0.06939220428466797,1360.0,baseline
1777620633.263008,0.06942129135131836,1362.0,baseline
1777620633.263036,0.06944918632507324,1362.0,baseline
1777620633.263065,0.06947827339172363,1357.0,baseline
1777620633.263114,0.06952714920043945,1355.0,baseline
1777620633.263145,0.06955814361572266,1358.0,baseline
1777620633.2631738,0.06958699226379395,1359.0,baseline
1777620633.2632031,0.06961631774902344,1359.0,baseline
1777620633.263232,0.06964516639709473,1358.0,baseline
1777620633.263264,0.06967711448669434,1359.0,baseline
1777620633.263294,0.06970715522766113,1359.0,baseline
1777620633.263322,0.06973528861999512,1355.0,baseline
1777620633.263351,0.0697641372680664,1356.0,baseline
1777620633.26338,0.0697932243347168,1356.0,baseline
1777620633.2634082,0.06982135772705078,1356.0,baseline
1777620633.263436,0.06984925270080566,1354.0,baseline
1777620633.263465,0.06987810134887695,1359.0,baseline
1777620633.2634938,0.06990694999694824,1359.0,baseline
1777620633.2635221,0.06993532180786133,1356.0,baseline
1777620633.263551,0.06996417045593262,1359.0,baseline
1777620633.263579,0.0699920654296875,1363.0,baseline
1777620633.263608,0.07002115249633789,1362.0,baseline
1777620633.2636359,0.07004904747009277,1360.0,baseline
1777620633.263665,0.07007813453674316,1362.0,baseline
1777620633.263694,0.07010722160339355,1359.0,baseline
1777620633.263722,0.07013511657714844,1358.0,baseline
1777620633.263751,0.07016420364379883,1359.0,baseline
1777620633.2637792,0.07019233703613281,1361.0,baseline
1777620633.263808,0.0702211856842041,1360.0,baseline
1777620633.2638369,0.07025003433227539,1359.0,baseline
1777620633.263865,0.07027816772460938,1363.0,baseline
1777620633.2638972,0.07031035423278809,1363.0,baseline
1777620633.263926,0.07033920288085938,1362.0,baseline
1777620633.2639549,0.07036805152893066,1357.0,baseline
1777620633.263983,0.07039618492126465,1359.0,baseline
1777620633.264011,0.07042407989501953,1355.0,baseline
1777620633.26404,0.07045316696166992,1355.0,baseline
1777620633.2640681,0.0704813003540039,1358.0,baseline
1777620633.264097,0.0705101490020752,1359.0,baseline
1777620633.264126,0.07053923606872559,1361.0,baseline
1777620633.2641542,0.07056736946105957,1359.0,baseline
1777620633.264183,0.07059621810913086,1361.0,baseline
1777620633.264211,0.07062411308288574,1358.0,baseline
1777620633.26424,0.07065320014953613,1362.0,baseline
1777620633.264268,0.07068109512329102,1357.0,baseline
1777620633.264297,0.0707101821899414,1357.0,baseline
1777620633.2643251,0.07073831558227539,1357.0,baseline
1777620633.264354,0.07076716423034668,1361.0,baseline
1777620633.264382,0.07079505920410156,1360.0,baseline
1777620633.26441,0.07082319259643555,1358.0,baseline
1777620633.264439,0.07085227966308594,1357.0,baseline
1777620633.264467,0.07088017463684082,1357.0,baseline
1777620633.2644951,0.0709083080291748,1360.0,baseline
1777620633.264527,0.07094025611877441,1360.0,baseline
1777620633.2645571,0.07097029685974121,1358.0,baseline
1777620633.264585,0.0709981918334961,1361.0,baseline
1777620633.2646139,0.07102704048156738,1359.0,baseline
1777620633.264642,0.07105517387390137,1362.0,baseline
1777620633.264671,0.07108426094055176,1364.0,baseline
1777620633.2647,0.07111310958862305,1361.0,baseline
1777620633.264729,0.07114219665527344,1358.0,baseline
1777620633.264757,0.07117009162902832,1359.0,baseline
1777620633.264786,0.07119917869567871,1357.0,baseline
1777620633.2648141,0.0712273120880127,1359.0,baseline
1777620633.264843,0.07125616073608398,1358.0,baseline
1777620633.2648718,0.07128500938415527,1359.0,baseline
1777620633.2649012,0.07131433486938477,1360.0,baseline
1777620633.26493,0.07134318351745605,1357.0,baseline
1777620633.2649589,0.07137203216552734,1359.0,baseline
1777620633.264987,0.07140016555786133,1357.0,baseline
1777620633.265014,0.0714271068572998,1356.0,baseline
1777620633.2650409,0.07145404815673828,1357.0,baseline
1777620633.265067,0.07148027420043945,1362.0,baseline
1777620633.2650938,0.07150697708129883,1362.0,baseline
1777620633.26512,0.071533203125,1358.0,baseline
1777620633.265152,0.07156515121459961,1358.0,baseline
1777620633.265179,0.07159209251403809,1359.0,baseline
1777620633.265205,0.07161808013916016,1357.0,baseline
1777620633.2652311,0.07164430618286133,1359.0,baseline
1777620633.265277,0.07169008255004883,1361.0,baseline
1777620633.265304,0.0717172622680664,1358.0,baseline
1777620633.265331,0.07174420356750488,1357.0,baseline
1777620633.265357,0.07177019119262695,1359.0,baseline
1777620633.265384,0.07179713249206543,1361.0,baseline
1777620633.26541,0.0718231201171875,1361.0,baseline
1777620633.265436,0.07184910774230957,1361.0,baseline
1777620633.265462,0.07187509536743164,1358.0,baseline
1777620633.2654889,0.07190203666687012,1357.0,baseline
1777620633.265515,0.07192826271057129,1358.0,baseline
1777620633.265541,0.07195425033569336,1359.0,baseline
1777620633.265568,0.07198119163513184,1357.0,baseline
1777620633.265594,0.0720071792602539,1355.0,baseline
1777620633.265621,0.07203412055969238,1361.0,baseline
1777620633.2656472,0.07206034660339355,1360.0,baseline
1777620633.2656739,0.07208704948425293,1358.0,baseline
1777620633.2657,0.0721132755279541,1359.0,baseline
1777620633.2657259,0.07213902473449707,1362.0,baseline
1777620633.265759,0.07217216491699219,1361.0,baseline
1777620633.265787,0.07220005989074707,1360.0,baseline
1777620633.2658129,0.07222604751586914,1360.0,baseline
1777620633.26584,0.07225322723388672,1361.0,baseline
1777620633.265866,0.07227921485900879,1359.0,baseline
1777620633.265892,0.07230520248413086,1359.0,baseline
1777620633.265918,0.07233119010925293,1362.0,baseline
1777620633.2659478,0.07236099243164062,1361.0,baseline
1777620633.265974,0.0723872184753418,1358.0,baseline
1777620633.2659998,0.07241296768188477,1357.0,baseline
1777620633.266027,0.07244014739990234,1356.0,baseline
1777620633.2660532,0.07246637344360352,1359.0,baseline
1777620633.266079,0.07249212265014648,1358.0,baseline
1777620633.2661052,0.07251834869384766,1357.0,baseline
1777620633.2661319,0.07254505157470703,1358.0,baseline
1777620633.266158,0.0725712776184082,1359.0,baseline
1777620633.2661839,0.07259702682495117,1360.0,baseline
1777620633.266211,0.07262420654296875,1359.0,baseline
1777620633.266237,0.07265019416809082,1362.0,baseline
1777620633.266263,0.07267618179321289,1359.0,baseline
1777620633.266289,0.07270216941833496,1358.0,baseline
1777620633.266315,0.07272815704345703,1358.0,baseline
1777620633.2663481,0.07276129722595215,1358.0,baseline
1777620633.266376,0.07278919219970703,1359.0,baseline
1777620633.266402,0.0728151798248291,1358.0,baseline
1777620633.266429,0.07284212112426758,1359.0,baseline
1777620633.266455,0.07286810874938965,1361.0,baseline
1777620633.266481,0.07289409637451172,1361.0,baseline
1777620633.266508,0.0729212760925293,1359.0,baseline
1777620633.2665339,0.07294702529907227,1361.0,baseline
1777620633.26656,0.07297325134277344,1358.0,baseline
1777620633.266586,0.07299923896789551,1359.0,baseline
1777620633.266612,0.07302522659301758,1359.0,baseline
1777620633.266639,0.07305216789245605,1356.0,baseline
1777620633.266665,0.07307815551757812,1358.0,baseline
1777620633.266691,0.0731041431427002,1359.0,baseline
1777620633.266717,0.07313013076782227,1358.0,baseline
1777620633.2667441,0.07315731048583984,1359.0,baseline
1777620633.26677,0.07318305969238281,1359.0,baseline
1777620633.266796,0.07320928573608398,1359.0,baseline
1777620633.2668219,0.07323503494262695,1359.0,baseline
1777620633.266848,0.07326126098632812,1358.0,baseline
1777620633.2668748,0.0732879638671875,1356.0,baseline
1777620633.266901,0.07331418991088867,1358.0,baseline
1777620633.266933,0.07334613800048828,1361.0,baseline
1777620633.2669618,0.07337498664855957,1359.0,baseline
1777620633.266988,0.07340121269226074,1358.0,baseline
1777620633.2670138,0.07342696189880371,1361.0,baseline
1777620633.26704,0.07345318794250488,1358.0,baseline
1777620633.267066,0.07347917556762695,1358.0,baseline
1777620633.267093,0.07350611686706543,1356.0,baseline
1777620633.2671192,0.0735323429107666,1357.0,baseline
1777620633.267145,0.07355809211730957,1359.0,baseline
1777620633.267172,0.07358527183532715,1359.0,baseline
1777620633.2671978,0.07361102104187012,1358.0,baseline
1777620633.267224,0.07363724708557129,1361.0,baseline
1777620633.2672498,0.07366299629211426,1359.0,baseline
1777620633.267276,0.07368922233581543,1361.0,baseline
1777620633.267303,0.0737161636352539,1359.0,baseline
1777620633.267329,0.07374215126037598,1357.0,baseline
1777620633.267355,0.07376813888549805,1358.0,baseline
1777620633.267381,0.07379412651062012,1359.0,baseline
1777620633.267408,0.0738210678100586,1359.0,baseline
1777620633.267434,0.07384705543518066,1359.0,baseline
1777620633.26746,0.07387328147888184,1358.0,baseline
1777620633.2674859,0.0738990306854248,1357.0,baseline
1777620633.267518,0.07393121719360352,1358.0,baseline
1777620633.267547,0.0739600658416748,1359.0,baseline
1777620633.2675729,0.07398605346679688,1358.0,baseline
1777620633.2675998,0.07401299476623535,1357.0,baseline
1777620633.267626,0.07403922080993652,1361.0,baseline
1777620633.267655,0.07406806945800781,1360.0,baseline
1777620633.2676811,0.07409429550170898,1362.0,baseline
1777620633.2677078,0.07412099838256836,1361.0,baseline
1777620633.267734,0.07414722442626953,1361.0,baseline
1777620633.26776,0.0741732120513916,1355.0,baseline
1777620633.267786,0.07419919967651367,1353.0,baseline
1777620633.267812,0.07422518730163574,1352.0,baseline
1777620633.267839,0.07425212860107422,1354.0,baseline
1777620633.2678652,0.07427835464477539,1356.0,baseline
1777620633.267891,0.07430410385131836,1358.0,baseline
1777620633.2679172,0.07433032989501953,1358.0,baseline
1777620633.267943,0.0743560791015625,1358.0,baseline
1777620633.26797,0.07438325881958008,1357.0,baseline
1777620633.2679958,0.07440900802612305,1356.0,baseline
1777620633.268022,0.07443523406982422,1356.0,baseline
1777620633.2680478,0.07446098327636719,1359.0,baseline
1777620633.268074,0.07448720932006836,1358.0,baseline
1777620633.2681,0.07451319694519043,1357.0,baseline
1777620633.268131,0.07454419136047363,1358.0,baseline
1777620633.268157,0.0745701789855957,1356.0,baseline
1777620633.268183,0.07459616661071777,1356.0,baseline
1777620633.268209,0.07462215423583984,1356.0,baseline
1777620633.268236,0.07464909553527832,1356.0,baseline
1777620633.268262,0.07467508316040039,1356.0,baseline
1777620633.268288,0.07470107078552246,1356.0,baseline
1777620633.2683148,0.07472801208496094,1362.0,baseline
1777620633.268341,0.07475423812866211,1358.0,baseline
1777620633.268367,0.07478022575378418,1357.0,baseline
1777620633.268393,0.07480621337890625,1357.0,baseline
1777620633.26842,0.07483315467834473,1357.0,baseline
1777620633.268446,0.0748591423034668,1362.0,baseline
1777620633.268472,0.07488512992858887,1363.0,baseline
1777620633.268499,0.07491207122802734,1361.0,baseline
1777620633.2685251,0.07493829727172852,1360.0,baseline
1777620633.2685509,0.07496404647827148,1358.0,baseline
1777620633.268578,0.07499122619628906,1357.0,baseline
1777620633.2686038,0.07501697540283203,1361.0,baseline
1777620633.26863,0.0750432014465332,1358.0,baseline
1777620633.268656,0.07506918907165527,1360.0,baseline
1777620633.268683,0.07509613037109375,1356.0,baseline
1777620633.268716,0.07512927055358887,1355.0,baseline
1777620633.2687428,0.07515597343444824,1358.0,baseline
1777620633.268769,0.07518219947814941,1359.0,baseline
1777620633.268797,0.0752100944519043,1363.0,baseline
1777620633.268824,0.07523727416992188,1358.0,baseline
1777620633.2688498,0.07526302337646484,1356.0,baseline
1777620633.268876,0.07528924942016602,1357.0,baseline
1777620633.268903,0.07531619071960449,1357.0,baseline
1777620633.268929,0.07534217834472656,1356.0,baseline
1777620633.268955,0.07536816596984863,1359.0,baseline
1777620633.268981,0.0753941535949707,1358.0,baseline
1777620633.2690072,0.07542037963867188,1357.0,baseline
1777620633.269033,0.07544612884521484,1359.0,baseline
1777620633.2690601,0.07547330856323242,1361.0,baseline
1777620633.269086,0.07549905776977539,1356.0,baseline
1777620633.269112,0.07552528381347656,1358.0,baseline
1777620633.2691379,0.07555103302001953,1359.0,baseline
1777620633.269165,0.07557821273803711,1359.0,baseline
1777620633.269191,0.07560420036315918,1355.0,baseline
1777620633.2692301,0.07564330101013184,1361.0,baseline
1777620633.269257,0.07567024230957031,1358.0,baseline
1777620633.269284,0.07569718360900879,1358.0,baseline
1777620633.2693162,0.0757293701171875,1357.0,baseline
1777620633.269344,0.07575726509094238,1357.0,baseline
1777620633.269373,0.07578611373901367,1357.0,baseline
1777620633.269399,0.07581210136413574,1357.0,baseline
1777620633.269425,0.07583808898925781,1358.0,baseline
1777620633.269451,0.07586407661437988,1356.0,baseline
1777620633.2694778,0.07589101791381836,1356.0,baseline
1777620633.269504,0.07591724395751953,1357.0,baseline
1777620633.26953,0.0759432315826416,1356.0,baseline
1777620633.269557,0.07597017288208008,1358.0,baseline
1777620633.269583,0.07599616050720215,1361.0,baseline
1777620633.269609,0.07602214813232422,1358.0,baseline
1777620633.269635,0.07604813575744629,1358.0,baseline
1777620633.269662,0.07607507705688477,1359.0,baseline
1777620633.2696881,0.07610130310058594,1358.0,baseline
1777620633.2697139,0.0761270523071289,1361.0,baseline
1777620633.26974,0.07615327835083008,1360.0,baseline
1777620633.2697668,0.07617998123168945,1357.0,baseline
1777620633.269793,0.07620620727539062,1358.0,baseline
1777620633.2698188,0.0762319564819336,1357.0,baseline
1777620633.269845,0.07625818252563477,1357.0,baseline
1777620633.269871,0.07628417015075684,1358.0,baseline
1777620633.269904,0.07631707191467285,1360.0,baseline
1777620633.269932,0.07634520530700684,1359.0,baseline
1777620633.269959,0.07637214660644531,1354.0,baseline
1777620633.269985,0.07639813423156738,1360.0,baseline
1777620633.270011,0.07642412185668945,1361.0,baseline
1777620633.270037,0.07645010948181152,1361.0,baseline
1777620633.270064,0.0764772891998291,1358.0,baseline
1777620633.27009,0.07650327682495117,1358.0,baseline
1777620633.270116,0.07652926445007324,1358.0,baseline
1777620633.2701418,0.07655501365661621,1356.0,baseline
1777620633.270169,0.07658219337463379,1358.0,baseline
1777620633.270195,0.07660818099975586,1359.0,baseline
1777620633.2702222,0.07663536071777344,1357.0,baseline
1777620633.270249,0.07666206359863281,1359.0,baseline
1777620633.270276,0.07668924331665039,1362.0,baseline
1777620633.270302,0.07671523094177246,1359.0,baseline
1777620633.270328,0.07674121856689453,1358.0,baseline
1777620633.270354,0.0767672061920166,1360.0,baseline
1777620633.27038,0.07679319381713867,1357.0,baseline
1777620633.270407,0.07682013511657715,1357.0,baseline
1777620633.270433,0.07684612274169922,1358.0,baseline
1777620633.2704608,0.0768740177154541,1361.0,baseline
1777620633.2704902,0.0769033432006836,1361.0,baseline
1777620633.27052,0.07693314552307129,1358.0,baseline
1777620633.270546,0.07695913314819336,1358.0,baseline
1777620633.270572,0.07698512077331543,1359.0,baseline
1777620633.270599,0.0770120620727539,1361.0,baseline
1777620633.270625,0.07703828811645508,1357.0,baseline
1777620633.2706509,0.07706403732299805,1359.0,baseline
1777620633.270678,0.07709121704101562,1359.0,baseline
1777620633.270704,0.0771172046661377,1358.0,baseline
1777620633.27073,0.07714319229125977,1357.0,baseline
1777620633.270756,0.07716917991638184,1356.0,baseline
1777620633.270782,0.0771951675415039,1357.0,baseline
1777620633.2708092,0.07722234725952148,1358.0,baseline
1777620633.270835,0.07724809646606445,1358.0,baseline
1777620633.2708611,0.07727432250976562,1356.0,baseline
1777620633.270887,0.0773000717163086,1355.0,baseline
1777620633.270914,0.07732725143432617,1357.0,baseline
1777620633.2709398,0.07735300064086914,1358.0,baseline
1777620633.270967,0.07738018035888672,1357.0,baseline
1777620633.270993,0.07740616798400879,1357.0,baseline
1777620633.27102,0.07743310928344727,1361.0,baseline
1777620633.271046,0.07745909690856934,1360.0,baseline
1777620633.2710779,0.07749104499816895,1356.0,baseline
1777620633.271109,0.07752227783203125,1357.0,baseline
1777620633.271135,0.07754826545715332,1356.0,baseline
1777620633.271161,0.07757425308227539,1357.0,baseline
1777620633.2711868,0.07760000228881836,1357.0,baseline
1777620633.271213,0.07762622833251953,1361.0,baseline
1777620633.27124,0.07765316963195801,1362.0,baseline
1777620633.271266,0.07767915725708008,1363.0,baseline
1777620633.271292,0.07770514488220215,1360.0,baseline
1777620633.2713192,0.07773232460021973,1359.0,baseline
1777620633.271345,0.0777580738067627,1358.0,baseline
1777620633.2713711,0.07778429985046387,1357.0,baseline
1777620633.271397,0.07781028747558594,1356.0,baseline
1777620633.271424,0.07783722877502441,1357.0,baseline
1777620633.27145,0.07786321640014648,1358.0,baseline
1777620633.271476,0.07788920402526855,1358.0,baseline
1777620633.271502,0.07791519165039062,1359.0,baseline
1777620633.271529,0.0779421329498291,1360.0,baseline
1777620633.2715552,0.07796835899353027,1357.0,baseline
1777620633.271581,0.07799410820007324,1356.0,baseline
1777620633.271607,0.07802009582519531,1359.0,baseline
1777620633.2716339,0.07804703712463379,1358.0,baseline
1777620633.271668,0.07808113098144531,1360.0,baseline
1777620633.271698,0.07811117172241211,1361.0,baseline
1777620633.271724,0.07813715934753418,1361.0,baseline
1777620633.27175,0.07816314697265625,1358.0,baseline
1777620633.271777,0.07819008827209473,1356.0,baseline
1777620633.271803,0.0782160758972168,1357.0,baseline
1777620633.271829,0.07824206352233887,1361.0,baseline
1777620633.271855,0.07826828956604004,1358.0,baseline
1777620633.2718809,0.07829403877258301,1361.0,baseline
1777620633.271908,0.07832121849060059,1362.0,baseline
1777620633.271934,0.07834720611572266,1361.0,baseline
1777620633.27196,0.07837319374084473,1361.0,baseline
1777620633.271986,0.0783991813659668,1362.0,baseline
1777620633.272012,0.07842516899108887,1363.0,baseline
1777620633.272038,0.07845115661621094,1361.0,baseline
1777620633.272065,0.07847809791564941,1357.0,baseline
1777620633.272091,0.07850408554077148,1358.0,baseline
1777620633.272117,0.07853007316589355,1356.0,baseline
1777620633.2721438,0.07855701446533203,1357.0,baseline
1777620633.27217,0.0785832405090332,1353.0,baseline
1777620633.272196,0.07860922813415527,1355.0,baseline
1777620633.2722251,0.07863831520080566,1356.0,baseline
1777620633.272257,0.07867026329040527,1357.0,baseline
1777620633.272286,0.07869911193847656,1359.0,baseline
1777620633.2723122,0.07872533798217773,1358.0,baseline
1777620633.2723389,0.07875204086303711,1359.0,baseline
1777620633.272365,0.07877826690673828,1358.0,baseline
1777620633.2723908,0.07880401611328125,1359.0,baseline
1777620633.272418,0.07883119583129883,1356.0,baseline
1777620633.272444,0.0788571834564209,1356.0,baseline
1777620633.27247,0.07888317108154297,1355.0,baseline
1777620633.272497,0.07891011238098145,1356.0,baseline
1777620633.272523,0.07893610000610352,1357.0,baseline
1777620633.2725492,0.07896232604980469,1357.0,baseline
1777620633.2725902,0.07900333404541016,1359.0,baseline
1777620633.272616,0.07902908325195312,1361.0,baseline
1777620633.2726421,0.0790553092956543,1358.0,baseline
1777620633.2726688,0.07908201217651367,1359.0,baseline
1777620633.272695,0.07910823822021484,1356.0,baseline
1777620633.272722,0.07913517951965332,1356.0,baseline
1777620633.272748,0.07916116714477539,1356.0,baseline
1777620633.272774,0.07918715476989746,1357.0,baseline
1777620633.2728,0.07921314239501953,1358.0,baseline
1777620633.272827,0.07924008369445801,1356.0,baseline
1777620633.272853,0.07926607131958008,1356.0,baseline
1777620633.272885,0.07929825782775879,1357.0,baseline
1777620633.272911,0.07932424545288086,1359.0,baseline
1777620633.2729359,0.07934904098510742,1356.0,baseline
1777620633.2729611,0.07937431335449219,1356.0,baseline
1777620633.2729862,0.07939934730529785,1357.0,baseline
1777620633.27301,0.07942318916320801,1359.0,baseline
1777620633.273035,0.07944822311401367,1358.0,baseline
1777620633.27306,0.07947325706481934,1356.0,baseline
1777620633.2730849,0.0794980525970459,1356.0,baseline
1777620633.273112,0.07952523231506348,1356.0,baseline
1777620633.2731369,0.07955002784729004,1357.0,baseline
1777620633.273162,0.0795750617980957,1356.0,baseline
1777620633.273199,0.07961225509643555,1355.0,baseline
1777620633.273225,0.07963824272155762,1357.0,baseline
1777620633.273249,0.07966208457946777,1357.0,baseline
1777620633.2732742,0.07968735694885254,1359.0,baseline
1777620633.273299,0.0797121524810791,1355.0,baseline
1777620633.273323,0.07973623275756836,1358.0,baseline
1777620633.273348,0.07976126670837402,1358.0,baseline
1777620633.273373,0.07978606224060059,1359.0,baseline
1777620633.273397,0.07981014251708984,1361.0,baseline
1777620633.273422,0.07983517646789551,1359.0,baseline
1777620633.2734542,0.07986736297607422,1358.0,baseline
1777620633.273479,0.07989215850830078,1357.0,baseline
1777620633.273504,0.07991719245910645,1356.0,baseline
1777620633.273529,0.07994222640991211,1355.0,baseline
1777620633.273553,0.07996606826782227,1356.0,baseline
1777620633.273578,0.07999110221862793,1357.0,baseline
1777620633.273602,0.08001518249511719,1355.0,baseline
1777620633.2736268,0.08003997802734375,1356.0,baseline
1777620633.273651,0.08006405830383301,1356.0,baseline
1777620633.273676,0.08008909225463867,1358.0,baseline
1777620633.2737,0.08011317253112793,1355.0,baseline
1777620633.273725,0.0801382064819336,1356.0,baseline
1777620633.2737489,0.08016204833984375,1355.0,baseline
1777620633.2737741,0.08018732070922852,1357.0,baseline
1777620633.273798,0.08021116256713867,1361.0,baseline
1777620633.273823,0.08023619651794434,1361.0,baseline
1777620633.273847,0.0802602767944336,1357.0,baseline
1777620633.273872,0.08028507232666016,1358.0,baseline
1777620633.273896,0.08030915260314941,1357.0,baseline
1777620633.273921,0.08033418655395508,1358.0,baseline
1777620633.273945,0.08035826683044434,1357.0,baseline
1777620633.27397,0.0803830623626709,1357.0,baseline
1777620633.274001,0.0804140567779541,1358.0,baseline
1777620633.274027,0.08044028282165527,1357.0,baseline
1777620633.2740521,0.08046531677246094,1361.0,baseline
1777620633.274076,0.0804891586303711,1359.0,baseline
1777620633.274101,0.08051419258117676,1359.0,baseline
1777620633.274125,0.08053827285766602,1358.0,baseline
1777620633.27415,0.08056306838989258,1355.0,baseline
1777620633.274174,0.08058714866638184,1356.0,baseline
1777620633.274199,0.0806121826171875,1357.0,baseline
1777620633.274224,0.08063721656799316,1356.0,baseline
1777620633.274248,0.08066105842590332,1356.0,baseline
1777620633.274272,0.08068513870239258,1356.0,baseline
1777620633.274297,0.08071017265319824,1357.0,baseline
1777620633.2743208,0.0807340145111084,1357.0,baseline
1777620633.2743459,0.08075904846191406,1356.0,baseline
1777620633.2743711,0.08078432083129883,1357.0,baseline
1777620633.274395,0.08080816268920898,1357.0,baseline
1777620633.27442,0.08083319664001465,1357.0,baseline
1777620633.274444,0.0808572769165039,1356.0,baseline
1777620633.2744691,0.08088231086730957,1356.0,baseline
1777620633.274494,0.08090710639953613,1356.0,baseline
1777620633.274519,0.0809321403503418,1356.0,baseline
1777620633.274549,0.0809621810913086,1357.0,baseline
1777620633.274575,0.08098816871643066,1357.0,baseline
1777620633.2746,0.08101320266723633,1357.0,baseline
1777620633.274625,0.08103823661804199,1356.0,baseline
1777620633.2746491,0.08106231689453125,1357.0,baseline
1777620633.274674,0.08108711242675781,1360.0,baseline
1777620633.274699,0.08111214637756348,1357.0,baseline
1777620633.274723,0.08113622665405273,1357.0,baseline
1777620633.2747478,0.0811610221862793,1357.0,baseline
1777620633.274772,0.08118510246276855,1359.0,baseline
1777620633.274797,0.08121013641357422,1359.0,baseline
1777620633.274822,0.08123517036437988,1359.0,baseline
1777620633.2748458,0.08125901222229004,1357.0,baseline
1777620633.274871,0.0812842845916748,1356.0,baseline
1777620633.274896,0.08130908012390137,1356.0,baseline
1777620633.27492,0.08133316040039062,1354.0,baseline
1777620633.274945,0.08135819435119629,1356.0,baseline
1777620633.27497,0.08138322830200195,1359.0,baseline
1777620633.274994,0.08140707015991211,1361.0,baseline
1777620633.275019,0.08143210411071777,1361.0,baseline
1777620633.2750442,0.08145737648010254,1359.0,baseline
1777620633.2750678,0.0814809799194336,1357.0,baseline
1777620633.2750988,0.0815119743347168,1356.0,baseline
1777620633.275126,0.08153915405273438,1357.0,baseline
1777620633.27515,0.08156323432922363,1357.0,baseline
1777620633.2751749,0.0815880298614502,1358.0,baseline
1777620633.2752,0.08161306381225586,1358.0,baseline
1777620633.275224,0.08163714408874512,1357.0,baseline
1777620633.275249,0.08166217803955078,1355.0,baseline
1777620633.2752728,0.08168601989746094,1356.0,baseline
1777620633.275298,0.0817112922668457,1357.0,baseline
1777620633.2753222,0.08173537254333496,1357.0,baseline
1777620633.275347,0.08176016807556152,1356.0,baseline
1777620633.275371,0.08178424835205078,1356.0,baseline
1777620633.275396,0.08180928230285645,1357.0,baseline
1777620633.27542,0.0818331241607666,1359.0,baseline
1777620633.275445,0.08185815811157227,1357.0,baseline
1777620633.275469,0.08188223838806152,1357.0,baseline
1777620633.275498,0.08191108703613281,1360.0,baseline
1777620633.275522,0.08193516731262207,1358.0,baseline
1777620633.2755468,0.08195996284484863,1357.0,baseline
1777620633.2755709,0.08198404312133789,1357.0,baseline
1777620633.2755961,0.08200931549072266,1361.0,baseline
1777620633.27562,0.08203315734863281,1360.0,baseline
1777620633.275655,0.08206820487976074,1357.0,baseline
1777620633.275681,0.08209419250488281,1355.0,baseline
1777620633.275706,0.08211922645568848,1358.0,baseline
1777620633.2757308,0.08214402198791504,1359.0,baseline
1777620633.275755,0.0821681022644043,1357.0,baseline
1777620633.2757802,0.08219337463378906,1360.0,baseline
1777620633.2758038,0.08221697807312012,1358.0,baseline
1777620633.275829,0.08224225044250488,1359.0,baseline
1777620633.275854,0.08226728439331055,1358.0,baseline
1777620633.275879,0.08229207992553711,1357.0,baseline
1777620633.275904,0.08231711387634277,1357.0,baseline
1777620633.275928,0.08234119415283203,1354.0,baseline
1777620633.2759528,0.0823659896850586,1357.0,baseline
1777620633.275977,0.08239006996154785,1361.0,baseline
1777620633.276002,0.08241510391235352,1361.0,baseline
1777620633.276026,0.08243918418884277,1359.0,baseline
1777620633.276051,0.08246421813964844,1359.0,baseline
1777620633.2760751,0.0824882984161377,1354.0,baseline
1777620633.2761002,0.08251333236694336,1354.0,baseline
1777620633.276124,0.08253717422485352,1356.0,baseline
1777620633.276149,0.08256220817565918,1358.0,baseline
1777620633.276173,0.08258628845214844,1359.0,baseline
1777620633.276204,0.08261728286743164,1358.0,baseline
1777620633.2762299,0.08264303207397461,1356.0,baseline
1777620633.276255,0.08266806602478027,1358.0,baseline
1777620633.276279,0.08269214630126953,1359.0,baseline
1777620633.2763038,0.0827169418334961,1359.0,baseline
1777620633.2763278,0.08274102210998535,1356.0,baseline
1777620633.276352,0.08276510238647461,1357.0,baseline
1777620633.2763772,0.08279037475585938,1358.0,baseline
1777620633.276402,0.08281517028808594,1356.0,baseline
1777620633.276426,0.0828392505645752,1355.0,baseline
1777620633.276451,0.08286428451538086,1357.0,baseline
1777620633.276475,0.08288812637329102,1359.0,baseline
1777620633.2765,0.08291316032409668,1358.0,baseline
1777620633.276524,0.08293724060058594,1359.0,baseline
1777620633.276549,0.0829622745513916,1358.0,baseline
1777620633.276577,0.08299016952514648,1359.0,baseline
1777620633.276602,0.08301520347595215,1358.0,baseline
1777620633.2766259,0.0830390453338623,1358.0,baseline
1777620633.276651,0.08306407928466797,1359.0,baseline
1777620633.276675,0.08308815956115723,1358.0,baseline
1777620633.2767,0.08311319351196289,1357.0,baseline
1777620633.276725,0.08313822746276855,1359.0,baseline
1777620633.2767491,0.08316230773925781,1355.0,baseline
1777620633.2767801,0.08319330215454102,1359.0,baseline
1777620633.2768052,0.08321833610534668,1359.0,baseline
1777620633.276829,0.08324217796325684,1360.0,baseline
1777620633.276854,0.0832672119140625,1359.0,baseline
1777620633.276879,0.08329224586486816,1360.0,baseline
1777620633.2769039,0.08331704139709473,1356.0,baseline
1777620633.2769432,0.08335638046264648,1356.0,baseline
1777620633.276968,0.08338117599487305,1361.0,baseline
1777620633.276992,0.0834052562713623,1358.0,baseline
1777620633.277017,0.08343029022216797,1356.0,baseline
1777620633.277042,0.08345508575439453,1355.0,baseline
1777620633.277066,0.08347916603088379,1352.0,baseline
1777620633.277091,0.08350419998168945,1356.0,baseline
1777620633.2771158,0.08352899551391602,1356.0,baseline
1777620633.27714,0.08355307579040527,1343.0,baseline
1777620633.2771652,0.08357834815979004,1350.0,baseline
1777620633.277189,0.0836021900177002,1357.0,baseline
1777620633.277214,0.08362722396850586,1361.0,baseline
1777620633.277239,0.08365225791931152,1361.0,baseline
1777620633.2772632,0.08367633819580078,1357.0,baseline
1777620633.277288,0.08370113372802734,1359.0,baseline
1777620633.277312,0.0837252140045166,1357.0,baseline
1777620633.277344,0.08375716209411621,1355.0,baseline
1777620633.277369,0.08378219604492188,1358.0,baseline
1777620633.2773929,0.08380603790283203,1357.0,baseline
1777620633.277418,0.0838310718536377,1357.0,baseline
1777620633.277442,0.08385515213012695,1356.0,baseline
1777620633.2774668,0.08387994766235352,1357.0,baseline
1777620633.277502,0.08391523361206055,1356.0,baseline
1777620633.277527,0.08394026756286621,1358.0,baseline
1777620633.2775512,0.08396434783935547,1356.0,baseline
1777620633.277576,0.08398914337158203,1354.0,baseline
1777620633.2776,0.08401322364807129,1356.0,baseline
1777620633.277625,0.08403825759887695,1357.0,baseline
1777620633.277652,0.08406519889831543,1357.0,baseline
1777620633.277676,0.08408927917480469,1356.0,baseline
1777620633.2777011,0.08411431312561035,1356.0,baseline
1777620633.277725,0.08413815498352051,1357.0,baseline
1777620633.27775,0.08416318893432617,1358.0,baseline
1777620633.277774,0.08418726921081543,1356.0,baseline
1777620633.277799,0.08421206474304199,1356.0,baseline
1777620633.277823,0.08423614501953125,1356.0,baseline
1777620633.277848,0.08426117897033691,1352.0,baseline
1777620633.2778728,0.08428597450256348,1358.0,baseline
1777620633.277903,0.08431625366210938,1356.0,baseline
1777620633.277929,0.08434224128723145,1357.0,baseline
1777620633.277954,0.08436727523803711,1357.0,baseline
1777620633.277979,0.08439207077026367,1356.0,baseline
1777620633.278003,0.08441615104675293,1357.0,baseline
1777620633.278028,0.0844411849975586,1356.0,baseline
1777620633.278052,0.08446526527404785,1357.0,baseline
1777620633.278077,0.08449006080627441,1361.0,baseline
1777620633.278101,0.08451414108276367,1358.0,baseline
1777620633.278126,0.08453917503356934,1359.0,baseline
1777620633.2781498,0.08456301689147949,1358.0,baseline
1777620633.2781749,0.08458805084228516,1358.0,baseline
1777620633.278202,0.08461523056030273,1357.0,baseline
1777620633.278226,0.08463907241821289,1356.0,baseline
1777620633.278251,0.08466410636901855,1358.0,baseline
1777620633.278275,0.08468818664550781,1358.0,baseline
1777620633.2782998,0.08471298217773438,1357.0,baseline
1777620633.278324,0.08473706245422363,1359.0,baseline
1777620633.2783492,0.0847623348236084,1359.0,baseline
1777620633.278374,0.08478713035583496,1359.0,baseline
1777620633.278398,0.08481121063232422,1358.0,baseline
1777620633.278423,0.08483624458312988,1357.0,baseline
1777620633.27845,0.08486318588256836,1357.0,baseline
1777620633.278476,0.08488917350769043,1356.0,baseline
1777620633.278501,0.0849142074584961,1359.0,baseline
1777620633.2785249,0.08493804931640625,1357.0,baseline
1777620633.27855,0.08496308326721191,1357.0,baseline
1777620633.2785752,0.08498835563659668,1358.0,baseline
1777620633.278599,0.08501219749450684,1359.0,baseline
1777620633.278624,0.0850372314453125,1357.0,baseline
1777620633.2786481,0.08506131172180176,1360.0,baseline
1777620633.278673,0.08508610725402832,1356.0,baseline
1777620633.278697,0.08511018753051758,1356.0,baseline
1777620633.278722,0.08513522148132324,1356.0,baseline
1777620633.2787468,0.0851600170135498,1359.0,baseline
1777620633.2787719,0.08518505096435547,1359.0,baseline
1777620633.2787971,0.08521032333374023,1360.0,baseline
1777620633.278822,0.0852351188659668,1356.0,baseline
1777620633.278847,0.08526015281677246,1357.0,baseline
1777620633.278872,0.08528518676757812,1357.0,baseline
1777620633.2788968,0.08530998229980469,1356.0,baseline
1777620633.278921,0.08533406257629395,1357.0,baseline
1777620633.2789462,0.08535933494567871,1356.0,baseline
1777620633.278971,0.08538413047790527,1357.0,baseline
1777620633.278998,0.08541107177734375,1359.0,baseline
1777620633.2790241,0.08543729782104492,1360.0,baseline
1777620633.279049,0.08546209335327148,1359.0,baseline
1777620633.279074,0.08548712730407715,1359.0,baseline
1777620633.279099,0.08551216125488281,1356.0,baseline
1777620633.279124,0.08553719520568848,1358.0,baseline
1777620633.279148,0.08556127548217773,1361.0,baseline
1777620633.2791731,0.0855863094329834,1361.0,baseline
1777620633.279197,0.08561015129089355,1358.0,baseline
1777620633.279222,0.08563518524169922,1357.0,baseline
1777620633.279247,0.08566021919250488,1356.0,baseline
1777620633.2792718,0.08568501472473145,1357.0,baseline
1777620633.279296,0.0857090950012207,1356.0,baseline
1777620633.2793212,0.08573436737060547,1356.0,baseline
1777620633.279346,0.08575916290283203,1356.0,baseline
1777620633.279371,0.0857841968536377,1357.0,baseline
1777620633.279396,0.08580923080444336,1358.0,baseline
1777620633.2794209,0.08583402633666992,1355.0,baseline
1777620633.2794461,0.08585929870605469,1356.0,baseline
1777620633.2794712,0.08588433265686035,1357.0,baseline
1777620633.279496,0.08590912818908691,1361.0,baseline
1777620633.279521,0.08593416213989258,1359.0,baseline
1777620633.279551,0.08596420288085938,1361.0,baseline
1777620633.279576,0.08598923683166504,1360.0,baseline
1777620633.2796018,0.08601498603820801,1360.0,baseline
1777620633.279627,0.08604025840759277,1358.0,baseline
1777620633.279652,0.08606529235839844,1356.0,baseline
1777620633.279677,0.086090087890625,1356.0,baseline
1777620633.2797031,0.08611631393432617,1358.0,baseline
1777620633.2797282,0.08614134788513184,1357.0,baseline
1777620633.279768,0.0861811637878418,1355.0,baseline
1777620633.279794,0.08620715141296387,1357.0,baseline
1777620633.27982,0.08623313903808594,1356.0,baseline
1777620633.279846,0.08625912666320801,1358.0,baseline
1777620633.279871,0.08628416061401367,1358.0,baseline
1777620633.279897,0.08631014823913574,1359.0,baseline
1777620633.279922,0.0863351821899414,1358.0,baseline
1777620633.279947,0.08636021614074707,1358.0,baseline
1777620633.279972,0.08638525009155273,1361.0,baseline
1777620633.2799969,0.0864100456237793,1357.0,baseline
1777620633.280023,0.08643627166748047,1357.0,baseline
1777620633.2800481,0.08646130561828613,1358.0,baseline
1777620633.280074,0.0864870548248291,1358.0,baseline
1777620633.2800992,0.08651232719421387,1358.0,baseline
1777620633.280131,0.08654427528381348,1358.0,baseline
1777620633.2801569,0.08657002449035645,1360.0,baseline
1777620633.280183,0.08659625053405762,1358.0,baseline
1777620633.2802079,0.08662104606628418,1359.0,baseline
1777620633.280233,0.08664608001708984,1359.0,baseline
1777620633.280258,0.08667111396789551,1359.0,baseline
1777620633.280283,0.08669614791870117,1361.0,baseline
1777620633.280309,0.08672213554382324,1360.0,baseline
1777620633.280334,0.0867471694946289,1358.0,baseline
1777620633.280359,0.08677220344543457,1356.0,baseline
1777620633.280384,0.08679723739624023,1358.0,baseline
1777620633.280409,0.0868222713470459,1362.0,baseline
1777620633.280434,0.08684706687927246,1362.0,baseline
1777620633.280459,0.08687210083007812,1362.0,baseline
1777620633.2804842,0.08689737319946289,1358.0,baseline
1777620633.280509,0.08692216873168945,1359.0,baseline
1777620633.280534,0.08694720268249512,1361.0,baseline
1777620633.280558,0.08697128295898438,1357.0,baseline
1777620633.2805839,0.08699703216552734,1356.0,baseline
1777620633.280608,0.0870211124420166,1357.0,baseline
1777620633.280633,0.08704614639282227,1358.0,baseline
1777620633.280658,0.08707118034362793,1357.0,baseline
1777620633.280698,0.08711123466491699,1356.0,baseline
1777620633.280726,0.08713912963867188,1359.0,baseline
1777620633.280751,0.08716416358947754,1359.0,baseline
1777620633.280776,0.0871891975402832,1354.0,baseline
1777620633.280801,0.08721423149108887,1353.0,baseline
1777620633.2808251,0.08723831176757812,1334.0,baseline
1777620633.28085,0.08726310729980469,1342.0,baseline
1777620633.280875,0.08728814125061035,1352.0,baseline
1777620633.2809,0.08731317520141602,1296.0,baseline
1777620633.2809238,0.08733701705932617,1306.0,baseline
1777620633.2809489,0.08736205101013184,1323.0,baseline
1777620633.2809741,0.0873873233795166,1327.0,baseline
1777620633.280999,0.08741211891174316,1332.0,baseline
1777620633.281023,0.08743619918823242,1334.0,baseline
1777620633.281048,0.08746123313903809,1348.0,baseline
1777620633.2810729,0.08748602867126465,1357.0,baseline
1777620633.281098,0.08751106262207031,1359.0,baseline
1777620633.2811232,0.08753633499145508,1360.0,baseline
1777620633.281148,0.08756113052368164,1359.0,baseline
1777620633.28119,0.08760309219360352,1357.0,baseline
1777620633.281217,0.0876302719116211,1359.0,baseline
1777620633.2812421,0.08765530586242676,1359.0,baseline
1777620633.281271,0.08768415451049805,1360.0,baseline
1777620633.281298,0.08771109580993652,1361.0,baseline
1777620633.2813241,0.0877373218536377,1360.0,baseline
1777620633.2813492,0.08776235580444336,1359.0,baseline
1777620633.281523,0.0879361629486084,1359.0,baseline
1777620633.281595,0.08800816535949707,1363.0,baseline
1777620633.281664,0.08807706832885742,1363.0,baseline
1777620633.2816908,0.0881040096282959,1361.0,baseline
1777620633.2817159,0.08812904357910156,1358.0,baseline
1777620633.2817411,0.08815431594848633,1357.0,baseline
1777620633.281766,0.08817911148071289,1355.0,baseline
1777620633.281791,0.08820414543151855,1362.0,baseline
1777620633.281816,0.08822917938232422,1358.0,baseline
1777620633.28184,0.08825325965881348,1359.0,baseline
1777620633.281865,0.08827805519104004,1362.0,baseline
1777620633.2819672,0.08838033676147461,1356.0,baseline
1777620633.282032,0.08844518661499023,1362.0,baseline
1777620633.282059,0.08847212791442871,1362.0,baseline
1777620633.282084,0.08849716186523438,1360.0,baseline
1777620633.28211,0.08852314949035645,1358.0,baseline
1777620633.282134,0.0885472297668457,1358.0,baseline
1777620633.282159,0.08857226371765137,1359.0,baseline
1777620633.282188,0.08860111236572266,1362.0,baseline
1777620633.2822132,0.08862638473510742,1358.0,baseline
1777620633.2822368,0.08864998817443848,1359.0,baseline
1777620633.282262,0.08867526054382324,1357.0,baseline
1777620633.2822871,0.0887002944946289,1358.0,baseline
1777620633.282312,0.08872509002685547,1357.0,baseline
1777620633.282337,0.08875012397766113,1358.0,baseline
1777620633.2823622,0.0887753963470459,1356.0,baseline
1777620633.282387,0.08880019187927246,1359.0,baseline
1777620633.282413,0.08882617950439453,1361.0,baseline
1777620633.2824378,0.0888509750366211,1358.0,baseline
1777620633.282463,0.08887624740600586,1358.0,baseline
1777620633.282488,0.08890128135681152,1362.0,baseline
1777620633.282513,0.08892607688903809,1361.0,baseline
1777620633.282538,0.08895111083984375,1361.0,baseline
1777620633.282563,0.08897614479064941,1360.0,baseline
1777620633.2825868,0.08899998664855957,1358.0,baseline
1777620633.282612,0.08902525901794434,1357.0,baseline
1777620633.2826371,0.08905029296875,1359.0,baseline
1777620633.282662,0.08907508850097656,1360.0,baseline
1777620633.282687,0.08910012245178223,1362.0,baseline
1777620633.282712,0.08912515640258789,1358.0,baseline
1777620633.2827399,0.08915305137634277,1359.0,baseline
1777620633.282763,0.08917617797851562,1358.0,baseline
1777620633.2827861,0.08919930458068848,1358.0,baseline
1777620633.282809,0.08922219276428223,1362.0,baseline
1777620633.282832,0.08924508094787598,1362.0,baseline
1777620633.2828548,0.08926796913146973,1364.0,baseline
1777620633.282877,0.08929014205932617,1363.0,baseline
1777620633.2828999,0.08931303024291992,1361.0,baseline
1777620633.282923,0.08933615684509277,1361.0,baseline
1777620633.282946,0.08935928344726562,1362.0,baseline
1777620633.2829702,0.08938336372375488,1362.0,baseline
1777620633.2829928,0.08940601348876953,1360.0,baseline
1777620633.283016,0.08942914009094238,1359.0,baseline
1777620633.283038,0.08945107460021973,1359.0,baseline
1777620633.283061,0.08947420120239258,1357.0,baseline
1777620633.283084,0.08949708938598633,1364.0,baseline
1777620633.283107,0.08952021598815918,1358.0,baseline
1777620633.2831302,0.08954334259033203,1358.0,baseline
1777620633.2831528,0.08956599235534668,1358.0,baseline
1777620633.283176,0.08958911895751953,1360.0,baseline
1777620633.2831979,0.08961105346679688,1361.0,baseline
1777620633.283221,0.08963418006896973,1360.0,baseline
1777620633.283252,0.08966517448425293,1358.0,baseline
1777620633.283276,0.08968925476074219,1357.0,baseline
1777620633.283299,0.08971214294433594,1357.0,baseline
1777620633.283322,0.08973526954650879,1357.0,baseline
1777620633.283345,0.08975815773010254,1356.0,baseline
1777620633.2833679,0.08978104591369629,1356.0,baseline
1777620633.283391,0.08980417251586914,1357.0,baseline
1777620633.283413,0.08982610702514648,1357.0,baseline
1777620633.283436,0.08984923362731934,1360.0,baseline
1777620633.2834592,0.08987236022949219,1362.0,baseline
1777620633.2834811,0.08989429473876953,1361.0,baseline
1777620633.283504,0.08991718292236328,1361.0,baseline
1777620633.28353,0.08994317054748535,1358.0,baseline
1777620633.2835531,0.0899662971496582,1358.0,baseline
1777620633.283576,0.08998918533325195,1357.0,baseline
1777620633.2835982,0.0900113582611084,1358.0,baseline
1777620633.283621,0.09003424644470215,1359.0,baseline
1777620633.283644,0.0900571346282959,1359.0,baseline
1777620633.2836668,0.09008002281188965,1362.0,baseline
1777620633.28369,0.0901031494140625,1363.0,baseline
1777620633.283713,0.09012627601623535,1360.0,baseline
1777620633.283736,0.0901491641998291,1358.0,baseline
1777620633.283766,0.0901792049407959,1358.0,baseline
1777620633.28379,0.09020328521728516,1357.0,baseline
1777620633.2838132,0.09022641181945801,1363.0,baseline
1777620633.283836,0.09024906158447266,1360.0,baseline
1777620633.2838578,0.09027099609375,1361.0,baseline
1777620633.283881,0.09029412269592285,1358.0,baseline
1777620633.283906,0.09031915664672852,1362.0,baseline
1777620633.283929,0.09034228324890137,1359.0,baseline
1777620633.283951,0.09036421775817871,1358.0,baseline
1777620633.283974,0.09038710594177246,1360.0,baseline
1777620633.2839968,0.09040999412536621,1358.0,baseline
1777620633.28402,0.09043312072753906,1358.0,baseline
1777620633.284043,0.09045624732971191,1357.0,baseline
1777620633.284065,0.09047818183898926,1361.0,baseline
1777620633.2840881,0.09050130844116211,1359.0,baseline
1777620633.28411,0.09052324295043945,1359.0,baseline
1777620633.2841332,0.0905463695526123,1361.0,baseline
1777620633.2841558,0.09056901931762695,1363.0,baseline
1777620633.284179,0.0905921459197998,1363.0,baseline
1777620633.284202,0.09061527252197266,1363.0,baseline
1777620633.284224,0.09063720703125,1358.0,baseline
1777620633.284247,0.09066009521484375,1357.0,baseline
1777620633.284276,0.09068918228149414,1359.0,baseline
1777620633.284299,0.09071207046508789,1359.0,baseline
1777620633.284322,0.09073519706726074,1359.0,baseline
1777620633.2843451,0.0907583236694336,1359.0,baseline
1777620633.2843678,0.09078097343444824,1357.0,baseline
1777620633.28439,0.09080314636230469,1357.0,baseline
1777620633.2844129,0.09082603454589844,1357.0,baseline
1777620633.284436,0.09084916114807129,1356.0,baseline
1777620633.284459,0.09087228775024414,1356.0,baseline
1777620633.284482,0.09089517593383789,1359.0,baseline
1777620633.2845042,0.09091734886169434,1359.0,baseline
1777620633.284527,0.09094023704528809,1358.0,baseline
1777620633.28455,0.09096312522888184,1361.0,baseline
1777620633.2845728,0.09098601341247559,1362.0,baseline
1777620633.284596,0.09100914001464844,1360.0,baseline
1777620633.284619,0.09103226661682129,1357.0,baseline
1777620633.2846808,0.0910940170288086,1359.0,baseline
1777620633.284705,0.09111809730529785,1360.0,baseline
1777620633.284728,0.0911412239074707,1362.0,baseline
1777620633.2847512,0.09116435050964355,1360.0,baseline
1777620633.2847738,0.0911870002746582,1359.0,baseline
1777620633.284797,0.09121012687683105,1358.0,baseline
1777620633.284827,0.09124016761779785,1361.0,baseline
1777620633.2848508,0.09126400947570801,1358.0,baseline
1777620633.284874,0.09128713607788086,1355.0,baseline
1777620633.284897,0.09131026268005371,1356.0,baseline
1777620633.284919,0.09133219718933105,1355.0,baseline
1777620633.2849422,0.0913553237915039,1356.0,baseline
1777620633.284965,0.09137821197509766,1353.0,baseline
1777620633.284987,0.091400146484375,1356.0,baseline
1777620633.2850099,0.09142303466796875,1357.0,baseline
1777620633.285033,0.0914461612701416,1357.0,baseline
1777620633.285056,0.09146928787231445,1359.0,baseline
1777620633.285078,0.0914912223815918,1359.0,baseline
1777620633.285101,0.09151411056518555,1361.0,baseline
1777620633.285124,0.0915372371673584,1361.0,baseline
1777620633.285147,0.09156012535095215,1357.0,baseline
1777620633.285169,0.09158205986022949,1356.0,baseline
1777620633.285192,0.09160518646240234,1359.0,baseline
1777620633.285215,0.0916280746459961,1356.0,baseline
1777620633.285238,0.09165120124816895,1357.0,baseline
1777620633.28526,0.09167313575744629,1359.0,baseline
1777620633.285283,0.09169626235961914,1359.0,baseline
1777620633.2853062,0.09171938896179199,1361.0,baseline
1777620633.285335,0.09174823760986328,1359.0,baseline
1777620633.2853582,0.09177136421203613,1358.0,baseline
1777620633.285381,0.09179425239562988,1358.0,baseline
1777620633.2854059,0.09181904792785645,1358.0,baseline
1777620633.285429,0.0918421745300293,1359.0,baseline
1777620633.2854521,0.09186530113220215,1358.0,baseline
1777620633.285475,0.0918881893157959,1359.0,baseline
1777620633.2854972,0.09191036224365234,1356.0,baseline
1777620633.2855198,0.09193301200866699,1356.0,baseline
1777620633.285543,0.09195613861083984,1358.0,baseline
1777620633.2855659,0.0919790267944336,1356.0,baseline
1777620633.285589,0.09200215339660645,1355.0,baseline
1777620633.285612,0.0920252799987793,1358.0,baseline
1777620633.285634,0.09204721450805664,1361.0,baseline
1777620633.2856572,0.09207034111022949,1356.0,baseline
1777620633.28568,0.09209322929382324,1357.0,baseline
1777620633.285703,0.09211611747741699,1356.0,baseline
1777620633.285726,0.09213924407958984,1360.0,baseline
1777620633.285748,0.09216117858886719,1361.0,baseline
1777620633.285771,0.09218406677246094,1361.0,baseline
1777620633.285794,0.09220719337463379,1361.0,baseline
1777620633.2858171,0.09223031997680664,1360.0,baseline
1777620633.285846,0.09225916862487793,1356.0,baseline
1777620633.28587,0.09228324890136719,1356.0,baseline
1777620633.2858932,0.09230637550354004,1359.0,baseline
1777620633.285915,0.09232807159423828,1361.0,baseline
1777620633.285938,0.09235119819641113,1360.0,baseline
1777620633.285961,0.09237408638000488,1360.0,baseline
1777620633.286,0.09241318702697754,1358.0,baseline
1777620633.286023,0.09243607521057129,1358.0,baseline
1777620633.286046,0.09245920181274414,1359.0,baseline
1777620633.286069,0.09248208999633789,1357.0,baseline
1777620633.286091,0.09250426292419434,1360.0,baseline
1777620633.286114,0.09252715110778809,1361.0,baseline
1777620633.286137,0.09255027770996094,1358.0,baseline
1777620633.2861598,0.09257292747497559,1358.0,baseline
1777620633.2861829,0.09259605407714844,1358.0,baseline
1777620633.286206,0.09261918067932129,1361.0,baseline
1777620633.286228,0.09264111518859863,1358.0,baseline
1777620633.286251,0.09266424179077148,1358.0,baseline
1777620633.286274,0.09268712997436523,1359.0,baseline
1777620633.286297,0.09271025657653809,1359.0,baseline
1777620633.286319,0.09273219108581543,1357.0,baseline
1777620633.286342,0.09275507926940918,1361.0,baseline
1777620633.2863722,0.09278535842895508,1358.0,baseline
1777620633.2863948,0.09280800819396973,1356.0,baseline
1777620633.286418,0.09283113479614258,1361.0,baseline
1777620633.2864408,0.09285402297973633,1359.0,baseline
1777620633.286464,0.09287714958190918,1356.0,baseline
1777620633.286487,0.09290027618408203,1353.0,baseline
1777620633.28651,0.09292316436767578,1348.0,baseline
1777620633.2865322,0.09294533729553223,1332.0,baseline
1777620633.2865548,0.09296798706054688,1316.0,baseline
1777620633.286578,0.09299111366271973,1316.0,baseline
1777620633.286601,0.09301424026489258,1321.0,baseline
1777620633.286623,0.09303617477416992,1323.0,baseline
1777620633.2866461,0.09305930137634277,1325.0,baseline
1777620633.286669,0.09308218955993652,1327.0,baseline
1777620633.2866921,0.09310531616210938,1328.0,baseline
1777620633.2867148,0.09312796592712402,1325.0,baseline
1777620633.286737,0.09315013885498047,1313.0,baseline
1777620633.2867599,0.09317302703857422,1307.0,baseline
1777620633.286783,0.09319615364074707,1308.0,baseline
1777620633.286806,0.09321928024291992,1326.0,baseline
1777620633.286829,0.09324216842651367,1348.0,baseline
1777620633.2868521,0.09326529502868652,1372.0,baseline
1777620633.286881,0.09329414367675781,1381.0,baseline
1777620633.286905,0.09331822395324707,1373.0,baseline
1777620633.2869272,0.09334039688110352,1374.0,baseline
1777620633.2869499,0.09336304664611816,1375.0,baseline
1777620633.286973,0.09338617324829102,1376.0,baseline
1777620633.286995,0.09340810775756836,1373.0,baseline
1777620633.287018,0.09343123435974121,1374.0,baseline
1777620633.287041,0.09345412254333496,1372.0,baseline
1777620633.287064,0.09347724914550781,1371.0,baseline
1777620633.2870872,0.09350037574768066,1371.0,baseline
1777620633.2871099,0.09352302551269531,1371.0,baseline
1777620633.2871318,0.09354496002197266,1371.0,baseline
1777620633.287155,0.09356808662414551,1369.0,baseline
1777620633.287178,0.09359121322631836,1371.0,baseline
1777620633.287201,0.09361410140991211,1371.0,baseline
1777620633.287224,0.09363722801208496,1372.0,baseline
1777620633.287246,0.0936591625213623,1372.0,baseline
1777620633.287269,0.09368228912353516,1375.0,baseline
1777620633.287292,0.0937051773071289,1376.0,baseline
1777620633.287314,0.09372711181640625,1381.0,baseline
1777620633.287337,0.0937502384185791,1381.0,baseline
1777620633.28736,0.09377312660217285,1382.0,baseline
1777620633.287389,0.09380221366882324,1385.0,baseline
1777620633.287412,0.09382510185241699,1383.0,baseline
1777620633.287435,0.09384822845458984,1370.0,baseline
1777620633.287458,0.0938711166381836,1364.0,baseline
1777620633.28748,0.09389328956604004,1358.0,baseline
1777620633.287503,0.09391617774963379,1356.0,baseline
1777620633.2875252,0.09393835067749023,1352.0,baseline
1777620633.2875478,0.09396100044250488,1351.0,baseline
1777620633.287571,0.09398412704467773,1353.0,baseline
1777620633.287594,0.09400725364685059,1355.0,baseline
1777620633.287617,0.09403014183044434,1356.0,baseline
1777620633.2876391,0.09405231475830078,1352.0,baseline
1777620633.287662,0.09407520294189453,1354.0,baseline
1777620633.2876852,0.09409832954406738,1354.0,baseline
1777620633.2877078,0.09412097930908203,1357.0,baseline
1777620633.287731,0.09414410591125488,1357.0,baseline
1777620633.2877529,0.09416604042053223,1359.0,baseline
1777620633.287776,0.09418916702270508,1359.0,baseline
1777620633.2877991,0.09421229362487793,1357.0,baseline
1777620633.287822,0.09423518180847168,1360.0,baseline
1777620633.2878442,0.09425735473632812,1359.0,baseline
1777620633.2878668,0.09428000450134277,1359.0,baseline
1777620633.287897,0.09431028366088867,1360.0,baseline
1777620633.2879202,0.09433341026306152,1357.0,baseline
1777620633.287943,0.09435606002807617,1356.0,baseline
1777620633.287966,0.09437918663024902,1360.0,baseline
1777620633.287989,0.09440207481384277,1361.0,baseline
1777620633.288012,0.09442520141601562,1358.0,baseline
1777620633.2880352,0.09444832801818848,1356.0,baseline
1777620633.288058,0.09447121620178223,1357.0,baseline
1777620633.28808,0.09449315071105957,1356.0,baseline
1777620633.2881029,0.09451603889465332,1356.0,baseline
1777620633.28814,0.09455323219299316,1355.0,baseline
1777620633.2881632,0.09457635879516602,1358.0,baseline
1777620633.288186,0.09459924697875977,1357.0,baseline
1777620633.288209,0.09462213516235352,1357.0,baseline
1777620633.288231,0.09464406967163086,1361.0,baseline
1777620633.288254,0.09466719627380371,1360.0,baseline
1777620633.288277,0.09469008445739746,1355.0,baseline
1777620633.2883,0.09471321105957031,1356.0,baseline
1777620633.2883232,0.09473633766174316,1356.0,baseline
1777620633.288346,0.09475922584533691,1351.0,baseline
1777620633.288369,0.09478211402893066,1354.0,baseline
1777620633.2883909,0.09480404853820801,1352.0,baseline
1777620633.2884212,0.0948343276977539,1354.0,baseline
1777620633.2884438,0.09485697746276855,1355.0,baseline
1777620633.288467,0.0948801040649414,1352.0,baseline
1777620633.28849,0.09490323066711426,1356.0,baseline
1777620633.288513,0.09492611885070801,1356.0,baseline
1777620633.288536,0.09494924545288086,1357.0,baseline
1777620633.288558,0.0949711799621582,1357.0,baseline
1777620633.2885811,0.09499430656433105,1359.0,baseline
1777620633.288604,0.0950171947479248,1357.0,baseline
1777620633.288627,0.09504008293151855,1356.0,baseline
1777620633.28865,0.0950632095336914,1356.0,baseline
1777620633.288672,0.09508514404296875,1357.0,baseline
1777620633.288695,0.0951082706451416,1358.0,baseline
1777620633.288718,0.09513115882873535,1356.0,baseline
1777620633.288741,0.0951542854309082,1358.0,baseline
1777620633.2887628,0.09517598152160645,1358.0,baseline
1777620633.288786,0.0951991081237793,1356.0,baseline
1777620633.288809,0.09522223472595215,1356.0,baseline
1777620633.288831,0.09524416923522949,1357.0,baseline
1777620633.2888541,0.09526729583740234,1356.0,baseline
1777620633.288877,0.0952901840209961,1356.0,baseline
1777620633.2889001,0.09531331062316895,1356.0,baseline
1777620633.288929,0.09534215927124023,1357.0,baseline
1777620633.288954,0.0953671932220459,1357.0,baseline
1777620633.288977,0.09539008140563965,1361.0,baseline
1777620633.289,0.0954132080078125,1360.0,baseline
1777620633.289023,0.09543609619140625,1356.0,baseline
1777620633.289045,0.0954582691192627,1357.0,baseline
1777620633.289068,0.09548115730285645,1356.0,baseline
1777620633.289091,0.0955042839050293,1358.0,baseline
1777620633.289114,0.09552717208862305,1356.0,baseline
1777620633.2891362,0.09554934501647949,1356.0,baseline
1777620633.2891588,0.09557199478149414,1355.0,baseline
1777620633.289182,0.09559512138366699,1357.0,baseline
1777620633.289204,0.09561705589294434,1356.0,baseline
1777620633.289227,0.09564018249511719,1359.0,baseline
1777620633.2892501,0.09566330909729004,1361.0,baseline
1777620633.289273,0.09568619728088379,1360.0,baseline
1777620633.2892952,0.09570837020874023,1356.0,baseline
1777620633.2893178,0.09573101997375488,1356.0,baseline
1777620633.289341,0.09575414657592773,1358.0,baseline
1777620633.2893639,0.09577703475952148,1361.0,baseline
1777620633.2893891,0.09580230712890625,1358.0,baseline
1777620633.289412,0.0958251953125,1359.0,baseline
1777620633.28944,0.09585309028625488,1361.0,baseline
1777620633.2894652,0.09587836265563965,1359.0,baseline
1777620633.2894871,0.09590029716491699,1356.0,baseline
1777620633.2895098,0.09592294692993164,1355.0,baseline
1777620633.289533,0.09594607353210449,1358.0,baseline
1777620633.2895548,0.09596800804138184,1361.0,baseline
1777620633.289578,0.09599113464355469,1360.0,baseline
1777620633.289601,0.09601426124572754,1358.0,baseline
1777620633.289624,0.09603714942932129,1358.0,baseline
1777620633.2896461,0.09605932235717773,1356.0,baseline
1777620633.289669,0.09608221054077148,1357.0,baseline
1777620633.289692,0.09610509872436523,1357.0,baseline
1777620633.2897139,0.09612703323364258,1356.0,baseline
1777620633.289737,0.09615015983581543,1355.0,baseline
1777620633.28976,0.09617328643798828,1357.0,baseline
1777620633.289783,0.09619617462158203,1356.0,baseline
1777620633.2898061,0.09621930122375488,1356.0,baseline
1777620633.289829,0.09624218940734863,1360.0,baseline
1777620633.289851,0.09626412391662598,1359.0,baseline
1777620633.28988,0.09629321098327637,1357.0,baseline
1777620633.2899032,0.09631633758544922,1358.0,baseline
1777620633.2899258,0.09633898735046387,1357.0,baseline
1777620633.2899551,0.09636831283569336,1356.0,baseline
1777620633.289979,0.09639215469360352,1358.0,baseline
1777620633.2900019,0.09641504287719727,1361.0,baseline
1777620633.290025,0.09643816947937012,1361.0,baseline
1777620633.290047,0.09646010398864746,1360.0,baseline
1777620633.29007,0.09648323059082031,1362.0,baseline
1777620633.290093,0.09650611877441406,1360.0,baseline
1777620633.290115,0.09652829170227051,1359.0,baseline
1777620633.290138,0.09655117988586426,1361.0,baseline
1777620633.290161,0.09657406806945801,1359.0,baseline
1777620633.2901828,0.09659600257873535,1362.0,baseline
1777620633.290206,0.0966191291809082,1360.0,baseline
1777620633.290229,0.09664225578308105,1359.0,baseline
1777620633.290252,0.0966651439666748,1361.0,baseline
1777620633.290275,0.09668827056884766,1361.0,baseline
1777620633.2902982,0.09671139717102051,1358.0,baseline
1777620633.29032,0.09673309326171875,1357.0,baseline
1777620633.2903428,0.0967559814453125,1359.0,baseline
1777620633.290366,0.09677910804748535,1361.0,baseline
1777620633.290389,0.0968022346496582,1357.0,baseline
1777620633.290411,0.09682416915893555,1356.0,baseline
1777620633.2904341,0.0968472957611084,1358.0,baseline
1777620633.290457,0.09687018394470215,1356.0,baseline
1777620633.290488,0.09690117835998535,1354.0,baseline
1777620633.2905111,0.0969243049621582,1356.0,baseline
1777620633.2905338,0.09694695472717285,1358.0,baseline
1777620633.290556,0.0969691276550293,1358.0,baseline
1777620633.2905788,0.09699201583862305,1357.0,baseline
1777620633.290602,0.0970151424407959,1358.0,baseline
1777620633.290625,0.09703826904296875,1358.0,baseline
1777620633.290648,0.0970611572265625,1357.0,baseline
1777620633.2906702,0.09708333015441895,1357.0,baseline
1777620633.290693,0.0971062183380127,1362.0,baseline
1777620633.290716,0.09712910652160645,1360.0,baseline
1777620633.2907379,0.09715104103088379,1358.0,baseline
1777620633.290761,0.09717416763305664,1358.0,baseline
1777620633.290784,0.09719705581665039,1360.0,baseline
1777620633.290807,0.09722018241882324,1359.0,baseline
1777620633.290829,0.09724211692810059,1360.0,baseline
1777620633.290852,0.09726524353027344,1360.0,baseline
1777620633.290875,0.09728813171386719,1361.0,baseline
1777620633.2908978,0.09731101989746094,1361.0,baseline
1777620633.290921,0.09733414649963379,1362.0,baseline
1777620633.290943,0.09735608100891113,1362.0,baseline
1777620633.290966,0.09737920761108398,1362.0,baseline
1777620633.290995,0.09740805625915527,1361.0,baseline
1777620633.29102,0.09743309020996094,1360.0,baseline
1777620633.291043,0.09745621681213379,1361.0,baseline
1777620633.2910662,0.09747934341430664,1358.0,baseline
1777620633.2910879,0.09750103950500488,1356.0,baseline
1777620633.291112,0.09752511978149414,1359.0,baseline
1777620633.2911339,0.09754705429077148,1361.0,baseline
1777620633.291157,0.09757018089294434,1359.0,baseline
1777620633.2911801,0.09759330749511719,1361.0,baseline
1777620633.291203,0.09761619567871094,1364.0,baseline
1777620633.2912252,0.09763836860656738,1366.0,baseline
1777620633.291248,0.09766125679016113,1365.0,baseline
1777620633.291271,0.09768414497375488,1361.0,baseline
1777620633.2912939,0.09770703315734863,1360.0,baseline
1777620633.291317,0.09773015975952148,1361.0,baseline
1777620633.291339,0.09775209426879883,1360.0,baseline
1777620633.291362,0.09777522087097168,1361.0,baseline
1777620633.2913852,0.09779834747314453,1360.0,baseline
1777620633.2914078,0.09782099723815918,1358.0,baseline
1777620633.29143,0.09784317016601562,1357.0,baseline
1777620633.291453,0.09786605834960938,1360.0,baseline
1777620633.291476,0.09788918495178223,1359.0,baseline
1777620633.2915041,0.09791731834411621,1358.0,baseline
1777620633.291529,0.09794211387634277,1356.0,baseline
1777620633.2915509,0.09796404838562012,1361.0,baseline
1777620633.2915862,0.09799933433532715,1357.0,baseline
1777620633.291609,0.0980222225189209,1355.0,baseline
1777620633.2916322,0.09804534912109375,1358.0,baseline
1777620633.2916548,0.0980679988861084,1359.0,baseline
1777620633.291678,0.09809112548828125,1358.0,baseline
1777620633.2917,0.0981130599975586,1356.0,baseline
1777620633.291723,0.09813618659973145,1356.0,baseline
1777620633.2917461,0.0981593132019043,1357.0,baseline
1777620633.291769,0.09818220138549805,1357.0,baseline
1777620633.291792,0.0982050895690918,1356.0,baseline
1777620633.2918139,0.09822702407836914,1356.0,baseline
1777620633.291837,0.09825015068054199,1357.0,baseline
1777620633.2918599,0.09827303886413574,1358.0,baseline
1777620633.291883,0.0982961654663086,1356.0,baseline
1777620633.291906,0.09831929206848145,1357.0,baseline
1777620633.291928,0.09834122657775879,1355.0,baseline
1777620633.2919512,0.09836435317993164,1354.0,baseline
1777620633.2919738,0.09838700294494629,1355.0,baseline
1777620633.291997,0.09841012954711914,1356.0,baseline
1777620633.292025,0.09843826293945312,1358.0,baseline
1777620633.292049,0.09846210479736328,1358.0,baseline
1777620633.2920718,0.09848499298095703,1357.0,baseline
1777620633.292095,0.09850811958312988,1357.0,baseline
1777620633.292118,0.09853124618530273,1358.0,baseline
1777620633.29214,0.09855318069458008,1359.0,baseline
1777620633.2921631,0.09857630729675293,1358.0,baseline
1777620633.292186,0.09859919548034668,1360.0,baseline
1777620633.2922082,0.09862136840820312,1358.0,baseline
1777620633.2922308,0.09864401817321777,1354.0,baseline
1777620633.292254,0.09866714477539062,1358.0,baseline
1777620633.292277,0.09869027137756348,1359.0,baseline
1777620633.292299,0.09871220588684082,1357.0,baseline
1777620633.2923222,0.09873533248901367,1356.0,baseline
1777620633.292345,0.09875822067260742,1356.0,baseline
1777620633.292368,0.09878110885620117,1358.0,baseline
1777620633.2923899,0.09880304336547852,1356.0,baseline
1777620633.292413,0.09882616996765137,1355.0,baseline
1777620633.292436,0.09884905815124512,1356.0,baseline
1777620633.292459,0.09887218475341797,1358.0,baseline
1777620633.2924821,0.09889531135559082,1357.0,baseline
1777620633.292504,0.09891724586486816,1356.0,baseline
1777620633.2925272,0.09894037246704102,1359.0,baseline
1777620633.292556,0.0989692211151123,1356.0,baseline
1777620633.2925801,0.09899330139160156,1358.0,baseline
1777620633.2926028,0.09901595115661621,1360.0,baseline
1777620633.292626,0.09903907775878906,1360.0,baseline
1777620633.2926478,0.0990610122680664,1358.0,baseline
1777620633.292671,0.09908413887023926,1359.0,baseline
1777620633.292694,0.09910726547241211,1361.0,baseline
1777620633.292717,0.09913015365600586,1358.0,baseline
1777620633.29274,0.09915328025817871,1356.0,baseline
1777620633.292763,0.09917616844177246,1357.0,baseline
1777620633.292786,0.09919905662536621,1356.0,baseline
1777620633.2928078,0.09922099113464355,1356.0,baseline
1777620633.292831,0.0992441177368164,1354.0,baseline
1777620633.292854,0.09926724433898926,1354.0,baseline
1777620633.292877,0.09929013252258301,1354.0,baseline
1777620633.2928991,0.09931230545043945,1356.0,baseline
1777620633.292922,0.0993351936340332,1357.0,baseline
1777620633.292945,0.09935808181762695,1359.0,baseline
1777620633.2929668,0.0993800163269043,1356.0,baseline
1777620633.29299,0.09940314292907715,1356.0,baseline
1777620633.293013,0.09942626953125,1357.0,baseline
1777620633.293036,0.09944915771484375,1358.0,baseline
1777620633.293065,0.09947824478149414,1357.0,baseline
1777620633.293089,0.0995020866394043,1359.0,baseline
1777620633.293111,0.09952425956726074,1351.0,baseline
1777620633.293134,0.09954714775085449,1356.0,baseline
1777620633.293157,0.09957027435302734,1358.0,baseline
1777620633.29318,0.0995931625366211,1358.0,baseline
1777620633.293202,0.09961509704589844,1356.0,baseline
1777620633.293225,0.09963822364807129,1357.0,baseline
1777620633.293248,0.09966111183166504,1360.0,baseline
1777620633.293271,0.09968423843383789,1358.0,baseline
1777620633.293293,0.09970617294311523,1361.0,baseline
1777620633.2933161,0.09972929954528809,1362.0,baseline
1777620633.2933419,0.09975504875183105,1361.0,baseline
1777620633.293365,0.0997781753540039,1359.0,baseline
1777620633.293387,0.09980010986328125,1361.0,baseline
1777620633.29341,0.0998232364654541,1358.0,baseline
1777620633.2934332,0.09984636306762695,1356.0,baseline
1777620633.2934558,0.0998690128326416,1356.0,baseline
1777620633.293479,0.09989213943481445,1356.0,baseline
1777620633.2935019,0.0999150276184082,1358.0,baseline
1777620633.293525,0.09993815422058105,1356.0,baseline
1777620633.293547,0.0999600887298584,1356.0,baseline
1777620633.293576,0.09998917579650879,1356.0,baseline
1777620633.2936,0.10001325607299805,1356.0,baseline
1777620633.293623,0.1000361442565918,1357.0,baseline
1777620633.293646,0.10005927085876465,1356.0,baseline
1777620633.2936692,0.1000823974609375,1358.0,baseline
1777620633.2936919,0.10010504722595215,1356.0,baseline
1777620633.293715,0.100128173828125,1356.0,baseline
1777620633.293738,0.10015106201171875,1356.0,baseline
1777620633.29376,0.1001732349395752,1357.0,baseline
1777620633.293783,0.10019612312316895,1356.0,baseline
1777620633.293806,0.1002192497253418,1356.0,baseline
1777620633.293828,0.10024118423461914,1356.0,baseline
1777620633.293851,0.10026407241821289,1356.0,baseline
1777620633.293874,0.10028719902038574,1357.0,baseline
1777620633.293897,0.10031008720397949,1357.0,baseline
1777620633.293919,0.10033226013183594,1356.0,baseline
1777620633.293942,0.10035514831542969,1358.0,baseline
1777620633.293965,0.10037827491760254,1357.0,baseline
1777620633.293988,0.10040116310119629,1358.0,baseline
1777620633.2940102,0.10042333602905273,1361.0,baseline
1777620633.2940328,0.10044598579406738,1358.0,baseline
1777620633.294056,0.10046911239624023,1356.0,baseline
1777620633.294079,0.10049223899841309,1356.0,baseline
1777620633.2941089,0.10052204132080078,1358.0,baseline
1777620633.294132,0.10054516792297363,1357.0,baseline
1777620633.2941551,0.10056829452514648,1355.0,baseline
1777620633.294178,0.10059118270874023,1356.0,baseline
1777620633.2942002,0.10061335563659668,1357.0,baseline
1777620633.294223,0.10063624382019043,1359.0,baseline
1777620633.294246,0.10065913200378418,1358.0,baseline
1777620633.2942688,0.10068202018737793,1358.0,baseline
1777620633.294292,0.10070514678955078,1356.0,baseline
1777620633.294314,0.10072708129882812,1355.0,baseline
1777620633.2943401,0.1007533073425293,1357.0,baseline
1777620633.294362,0.10077524185180664,1357.0,baseline
1777620633.294385,0.10079813003540039,1358.0,baseline
1777620633.2944078,0.10082101821899414,1360.0,baseline
1777620633.294431,0.10084414482116699,1362.0,baseline
1777620633.294454,0.10086727142333984,1358.0,baseline
1777620633.294476,0.10088920593261719,1357.0,baseline
1777620633.2944992,0.10091233253479004,1357.0,baseline
1777620633.294522,0.10093522071838379,1361.0,baseline
1777620633.294545,0.10095810890197754,1359.0,baseline
1777620633.2945669,0.10098004341125488,1359.0,baseline
1777620633.29459,0.10100317001342773,1357.0,baseline
1777620633.2946188,0.10103201866149902,1356.0,baseline
1777620633.294643,0.10105609893798828,1356.0,baseline
1777620633.294666,0.10107922554016113,1356.0,baseline
1777620633.294688,0.10110116004943848,1359.0,baseline
1777620633.294711,0.10112428665161133,1357.0,baseline
1777620633.294734,0.10114717483520508,1357.0,baseline
1777620633.2947571,0.10117030143737793,1357.0,baseline
1777620633.29478,0.10119318962097168,1357.0,baseline
1777620633.294803,0.10121607780456543,1358.0,baseline
1777620633.294826,0.10123920440673828,1358.0,baseline
1777620633.294848,0.10126113891601562,1355.0,baseline
1777620633.294871,0.10128426551818848,1356.0,baseline
1777620633.294894,0.10130715370178223,1357.0,baseline
1777620633.294917,0.10133028030395508,1357.0,baseline
1777620633.2949388,0.10135197639465332,1357.0,baseline
1777620633.294962,0.10137510299682617,1356.0,baseline
1777620633.294985,0.10139822959899902,1357.0,baseline
1777620633.295021,0.10143423080444336,1358.0,baseline
1777620633.2950451,0.10145831108093262,1357.0,baseline
1777620633.2950678,0.10148096084594727,1357.0,baseline
1777620633.295091,0.10150408744812012,1356.0,baseline
1777620633.295114,0.10152721405029297,1358.0,baseline
1777620633.295142,0.10155510902404785,1356.0,baseline
1777620633.295168,0.10158109664916992,1357.0,baseline
1777620633.295191,0.10160422325134277,1358.0,baseline
1777620633.2952142,0.10162734985351562,1363.0,baseline
1777620633.295237,0.10165023803710938,1361.0,baseline
1777620633.29526,0.10167312622070312,1361.0,baseline
1777620633.2952828,0.10169601440429688,1359.0,baseline
1777620633.295305,0.10171818733215332,1360.0,baseline
1777620633.295328,0.10174107551574707,1361.0,baseline
1777620633.295351,0.10176420211791992,1357.0,baseline
1777620633.2953742,0.10178732872009277,1357.0,baseline
1777620633.295396,0.10180926322937012,1357.0,baseline
1777620633.295419,0.10183215141296387,1356.0,baseline
1777620633.2954419,0.10185503959655762,1358.0,baseline
1777620633.295465,0.10187816619873047,1358.0,baseline
1777620633.295488,0.10190129280090332,1356.0,baseline
1777620633.295511,0.10192418098449707,1359.0,baseline
1777620633.2955341,0.10194730758666992,1358.0,baseline
1777620633.295557,0.10197019577026367,1358.0,baseline
1777620633.295579,0.10199213027954102,1358.0,baseline
1777620633.2956018,0.10201501846313477,1358.0,baseline
1777620633.295625,0.10203814506530762,1356.0,baseline
1777620633.2956538,0.1020669937133789,1358.0,baseline
1777620633.29568,0.10209321975708008,1359.0,baseline
1777620633.295702,0.10211515426635742,1357.0,baseline
1777620633.295725,0.10213828086853027,1356.0,baseline
1777620633.295748,0.10216116905212402,1361.0,baseline
1777620633.295771,0.10218405723571777,1361.0,baseline
1777620633.295794,0.10220718383789062,1356.0,baseline
1777620633.295816,0.10222911834716797,1358.0,baseline
1777620633.295842,0.10225510597229004,1357.0,baseline
1777620633.295864,0.10227727890014648,1357.0,baseline
1777620633.295887,0.10230016708374023,1358.0,baseline
1777620633.29591,0.10232305526733398,1358.0,baseline
1777620633.295933,0.10234618186950684,1359.0,baseline
1777620633.295955,0.10236811637878418,1359.0,baseline
1777620633.295978,0.10239124298095703,1357.0,baseline
1777620633.296,0.10241317749023438,1357.0,baseline
1777620633.2960231,0.10243630409240723,1356.0,baseline
1777620633.296046,0.10245919227600098,1356.0,baseline
1777620633.2960691,0.10248231887817383,1357.0,baseline
1777620633.2960908,0.10250401496887207,1359.0,baseline
1777620633.296114,0.10252714157104492,1358.0,baseline
1777620633.2961369,0.10255002975463867,1356.0,baseline
1777620633.29616,0.10257315635681152,1355.0,baseline
1777620633.29619,0.10260319709777832,1357.0,baseline
1777620633.296213,0.10262608528137207,1359.0,baseline
1777620633.296236,0.10264921188354492,1358.0,baseline
1777620633.2962592,0.10267233848571777,1361.0,baseline
1777620633.296282,0.10269522666931152,1359.0,baseline
1777620633.2963042,0.10271739959716797,1361.0,baseline
1777620633.2963269,0.10274004936218262,1361.0,baseline
1777620633.29635,0.10276317596435547,1362.0,baseline
1777620633.296373,0.10278606414794922,1360.0,baseline
1777620633.296396,0.10280919075012207,1361.0,baseline
1777620633.2964191,0.10283231735229492,1359.0,baseline
1777620633.296469,0.10288214683532715,1361.0,baseline
1777620633.296493,0.1029062271118164,1361.0,baseline
1777620633.2965162,0.10292935371398926,1360.0,baseline
1777620633.2965388,0.1029520034790039,1361.0,baseline
1777620633.296561,0.10297417640686035,1358.0,baseline
1777620633.296584,0.1029970645904541,1358.0,baseline
1777620633.296606,0.10301923751831055,1361.0,baseline
1777620633.296628,0.10304117202758789,1358.0,baseline
1777620633.2966511,0.10306429862976074,1356.0,baseline
1777620633.296673,0.10308623313903809,1355.0,baseline
1777620633.296695,0.10310816764831543,1356.0,baseline
1777620633.2967198,0.10313296318054199,1357.0,baseline
1777620633.296745,0.10315823554992676,1358.0,baseline
1777620633.296767,0.1031801700592041,1359.0,baseline
1777620633.2967901,0.10320329666137695,1358.0,baseline
1777620633.296812,0.1032252311706543,1357.0,baseline
1777620633.296834,0.10324716567993164,1361.0,baseline
1777620633.296857,0.10327029228210449,1355.0,baseline
1777620633.296879,0.10329222679138184,1352.0,baseline
1777620633.2969012,0.10331439971923828,1353.0,baseline
1777620633.296923,0.10333609580993652,1362.0,baseline
1777620633.2969449,0.10335803031921387,1362.0,baseline
1777620633.296967,0.10338020324707031,1358.0,baseline
1777620633.296989,0.10340213775634766,1359.0,baseline
1777620633.297011,0.103424072265625,1359.0,baseline
1777620633.297034,0.10344719886779785,1360.0,baseline
1777620633.297056,0.1034691333770752,1359.0,baseline
1777620633.2970781,0.10349130630493164,1356.0,baseline
1777620633.2971,0.10351324081420898,1356.0,baseline
1777620633.297122,0.10353517532348633,1355.0,baseline
1777620633.2971442,0.10355734825134277,1348.0,baseline
1777620633.297166,0.10357928276062012,1347.0,baseline
1777620633.297188,0.10360121726989746,1360.0,baseline
1777620633.297216,0.10362911224365234,1368.0,baseline
1777620633.29724,0.1036531925201416,1363.0,baseline
1777620633.2972622,0.10367536544799805,1359.0,baseline
1777620633.2972841,0.10369729995727539,1355.0,baseline
1777620633.297306,0.10371923446655273,1354.0,baseline
1777620633.2973309,0.1037440299987793,1355.0,baseline
1777620633.297353,0.10376620292663574,1356.0,baseline
1777620633.297375,0.10378813743591309,1358.0,baseline
1777620633.297397,0.10381007194519043,1358.0,baseline
1777620633.297419,0.10383224487304688,1357.0,baseline
1777620633.297441,0.10385417938232422,1355.0,baseline
1777620633.297463,0.10387611389160156,1353.0,baseline
1777620633.297485,0.10389828681945801,1356.0,baseline
1777620633.297507,0.10392022132873535,1359.0,baseline
1777620633.297529,0.1039421558380127,1356.0,baseline
1777620633.2975512,0.10396432876586914,1355.0,baseline
1777620633.2975738,0.10398697853088379,1356.0,baseline
1777620633.297596,0.10400915145874023,1358.0,baseline
1777620633.297618,0.10403108596801758,1356.0,baseline
1777620633.2976398,0.10405302047729492,1354.0,baseline
1777620633.297662,0.10407519340515137,1358.0,baseline
1777620633.297684,0.10409712791442871,1359.0,baseline
1777620633.297712,0.1041252613067627,1362.0,baseline
1777620633.297737,0.10415005683898926,1362.0,baseline
1777620633.297759,0.1041722297668457,1360.0,baseline
1777620633.297781,0.10419416427612305,1359.0,baseline
1777620633.297806,0.10421919822692871,1358.0,baseline
1777620633.2978282,0.10424137115478516,1360.0,baseline
1777620633.2978501,0.1042633056640625,1363.0,baseline
1777620633.2978718,0.10428500175476074,1367.0,baseline
1777620633.297894,0.10430717468261719,1365.0,baseline
1777620633.297916,0.10432910919189453,1358.0,baseline
1777620633.2979379,0.10435104370117188,1356.0,baseline
1777620633.29796,0.10437321662902832,1355.0,baseline
1777620633.297983,0.10439610481262207,1307.0,baseline
1777620633.298005,0.10441827774047852,1320.0,baseline
1777620633.298027,0.10444021224975586,1330.0,baseline
1777620633.298049,0.1044621467590332,1333.0,baseline
1777620633.2980711,0.10448431968688965,1330.0,baseline
1777620633.298093,0.10450625419616699,1330.0,baseline
1777620633.298115,0.10452818870544434,1331.0,baseline
1777620633.2981372,0.10455036163330078,1342.0,baseline
1777620633.2981591,0.10457229614257812,1348.0,baseline
1777620633.298181,0.10459423065185547,1346.0,baseline
1777620633.298203,0.10461616516113281,1331.0,baseline
1777620633.29823,0.10464310646057129,1328.0,baseline
1777620633.298253,0.10466623306274414,1343.0,baseline
1777620633.298275,0.10468816757202148,1361.0,baseline
1777620633.2982972,0.10471034049987793,1370.0,baseline
1777620633.298319,0.10473227500915527,1374.0,baseline
1777620633.298341,0.10475420951843262,1371.0,baseline
1777620633.298363,0.10477614402770996,1369.0,baseline
1777620633.298384,0.1047971248626709,1371.0,baseline
1777620633.298406,0.10481905937194824,1368.0,baseline
1777620633.2984471,0.10486030578613281,1364.0,baseline
1777620633.2984698,0.10488295555114746,1359.0,baseline
1777620633.298493,0.10490608215332031,1356.0,baseline
1777620633.2985148,0.10492801666259766,1351.0,baseline
1777620633.298537,0.1049501895904541,1348.0,baseline
1777620633.298559,0.10497212409973145,1346.0,baseline
1777620633.298581,0.10499405860900879,1327.0,baseline
1777620633.298604,0.10501718521118164,1303.0,baseline
1777620633.298626,0.10503911972045898,1318.0,baseline
1777620633.298648,0.10506129264831543,1347.0,baseline
1777620633.29867,0.10508322715759277,1361.0,baseline
1777620633.298692,0.10510516166687012,1369.0,baseline
1777620633.2987142,0.10512733459472656,1372.0,baseline
1777620633.298744,0.10515713691711426,1369.0,baseline
1777620633.298767,0.10518026351928711,1368.0,baseline
1777620633.298792,0.10520505905151367,1363.0,baseline
1777620633.298814,0.10522723197937012,1364.0,baseline
1777620633.298837,0.10525012016296387,1370.0,baseline
1777620633.2988591,0.10527229309082031,1370.0,baseline
1777620633.298881,0.10529422760009766,1370.0,baseline
1777620633.298903,0.105316162109375,1370.0,baseline
1777620633.2989252,0.10533833503723145,1368.0,baseline
1777620633.298947,0.10536026954650879,1368.0,baseline
1777620633.298969,0.10538220405578613,1370.0,baseline
1777620633.2989912,0.10540437698364258,1368.0,baseline
1777620633.2990131,0.10542631149291992,1367.0,baseline
1777620633.2990358,0.10544896125793457,1363.0,baseline
1777620633.299058,0.10547113418579102,1361.0,baseline
1777620633.2990808,0.10549402236938477,1359.0,baseline
1777620633.299104,0.10551714897155762,1358.0,baseline
1777620633.299127,0.10554027557373047,1358.0,baseline
1777620633.29915,0.10556316375732422,1360.0,baseline
1777620633.2991738,0.10558700561523438,1363.0,baseline
1777620633.299197,0.10561013221740723,1363.0,baseline
1777620633.29922,0.10563325881958008,1361.0,baseline
1777620633.2992482,0.10566139221191406,1361.0,baseline
1777620633.299273,0.10568618774414062,1361.0,baseline
1777620633.299295,0.10570812225341797,1363.0,baseline
1777620633.299317,0.10573005676269531,1360.0,baseline
1777620633.299339,0.10575222969055176,1361.0,baseline
1777620633.299362,0.10577511787414551,1361.0,baseline
1777620633.299385,0.10579824447631836,1359.0,baseline
1777620633.299408,0.10582113265991211,1358.0,baseline
1777620633.2994308,0.10584402084350586,1359.0,baseline
1777620633.299454,0.10586714744567871,1358.0,baseline
1777620633.299477,0.10589027404785156,1358.0,baseline
1777620633.2995121,0.10592532157897949,1359.0,baseline
1777620633.299537,0.10595011711120605,1357.0,baseline
1777620633.2995598,0.1059730052947998,1358.0,baseline
1777620633.299583,0.10599613189697266,1356.0,baseline
1777620633.299605,0.10601806640625,1357.0,baseline
1777620633.299627,0.10604023933410645,1357.0,baseline
1777620633.29965,0.1060631275177002,1356.0,baseline
1777620633.2996721,0.10608530044555664,1356.0,baseline
1777620633.299695,0.10610818862915039,1357.0,baseline
1777620633.2997172,0.10613036155700684,1360.0,baseline
1777620633.299739,0.10615205764770508,1359.0,baseline
1777620633.299767,0.10618019104003906,1358.0,baseline
1777620633.2997918,0.10620498657226562,1357.0,baseline
1777620633.299814,0.10622715950012207,1357.0,baseline
1777620633.299836,0.10624909400939941,1358.0,baseline
1777620633.2998579,0.10627102851867676,1357.0,baseline
1777620633.29988,0.1062932014465332,1361.0,baseline
1777620633.299903,0.10631608963012695,1359.0,baseline
1777620633.299925,0.1063382625579834,1358.0,baseline
1777620633.299947,0.10636019706726074,1359.0,baseline
1777620633.2999701,0.1063833236694336,1359.0,baseline
1777620633.299992,0.10640525817871094,1358.0,baseline
1777620633.300014,0.10642719268798828,1356.0,baseline
1777620633.3000362,0.10644936561584473,1357.0,baseline
1777620633.3000581,0.10647130012512207,1361.0,baseline
1777620633.30008,0.10649323463439941,1362.0,baseline
1777620633.300102,0.10651516914367676,1360.0,baseline
1777620633.300124,0.1065371036529541,1359.0,baseline
1777620633.3001459,0.10655903816223145,1360.0,baseline
1777620633.300169,0.1065821647644043,1354.0,baseline
1777620633.300191,0.10660409927368164,1358.0,baseline
1777620633.300213,0.10662627220153809,1361.0,baseline
1777620633.300236,0.10664916038513184,1360.0,baseline
1777620633.3002582,0.10667133331298828,1357.0,baseline
1777620633.300287,0.10670018196105957,1356.0,baseline
1777620633.300312,0.10672521591186523,1356.0,baseline
1777620633.300334,0.10674715042114258,1356.0,baseline
1777620633.3003561,0.10676932334899902,1358.0,baseline
1777620633.300378,0.10679125785827637,1358.0,baseline
1777620633.3004,0.10681319236755371,1356.0,baseline
1777620633.300423,0.10683608055114746,1357.0,baseline
1777620633.3004448,0.1068580150604248,1359.0,baseline
1777620633.300467,0.10688018798828125,1358.0,baseline
1777620633.300489,0.1069021224975586,1355.0,baseline
1777620633.300511,0.10692405700683594,1357.0,baseline
1777620633.300533,0.10694622993469238,1356.0,baseline
1777620633.300556,0.10696911811828613,1356.0,baseline
1777620633.300578,0.10699129104614258,1356.0,baseline
1777620633.3006,0.10701322555541992,1357.0,baseline
1777620633.3006258,0.10703897476196289,1360.0,baseline
1777620633.300649,0.10706210136413574,1356.0,baseline
1777620633.3006709,0.10708403587341309,1358.0,baseline
1777620633.300693,0.10710620880126953,1358.0,baseline
1777620633.300715,0.10712814331054688,1356.0,baseline
1777620633.3007371,0.10715031623840332,1356.0,baseline
1777620633.30076,0.10717320442199707,1358.0,baseline
1777620633.300787,0.10720014572143555,1356.0,baseline
1777620633.300811,0.1072242259979248,1356.0,baseline
1777620633.300833,0.10724616050720215,1355.0,baseline
1777620633.300856,0.107269287109375,1359.0,baseline
1777620633.300878,0.10729122161865234,1361.0,baseline
1777620633.3009,0.10731315612792969,1360.0,baseline
1777620633.3009229,0.10733604431152344,1360.0,baseline
1777620633.3009448,0.10735797882080078,1358.0,baseline
1777620633.300967,0.10738015174865723,1356.0,baseline
1777620633.300989,0.10740208625793457,1356.0,baseline
1777620633.3010108,0.10742402076721191,1355.0,baseline
1777620633.301034,0.10744714736938477,1354.0,baseline
1777620633.301056,0.10746908187866211,1352.0,baseline
1777620633.301078,0.10749125480651855,1360.0,baseline
1777620633.3011,0.1075131893157959,1358.0,baseline
1777620633.301122,0.10753512382507324,1358.0,baseline
1777620633.301145,0.1075582504272461,1362.0,baseline
1777620633.301167,0.10758018493652344,1359.0,baseline
1777620633.3011892,0.10760235786437988,1359.0,baseline
1777620633.3012109,0.10762405395507812,1357.0,baseline
1777620633.301236,0.10764908790588379,1358.0,baseline
1777620633.301258,0.10767126083374023,1361.0,baseline
1777620633.301286,0.10769915580749512,1360.0,baseline
1777620633.30131,0.10772323608398438,1356.0,baseline
1777620633.301332,0.10774517059326172,1359.0,baseline
1777620633.301354,0.10776710510253906,1358.0,baseline
1777620633.301376,0.10778927803039551,1357.0,baseline
1777620633.301398,0.10781121253967285,1356.0,baseline
1777620633.30142,0.1078331470489502,1356.0,baseline
1777620633.3014421,0.10785531997680664,1356.0,baseline
1777620633.301464,0.10787725448608398,1358.0,baseline
1777620633.301486,0.10789918899536133,1356.0,baseline
1777620633.3015082,0.10792136192321777,1356.0,baseline
1777620633.3015308,0.10794401168823242,1358.0,baseline
1777620633.301553,0.10796618461608887,1358.0,baseline
1777620633.301575,0.10798811912536621,1356.0,baseline
1777620633.3015969,0.10801005363464355,1356.0,baseline
1777620633.301619,0.1080322265625,1362.0,baseline
1777620633.301641,0.10805416107177734,1359.0,baseline
1777620633.301663,0.10807609558105469,1357.0,baseline
1777620633.301685,0.10809826850891113,1356.0,baseline
1777620633.3017101,0.1081233024597168,1357.0,baseline
1777620633.301732,0.10814523696899414,1356.0,baseline
1777620633.301754,0.10816717147827148,1357.0,baseline
1777620633.301777,0.10819005966186523,1359.0,baseline
1777620633.301806,0.10821914672851562,1357.0,baseline
1777620633.3018298,0.10824298858642578,1359.0,baseline
1777620633.3018692,0.10828232765197754,1356.0,baseline
1777620633.301892,0.10830521583557129,1357.0,baseline
1777620633.3019142,0.10832738876342773,1357.0,baseline
1777620633.3019361,0.10834932327270508,1356.0,baseline
1777620633.3019578,0.10837101936340332,1356.0,baseline
1777620633.301981,0.10839414596557617,1357.0,baseline
1777620633.302003,0.10841608047485352,1357.0,baseline
1777620633.3020248,0.10843801498413086,1357.0,baseline
1777620633.302047,0.1084601879119873,1358.0,baseline
1777620633.302069,0.10848212242126465,1359.0,baseline
1777620633.3020911,0.1085042953491211,1359.0,baseline
1777620633.302113,0.10852622985839844,1359.0,baseline
1777620633.3021362,0.10854935646057129,1357.0,baseline
1777620633.302158,0.10857129096984863,1356.0,baseline
1777620633.30218,0.10859322547912598,1358.0,baseline
1777620633.3022022,0.10861539840698242,1356.0,baseline
1777620633.3022249,0.10863804817199707,1358.0,baseline
1777620633.3022468,0.10865998268127441,1361.0,baseline
1777620633.302269,0.10868215560913086,1361.0,baseline
1777620633.302291,0.1087040901184082,1357.0,baseline
1777620633.302316,0.10872912406921387,1358.0,baseline
1777620633.30234,0.10875320434570312,1362.0,baseline
1777620633.3023622,0.10877537727355957,1362.0,baseline
1777620633.3023841,0.10879731178283691,1362.0,baseline
1777620633.302405,0.10881829261779785,1362.0,baseline
1777620633.3024268,0.1088399887084961,1360.0,baseline
1777620633.302449,0.10886216163635254,1358.0,baseline
1777620633.302471,0.10888409614562988,1360.0,baseline
1777620633.3024929,0.10890603065490723,1358.0,baseline
1777620633.302515,0.10892820358276367,1357.0,baseline
1777620633.302537,0.10895013809204102,1360.0,baseline
1777620633.302559,0.10897207260131836,1362.0,baseline
1777620633.3025799,0.1089930534362793,1362.0,baseline
1777620633.302602,0.10901522636413574,1360.0,baseline
1777620633.302624,0.10903716087341309,1359.0,baseline
1777620633.302646,0.10905909538269043,1362.0,baseline
1777620633.302668,0.10908126831054688,1359.0,baseline
1777620633.302689,0.10910224914550781,1358.0,baseline
1777620633.302711,0.10912418365478516,1356.0,baseline
1777620633.302733,0.1091461181640625,1359.0,baseline
1777620633.302755,0.10916829109191895,1358.0,baseline
1777620633.302777,0.10919022560119629,1358.0,baseline
1777620633.302804,0.10921716690063477,1357.0,baseline
1777620633.30283,0.10924315452575684,1359.0,baseline
1777620633.302851,0.10926413536071777,1358.0,baseline
1777620633.3028731,0.10928630828857422,1358.0,baseline
1777620633.302895,0.10930824279785156,1359.0,baseline
1777620633.302917,0.1093301773071289,1359.0,baseline
1777620633.302939,0.10935211181640625,1359.0,baseline
1777620633.3029609,0.1093740463256836,1356.0,baseline
1777620633.3029819,0.10939502716064453,1355.0,baseline
1777620633.3030038,0.10941696166992188,1359.0,baseline
1777620633.303026,0.10943913459777832,1356.0,baseline
1777620633.303048,0.10946106910705566,1360.0,baseline
1777620633.30307,0.10948324203491211,1359.0,baseline
1777620633.303092,0.10950517654418945,1358.0,baseline
1777620633.303113,0.10952615737915039,1357.0,baseline
1777620633.303135,0.10954809188842773,1359.0,baseline
1777620633.303159,0.10957217216491699,1357.0,baseline
1777620633.3031812,0.10959434509277344,1356.0,baseline
1777620633.303203,0.10961627960205078,1357.0,baseline
1777620633.303225,0.10963821411132812,1358.0,baseline
1777620633.303246,0.10965919494628906,1361.0,baseline
1777620633.3032682,0.10968136787414551,1361.0,baseline
1777620633.303297,0.1097102165222168,1358.0,baseline
1777620633.3033211,0.10973429679870605,1357.0,baseline
1777620633.303343,0.1097562313079834,1356.0,baseline
1777620633.3033652,0.10977840423583984,1356.0,baseline
1777620633.303387,0.10980010032653809,1358.0,baseline
1777620633.3034089,0.10982203483581543,1356.0,baseline
1777620633.3034298,0.10984301567077637,1358.0,baseline
1777620633.303452,0.10986518859863281,1361.0,baseline
1777620633.303474,0.10988712310791016,1359.0,baseline
1777620633.303496,0.1099090576171875,1361.0,baseline
1777620633.303518,0.10993123054504395,1361.0,baseline
1777620633.303539,0.10995221138000488,1359.0,baseline
1777620633.303561,0.10997414588928223,1358.0,baseline
1777620633.303583,0.10999608039855957,1360.0,baseline
1777620633.303605,0.11001825332641602,1361.0,baseline
1777620633.303627,0.11004018783569336,1361.0,baseline
1777620633.303649,0.1100621223449707,1359.0,baseline
1777620633.30367,0.11008310317993164,1359.0,baseline
1777620633.303692,0.11010527610778809,1356.0,baseline
1777620633.303714,0.11012721061706543,1356.0,baseline
1777620633.303735,0.11014819145202637,1359.0,baseline
1777620633.303757,0.11017012596130371,1356.0,baseline
1777620633.303782,0.11019515991210938,1356.0,baseline
1777620633.303807,0.11022019386291504,1357.0,baseline
1777620633.303829,0.11024212837219238,1358.0,baseline
1777620633.303851,0.11026406288146973,1361.0,baseline
1777620633.303872,0.11028528213500977,1360.0,baseline
1777620633.303894,0.11030721664428711,1361.0,baseline
1777620633.303916,0.11032915115356445,1359.0,baseline
1777620633.3039382,0.1103513240814209,1356.0,baseline
1777620633.3039732,0.11038637161254883,1357.0,baseline
1777620633.303995,0.11040806770324707,1356.0,baseline
1777620633.3040168,0.11043000221252441,1357.0,baseline
1777620633.304039,0.11045217514038086,1359.0,baseline
1777620633.304061,0.1104741096496582,1360.0,baseline
1777620633.3040829,0.11049604415893555,1361.0,baseline
1777620633.304105,0.11051821708679199,1359.0,baseline
1777620633.304126,0.11053919792175293,1356.0,baseline
1777620633.304148,0.11056113243103027,1356.0,baseline
1777620633.30417,0.11058306694030762,1356.0,baseline
1777620633.3041909,0.11060404777526855,1358.0,baseline
1777620633.304213,0.110626220703125,1357.0,baseline
1777620633.304235,0.11064815521240234,1361.0,baseline
1777620633.304257,0.11067008972167969,1358.0,baseline
1777620633.304281,0.11069416999816895,1358.0,baseline
1777620633.304307,0.11072015762329102,1359.0,baseline
1777620633.304329,0.11074209213256836,1360.0,baseline
1777620633.304351,0.1107642650604248,1362.0,baseline
1777620633.304372,0.11078524589538574,1359.0,baseline
1777620633.304394,0.11080718040466309,1361.0,baseline
1777620633.304416,0.11082911491394043,1360.0,baseline
1777620633.304438,0.11085128784179688,1358.0,baseline
1777620633.304459,0.11087226867675781,1359.0,baseline
1777620633.304481,0.11089420318603516,1361.0,baseline
1777620633.304503,0.1109161376953125,1360.0,baseline
1777620633.3045251,0.11093831062316895,1357.0,baseline
1777620633.304546,0.11095929145812988,1359.0,baseline
1777620633.304568,0.11098122596740723,1358.0,baseline
1777620633.30459,0.11100316047668457,1360.0,baseline
1777620633.3046122,0.11102533340454102,1360.0,baseline
1777620633.3046331,0.11104631423950195,1363.0,baseline
1777620633.304672,0.11108517646789551,1360.0,baseline
1777620633.304694,0.11110711097717285,1358.0,baseline
1777620633.304716,0.1111292839050293,1359.0,baseline
1777620633.304738,0.11115121841430664,1358.0,baseline
1777620633.30476,0.11117315292358398,1356.0,baseline
1777620633.3047838,0.11119699478149414,1356.0,baseline
1777620633.304808,0.1112210750579834,1356.0,baseline
1777620633.3048298,0.11124300956726074,1357.0,baseline
1777620633.304851,0.11126422882080078,1356.0,baseline
1777620633.304873,0.11128616333007812,1356.0,baseline
1777620633.304895,0.11130809783935547,1361.0,baseline
1777620633.304917,0.11133027076721191,1357.0,baseline
1777620633.304939,0.11135220527648926,1356.0,baseline
1777620633.304961,0.1113741397857666,1357.0,baseline
1777620633.3049831,0.11139631271362305,1359.0,baseline
1777620633.3050041,0.11141729354858398,1358.0,baseline
1777620633.305026,0.11143922805786133,1355.0,baseline
1777620633.305048,0.11146116256713867,1358.0,baseline
1777620633.305069,0.11148214340209961,1359.0,baseline
1777620633.3050911,0.11150431632995605,1356.0,baseline
1777620633.305127,0.11154007911682129,1361.0,baseline
1777620633.3051488,0.11156201362609863,1362.0,baseline
1777620633.305171,0.11158418655395508,1359.0,baseline
1777620633.305203,0.11161613464355469,1358.0,baseline
1777620633.305226,0.11163926124572754,1358.0,baseline
1777620633.305248,0.11166119575500488,1356.0,baseline
1777620633.30527,0.11168313026428223,1356.0,baseline
1777620633.3052979,0.11171102523803711,1358.0,baseline
1777620633.305324,0.11173725128173828,1360.0,baseline
1777620633.305346,0.11175918579101562,1359.0,baseline
1777620633.305368,0.11178112030029297,1360.0,baseline
1777620633.3053901,0.11180329322814941,1359.0,baseline
1777620633.305412,0.11182522773742676,1356.0,baseline
1777620633.3054342,0.1118474006652832,1357.0,baseline
1777620633.3054562,0.11186933517456055,1356.0,baseline
1777620633.3054872,0.11190032958984375,1359.0,baseline
1777620633.305509,0.1119222640991211,1356.0,baseline
1777620633.3055308,0.11194396018981934,1356.0,baseline
1777620633.305553,0.11196613311767578,1361.0,baseline
1777620633.305591,0.11200428009033203,1360.0,baseline
1777620633.305613,0.11202621459960938,1347.0,baseline
1777620633.305635,0.11204814910888672,1349.0,baseline
1777620633.3056571,0.11207032203674316,1355.0,baseline
1777620633.305679,0.11209225654602051,1360.0,baseline
1777620633.3057,0.11211323738098145,1363.0,baseline
1777620633.305722,0.11213517189025879,1364.0,baseline
1777620633.305744,0.11215710639953613,1363.0,baseline
1777620633.3057659,0.11217904090881348,1361.0,baseline
1777620633.3057868,0.11220002174377441,1362.0,baseline
1777620633.3058088,0.11222195625305176,1368.0,baseline
1777620633.3058372,0.11225032806396484,1365.0,baseline
1777620633.30586,0.1122732162475586,1363.0,baseline
1777620633.3058822,0.11229538917541504,1361.0,baseline
1777620633.3059032,0.11231637001037598,1358.0,baseline
1777620633.3059251,0.11233830451965332,1357.0,baseline
1777620633.3059468,0.11236000061035156,1358.0,baseline
1777620633.305968,0.1123812198638916,1367.0,baseline
1777620633.30599,0.11240315437316895,1358.0,baseline
1777620633.306011,0.11242413520812988,1363.0,baseline
1777620633.306033,0.11244606971740723,1359.0,baseline
1777620633.3060548,0.11246800422668457,1359.0,baseline
1777620633.306077,0.11249017715454102,1357.0,baseline
1777620633.306098,0.11251115798950195,1356.0,baseline
1777620633.30612,0.1125330924987793,1359.0,baseline
1777620633.3061419,0.11255502700805664,1358.0,baseline
1777620633.306164,0.11257719993591309,1359.0,baseline
1777620633.306186,0.11259913444519043,1361.0,baseline
1777620633.306207,0.11262011528015137,1361.0,baseline
1777620633.3062289,0.11264204978942871,1361.0,baseline
1777620633.306251,0.11266422271728516,1361.0,baseline
1777620633.306273,0.1126861572265625,1362.0,baseline
1777620633.3062952,0.11270833015441895,1360.0,baseline
1777620633.306319,0.1127321720123291,1359.0,baseline
1777620633.306342,0.11275506019592285,1359.0,baseline
1777620633.3063638,0.1127769947052002,1355.0,baseline
1777620633.306386,0.11279916763305664,1356.0,baseline
1777620633.306408,0.11282110214233398,1358.0,baseline
1777620633.306429,0.11284208297729492,1357.0,baseline
1777620633.306456,0.1128692626953125,1359.0,baseline
1777620633.306478,0.11289119720458984,1362.0,baseline
1777620633.306499,0.11291217803955078,1362.0,baseline
1777620633.3065212,0.11293435096740723,1357.0,baseline
1777620633.306546,0.11295914649963379,1358.0,baseline
1777620633.306567,0.11298012733459473,1356.0,baseline
1777620633.306589,0.11300206184387207,1360.0,baseline
1777620633.3066099,0.11302304267883301,1367.0,baseline
1777620633.306632,0.11304521560668945,1362.0,baseline
1777620633.306654,0.1130671501159668,1358.0,baseline
1777620633.306676,0.11308908462524414,1355.0,baseline
1777620633.306697,0.11311006546020508,1356.0,baseline
1777620633.306719,0.11313223838806152,1359.0,baseline
1777620633.306741,0.11315417289733887,1357.0,baseline
1777620633.306763,0.11317610740661621,1358.0,baseline
1777620633.306784,0.11319708824157715,1355.0,baseline
1777620633.3068109,0.11322402954101562,1356.0,baseline
1777620633.306835,0.11324810981750488,1356.0,baseline
1777620633.3068569,0.11327004432678223,1356.0,baseline
1777620633.306879,0.11329221725463867,1356.0,baseline
1777620633.306901,0.11331415176391602,1355.0,baseline
1777620633.306923,0.11333608627319336,1356.0,baseline
1777620633.306945,0.1133582592010498,1361.0,baseline
1777620633.306966,0.11337924003601074,1362.0,baseline
1777620633.306988,0.11340117454528809,1360.0,baseline
1777620633.30701,0.11342310905456543,1353.0,baseline
1777620633.307032,0.11344528198242188,1358.0,baseline
1777620633.307053,0.11346626281738281,1357.0,baseline
1777620633.307075,0.11348819732666016,1357.0,baseline
1777620633.3070972,0.1135103702545166,1358.0,baseline
1777620633.3071191,0.11353230476379395,1358.0,baseline
1777620633.307141,0.11355423927307129,1357.0,baseline
1777620633.307162,0.11357522010803223,1361.0,baseline
1777620633.3071842,0.11359739303588867,1360.0,baseline
1777620633.3072052,0.11361837387084961,1358.0,baseline
1777620633.307227,0.11364006996154785,1357.0,baseline
1777620633.3072488,0.1136620044708252,1356.0,baseline
1777620633.307271,0.11368417739868164,1357.0,baseline
1777620633.307292,0.11370515823364258,1356.0,baseline
1777620633.30732,0.11373329162597656,1355.0,baseline
1777620633.307344,0.11375713348388672,1356.0,baseline
1777620633.307366,0.11377906799316406,1356.0,baseline
1777620633.3073869,0.113800048828125,1356.0,baseline
1777620633.3074088,0.11382198333740234,1356.0,baseline
1777620633.307431,0.11384415626525879,1357.0,baseline
1777620633.307453,0.11386609077453613,1356.0,baseline
1777620633.307474,0.11388707160949707,1360.0,baseline
1777620633.3074958,0.11390900611877441,1357.0,baseline
1777620633.307518,0.11393117904663086,1358.0,baseline
1777620633.307539,0.1139521598815918,1358.0,baseline
1777620633.307561,0.11397409439086914,1359.0,baseline
1777620633.307583,0.11399626731872559,1357.0,baseline
1777620633.307604,0.11401724815368652,1357.0,baseline
1777620633.307626,0.11403918266296387,1356.0,baseline
1777620633.307648,0.11406111717224121,1358.0,baseline
1777620633.30767,0.11408329010009766,1359.0,baseline
1777620633.307692,0.114105224609375,1361.0,baseline
1777620633.307714,0.11412715911865234,1358.0,baseline
1777620633.307735,0.11414813995361328,1356.0,baseline
1777620633.3077571,0.11417031288146973,1358.0,baseline
1777620633.307779,0.11419224739074707,1358.0,baseline
1777620633.307806,0.11421918869018555,1358.0,baseline
1777620633.30783,0.1142432689666748,1360.0,baseline
1777620633.307852,0.11426520347595215,1361.0,baseline
1777620633.307874,0.11428713798522949,1361.0,baseline
1777620633.307895,0.11430811882019043,1362.0,baseline
1777620633.307917,0.11433029174804688,1362.0,baseline
1777620633.307939,0.11435222625732422,1362.0,baseline
1777620633.30796,0.11437320709228516,1362.0,baseline
1777620633.307982,0.1143951416015625,1360.0,baseline
1777620633.3080041,0.11441731452941895,1362.0,baseline
1777620633.3080251,0.11443829536437988,1358.0,baseline
1777620633.308047,0.11446022987365723,1360.0,baseline
1777620633.3080692,0.11448240280151367,1358.0,baseline
1777620633.308091,0.11450409889221191,1357.0,baseline
1777620633.3081129,0.11452603340148926,1358.0,baseline
1777620633.3081348,0.1145479679107666,1356.0,baseline
1777620633.308156,0.11456918716430664,1358.0,baseline
1777620633.308178,0.11459112167358398,1358.0,baseline
1777620633.3082,0.11461305618286133,1358.0,baseline
1777620633.3082209,0.11463403701782227,1359.0,baseline
1777620633.308243,0.11465620994567871,1361.0,baseline
1777620633.308265,0.11467814445495605,1360.0,baseline
1777620633.30829,0.11470317840576172,1355.0,baseline
1777620633.308314,0.11472725868225098,1357.0,baseline
1777620633.308335,0.11474823951721191,1354.0,baseline
1777620633.3083572,0.11477041244506836,1354.0,baseline
1777620633.308379,0.1147921085357666,1351.0,baseline
1777620633.3084002,0.11481332778930664,1351.0,baseline
1777620633.3084219,0.11483502388000488,1349.0,baseline
1777620633.308444,0.11485719680786133,1349.0,baseline
1777620633.308465,0.11487817764282227,1356.0,baseline
1777620633.308487,0.11490011215209961,1357.0,baseline
1777620633.3085198,0.11493301391601562,1358.0,baseline
1777620633.308543,0.11495614051818848,1359.0,baseline
1777620633.308564,0.11497712135314941,1359.0,baseline
1777620633.308586,0.11499905586242676,1358.0,baseline
1777620633.308608,0.1150212287902832,1329.0,baseline
1777620633.30863,0.11504316329956055,1328.0,baseline
1777620633.308652,0.11506509780883789,1330.0,baseline
1777620633.308674,0.11508727073669434,1343.0,baseline
1777620633.308696,0.11510920524597168,1351.0,baseline
1777620633.308718,0.11513113975524902,1354.0,baseline
1777620633.3087401,0.11515331268310547,1358.0,baseline
1777620633.3087611,0.1151742935180664,1358.0,baseline
1777620633.308789,0.11520218849182129,1356.0,baseline
1777620633.308813,0.11522626876831055,1357.0,baseline
1777620633.308835,0.11524820327758789,1359.0,baseline
1777620633.3088572,0.11527037620544434,1358.0,baseline
1777620633.3088791,0.11529231071472168,1360.0,baseline
1777620633.3089,0.11531329154968262,1363.0,baseline
1777620633.308925,0.11533808708190918,1361.0,baseline
1777620633.3089468,0.11536002159118652,1363.0,baseline
1777620633.3089678,0.11538100242614746,1358.0,baseline
1777620633.30899,0.1154031753540039,1353.0,baseline
1777620633.309012,0.11542510986328125,1353.0,baseline
1777620633.309033,0.11544609069824219,1358.0,baseline
1777620633.309055,0.11546826362609863,1363.0,baseline
1777620633.309077,0.11549019813537598,1362.0,baseline
1777620633.309098,0.11551117897033691,1360.0,baseline
1777620633.30912,0.11553311347961426,1361.0,baseline
1777620633.309142,0.1155552864074707,1360.0,baseline
1777620633.309163,0.11557626724243164,1362.0,baseline
1777620633.309185,0.11559820175170898,1360.0,baseline
1777620633.309207,0.11562013626098633,1359.0,baseline
1777620633.309228,0.11564111709594727,1357.0,baseline
1777620633.30925,0.11566329002380371,1355.0,baseline
1777620633.309272,0.11568522453308105,1356.0,baseline
1777620633.309299,0.11571216583251953,1356.0,baseline
1777620633.309324,0.1157371997833252,1356.0,baseline
1777620633.309345,0.11575818061828613,1362.0,baseline
1777620633.309367,0.11578011512756348,1362.0,baseline
1777620633.309389,0.11580228805541992,1362.0,baseline
1777620633.30941,0.11582326889038086,1362.0,baseline
1777620633.309432,0.1158452033996582,1361.0,baseline
1777620633.309454,0.11586713790893555,1360.0,baseline
1777620633.3094752,0.11588835716247559,1359.0,baseline
1777620633.309497,0.11591029167175293,1361.0,baseline
1777620633.309519,0.11593222618103027,1363.0,baseline
1777620633.3095412,0.11595439910888672,1360.0,baseline
1777620633.3095622,0.11597537994384766,1358.0,baseline
1777620633.309584,0.1159970760345459,1358.0,baseline
1777620633.3096058,0.11601901054382324,1361.0,baseline
1777620633.309628,0.11604118347167969,1361.0,baseline
1777620633.309649,0.11606216430664062,1362.0,baseline
1777620633.309671,0.11608409881591797,1362.0,baseline
1777620633.3096929,0.11610603332519531,1361.0,baseline
1777620633.309715,0.11612820625305176,1360.0,baseline
1777620633.309736,0.1161491870880127,1357.0,baseline
1777620633.309758,0.11617112159729004,1357.0,baseline
1777620633.309786,0.11619925498962402,1360.0,baseline
1777620633.30981,0.11622309684753418,1358.0,baseline
1777620633.309831,0.11624407768249512,1361.0,baseline
1777620633.3098528,0.11626601219177246,1358.0,baseline
1777620633.309875,0.1162881851196289,1359.0,baseline
1777620633.309897,0.11631011962890625,1357.0,baseline
1777620633.309918,0.11633110046386719,1356.0,baseline
1777620633.3099399,0.11635303497314453,1353.0,baseline
1777620633.309962,0.11637520790100098,1352.0,baseline
1777620633.309984,0.11639714241027832,1353.0,baseline
1777620633.310005,0.11641812324523926,1357.0,baseline
1777620633.3100271,0.1164402961730957,1357.0,baseline
1777620633.310049,0.11646223068237305,1356.0,baseline
1777620633.31007,0.11648321151733398,1358.0,baseline
1777620633.310092,0.11650514602661133,1364.0,baseline
1777620633.3101141,0.11652731895446777,1363.0,baseline
1777620633.3101351,0.11654829978942871,1361.0,baseline
1777620633.310157,0.11657023429870605,1362.0,baseline
1777620633.310179,0.1165921688079834,1363.0,baseline
1777620633.3102012,0.11661434173583984,1362.0,baseline
1777620633.3102221,0.11663532257080078,1357.0,baseline
1777620633.310244,0.11665725708007812,1356.0,baseline
1777620633.3102689,0.11668205261230469,1356.0,baseline
1777620633.310293,0.11670613288879395,1356.0,baseline
1777620633.310315,0.11672806739807129,1356.0,baseline
1777620633.310336,0.11674928665161133,1357.0,baseline
1777620633.310358,0.11677122116088867,1356.0,baseline
1777620633.31038,0.11679315567016602,1356.0,baseline
1777620633.310401,0.11681413650512695,1357.0,baseline
1777620633.3104231,0.1168363094329834,1359.0,baseline
1777620633.310444,0.11685729026794434,1360.0,baseline
1777620633.310466,0.11687922477722168,1354.0,baseline
1777620633.310488,0.11690115928649902,1358.0,baseline
1777620633.3105102,0.11692333221435547,1359.0,baseline
1777620633.310532,0.11694526672363281,1361.0,baseline
1777620633.310553,0.11696624755859375,1362.0,baseline
1777620633.310575,0.1169881820678711,1358.0,baseline
1777620633.3105972,0.11701035499572754,1360.0,baseline
1777620633.3106189,0.11703205108642578,1361.0,baseline
1777620633.31064,0.11705327033996582,1358.0,baseline
1777620633.3106618,0.11707496643066406,1361.0,baseline
1777620633.310684,0.11709713935852051,1361.0,baseline
1777620633.310706,0.11711907386779785,1358.0,baseline
1777620633.310727,0.11714005470275879,1356.0,baseline
1777620633.310751,0.11716413497924805,1357.0,baseline
1777620633.3107772,0.11719036102294922,1360.0,baseline
1777620633.3107991,0.11721229553222656,1358.0,baseline
1777620633.31082,0.1172332763671875,1358.0,baseline
1777620633.310842,0.11725521087646484,1359.0,baseline
1777620633.310864,0.11727714538574219,1358.0,baseline
1777620633.3108852,0.11729836463928223,1357.0,baseline
1777620633.310907,0.11732006072998047,1358.0,baseline
1777620633.3109288,0.11734199523925781,1360.0,baseline
1777620633.310951,0.11736416816711426,1361.0,baseline
1777620633.310973,0.1173861026763916,1361.0,baseline
1777620633.310994,0.11740708351135254,1362.0,baseline
1777620633.3110158,0.11742901802062988,1359.0,baseline
1777620633.311038,0.11745119094848633,1356.0,baseline
1777620633.311059,0.11747217178344727,1358.0,baseline
1777620633.311081,0.11749410629272461,1359.0,baseline
1777620633.3111029,0.11751604080200195,1356.0,baseline
1777620633.311124,0.11753726005554199,1356.0,baseline
1777620633.311146,0.11755919456481934,1356.0,baseline
1777620633.311167,0.11758017539978027,1354.0,baseline
1777620633.311189,0.11760210990905762,1357.0,baseline
1777620633.311211,0.11762428283691406,1359.0,baseline
1777620633.3112378,0.11765098571777344,1361.0,baseline
1777620633.311264,0.11767721176147461,1362.0,baseline
1777620633.311285,0.11769819259643555,1359.0,baseline
1777620633.311307,0.11772012710571289,1357.0,baseline
1777620633.3113291,0.11774230003356934,1356.0,baseline
1777620633.311351,0.11776423454284668,1359.0,baseline
1777620633.311373,0.11778616905212402,1359.0,baseline
1777620633.3113952,0.11780834197998047,1358.0,baseline
1777620633.311417,0.11783027648925781,1357.0,baseline
1777620633.311438,0.11785125732421875,1353.0,baseline
1777620633.31146,0.1178731918334961,1354.0,baseline
1777620633.3114822,0.11789536476135254,1361.0,baseline
1777620633.311504,0.11791706085205078,1357.0,baseline
1777620633.311525,0.11793828010559082,1327.0,baseline
1777620633.3115468,0.11795997619628906,1298.0,baseline
1777620633.311569,0.11798214912414551,1319.0,baseline
1777620633.311591,0.11800408363342285,1406.0,baseline
1777620633.311612,0.11802506446838379,1382.0,baseline
1777620633.3116338,0.11804699897766113,1371.0,baseline
1777620633.311656,0.11806917190551758,1368.0,baseline
1777620633.311677,0.11809015274047852,1367.0,baseline
1777620633.311699,0.11811208724975586,1367.0,baseline
1777620633.31172,0.1181330680847168,1366.0,baseline
1777620633.31175,0.1181631088256836,1361.0,baseline
1777620633.3117719,0.11818504333496094,1360.0,baseline
1777620633.3118029,0.11821603775024414,1361.0,baseline
1777620633.3118248,0.11823797225952148,1356.0,baseline
1777620633.311847,0.11826014518737793,1358.0,baseline
1777620633.311869,0.11828207969665527,1361.0,baseline
1777620633.3118908,0.11830401420593262,1362.0,baseline
1777620633.3119118,0.11832499504089355,1358.0,baseline
1777620633.311934,0.11834716796875,1360.0,baseline
1777620633.311956,0.11836910247802734,1361.0,baseline
1777620633.311977,0.11839008331298828,1361.0,baseline
1777620633.311999,0.11841225624084473,1358.0,baseline
1777620633.312021,0.11843419075012207,1357.0,baseline
1777620633.312043,0.11845612525939941,1359.0,baseline
1777620633.312064,0.11847710609436035,1358.0,baseline
1777620633.312086,0.1184992790222168,1356.0,baseline
1777620633.312108,0.11852121353149414,1358.0,baseline
1777620633.31213,0.11854314804077148,1358.0,baseline
1777620633.3121521,0.11856532096862793,1361.0,baseline
1777620633.3121731,0.11858630180358887,1359.0,baseline
1777620633.312195,0.11860823631286621,1361.0,baseline
1777620633.312217,0.11863017082214355,1360.0,baseline
1777620633.312242,0.11865520477294922,1359.0,baseline
1777620633.3122659,0.11867904663085938,1359.0,baseline
1777620633.312288,0.11870121955871582,1359.0,baseline
1777620633.31231,0.11872315406799316,1359.0,baseline
1777620633.312331,0.1187441349029541,1358.0,baseline
1777620633.312352,0.11876511573791504,1361.0,baseline
1777620633.312374,0.11878728866577148,1361.0,baseline
1777620633.312395,0.11880826950073242,1358.0,baseline
1777620633.312416,0.11882925033569336,1357.0,baseline
1777620633.312438,0.1188511848449707,1357.0,baseline
1777620633.312459,0.11887216567993164,1363.0,baseline
1777620633.31248,0.11889314651489258,1361.0,baseline
1777620633.312501,0.11891412734985352,1359.0,baseline
1777620633.3125231,0.11893630027770996,1360.0,baseline
1777620633.312544,0.1189572811126709,1361.0,baseline
1777620633.312565,0.11897826194763184,1359.0,baseline
1777620633.312586,0.11899924278259277,1359.0,baseline
1777620633.312608,0.11902117729187012,1361.0,baseline
1777620633.312629,0.11904215812683105,1358.0,baseline
1777620633.31265,0.11906313896179199,1357.0,baseline
1777620633.312671,0.11908411979675293,1358.0,baseline
1777620633.312695,0.11910820007324219,1360.0,baseline
1777620633.312723,0.11913609504699707,1357.0,baseline
1777620633.3127449,0.11915802955627441,1358.0,baseline
1777620633.312767,0.11918020248413086,1361.0,baseline
1777620633.312788,0.1192011833190918,1359.0,baseline
1777620633.31281,0.11922311782836914,1357.0,baseline
1777620633.312831,0.11924409866333008,1358.0,baseline
1777620633.312852,0.11926507949829102,1357.0,baseline
1777620633.312873,0.11928606033325195,1357.0,baseline
1777620633.312895,0.1193082332611084,1357.0,baseline
1777620633.312916,0.11932921409606934,1356.0,baseline
1777620633.312937,0.11935019493103027,1357.0,baseline
1777620633.312958,0.11937117576599121,1359.0,baseline
1777620633.31298,0.11939311027526855,1361.0,baseline
1777620633.313001,0.11941409111022949,1361.0,baseline
1777620633.313022,0.11943507194519043,1359.0,baseline
1777620633.313044,0.11945724487304688,1357.0,baseline
1777620633.313066,0.11947917938232422,1358.0,baseline
1777620633.313115,0.11952805519104004,1358.0,baseline
1777620633.31314,0.1195530891418457,1357.0,baseline
1777620633.313163,0.11957621574401855,1359.0,baseline
1777620633.313186,0.1195991039276123,1359.0,baseline
1777620633.3132071,0.11962032318115234,1356.0,baseline
1777620633.313236,0.11964917182922363,1360.0,baseline
1777620633.313261,0.1196742057800293,1361.0,baseline
1777620633.313282,0.11969518661499023,1361.0,baseline
1777620633.313304,0.11971712112426758,1361.0,baseline
1777620633.3133252,0.11973834037780762,1358.0,baseline
1777620633.313347,0.11976027488708496,1356.0,baseline
1777620633.313368,0.1197812557220459,1356.0,baseline
1777620633.31339,0.11980319023132324,1358.0,baseline
1777620633.313411,0.11982417106628418,1356.0,baseline
1777620633.3134332,0.11984634399414062,1355.0,baseline
1777620633.3134542,0.11986732482910156,1358.0,baseline
1777620633.313476,0.1198892593383789,1356.0,baseline
1777620633.313498,0.11991119384765625,1359.0,baseline
1777620633.313519,0.11993217468261719,1358.0,baseline
1777620633.3135412,0.11995434761047363,1357.0,baseline
1777620633.3135622,0.11997532844543457,1358.0,baseline
1777620633.3135831,0.11999630928039551,1357.0,baseline
1777620633.313605,0.12001824378967285,1356.0,baseline
1777620633.313626,0.12003922462463379,1356.0,baseline
1777620633.3136482,0.12006139755249023,1361.0,baseline
1777620633.3136692,0.12008237838745117,1361.0,baseline
1777620633.3136902,0.12010335922241211,1356.0,baseline
1777620633.313718,0.12013125419616699,1355.0,baseline
1777620633.313743,0.12015628814697266,1356.0,baseline
1777620633.313765,0.12017822265625,1357.0,baseline
1777620633.313786,0.12019920349121094,1358.0,baseline
1777620633.313807,0.12022018432617188,1353.0,baseline
1777620633.3138292,0.12024235725402832,1355.0,baseline
1777620633.3138509,0.12026405334472656,1357.0,baseline
1777620633.3138719,0.1202850341796875,1356.0,baseline
1777620633.3138938,0.12030696868896484,1355.0,baseline
1777620633.3139148,0.12032794952392578,1356.0,baseline
1777620633.3139358,0.12034893035888672,1359.0,baseline
1777620633.313958,0.12037110328674316,1359.0,baseline
1777620633.313979,0.1203920841217041,1359.0,baseline
1777620633.314,0.12041306495666504,1359.0,baseline
1777620633.3140218,0.12043499946594238,1357.0,baseline
1777620633.3140428,0.12045598030090332,1357.0,baseline
1777620633.3140638,0.12047696113586426,1354.0,baseline
1777620633.314086,0.1204991340637207,1357.0,baseline
1777620633.314107,0.12052011489868164,1358.0,baseline
1777620633.314131,0.1205441951751709,1360.0,baseline
1777620633.314152,0.12056517601013184,1356.0,baseline
1777620633.314174,0.12058711051940918,1363.0,baseline
1777620633.314199,0.12061214447021484,1358.0,baseline
1777620633.314223,0.1206362247467041,1356.0,baseline
1777620633.314244,0.12065720558166504,1353.0,baseline
1777620633.3142662,0.12067937850952148,1353.0,baseline
1777620633.3142872,0.12070035934448242,1356.0,baseline
1777620633.3143082,0.12072134017944336,1360.0,baseline
1777620633.31433,0.1207432746887207,1365.0,baseline
1777620633.314351,0.12076425552368164,1360.0,baseline
1777620633.314373,0.12078619003295898,1356.0,baseline
1777620633.314394,0.12080717086791992,1356.0,baseline
1777620633.3144162,0.12082934379577637,1357.0,baseline
1777620633.3144372,0.1208503246307373,1357.0,baseline
1777620633.3144581,0.12087130546569824,1357.0,baseline
1777620633.31448,0.12089323997497559,1353.0,baseline
1777620633.314501,0.12091422080993652,1356.0,baseline
1777620633.314522,0.12093520164489746,1363.0,baseline
1777620633.314543,0.1209561824798584,1355.0,baseline
1777620633.3145652,0.12097835540771484,1358.0,baseline
1777620633.3145862,0.12099933624267578,1353.0,baseline
1777620633.3146071,0.12102031707763672,1351.0,baseline
1777620633.314629,0.12104225158691406,1353.0,baseline
1777620633.31465,0.121063232421875,1366.0,baseline
1777620633.314678,0.12109112739562988,1362.0,baseline
1777620633.314701,0.12111425399780273,1356.0,baseline
1777620633.314722,0.12113523483276367,1354.0,baseline
1777620633.314743,0.12115621566772461,1356.0,baseline
1777620633.314765,0.12117815017700195,1363.0,baseline
1777620633.314786,0.12119913101196289,1361.0,baseline
1777620633.314807,0.12122011184692383,1354.0,baseline
1777620633.314829,0.12124228477478027,1358.0,baseline
1777620633.31485,0.12126326560974121,1355.0,baseline
1777620633.314871,0.12128424644470215,1356.0,baseline
1777620633.314893,0.12130618095397949,1357.0,baseline
1777620633.314914,0.12132716178894043,1355.0,baseline
1777620633.314935,0.12134814262390137,1362.0,baseline
1777620633.3149571,0.12137031555175781,1355.0,baseline
1777620633.3149781,0.12139129638671875,1354.0,baseline
1777620633.315,0.1214132308959961,1358.0,baseline
1777620633.315021,0.12143421173095703,1354.0,baseline
1777620633.315042,0.12145519256591797,1355.0,baseline
1777620633.315064,0.12147712707519531,1359.0,baseline
1777620633.3151,0.12151312828063965,1360.0,baseline
1777620633.315122,0.12153506278991699,1357.0,baseline
1777620633.3151429,0.12155604362487793,1356.0,baseline
1777620633.315165,0.12157821655273438,1357.0,baseline
1777620633.3151941,0.12160730361938477,1356.0,baseline
1777620633.3152158,0.12162899971008301,1355.0,baseline
1777620633.315238,0.12165117263793945,1357.0,baseline
1777620633.315259,0.12167215347290039,1357.0,baseline
1777620633.31528,0.12169313430786133,1356.0,baseline
1777620633.315302,0.12171506881713867,1357.0,baseline
1777620633.3153229,0.12173604965209961,1358.0,baseline
1777620633.3153439,0.12175703048706055,1361.0,baseline
1777620633.3153658,0.12177896499633789,1361.0,baseline
1777620633.3153868,0.12179994583129883,1361.0,baseline
1777620633.3154078,0.12182092666625977,1359.0,baseline
1777620633.31543,0.12184309959411621,1358.0,baseline
1777620633.315451,0.12186408042907715,1358.0,baseline
1777620633.315472,0.12188506126403809,1356.0,baseline
1777620633.3154938,0.12190699577331543,1356.0,baseline
1777620633.3155148,0.12192797660827637,1357.0,baseline
1777620633.315539,0.12195205688476562,1359.0,baseline
1777620633.3155599,0.12197303771972656,1354.0,baseline
1777620633.315582,0.12199521064758301,1358.0,baseline
1777620633.315603,0.12201619148254395,1359.0,baseline
1777620633.315625,0.12203812599182129,1359.0,baseline
1777620633.315646,0.12205910682678223,1357.0,baseline
1777620633.315673,0.1220862865447998,1355.0,baseline
1777620633.3156962,0.12210941314697266,1357.0,baseline
1777620633.315718,0.1221311092376709,1359.0,baseline
1777620633.315739,0.12215209007263184,1356.0,baseline
1777620633.3157609,0.12217402458190918,1356.0,baseline
1777620633.3157818,0.12219500541687012,1357.0,baseline
1777620633.3158028,0.12221598625183105,1358.0,baseline
1777620633.315825,0.1222381591796875,1356.0,baseline
1777620633.315846,0.12225914001464844,1356.0,baseline
1777620633.315868,0.12228107452392578,1356.0,baseline
1777620633.315889,0.12230205535888672,1360.0,baseline
1777620633.3159099,0.12232303619384766,1356.0,baseline
1777620633.3159318,0.122344970703125,1358.0,baseline
1777620633.3159528,0.12236595153808594,1357.0,baseline
1777620633.315974,0.12238717079162598,1358.0,baseline
1777620633.3159978,0.12241101264953613,1361.0,baseline
1777620633.31602,0.12243318557739258,1360.0,baseline
1777620633.316041,0.12245416641235352,1357.0,baseline
1777620633.316062,0.12247514724731445,1355.0,baseline
1777620633.316084,0.1224970817565918,1357.0,baseline
1777620633.316105,0.12251806259155273,1356.0,baseline
1777620633.3161259,0.12253904342651367,1357.0,baseline
1777620633.31615,0.12256312370300293,1356.0,baseline
1777620633.316174,0.12258720397949219,1356.0,baseline
1777620633.3161962,0.12260937690734863,1356.0,baseline
1777620633.3162172,0.12263035774230957,1354.0,baseline
1777620633.316239,0.12265229225158691,1358.0,baseline
1777620633.31626,0.12267327308654785,1357.0,baseline
1777620633.316281,0.12269425392150879,1354.0,baseline
1777620633.316302,0.12271523475646973,1356.0,baseline
1777620633.316324,0.12273716926574707,1355.0,baseline
1777620633.316345,0.12275815010070801,1355.0,baseline
1777620633.3163662,0.12277936935424805,1356.0,baseline
1777620633.3163881,0.12280130386352539,1358.0,baseline
1777620633.316409,0.12282228469848633,1358.0,baseline
1777620633.31643,0.12284326553344727,1358.0,baseline
1777620633.316451,0.1228642463684082,1362.0,baseline
1777620633.316472,0.12288522720336914,1361.0,baseline
1777620633.316494,0.12290716171264648,1359.0,baseline
1777620633.316515,0.12292814254760742,1361.0,baseline
1777620633.3165371,0.12295031547546387,1360.0,baseline
1777620633.3165581,0.1229712963104248,1355.0,baseline
1777620633.316579,0.12299227714538574,1358.0,baseline
1777620633.316601,0.12301421165466309,1359.0,baseline
1777620633.3166258,0.12303900718688965,1356.0,baseline
1777620633.31665,0.1230630874633789,1360.0,baseline
1777620633.316672,0.12308526039123535,1361.0,baseline
1777620633.316694,0.1231071949005127,1361.0,baseline
1777620633.316715,0.12312817573547363,1362.0,baseline
1777620633.316736,0.12314915657043457,1362.0,baseline
1777620633.316758,0.12317109107971191,1358.0,baseline
1777620633.316779,0.12319207191467285,1360.0,baseline
1777620633.316801,0.1232142448425293,1359.0,baseline
1777620633.316822,0.12323522567749023,1358.0,baseline
1777620633.316843,0.12325620651245117,1357.0,baseline
1777620633.316865,0.12327814102172852,1356.0,baseline
1777620633.316886,0.12329912185668945,1356.0,baseline
1777620633.316907,0.12332010269165039,1357.0,baseline
1777620633.316931,0.12334418296813965,1357.0,baseline
1777620633.316952,0.12336516380310059,1360.0,baseline
1777620633.3169742,0.12338733673095703,1358.0,baseline
1777620633.3169951,0.12340831756591797,1361.0,baseline
1777620633.3170161,0.1234292984008789,1357.0,baseline
1777620633.317038,0.12345123291015625,1359.0,baseline
1777620633.317059,0.12347221374511719,1357.0,baseline
1777620633.31708,0.12349319458007812,1359.0,baseline
1777620633.3171022,0.12351536750793457,1361.0,baseline
1777620633.317131,0.12354421615600586,1360.0,baseline
1777620633.317153,0.1235661506652832,1358.0,baseline
1777620633.3171751,0.12358832359313965,1362.0,baseline
1777620633.317197,0.12361025810241699,1361.0,baseline
1777620633.317218,0.12363123893737793,1357.0,baseline
1777620633.31724,0.12365317344665527,1358.0,baseline
1777620633.3172622,0.12367534637451172,1359.0,baseline
1777620633.3172832,0.12369632720947266,1361.0,baseline
1777620633.3173041,0.1237173080444336,1361.0,baseline
1777620633.317326,0.12373924255371094,1358.0,baseline
1777620633.317347,0.12376022338867188,1355.0,baseline
1777620633.317368,0.12378120422363281,1355.0,baseline
1777620633.317389,0.12380218505859375,1358.0,baseline
1777620633.3174112,0.1238243579864502,1360.0,baseline
1777620633.3174322,0.12384533882141113,1358.0,baseline
1777620633.317454,0.12386727333068848,1358.0,baseline
1777620633.317475,0.12388825416564941,1361.0,baseline
1777620633.317496,0.12390923500061035,1361.0,baseline
1777620633.317517,0.12393021583557129,1358.0,baseline
1777620633.317539,0.12395215034484863,1360.0,baseline
1777620633.31756,0.12397313117980957,1358.0,baseline
1777620633.317581,0.12399411201477051,1355.0,baseline
1777620633.3176079,0.12402105331420898,1355.0,baseline
1777620633.317632,0.12404513359069824,1355.0,baseline
1777620633.317653,0.12406611442565918,1356.0,baseline
1777620633.317674,0.12408709526062012,1356.0,baseline
1777620633.317696,0.12410926818847656,1356.0,baseline
1777620633.317717,0.1241302490234375,1356.0,baseline
1777620633.317738,0.12415122985839844,1356.0,baseline
1777620633.317759,0.12417221069335938,1357.0,baseline
1777620633.317781,0.12419414520263672,1355.0,baseline
1777620633.317802,0.12421512603759766,1355.0,baseline
1777620633.317823,0.1242361068725586,1356.0,baseline
1777620633.317847,0.12426018714904785,1345.0,baseline
1777620633.317869,0.1242821216583252,1350.0,baseline
1777620633.31789,0.12430310249328613,1355.0,baseline
1777620633.3179111,0.12432432174682617,1357.0,baseline
1777620633.317933,0.12434625625610352,1358.0,baseline
1777620633.317954,0.12436723709106445,1361.0,baseline
1777620633.317975,0.12438821792602539,1360.0,baseline
1777620633.317997,0.12441015243530273,1359.0,baseline
1777620633.318018,0.12443113327026367,1360.0,baseline
1777620633.3180401,0.12445330619812012,1360.0,baseline
1777620633.318061,0.12447428703308105,1356.0,baseline
1777620633.318088,0.12450122833251953,1356.0,baseline
1777620633.318113,0.1245262622833252,1356.0,baseline
1777620633.318134,0.12454724311828613,1359.0,baseline
1777620633.318156,0.12456917762756348,1356.0,baseline
1777620633.318177,0.12459015846252441,1356.0,baseline
1777620633.318198,0.12461113929748535,1357.0,baseline
1777620633.3182201,0.1246333122253418,1358.0,baseline
1777620633.3182411,0.12465429306030273,1356.0,baseline
1777620633.318263,0.12467622756958008,1357.0,baseline
1777620633.318284,0.12469720840454102,1359.0,baseline
1777620633.318305,0.12471818923950195,1356.0,baseline
1777620633.318337,0.12475013732910156,1356.0,baseline
1777620633.3183591,0.12477231025695801,1356.0,baseline
1777620633.318381,0.12479424476623535,1358.0,baseline
1777620633.318402,0.12481522560119629,1358.0,baseline
1777620633.318424,0.12483716011047363,1357.0,baseline
1777620633.318445,0.12485814094543457,1358.0,baseline
1777620633.3184671,0.12488031387329102,1357.0,baseline
1777620633.3184881,0.12490129470825195,1356.0,baseline
1777620633.31851,0.1249232292175293,1359.0,baseline
1777620633.318531,0.12494421005249023,1357.0,baseline
1777620633.318552,0.12496519088745117,1356.0,baseline
1777620633.3185742,0.12498736381530762,1361.0,baseline
1777620633.318601,0.125014066696167,1358.0,baseline
1777620633.318625,0.12503814697265625,1359.0,baseline
1777620633.318646,0.1250591278076172,1358.0,baseline
1777620633.318667,0.12508010864257812,1357.0,baseline
1777620633.318689,0.12510228157043457,1356.0,baseline
1777620633.31871,0.1251232624053955,1356.0,baseline
1777620633.318732,0.12514519691467285,1359.0,baseline
1777620633.318753,0.1251661777496338,1357.0,baseline
1777620633.318774,0.12518715858459473,1355.0,baseline
1777620633.318796,0.12520909309387207,1356.0,baseline
1777620633.3188171,0.1252303123474121,1357.0,baseline
1777620633.3188381,0.12525129318237305,1356.0,baseline
1777620633.31886,0.1252732276916504,1356.0,baseline
1777620633.318881,0.12529420852661133,1356.0,baseline
1777620633.318903,0.12531614303588867,1357.0,baseline
1777620633.318924,0.1253371238708496,1359.0,baseline
1777620633.318945,0.12535810470581055,1359.0,baseline
1777620633.318967,0.125380277633667,1357.0,baseline
1777620633.318988,0.12540125846862793,1356.0,baseline
1777620633.319009,0.12542223930358887,1357.0,baseline
1777620633.319031,0.1254441738128662,1359.0,baseline
1777620633.319052,0.12546515464782715,1360.0,baseline
1777620633.319079,0.12549209594726562,1360.0,baseline
1777620633.319104,0.1255171298980713,1361.0,baseline
1777620633.3191261,0.12553930282592773,1360.0,baseline
1777620633.319147,0.12556028366088867,1360.0,baseline
1777620633.319169,0.12558221817016602,1361.0,baseline
1777620633.31919,0.12560319900512695,1360.0,baseline
1777620633.319211,0.1256241798400879,1356.0,baseline
1777620633.319233,0.12564611434936523,1361.0,baseline
1777620633.319257,0.1256701946258545,1357.0,baseline
1777620633.319278,0.12569117546081543,1358.0,baseline
1777620633.319299,0.12571215629577637,1359.0,baseline
1777620633.3193212,0.1257343292236328,1355.0,baseline
1777620633.3193421,0.12575531005859375,1355.0,baseline
1777620633.319363,0.1257762908935547,1356.0,baseline
1777620633.319385,0.12579822540283203,1357.0,baseline
1777620633.319406,0.12581920623779297,1361.0,baseline
1777620633.319427,0.1258401870727539,1355.0,baseline
1777620633.3194492,0.12586236000061035,1361.0,baseline
1777620633.3194702,0.1258833408355713,1364.0,baseline
1777620633.3194911,0.12590432167053223,1360.0,baseline
1777620633.319513,0.12592625617980957,1358.0,baseline
1777620633.319534,0.1259472370147705,1358.0,baseline
1777620633.319561,0.12597417831420898,1355.0,baseline
1777620633.319585,0.12599825859069824,1356.0,baseline
1777620633.319607,0.12602019309997559,1357.0,baseline
1777620633.319628,0.12604117393493652,1358.0,baseline
1777620633.319649,0.12606215476989746,1356.0,baseline
1777620633.3196712,0.1260843276977539,1359.0,baseline
1777620633.3196921,0.12610530853271484,1360.0,baseline
1777620633.319713,0.12612628936767578,1361.0,baseline
1777620633.319735,0.12614822387695312,1359.0,baseline
1777620633.319756,0.12616920471191406,1356.0,baseline
1777620633.319777,0.126190185546875,1356.0,baseline
1777620633.319798,0.12621116638183594,1356.0,baseline
1777620633.31982,0.12623310089111328,1357.0,baseline
1777620633.319841,0.12625408172607422,1356.0,baseline
1777620633.3198621,0.12627530097961426,1358.0,baseline
1777620633.319884,0.1262972354888916,1359.0,baseline
1777620633.319905,0.12631821632385254,1361.0,baseline
1777620633.319926,0.12633919715881348,1360.0,baseline
1777620633.319947,0.12636017799377441,1356.0,baseline
1777620633.319968,0.12638115882873535,1357.0,baseline
1777620633.31999,0.1264030933380127,1358.0,baseline
1777620633.320011,0.12642407417297363,1358.0,baseline
1777620633.320033,0.12644624710083008,1358.0,baseline
1777620633.32006,0.12647318840026855,1356.0,baseline
1777620633.3200839,0.1264970302581787,1356.0,baseline
1777620633.320105,0.12651824951171875,1356.0,baseline
1777620633.320126,0.1265392303466797,1356.0,baseline
1777620633.320148,0.12656116485595703,1356.0,baseline
1777620633.320169,0.12658214569091797,1356.0,baseline
1777620633.320191,0.1266040802001953,1354.0,baseline
1777620633.320212,0.12662506103515625,1359.0,baseline
1777620633.3202329,0.1266460418701172,1355.0,baseline
1777620633.320255,0.12666821479797363,1356.0,baseline
1777620633.320276,0.12668919563293457,1359.0,baseline
1777620633.320297,0.1267101764678955,1358.0,baseline
1777620633.320318,0.12673115730285645,1361.0,baseline
1777620633.32034,0.1267530918121338,1359.0,baseline
1777620633.320361,0.12677407264709473,1359.0,baseline
1777620633.320383,0.12679624557495117,1356.0,baseline
1777620633.320404,0.1268172264099121,1360.0,baseline
1777620633.320425,0.12683820724487305,1360.0,baseline
1777620633.320447,0.1268601417541504,1361.0,baseline
1777620633.320468,0.12688112258911133,1361.0,baseline
1777620633.320489,0.12690210342407227,1358.0,baseline
1777620633.3205109,0.1269240379333496,1358.0,baseline
1777620633.320538,0.1269512176513672,1356.0,baseline
1777620633.320561,0.12697410583496094,1359.0,baseline
1777620633.320582,0.12699508666992188,1359.0,baseline
1777620633.3206038,0.12701702117919922,1362.0,baseline
1777620633.3206248,0.12703800201416016,1360.0,baseline
1777620633.320647,0.1270601749420166,1358.0,baseline
1777620633.320668,0.12708115577697754,1360.0,baseline
1777620633.32069,0.12710309028625488,1358.0,baseline
1777620633.320711,0.12712407112121582,1359.0,baseline
1777620633.3207319,0.12714505195617676,1360.0,baseline
1777620633.3207529,0.1271660327911377,1359.0,baseline
1777620633.3207748,0.12718796730041504,1359.0,baseline
1777620633.320796,0.12720918655395508,1361.0,baseline
1777620633.320818,0.12723112106323242,1358.0,baseline
1777620633.320839,0.12725210189819336,1358.0,baseline
1777620633.32086,0.1272730827331543,1360.0,baseline
1777620633.320881,0.12729406356811523,1358.0,baseline
1777620633.3209019,0.12731504440307617,1361.0,baseline
1777620633.3209238,0.12733697891235352,1359.0,baseline
1777620633.3209448,0.12735795974731445,1356.0,baseline
1777620633.320966,0.1273791790008545,1357.0,baseline
1777620633.320988,0.12740111351013184,1357.0,baseline
1777620633.321009,0.12742209434509277,1355.0,baseline
1777620633.321036,0.12744927406311035,1357.0,baseline
1777620633.3210602,0.1274733543395996,1357.0,baseline
1777620633.3210812,0.12749433517456055,1357.0,baseline
1777620633.3211021,0.12751531600952148,1356.0,baseline
1777620633.321124,0.12753725051879883,1358.0,baseline
1777620633.321145,0.12755823135375977,1358.0,baseline
1777620633.321167,0.1275801658630371,1356.0,baseline
1777620633.3211882,0.12760138511657715,1357.0,baseline
1777620633.3212092,0.12762236595153809,1361.0,baseline
1777620633.3212311,0.12764430046081543,1358.0,baseline
1777620633.321252,0.12766528129577637,1360.0,baseline
1777620633.321273,0.1276862621307373,1363.0,baseline
1777620633.321295,0.12770819664001465,1360.0,baseline
1777620633.321316,0.12772917747497559,1357.0,baseline
1777620633.321337,0.12775015830993652,1359.0,baseline
1777620633.3213592,0.12777233123779297,1358.0,baseline
1777620633.3213801,0.1277933120727539,1358.0,baseline
1777620633.3214011,0.12781429290771484,1356.0,baseline
1777620633.321423,0.1278362274169922,1355.0,baseline
1777620633.321444,0.12785720825195312,1356.0,baseline
1777620633.321465,0.12787818908691406,1356.0,baseline
1777620633.321486,0.127899169921875,1358.0,baseline
1777620633.321513,0.12792611122131348,1359.0,baseline
1777620633.321538,0.12795114517211914,1361.0,baseline
1777620633.321559,0.12797212600708008,1355.0,baseline
1777620633.321593,0.1280062198638916,1354.0,baseline
1777620633.3216152,0.12802839279174805,1357.0,baseline
1777620633.3216362,0.12804937362670898,1358.0,baseline
1777620633.3216581,0.12807130813598633,1357.0,baseline
1777620633.321679,0.12809228897094727,1355.0,baseline
1777620633.321701,0.1281142234802246,1356.0,baseline
1777620633.321722,0.12813520431518555,1357.0,baseline
1777620633.321743,0.12815618515014648,1357.0,baseline
1777620633.3217652,0.12817835807800293,1357.0,baseline
1777620633.3217862,0.12819933891296387,1359.0,baseline
1777620633.3218079,0.1282210350036621,1357.0,baseline
1777620633.3218298,0.12824296951293945,1359.0,baseline
1777620633.3218508,0.1282639503479004,1359.0,baseline
1777620633.3218718,0.12828493118286133,1360.0,baseline
1777620633.321894,0.12830710411071777,1361.0,baseline
1777620633.321915,0.1283280849456787,1361.0,baseline
1777620633.321936,0.12834906578063965,1361.0,baseline
1777620633.3219578,0.128371000289917,1361.0,baseline
1777620633.3219788,0.12839198112487793,1360.0,baseline
1777620633.3219998,0.12841296195983887,1359.0,baseline
1777620633.322028,0.12844109535217285,1358.0,baseline
1777620633.322052,0.1284651756286621,1361.0,baseline
1777620633.322073,0.12848615646362305,1360.0,baseline
1777620633.3220952,0.1285083293914795,1359.0,baseline
1777620633.3221161,0.12852931022644043,1356.0,baseline
1777620633.322137,0.12855029106140137,1356.0,baseline
1777620633.322159,0.1285722255706787,1359.0,baseline
1777620633.32218,0.12859320640563965,1360.0,baseline
1777620633.322201,0.12861418724060059,1356.0,baseline
1777620633.3222232,0.12863636016845703,1355.0,baseline
1777620633.3222442,0.12865734100341797,1359.0,baseline
1777620633.3222651,0.1286783218383789,1357.0,baseline
1777620633.322287,0.12870025634765625,1357.0,baseline
1777620633.322308,0.1287212371826172,1359.0,baseline
1777620633.322329,0.12874221801757812,1359.0,baseline
1777620633.3223512,0.12876439094543457,1358.0,baseline
1777620633.3223722,0.1287853717803955,1359.0,baseline
1777620633.3223932,0.12880635261535645,1358.0,baseline
1777620633.322415,0.1288282871246338,1358.0,baseline
1777620633.322436,0.12884926795959473,1358.0,baseline
1777620633.322457,0.12887024879455566,1362.0,baseline
1777620633.322478,0.1288912296295166,1359.0,baseline
1777620633.322505,0.12891817092895508,1359.0,baseline
1777620633.322529,0.12894225120544434,1361.0,baseline
1777620633.322551,0.12896418571472168,1358.0,baseline
1777620633.322572,0.12898516654968262,1359.0,baseline
1777620633.322593,0.12900614738464355,1357.0,baseline
1777620633.322614,0.1290271282196045,1356.0,baseline
1777620633.3226361,0.12904930114746094,1357.0,baseline
1777620633.322657,0.12907028198242188,1356.0,baseline
1777620633.322678,0.1290912628173828,1358.0,baseline
1777620633.3227,0.12911319732666016,1361.0,baseline
1777620633.322721,0.1291341781616211,1358.0,baseline
1777620633.322742,0.12915515899658203,1357.0,baseline
1777620633.322764,0.12917709350585938,1356.0,baseline
1777620633.3227851,0.12919831275939941,1357.0,baseline
1777620633.3228061,0.12921929359436035,1357.0,baseline
1777620633.322828,0.1292412281036377,1357.0,baseline
1777620633.322849,0.12926220893859863,1360.0,baseline
1777620633.322871,0.12928414344787598,1361.0,baseline
1777620633.322892,0.12930512428283691,1361.0,baseline
1777620633.322913,0.12932610511779785,1360.0,baseline
1777620633.322934,0.1293470859527588,1358.0,baseline
1777620633.322956,0.12936925888061523,1358.0,baseline
1777620633.322977,0.12939023971557617,1356.0,baseline
1777620633.323004,0.12941718101501465,1357.0,baseline
1777620633.323026,0.129439115524292,1356.0,baseline
1777620633.3230479,0.12946105003356934,1357.0,baseline
1777620633.3230689,0.12948203086853027,1361.0,baseline
1777620633.3230898,0.1295030117034912,1357.0,baseline
1777620633.323117,0.1295301914215088,1357.0,baseline
1777620633.323138,0.12955117225646973,1359.0,baseline
1777620633.3231602,0.12957334518432617,1357.0,baseline
1777620633.3231812,0.1295943260192871,1360.0,baseline
1777620633.323203,0.12961626052856445,1358.0,baseline
1777620633.323224,0.1296372413635254,1361.0,baseline
1777620633.323245,0.12965822219848633,1356.0,baseline
1777620633.323267,0.12968015670776367,1356.0,baseline
1777620633.323288,0.1297011375427246,1356.0,baseline
1777620633.3233101,0.12972331047058105,1354.0,baseline
1777620633.323331,0.129744291305542,1357.0,baseline
1777620633.323353,0.12976622581481934,1361.0,baseline
1777620633.323374,0.12978720664978027,1360.0,baseline
1777620633.323395,0.1298081874847412,1361.0,baseline
1777620633.323416,0.12982916831970215,1358.0,baseline
1777620633.3234382,0.1298513412475586,1356.0,baseline
1777620633.3234591,0.12987232208251953,1357.0,baseline
1777620633.3234859,0.1298990249633789,1357.0,baseline
1777620633.323509,0.12992215156555176,1354.0,baseline
1777620633.323531,0.1299440860748291,1355.0,baseline
1777620633.323552,0.12996506690979004,1357.0,baseline
1777620633.3235729,0.12998604774475098,1356.0,baseline
1777620633.323595,0.13000822067260742,1357.0,baseline
1777620633.323616,0.13002920150756836,1358.0,baseline
1777620633.323637,0.1300501823425293,1358.0,baseline
1777620633.323659,0.13007211685180664,1361.0,baseline
1777620633.32368,0.13009309768676758,1360.0,baseline
1777620633.323701,0.13011407852172852,1358.0,baseline
1777620633.323723,0.13013625144958496,1359.0,baseline
1777620633.323744,0.1301572322845459,1356.0,baseline
1777620633.323765,0.13017821311950684,1359.0,baseline
1777620633.323786,0.13019919395446777,1358.0,baseline
1777620633.323808,0.13022112846374512,1361.0,baseline
1777620633.323829,0.13024210929870605,1360.0,baseline
1777620633.32385,0.130263090133667,1357.0,baseline
1777620633.323872,0.13028526306152344,1358.0,baseline
1777620633.323893,0.13030624389648438,1358.0,baseline
1777620633.3239172,0.13033032417297363,1358.0,baseline
1777620633.3239381,0.13035130500793457,1359.0,baseline
1777620633.3239648,0.13037800788879395,1360.0,baseline
1777620633.323988,0.1304011344909668,1357.0,baseline
1777620633.32401,0.13042306900024414,1356.0,baseline
1777620633.3240309,0.13044404983520508,1357.0,baseline
1777620633.3240519,0.13046503067016602,1355.0,baseline
1777620633.324074,0.13048720359802246,1356.0,baseline
1777620633.324095,0.1305081844329834,1356.0,baseline
1777620633.324116,0.13052916526794434,1358.0,baseline
1777620633.324138,0.13055109977722168,1359.0,baseline
1777620633.324159,0.13057208061218262,1357.0,baseline
1777620633.32418,0.13059306144714355,1354.0,baseline
1777620633.324202,0.130615234375,1357.0,baseline
1777620633.324223,0.13063621520996094,1356.0,baseline
1777620633.324244,0.13065719604492188,1355.0,baseline
1777620633.324266,0.13067913055419922,1354.0,baseline
1777620633.324287,0.13070011138916016,1357.0,baseline
1777620633.324308,0.1307210922241211,1357.0,baseline
1777620633.32433,0.13074326515197754,1358.0,baseline
1777620633.324351,0.13076424598693848,1355.0,baseline
1777620633.3243752,0.13078832626342773,1356.0,baseline
1777620633.3243961,0.13080930709838867,1356.0,baseline
1777620633.324418,0.13083124160766602,1356.0,baseline
1777620633.324439,0.13085222244262695,1357.0,baseline
1777620633.324467,0.13088011741638184,1356.0,baseline
1777620633.3244889,0.13090205192565918,1357.0,baseline
1777620633.324511,0.13092422485351562,1357.0,baseline
1777620633.324532,0.13094520568847656,1356.0,baseline
1777620633.324553,0.1309661865234375,1358.0,baseline
1777620633.324575,0.13098812103271484,1359.0,baseline
1777620633.324596,0.13100910186767578,1356.0,baseline
1777620633.324617,0.13103008270263672,1356.0,baseline
1777620633.324639,0.13105225563049316,1357.0,baseline
1777620633.32466,0.1310732364654541,1354.0,baseline
1777620633.324681,0.13109421730041504,1357.0,baseline
1777620633.324702,0.13111519813537598,1355.0,baseline
1777620633.324724,0.13113713264465332,1356.0,baseline
1777620633.324745,0.13115811347961426,1357.0,baseline
1777620633.324766,0.1311790943145752,1361.0,baseline
1777620633.324787,0.13120007514953613,1360.0,baseline
1777620633.324809,0.13122224807739258,1357.0,baseline
1777620633.3248398,0.13125300407409668,1357.0,baseline
1777620633.324862,0.13127517700195312,1358.0,baseline
1777620633.324883,0.13129615783691406,1358.0,baseline
1777620633.324905,0.1313180923461914,1361.0,baseline
1777620633.324926,0.13133907318115234,1359.0,baseline
1777620633.32495,0.1313631534576416,1356.0,baseline
1777620633.324973,0.13138628005981445,1357.0,baseline
1777620633.324994,0.1314072608947754,1359.0,baseline
1777620633.325016,0.13142919540405273,1360.0,baseline
1777620633.325037,0.13145017623901367,1359.0,baseline
1777620633.325058,0.1314711570739746,1359.0,baseline
1777620633.3250802,0.13149333000183105,1358.0,baseline
1777620633.3251011,0.131514310836792,1356.0,baseline
1777620633.325122,0.13153529167175293,1356.0,baseline
1777620633.325143,0.13155627250671387,1356.0,baseline
1777620633.325165,0.1315782070159912,1357.0,baseline
1777620633.325186,0.13159918785095215,1357.0,baseline
1777620633.325207,0.13162016868591309,1357.0,baseline
1777620633.325228,0.13164114952087402,1359.0,baseline
1777620633.3252501,0.13166332244873047,1357.0,baseline
1777620633.3252711,0.1316843032836914,1358.0,baseline
1777620633.325292,0.13170528411865234,1361.0,baseline
1777620633.3253162,0.1317293643951416,1358.0,baseline
1777620633.3253381,0.13175129890441895,1357.0,baseline
1777620633.325359,0.13177227973937988,1357.0,baseline
1777620633.32538,0.13179326057434082,1354.0,baseline
1777620633.325402,0.13181519508361816,1356.0,baseline
1777620633.325429,0.13184213638305664,1356.0,baseline
1777620633.3254552,0.1318683624267578,1357.0,baseline
1777620633.3254762,0.13188934326171875,1356.0,baseline
1777620633.3254972,0.1319103240966797,1356.0,baseline
1777620633.325519,0.13193225860595703,1357.0,baseline
1777620633.32554,0.13195323944091797,1356.0,baseline
1777620633.325561,0.1319742202758789,1355.0,baseline
1777620633.3255832,0.13199639320373535,1355.0,baseline
1777620633.3256042,0.1320173740386963,1356.0,baseline
1777620633.3256252,0.13203835487365723,1356.0,baseline
1777620633.325647,0.13206028938293457,1359.0,baseline
1777620633.325668,0.1320812702178955,1361.0,baseline
1777620633.325689,0.13210225105285645,1360.0,baseline
1777620633.325711,0.1321241855621338,1357.0,baseline
1777620633.325732,0.13214516639709473,1359.0,baseline
1777620633.325753,0.13216614723205566,1357.0,baseline
1777620633.3257751,0.1321883201599121,1357.0,baseline
1777620633.3257961,0.13220930099487305,1356.0,baseline
1777620633.325817,0.13223028182983398,1357.0,baseline
1777620633.325839,0.13225221633911133,1357.0,baseline
1777620633.32586,0.13227319717407227,1359.0,baseline
1777620633.325881,0.1322941780090332,1361.0,baseline
1777620633.325908,0.13232111930847168,1361.0,baseline
1777620633.325933,0.13234615325927734,1356.0,baseline
1777620633.325954,0.13236713409423828,1358.0,baseline
1777620633.325975,0.13238811492919922,1344.0,baseline
1777620633.325996,0.13240909576416016,1350.0,baseline
1777620633.326018,0.1324312686920166,1355.0,baseline
1777620633.326039,0.13245224952697754,1356.0,baseline
1777620633.32606,0.13247323036193848,1359.0,baseline
1777620633.326082,0.13249516487121582,1361.0,baseline
1777620633.326103,0.13251614570617676,1360.0,baseline
1777620633.3261251,0.1325383186340332,1361.0,baseline
1777620633.3261461,0.13255929946899414,1359.0,baseline
1777620633.326167,0.13258028030395508,1361.0,baseline
1777620633.326189,0.13260221481323242,1359.0,baseline
1777620633.32621,0.13262319564819336,1362.0,baseline
1777620633.326232,0.1326451301574707,1358.0,baseline
1777620633.326253,0.13266611099243164,1358.0,baseline
1777620633.326275,0.13268828392028809,1358.0,baseline
1777620633.326296,0.13270926475524902,1356.0,baseline
1777620633.326317,0.13273024559020996,1357.0,baseline
1777620633.326338,0.1327512264251709,1357.0,baseline
1777620633.32636,0.13277316093444824,1359.0,baseline
1777620633.326381,0.13279414176940918,1357.0,baseline
1777620633.326408,0.13282108306884766,1358.0,baseline
1777620633.326432,0.13284516334533691,1356.0,baseline
1777620633.326453,0.13286614418029785,1357.0,baseline
1777620633.326474,0.1328871250152588,1356.0,baseline
1777620633.326496,0.13290905952453613,1355.0,baseline
1777620633.326517,0.13293027877807617,1358.0,baseline
1777620633.326538,0.1329512596130371,1359.0,baseline
1777620633.326559,0.13297224044799805,1357.0,baseline
1777620633.326581,0.1329941749572754,1356.0,baseline
1777620633.326602,0.13301515579223633,1355.0,baseline
1777620633.326623,0.13303613662719727,1356.0,baseline
1777620633.326645,0.1330580711364746,1358.0,baseline
1777620633.3266659,0.13307905197143555,1358.0,baseline
1777620633.3266869,0.13310003280639648,1357.0,baseline
1777620633.326709,0.13312220573425293,1357.0,baseline
1777620633.32673,0.13314318656921387,1358.0,baseline
1777620633.326751,0.1331641674041748,1356.0,baseline
1777620633.326772,0.13318514823913574,1359.0,baseline
1777620633.326793,0.13320612907409668,1358.0,baseline
1777620633.326815,0.13322806358337402,1360.0,baseline
1777620633.3268359,0.13324904441833496,1361.0,baseline
1777620633.3268569,0.1332700252532959,1360.0,baseline
1777620633.326884,0.13329720497131348,1356.0,baseline
1777620633.3269088,0.13332200050354004,1359.0,baseline
1777620633.3269298,0.13334298133850098,1359.0,baseline
1777620633.326952,0.13336515426635742,1356.0,baseline
1777620633.326973,0.13338613510131836,1356.0,baseline
1777620633.326995,0.1334080696105957,1356.0,baseline
1777620633.3270159,0.13342905044555664,1354.0,baseline
1777620633.3270369,0.13345003128051758,1353.0,baseline
1777620633.3270578,0.13347101211547852,1354.0,baseline
1777620633.32708,0.13349318504333496,1358.0,baseline
1777620633.327101,0.1335141658782959,1357.0,baseline
1777620633.327122,0.13353514671325684,1358.0,baseline
1777620633.327143,0.13355612754821777,1358.0,baseline
1777620633.327165,0.13357806205749512,1359.0,baseline
1777620633.3271859,0.13359904289245605,1356.0,baseline
1777620633.3272069,0.133620023727417,1356.0,baseline
1777620633.327229,0.13364219665527344,1355.0,baseline
1777620633.32725,0.13366317749023438,1356.0,baseline
1777620633.327271,0.1336841583251953,1356.0,baseline
1777620633.327292,0.13370513916015625,1357.0,baseline
1777620633.327314,0.1337270736694336,1356.0,baseline
1777620633.327335,0.13374805450439453,1356.0,baseline
1777620633.327362,0.1337752342224121,1354.0,baseline
1777620633.3273861,0.13379931449890137,1360.0,baseline
1777620633.327408,0.1338212490081787,1361.0,baseline
1777620633.327429,0.13384222984313965,1361.0,baseline
1777620633.32745,0.13386321067810059,1361.0,baseline
1777620633.3274722,0.13388538360595703,1357.0,baseline
1777620633.3274932,0.13390636444091797,1355.0,baseline
1777620633.3275268,0.1339399814605713,1357.0,baseline
1777620633.3275478,0.13396096229553223,1357.0,baseline
1777620633.32757,0.13398313522338867,1357.0,baseline
1777620633.327591,0.1340041160583496,1356.0,baseline
1777620633.3276129,0.13402605056762695,1357.0,baseline
1777620633.3276339,0.1340470314025879,1358.0,baseline
1777620633.327656,0.13406920433044434,1359.0,baseline
1777620633.327677,0.13409018516540527,1358.0,baseline
1777620633.327699,0.13411211967468262,1358.0,baseline
1777620633.32772,0.13413310050964355,1358.0,baseline
1777620633.327741,0.1341540813446045,1361.0,baseline
1777620633.327762,0.13417506217956543,1362.0,baseline
1777620633.3277838,0.13419699668884277,1362.0,baseline
1777620633.327805,0.1342182159423828,1360.0,baseline
1777620633.327826,0.13423919677734375,1361.0,baseline
1777620633.327847,0.1342601776123047,1356.0,baseline
1777620633.327874,0.13428711891174316,1356.0,baseline
1777620633.327899,0.13431215286254883,1357.0,baseline
1777620633.327921,0.13433408737182617,1360.0,baseline
1777620633.327942,0.1343550682067871,1357.0,baseline
1777620633.3279638,0.13437700271606445,1358.0,baseline
1777620633.3279848,0.1343979835510254,1360.0,baseline
1777620633.3280058,0.13441896438598633,1360.0,baseline
1777620633.328028,0.13444113731384277,1360.0,baseline
1777620633.328049,0.1344621181488037,1358.0,baseline
1777620633.3280709,0.13448405265808105,1356.0,baseline
1777620633.3281028,0.13451600074768066,1356.0,baseline
1777620633.328127,0.13454008102416992,1356.0,baseline
1777620633.328149,0.13456225395202637,1356.0,baseline
1777620633.32817,0.1345832347869873,1354.0,baseline
1777620633.328191,0.13460421562194824,1357.0,baseline
1777620633.328213,0.13462615013122559,1358.0,baseline
1777620633.328234,0.13464713096618652,1359.0,baseline
1777620633.328255,0.13466811180114746,1356.0,baseline
1777620633.328277,0.1346902847290039,1357.0,baseline
1777620633.328298,0.13471126556396484,1359.0,baseline
1777620633.32832,0.1347332000732422,1362.0,baseline
1777620633.328341,0.13475418090820312,1361.0,baseline
1777620633.3283682,0.1347813606262207,1357.0,baseline
1777620633.328392,0.13480520248413086,1361.0,baseline
1777620633.328413,0.1348261833190918,1361.0,baseline
1777620633.328435,0.13484811782836914,1360.0,baseline
1777620633.328456,0.13486909866333008,1359.0,baseline
1777620633.328477,0.13489007949829102,1358.0,baseline
1777620633.3284988,0.13491201400756836,1358.0,baseline
1777620633.3285198,0.1349329948425293,1357.0,baseline
1777620633.328541,0.13495421409606934,1357.0,baseline
1777620633.328563,0.13497614860534668,1357.0,baseline
1777620633.328584,0.13499712944030762,1357.0,baseline
1777620633.328605,0.13501811027526855,1358.0,baseline
1777620633.3286269,0.1350400447845459,1359.0,baseline
1777620633.3286479,0.13506102561950684,1358.0,baseline
1777620633.3286688,0.13508200645446777,1356.0,baseline
1777620633.328691,0.13510417938232422,1356.0,baseline
1777620633.328712,0.13512516021728516,1357.0,baseline
1777620633.328734,0.1351470947265625,1357.0,baseline
1777620633.328755,0.13516807556152344,1358.0,baseline
1777620633.328776,0.13518905639648438,1359.0,baseline
1777620633.328798,0.13521122932434082,1357.0,baseline
1777620633.328819,0.13523221015930176,1357.0,baseline
1777620633.328841,0.1352541446685791,1357.0,baseline
1777620633.3288682,0.13528132438659668,1358.0,baseline
1777620633.328892,0.13530516624450684,1356.0,baseline
1777620633.328913,0.13532614707946777,1356.0,baseline
1777620633.328935,0.13534808158874512,1362.0,baseline
1777620633.328956,0.13536906242370605,1361.0,baseline
1777620633.3289769,0.135390043258667,1359.0,baseline
1777620633.3289979,0.13541102409362793,1361.0,baseline
1777620633.3290198,0.13543295860290527,1361.0,baseline
1777620633.3290439,0.13545703887939453,1361.0,baseline
1777620633.3290648,0.13547801971435547,1358.0,baseline
1777620633.329086,0.1354992389678955,1357.0,baseline
1777620633.329108,0.13552117347717285,1356.0,baseline
1777620633.329129,0.1355421543121338,1358.0,baseline
1777620633.32915,0.13556313514709473,1358.0,baseline
1777620633.329171,0.13558411598205566,1356.0,baseline
1777620633.3291929,0.135606050491333,1357.0,baseline
1777620633.3292139,0.13562703132629395,1356.0,baseline
1777620633.3292348,0.13564801216125488,1358.0,baseline
1777620633.329257,0.13567018508911133,1356.0,baseline
1777620633.329278,0.13569116592407227,1358.0,baseline
1777620633.329299,0.1357121467590332,1359.0,baseline
1777620633.32932,0.13573312759399414,1358.0,baseline
1777620633.3293471,0.13576030731201172,1355.0,baseline
1777620633.329372,0.13578510284423828,1355.0,baseline
1777620633.329393,0.13580608367919922,1355.0,baseline
1777620633.329414,0.13582706451416016,1357.0,baseline
1777620633.3294349,0.1358480453491211,1361.0,baseline
1777620633.3294568,0.13586997985839844,1359.0,baseline
1777620633.3294778,0.13589096069335938,1358.0,baseline
1777620633.3295,0.13591313362121582,1357.0,baseline
1777620633.329521,0.13593411445617676,1357.0,baseline
1777620633.329542,0.1359550952911377,1358.0,baseline
1777620633.329563,0.13597607612609863,1361.0,baseline
1777620633.3295848,0.13599801063537598,1358.0,baseline
1777620633.3296058,0.13601899147033691,1359.0,baseline
1777620633.3296268,0.13603997230529785,1360.0,baseline
1777620633.329649,0.1360621452331543,1357.0,baseline
1777620633.32967,0.13608312606811523,1359.0,baseline
1777620633.329692,0.13610506057739258,1361.0,baseline
1777620633.3297138,0.13612699508666992,1364.0,baseline
1777620633.329736,0.13614916801452637,1361.0,baseline
1777620633.329777,0.13619017601013184,1358.0,baseline
1777620633.3298008,0.136214017868042,1358.0,baseline
1777620633.329824,0.13623714447021484,1359.0,baseline
1777620633.329847,0.1362602710723877,1356.0,baseline
1777620633.3298712,0.13628435134887695,1356.0,baseline
1777620633.3298938,0.1363070011138916,1358.0,baseline
1777620633.3299148,0.13632798194885254,1361.0,baseline
1777620633.3299358,0.13634896278381348,1361.0,baseline
1777620633.329957,0.13637018203735352,1361.0,baseline
1777620633.329979,0.13639211654663086,1359.0,baseline
1777620633.33,0.1364130973815918,1359.0,baseline
1777620633.3300219,0.13643503189086914,1357.0,baseline
1777620633.3300438,0.13645696640014648,1356.0,baseline
1777620633.330065,0.13647818565368652,1357.0,baseline
1777620633.330087,0.13650012016296387,1356.0,baseline
1777620633.330109,0.1365220546722412,1357.0,baseline
1777620633.330131,0.13654422760009766,1357.0,baseline
1777620633.330152,0.1365652084350586,1359.0,baseline
1777620633.330174,0.13658714294433594,1357.0,baseline
1777620633.330195,0.13660812377929688,1356.0,baseline
1777620633.330217,0.13663005828857422,1356.0,baseline
1777620633.3302379,0.13665103912353516,1358.0,baseline
1777620633.3302588,0.1366720199584961,1361.0,baseline
1777620633.3302798,0.13669300079345703,1360.0,baseline
1777620633.330302,0.13671517372131348,1359.0,baseline
1777620633.330323,0.13673615455627441,1356.0,baseline
1777620633.330347,0.13676023483276367,1354.0,baseline
1777620633.33037,0.13678312301635742,1356.0,baseline
1777620633.330391,0.13680410385131836,1359.0,baseline
1777620633.330413,0.1368262767791748,1359.0,baseline
1777620633.330434,0.13684725761413574,1359.0,baseline
1777620633.330455,0.13686823844909668,1358.0,baseline
1777620633.330477,0.13689017295837402,1357.0,baseline
1777620633.330498,0.13691115379333496,1360.0,baseline
1777620633.330519,0.1369321346282959,1361.0,baseline
1777620633.3305411,0.13695430755615234,1361.0,baseline
1777620633.330562,0.13697528839111328,1360.0,baseline
1777620633.330584,0.13699722290039062,1359.0,baseline
1777620633.330605,0.13701820373535156,1356.0,baseline
1777620633.330626,0.1370391845703125,1357.0,baseline
1777620633.330648,0.13706111907958984,1356.0,baseline
1777620633.3306692,0.13708233833312988,1356.0,baseline
1777620633.3306901,0.13710331916809082,1357.0,baseline
1777620633.330712,0.13712525367736816,1356.0,baseline
1777620633.330733,0.1371462345123291,1356.0,baseline
1777620633.330754,0.13716721534729004,1358.0,baseline
1777620633.330776,0.13718914985656738,1359.0,baseline
1777620633.330797,0.13721013069152832,1357.0,baseline
1777620633.330821,0.13723421096801758,1359.0,baseline
1777620633.3308449,0.13725805282592773,1357.0,baseline
1777620633.330867,0.13728022575378418,1357.0,baseline
1777620633.330888,0.13730120658874512,1358.0,baseline
1777620633.33091,0.13732314109802246,1356.0,baseline
1777620633.330931,0.1373441219329834,1356.0,baseline
1777620633.330952,0.13736510276794434,1356.0,baseline
1777620633.3309739,0.13738703727722168,1361.0,baseline
1777620633.3309948,0.13740801811218262,1359.0,baseline
1777620633.3310158,0.13742899894714355,1360.0,baseline
1777620633.331038,0.137451171875,1357.0,baseline
1777620633.331059,0.13747215270996094,1359.0,baseline
1777620633.33108,0.13749313354492188,1356.0,baseline
1777620633.331102,0.13751506805419922,1357.0,baseline
1777620633.3311229,0.13753604888916016,1359.0,baseline
1777620633.3311439,0.1375570297241211,1359.0,baseline
1777620633.331166,0.13757920265197754,1360.0,baseline
1777620633.331187,0.13760018348693848,1358.0,baseline
1777620633.331208,0.13762116432189941,1357.0,baseline
1777620633.33123,0.13764309883117676,1356.0,baseline
1777620633.331251,0.1376640796661377,1357.0,baseline
1777620633.331272,0.13768506050109863,1359.0,baseline
1777620633.3313,0.13771319389343262,1359.0,baseline
1777620633.3313239,0.13773703575134277,1359.0,baseline
1777620633.331346,0.13775920867919922,1357.0,baseline
1777620633.33138,0.13779306411743164,1357.0,baseline
1777620633.3314009,0.13781404495239258,1357.0,baseline
1777620633.331423,0.13783621788024902,1356.0,baseline
1777620633.331444,0.13785719871520996,1356.0,baseline
1777620633.331466,0.1378791332244873,1356.0,baseline
1777620633.331487,0.13790011405944824,1357.0,baseline
1777620633.3315089,0.13792204856872559,1356.0,baseline
1777620633.33153,0.13794326782226562,1357.0,baseline
1777620633.331551,0.13796424865722656,1357.0,baseline
1777620633.331573,0.1379861831665039,1356.0,baseline
1777620633.331594,0.13800716400146484,1357.0,baseline
1777620633.331615,0.13802814483642578,1358.0,baseline
1777620633.331637,0.13805007934570312,1355.0,baseline
1777620633.331658,0.13807106018066406,1355.0,baseline
1777620633.3316789,0.138092041015625,1355.0,baseline
1777620633.331701,0.13811421394348145,1354.0,baseline
1777620633.331722,0.13813519477844238,1356.0,baseline
1777620633.331743,0.13815617561340332,1353.0,baseline
1777620633.331765,0.13817811012268066,1357.0,baseline
1777620633.3317919,0.13820505142211914,1355.0,baseline
1777620633.331816,0.1382291316986084,1356.0,baseline
1777620633.331838,0.13825106620788574,1355.0,baseline
1777620633.331862,0.138275146484375,1355.0,baseline
1777620633.331883,0.13829612731933594,1356.0,baseline
1777620633.331904,0.13831710815429688,1360.0,baseline
1777620633.331926,0.13833928108215332,1359.0,baseline
1777620633.331947,0.13836026191711426,1359.0,baseline
1777620633.331968,0.1383812427520752,1358.0,baseline
1777620633.33199,0.13840317726135254,1356.0,baseline
1777620633.332011,0.13842415809631348,1357.0,baseline
1777620633.332032,0.13844513893127441,1357.0,baseline
1777620633.332053,0.13846611976623535,1356.0,baseline
1777620633.332075,0.1384882926940918,1358.0,baseline
1777620633.332096,0.13850927352905273,1356.0,baseline
1777620633.332117,0.13853025436401367,1357.0,baseline
1777620633.332139,0.13855218887329102,1357.0,baseline
1777620633.33216,0.13857316970825195,1356.0,baseline
1777620633.332181,0.1385941505432129,1358.0,baseline
1777620633.332202,0.13861513137817383,1357.0,baseline
1777620633.332224,0.13863706588745117,1361.0,baseline
1777620633.3322449,0.1386580467224121,1358.0,baseline
1777620633.332266,0.13867926597595215,1357.0,baseline
1777620633.332293,0.13870620727539062,1358.0,baseline
1777620633.3323169,0.13873004913330078,1358.0,baseline
1777620633.332339,0.13875222206115723,1356.0,baseline
1777620633.33236,0.13877320289611816,1357.0,baseline
1777620633.332381,0.1387941837310791,1356.0,baseline
1777620633.332403,0.13881611824035645,1357.0,baseline
1777620633.332424,0.13883709907531738,1357.0,baseline
1777620633.332445,0.13885807991027832,1357.0,baseline
1777620633.332466,0.13887906074523926,1360.0,baseline
1777620633.3324869,0.1389000415802002,1361.0,baseline
1777620633.332509,0.13892221450805664,1359.0,baseline
1777620633.33253,0.13894319534301758,1357.0,baseline
1777620633.332551,0.13896417617797852,1357.0,baseline
1777620633.332572,0.13898515701293945,1356.0,baseline
1777620633.332594,0.1390070915222168,1356.0,baseline
1777620633.332615,0.13902807235717773,1355.0,baseline
1777620633.3326359,0.13904905319213867,1358.0,baseline
1777620633.3326578,0.13907098770141602,1358.0,baseline
1777620633.3326788,0.13909196853637695,1359.0,baseline
1777620633.332701,0.1391141414642334,1356.0,baseline
1777620633.332722,0.13913512229919434,1358.0,baseline
1777620633.332743,0.13915610313415527,1358.0,baseline
1777620633.33277,0.13918328285217285,1358.0,baseline
1777620633.332795,0.13920807838439941,1359.0,baseline
1777620633.332816,0.13922905921936035,1360.0,baseline
1777620633.332837,0.1392502784729004,1357.0,baseline
1777620633.332858,0.13927125930786133,1359.0,baseline
1777620633.3328798,0.13929295539855957,1359.0,baseline
1777620633.332901,0.1393141746520996,1359.0,baseline
1777620633.3329222,0.13933539390563965,1360.0,baseline
1777620633.3329432,0.13935637474060059,1358.0,baseline
1777620633.3329651,0.13937830924987793,1356.0,baseline
1777620633.332986,0.13939929008483887,1358.0,baseline
1777620633.333007,0.1394202709197998,1359.0,baseline
1777620633.333029,0.13944220542907715,1358.0,baseline
1777620633.33305,0.13946318626403809,1357.0,baseline
1777620633.333071,0.13948416709899902,1355.0,baseline
1777620633.3330922,0.13950538635253906,1355.0,baseline
1777620633.3331141,0.1395273208618164,1357.0,baseline
1777620633.3331351,0.13954830169677734,1356.0,baseline
1777620633.333156,0.13956928253173828,1356.0,baseline
1777620633.333177,0.13959026336669922,1356.0,baseline
1777620633.333199,0.13961219787597656,1356.0,baseline
1777620633.33322,0.1396331787109375,1356.0,baseline
1777620633.333241,0.13965415954589844,1356.0,baseline
1777620633.333268,0.13968110084533691,1358.0,baseline
1777620633.333291,0.13970422744750977,1360.0,baseline
1777620633.333313,0.1397261619567871,1361.0,baseline
1777620633.333334,0.13974714279174805,1359.0,baseline
1777620633.3333561,0.1397693157196045,1361.0,baseline
1777620633.3333771,0.13979029655456543,1361.0,baseline
1777620633.333398,0.13981127738952637,1362.0,baseline
1777620633.33342,0.1398332118988037,1358.0,baseline
1777620633.333441,0.13985419273376465,1358.0,baseline
1777620633.333462,0.13987517356872559,1358.0,baseline
1777620633.333483,0.13989615440368652,1358.0,baseline
1777620633.333504,0.13991713523864746,1357.0,baseline
1777620633.333525,0.1399381160736084,1355.0,baseline
1777620633.333547,0.13996028900146484,1356.0,baseline
1777620633.333568,0.13998126983642578,1357.0,baseline
1777620633.333589,0.14000225067138672,1354.0,baseline
1777620633.33361,0.14002323150634766,1354.0,baseline
1777620633.333632,0.140045166015625,1355.0,baseline
1777620633.333653,0.14006614685058594,1356.0,baseline
1777620633.333674,0.14008712768554688,1360.0,baseline
1777620633.333696,0.14010906219482422,1356.0,baseline
1777620633.333717,0.14013028144836426,1355.0,baseline
1777620633.333744,0.14015722274780273,1358.0,baseline
1777620633.333767,0.14018011093139648,1352.0,baseline
1777620633.333788,0.14020109176635742,1334.0,baseline
1777620633.333809,0.14022207260131836,1331.0,baseline
1777620633.3338308,0.1402440071105957,1343.0,baseline
1777620633.3338518,0.14026498794555664,1353.0,baseline
1777620633.3338728,0.14028596878051758,1358.0,baseline
1777620633.333895,0.14030814170837402,1358.0,baseline
1777620633.333916,0.14032912254333496,1356.0,baseline
1777620633.333937,0.1403501033782959,1358.0,baseline
1777620633.3339589,0.14037203788757324,1357.0,baseline
1777620633.3339798,0.14039301872253418,1357.0,baseline
1777620633.3340008,0.14041399955749512,1358.0,baseline
1777620633.3340218,0.14043498039245605,1356.0,baseline
1777620633.334044,0.1404571533203125,1355.0,baseline
1777620633.334065,0.14047813415527344,1357.0,baseline
1777620633.334086,0.14049911499023438,1361.0,baseline
1777620633.334107,0.1405200958251953,1361.0,baseline
1777620633.3341289,0.14054203033447266,1358.0,baseline
1777620633.3341498,0.1405630111694336,1357.0,baseline
1777620633.3341708,0.14058399200439453,1358.0,baseline
1777620633.334193,0.14060616493225098,1357.0,baseline
1777620633.33422,0.14063310623168945,1357.0,baseline
1777620633.334243,0.1406562328338623,1357.0,baseline
1777620633.334264,0.14067721366882324,1357.0,baseline
1777620633.334286,0.14069914817810059,1361.0,baseline
1777620633.334307,0.14072012901306152,1359.0,baseline
1777620633.3343291,0.14074230194091797,1361.0,baseline
1777620633.33435,0.1407632827758789,1357.0,baseline
1777620633.334372,0.14078521728515625,1360.0,baseline
1777620633.334393,0.1408061981201172,1356.0,baseline
1777620633.334414,0.14082717895507812,1356.0,baseline
1777620633.3344362,0.14084935188293457,1357.0,baseline
1777620633.3344572,0.1408703327178955,1361.0,baseline
1777620633.3344781,0.14089131355285645,1358.0,baseline
1777620633.3345,0.1409132480621338,1359.0,baseline
1777620633.334521,0.14093422889709473,1356.0,baseline
1777620633.334542,0.14095520973205566,1358.0,baseline
1777620633.334563,0.1409761905670166,1356.0,baseline
1777620633.3345852,0.14099836349487305,1358.0,baseline
1777620633.33462,0.14103317260742188,1356.0,baseline
1777620633.334642,0.14105510711669922,1355.0,baseline
1777620633.334663,0.14107608795166016,1355.0,baseline
1777620633.3346848,0.1410980224609375,1356.0,baseline
1777620633.334707,0.14112019538879395,1357.0,baseline
1777620633.3347352,0.14114832878112793,1355.0,baseline
1777620633.334757,0.14117026329040527,1357.0,baseline
1777620633.3347788,0.14119195938110352,1356.0,baseline
1777620633.3347998,0.14121294021606445,1356.0,baseline
1777620633.3348212,0.1412343978881836,1357.0,baseline
1777620633.334843,0.14125609397888184,1358.0,baseline
1777620633.334864,0.14127707481384277,1358.0,baseline
1777620633.3348858,0.14129900932312012,1359.0,baseline
1777620633.3349068,0.14131999015808105,1358.0,baseline
1777620633.3349278,0.141340970993042,1359.0,baseline
1777620633.33495,0.14136314392089844,1354.0,baseline
1777620633.334971,0.14138412475585938,1357.0,baseline
1777620633.334992,0.1414051055908203,1357.0,baseline
1777620633.3350139,0.14142704010009766,1359.0,baseline
1777620633.3350348,0.1414480209350586,1361.0,baseline
1777620633.3350558,0.14146900177001953,1359.0,baseline
1777620633.335078,0.14149117469787598,1357.0,baseline
1777620633.335099,0.14151215553283691,1355.0,baseline
1777620633.335123,0.14153623580932617,1358.0,baseline
1777620633.335144,0.1415572166442871,1359.0,baseline
1777620633.335166,0.14157915115356445,1361.0,baseline
1777620633.335187,0.1416001319885254,1362.0,baseline
1777620633.3352141,0.14162731170654297,1358.0,baseline
1777620633.335237,0.14165019989013672,1356.0,baseline
1777620633.335258,0.14167118072509766,1358.0,baseline
1777620633.3352802,0.1416933536529541,1363.0,baseline
1777620633.3353012,0.14171433448791504,1359.0,baseline
1777620633.3353221,0.14173531532287598,1355.0,baseline
1777620633.335344,0.14175724983215332,1356.0,baseline
1777620633.335365,0.14177823066711426,1355.0,baseline
1777620633.335386,0.1417992115020752,1356.0,baseline
1777620633.335407,0.14182019233703613,1356.0,baseline
1777620633.335428,0.14184117317199707,1357.0,baseline
1777620633.3354502,0.14186334609985352,1362.0,baseline
1777620633.3354712,0.14188432693481445,1358.0,baseline
1777620633.3354921,0.1419053077697754,1359.0,baseline
1777620633.335514,0.14192724227905273,1360.0,baseline
1777620633.335535,0.14194822311401367,1356.0,baseline
1777620633.335556,0.1419692039489746,1355.0,baseline
1777620633.3355782,0.14199137687683105,1357.0,baseline
1777620633.3355992,0.142012357711792,1360.0,baseline
1777620633.3356202,0.14203333854675293,1357.0,baseline
1777620633.335642,0.14205527305603027,1358.0,baseline
1777620633.335663,0.1420762538909912,1356.0,baseline
1777620633.33569,0.1421031951904297,1360.0,baseline
1777620633.335713,0.14212608337402344,1356.0,baseline
1777620633.3357341,0.14214730262756348,1357.0,baseline
1777620633.335755,0.14216828346252441,1357.0,baseline
1777620633.335776,0.14218926429748535,1356.0,baseline
1777620633.335798,0.1422111988067627,1357.0,baseline
1777620633.335819,0.14223217964172363,1357.0,baseline
1777620633.33584,0.14225316047668457,1357.0,baseline
1777620633.335862,0.14227509498596191,1356.0,baseline
1777620633.335883,0.14229607582092285,1355.0,baseline
1777620633.335904,0.1423170566558838,1353.0,baseline
1777620633.335925,0.14233827590942383,1353.0,baseline
1777620633.335947,0.14236021041870117,1357.0,baseline
1777620633.335968,0.1423811912536621,1356.0,baseline
1777620633.33599,0.14240312576293945,1358.0,baseline
1777620633.3360121,0.1424252986907959,1357.0,baseline
1777620633.336033,0.14244627952575684,1355.0,baseline
1777620633.336054,0.14246726036071777,1355.0,baseline
1777620633.336076,0.14248919486999512,1357.0,baseline
1777620633.336097,0.14251017570495605,1359.0,baseline
1777620633.336118,0.142531156539917,1356.0,baseline
1777620633.33614,0.14255309104919434,1357.0,baseline
1777620633.3361611,0.14257431030273438,1358.0,baseline
1777620633.3361878,0.14260101318359375,1358.0,baseline
1777620633.336211,0.1426241397857666,1355.0,baseline
1777620633.336232,0.14264512062072754,1353.0,baseline
1777620633.336253,0.14266610145568848,1352.0,baseline
1777620633.3362749,0.14268803596496582,1350.0,baseline
1777620633.3362958,0.14270901679992676,1353.0,baseline
1777620633.336318,0.1427311897277832,1359.0,baseline
1777620633.336339,0.14275217056274414,1366.0,baseline
1777620633.33636,0.14277315139770508,1368.0,baseline
1777620633.336381,0.14279413223266602,1365.0,baseline
1777620633.336403,0.14281606674194336,1360.0,baseline
1777620633.3364239,0.1428370475769043,1362.0,baseline
1777620633.3364449,0.14285802841186523,1357.0,baseline
1777620633.336467,0.14288020133972168,1355.0,baseline
1777620633.336488,0.14290118217468262,1349.0,baseline
1777620633.336509,0.14292216300964355,1349.0,baseline
1777620633.336531,0.1429440975189209,1352.0,baseline
1777620633.336552,0.14296507835388184,1356.0,baseline
1777620633.336573,0.14298605918884277,1356.0,baseline
1777620633.336595,0.14300823211669922,1359.0,baseline
1777620633.336616,0.14302921295166016,1360.0,baseline
1777620633.336638,0.1430511474609375,1363.0,baseline
1777620633.3366652,0.14307832717895508,1363.0,baseline
1777620633.336689,0.14310216903686523,1360.0,baseline
1777620633.33671,0.14312314987182617,1358.0,baseline
1777620633.336731,0.1431441307067871,1358.0,baseline
1777620633.336753,0.14316606521606445,1356.0,baseline
1777620633.3367739,0.1431870460510254,1353.0,baseline
1777620633.3367949,0.14320802688598633,1353.0,baseline
1777620633.3368168,0.14322996139526367,1358.0,baseline
1777620633.336838,0.1432511806488037,1357.0,baseline
1777620633.336859,0.14327216148376465,1355.0,baseline
1777620633.336881,0.143294095993042,1353.0,baseline
1777620633.336902,0.14331507682800293,1355.0,baseline
1777620633.336923,0.14333605766296387,1355.0,baseline
1777620633.3369448,0.1433579921722412,1357.0,baseline
1777620633.3369658,0.14337897300720215,1357.0,baseline
1777620633.336988,0.1434011459350586,1359.0,baseline
1777620633.337009,0.14342212677001953,1361.0,baseline
1777620633.33703,0.14344310760498047,1363.0,baseline
1777620633.3370519,0.1434650421142578,1358.0,baseline
1777620633.3370728,0.14348602294921875,1357.0,baseline
1777620633.3370938,0.1435070037841797,1356.0,baseline
1777620633.337116,0.14352917671203613,1355.0,baseline
1777620633.337143,0.1435561180114746,1354.0,baseline
1777620633.337165,0.14357829093933105,1350.0,baseline
1777620633.337187,0.1436002254486084,1347.0,baseline
1777620633.337208,0.14362120628356934,1354.0,baseline
1777620633.337229,0.14364218711853027,1355.0,baseline
1777620633.33725,0.1436631679534912,1362.0,baseline
1777620633.3372722,0.14368534088134766,1359.0,baseline
1777620633.3372931,0.1437063217163086,1361.0,baseline
1777620633.3373141,0.14372730255126953,1363.0,baseline
1777620633.337336,0.14374923706054688,1360.0,baseline
1777620633.337357,0.1437702178955078,1363.0,baseline
1777620633.337378,0.14379119873046875,1361.0,baseline
1777620633.3374,0.1438131332397461,1359.0,baseline
1777620633.3374238,0.14383697509765625,1357.0,baseline
1777620633.337445,0.1438581943511963,1353.0,baseline
1777620633.337467,0.14388012886047363,1354.0,baseline
1777620633.337488,0.14390110969543457,1358.0,baseline
1777620633.3375092,0.1439223289489746,1360.0,baseline
1777620633.3375309,0.14394402503967285,1362.0,baseline
1777620633.3375518,0.1439650058746338,1364.0,baseline
1777620633.337573,0.14398622512817383,1364.0,baseline
1777620633.337595,0.14400815963745117,1359.0,baseline
1777620633.337616,0.1440291404724121,1360.0,baseline
1777620633.337643,0.14405608177185059,1359.0,baseline
1777620633.337667,0.14408016204833984,1359.0,baseline
1777620633.3376892,0.1441023349761963,1361.0,baseline
1777620633.3377101,0.14412331581115723,1357.0,baseline
1777620633.3377311,0.14414429664611816,1357.0,baseline
1777620633.337753,0.1441662311553955,1357.0,baseline
1777620633.337774,0.14418721199035645,1356.0,baseline
1777620633.337795,0.14420819282531738,1356.0,baseline
1777620633.3378172,0.14423036575317383,1356.0,baseline
1777620633.3378382,0.14425134658813477,1359.0,baseline
1777620633.337868,0.14428114891052246,1359.0,baseline
1777620633.3378901,0.1443033218383789,1357.0,baseline
1777620633.337912,0.14432525634765625,1358.0,baseline
1777620633.337933,0.1443462371826172,1358.0,baseline
1777620633.337955,0.14436817169189453,1356.0,baseline
1777620633.337976,0.14438915252685547,1355.0,baseline
1777620633.337997,0.1444101333618164,1356.0,baseline
1777620633.3380191,0.14443230628967285,1357.0,baseline
1777620633.33804,0.1444532871246338,1356.0,baseline
1777620633.338062,0.14447522163391113,1355.0,baseline
1777620633.338083,0.14449620246887207,1357.0,baseline
1777620633.3381052,0.14451837539672852,1356.0,baseline
1777620633.338132,0.1445450782775879,1359.0,baseline
1777620633.338155,0.14456820487976074,1354.0,baseline
1777620633.338176,0.14458918571472168,1354.0,baseline
1777620633.338198,0.14461112022399902,1355.0,baseline
1777620633.338219,0.14463210105895996,1354.0,baseline
1777620633.33824,0.1446530818939209,1355.0,baseline
1777620633.338262,0.14467525482177734,1355.0,baseline
1777620633.338283,0.14469623565673828,1356.0,baseline
1777620633.338304,0.14471721649169922,1354.0,baseline
1777620633.338326,0.14473915100097656,1363.0,baseline
1777620633.338347,0.1447601318359375,1367.0,baseline
1777620633.338371,0.14478421211242676,1369.0,baseline
1777620633.338393,0.1448061466217041,1368.0,baseline
1777620633.3384142,0.14482736587524414,1367.0,baseline
1777620633.3384352,0.14484834671020508,1362.0,baseline
1777620633.338457,0.14487028121948242,1357.0,baseline
1777620633.338478,0.14489126205444336,1355.0,baseline
1777620633.338499,0.1449122428894043,1357.0,baseline
1777620633.338521,0.14493417739868164,1357.0,baseline
1777620633.338542,0.14495515823364258,1355.0,baseline
1777620633.338563,0.14497613906860352,1355.0,baseline
1777620633.3385851,0.14499831199645996,1355.0,baseline
1777620633.338612,0.14502525329589844,1358.0,baseline
1777620633.338636,0.1450490951538086,1357.0,baseline
1777620633.3386571,0.14507031440734863,1356.0,baseline
1777620633.3386781,0.14509129524230957,1357.0,baseline
1777620633.3387,0.14511322975158691,1356.0,baseline
1777620633.338721,0.14513421058654785,1361.0,baseline
1777620633.338743,0.1451561450958252,1363.0,baseline
1777620633.338764,0.14517712593078613,1361.0,baseline
1777620633.338785,0.14519810676574707,1357.0,baseline
1777620633.338807,0.14522027969360352,1355.0,baseline
1777620633.338828,0.14524126052856445,1355.0,baseline
1777620633.338849,0.1452622413635254,1357.0,baseline
1777620633.338871,0.14528417587280273,1358.0,baseline
1777620633.3388932,0.14530634880065918,1357.0,baseline
1777620633.338915,0.14532828330993652,1356.0,baseline
1777620633.338938,0.14535117149353027,1357.0,baseline
1777620633.3389618,0.14537501335144043,1357.0,baseline
1777620633.338984,0.14539718627929688,1354.0,baseline
1777620633.339006,0.14541912078857422,1359.0,baseline
1777620633.339029,0.14544224739074707,1358.0,baseline
1777620633.339051,0.14546418190002441,1358.0,baseline
1777620633.339073,0.14548611640930176,1357.0,baseline
1777620633.339095,0.1455082893371582,1356.0,baseline
1777620633.339123,0.14553618431091309,1358.0,baseline
1777620633.339148,0.14556121826171875,1359.0,baseline
1777620633.33917,0.1455831527709961,1357.0,baseline
1777620633.339193,0.14560627937316895,1357.0,baseline
1777620633.3392158,0.1456289291381836,1356.0,baseline
1777620633.3392398,0.14565300941467285,1356.0,baseline
1777620633.339263,0.1456761360168457,1357.0,baseline
1777620633.339286,0.14569926261901855,1358.0,baseline
1777620633.339309,0.1457221508026123,1359.0,baseline
1777620633.339332,0.14574527740478516,1363.0,baseline
1777620633.339355,0.1457681655883789,1365.0,baseline
1777620633.339377,0.14579010009765625,1364.0,baseline
1777620633.3393989,0.1458120346069336,1362.0,baseline
1777620633.3394198,0.14583301544189453,1358.0,baseline
1777620633.3394408,0.14585399627685547,1356.0,baseline
1777620633.3394618,0.1458749771118164,1355.0,baseline
1777620633.339484,0.14589715003967285,1357.0,baseline
1777620633.339505,0.1459181308746338,1362.0,baseline
1777620633.339526,0.14593911170959473,1363.0,baseline
1777620633.3395479,0.14596104621887207,1361.0,baseline
1777620633.3395689,0.145982027053833,1358.0,baseline
1777620633.3395898,0.14600300788879395,1357.0,baseline
1777620633.339614,0.1460270881652832,1357.0,baseline
1777620633.339637,0.14605021476745605,1357.0,baseline
1777620633.339659,0.1460721492767334,1355.0,baseline
1777620633.33968,0.14609313011169434,1355.0,baseline
1777620633.339701,0.14611411094665527,1354.0,baseline
1777620633.339722,0.1461350917816162,1354.0,baseline
1777620633.339744,0.14615726470947266,1352.0,baseline
1777620633.33977,0.14618325233459473,1351.0,baseline
1777620633.339791,0.14620423316955566,1353.0,baseline
1777620633.339812,0.1462252140045166,1351.0,baseline
1777620633.339833,0.14624619483947754,1355.0,baseline
1777620633.3398552,0.14626836776733398,1356.0,baseline
1777620633.3398762,0.14628934860229492,1353.0,baseline
1777620633.339898,0.14631128311157227,1356.0,baseline
1777620633.339919,0.1463322639465332,1360.0,baseline
1777620633.33994,0.14635324478149414,1356.0,baseline
1777620633.339962,0.14637517929077148,1352.0,baseline
1777620633.339983,0.14639616012573242,1358.0,baseline
1777620633.3400042,0.14641737937927246,1357.0,baseline
1777620633.3400252,0.1464383602142334,1355.0,baseline
1777620633.3400471,0.14646029472351074,1352.0,baseline
1777620633.340068,0.14648127555847168,1353.0,baseline
1777620633.340095,0.14650821685791016,1355.0,baseline
1777620633.340117,0.1465301513671875,1363.0,baseline
1777620633.340139,0.14655208587646484,1372.0,baseline
1777620633.340161,0.1465742588043213,1363.0,baseline
1777620633.340182,0.14659523963928223,1356.0,baseline
1777620633.340203,0.14661622047424316,1355.0,baseline
1777620633.340224,0.1466372013092041,1358.0,baseline
1777620633.340246,0.14665913581848145,1356.0,baseline
1777620633.340267,0.14668011665344238,1353.0,baseline
1777620633.340289,0.14670228958129883,1352.0,baseline
1777620633.34031,0.14672327041625977,1349.0,baseline
1777620633.340332,0.1467452049255371,1348.0,baseline
1777620633.340353,0.14676618576049805,1354.0,baseline
1777620633.340374,0.14678716659545898,1355.0,baseline
1777620633.340396,0.14680910110473633,1355.0,baseline
1777620633.340417,0.14683008193969727,1358.0,baseline
1777620633.340439,0.1468522548675537,1367.0,baseline
1777620633.340461,0.14687418937683105,1367.0,baseline
1777620633.3404832,0.1468963623046875,1363.0,baseline
1777620633.3405068,0.14691996574401855,1359.0,baseline
1777620633.34053,0.1469430923461914,1357.0,baseline
1777620633.340553,0.14696621894836426,1354.0,baseline
1777620633.340576,0.146989107131958,1353.0,baseline
1777620633.3406012,0.14701437950134277,1353.0,baseline
1777620633.3406248,0.14703798294067383,1356.0,baseline
1777620633.3406458,0.14705896377563477,1356.0,baseline
1777620633.340668,0.1470811367034912,1357.0,baseline
1777620633.340689,0.14710211753845215,1361.0,baseline
1777620633.3407109,0.1471240520477295,1360.0,baseline
1777620633.3407319,0.14714503288269043,1353.0,baseline
1777620633.340754,0.14716720581054688,1338.0,baseline
1777620633.340775,0.1471881866455078,1348.0,baseline
1777620633.340796,0.14720916748046875,1349.0,baseline
1777620633.340818,0.1472311019897461,1350.0,baseline
1777620633.340839,0.14725208282470703,1353.0,baseline
1777620633.34086,0.14727306365966797,1356.0,baseline
1777620633.3408809,0.1472940444946289,1357.0,baseline
1777620633.3409028,0.14731597900390625,1360.0,baseline
1777620633.3409238,0.1473369598388672,1360.0,baseline
1777620633.340946,0.14735913276672363,1359.0,baseline
1777620633.340967,0.14738011360168457,1359.0,baseline
1777620633.340988,0.1474010944366455,1357.0,baseline
1777620633.3410099,0.14742302894592285,1358.0,baseline
1777620633.3410308,0.1474440097808838,1359.0,baseline
1777620633.3410518,0.14746499061584473,1356.0,baseline
1777620633.341079,0.1474921703338623,1355.0,baseline
1777620633.341104,0.14751720428466797,1358.0,baseline
1777620633.341126,0.1475391387939453,1359.0,baseline
1777620633.3411598,0.14757299423217773,1358.0,baseline
1777620633.341181,0.14759421348571777,1354.0,baseline
1777620633.341203,0.14761614799499512,1357.0,baseline
1777620633.341224,0.14763712882995605,1357.0,baseline
1777620633.341246,0.1476590633392334,1356.0,baseline
1777620633.3412669,0.14768004417419434,1357.0,baseline
1777620633.3412879,0.14770102500915527,1361.0,baseline
1777620633.34131,0.14772319793701172,1363.0,baseline
1777620633.341332,0.14774513244628906,1363.0,baseline
1777620633.341353,0.14776611328125,1363.0,baseline
1777620633.341374,0.14778709411621094,1360.0,baseline
1777620633.3413959,0.14780902862548828,1358.0,baseline
1777620633.341417,0.14783024787902832,1357.0,baseline
1777620633.341438,0.14785122871398926,1356.0,baseline
1777620633.34146,0.1478731632232666,1353.0,baseline
1777620633.341481,0.14789414405822754,1355.0,baseline
1777620633.341502,0.14791512489318848,1356.0,baseline
1777620633.341524,0.14793705940246582,1356.0,baseline
1777620633.3415449,0.14795804023742676,1359.0,baseline
1777620633.3415658,0.1479790210723877,1358.0,baseline
1777620633.3415911,0.14800429344177246,1357.0,baseline
1777620633.3416152,0.14802837371826172,1356.0,baseline
1777620633.3416362,0.14804935455322266,1354.0,baseline
1777620633.341658,0.1480712890625,1352.0,baseline
1777620633.341679,0.14809226989746094,1331.0,baseline
1777620633.3417,0.14811325073242188,1333.0,baseline
1777620633.341722,0.14813518524169922,1333.0,baseline
1777620633.3417442,0.14815735816955566,1349.0,baseline
1777620633.3417659,0.1481790542602539,1369.0,baseline
1777620633.3417878,0.14820098876953125,1366.0,baseline
1777620633.341811,0.1482241153717041,1362.0,baseline
1777620633.341834,0.14824724197387695,1364.0,baseline
1777620633.341874,0.14828705787658691,1361.0,baseline
1777620633.341898,0.14831113815307617,1356.0,baseline
1777620633.341921,0.14833426475524902,1356.0,baseline
1777620633.341944,0.14835715293884277,1355.0,baseline
1777620633.3419678,0.14838099479675293,1353.0,baseline
1777620633.341991,0.14840412139892578,1353.0,baseline
1777620633.3420138,0.14842700958251953,1353.0,baseline
1777620633.342036,0.14844918251037598,1354.0,baseline
1777620633.342058,0.14847111701965332,1350.0,baseline
1777620633.342079,0.14849209785461426,1357.0,baseline
1777620633.3421068,0.14851999282836914,1357.0,baseline
1777620633.342131,0.1485440731048584,1365.0,baseline
1777620633.342153,0.14856624603271484,1344.0,baseline
1777620633.342175,0.1485881805419922,1354.0,baseline
1777620633.342196,0.14860916137695312,1367.0,baseline
1777620633.342218,0.14863109588623047,1373.0,baseline
1777620633.342239,0.1486520767211914,1372.0,baseline
1777620633.342261,0.14867424964904785,1368.0,baseline
1777620633.342282,0.1486952304840088,1361.0,baseline
1777620633.342304,0.14871716499328613,1360.0,baseline
1777620633.342326,0.14873909950256348,1362.0,baseline
1777620633.342347,0.14876008033752441,1368.0,baseline
1777620633.342369,0.14878225326538086,1368.0,baseline
1777620633.34239,0.1488032341003418,1361.0,baseline
1777620633.342412,0.14882516860961914,1356.0,baseline
1777620633.342433,0.14884614944458008,1358.0,baseline
1777620633.342454,0.14886713027954102,1356.0,baseline
1777620633.3424761,0.14888930320739746,1355.0,baseline
1777620633.342497,0.1489102840423584,1358.0,baseline
1777620633.342519,0.14893221855163574,1359.0,baseline
1777620633.34254,0.14895319938659668,1359.0,baseline
1777620633.342561,0.14897418022155762,1358.0,baseline
1777620633.342588,0.1490011215209961,1356.0,baseline
1777620633.342613,0.14902615547180176,1357.0,baseline
1777620633.342634,0.1490471363067627,1357.0,baseline
1777620633.342656,0.14906907081604004,1356.0,baseline
1777620633.3426769,0.14909005165100098,1355.0,baseline
1777620633.342699,0.14911222457885742,1352.0,baseline
1777620633.34272,0.14913320541381836,1357.0,baseline
1777620633.342741,0.1491541862487793,1356.0,baseline
1777620633.342763,0.14917612075805664,1353.0,baseline
1777620633.342784,0.14919710159301758,1357.0,baseline
1777620633.342805,0.14921808242797852,1356.0,baseline
1777620633.342827,0.14924025535583496,1357.0,baseline
1777620633.342848,0.1492612361907959,1356.0,baseline
1777620633.34287,0.14928317070007324,1357.0,baseline
1777620633.342892,0.14930510520935059,1359.0,baseline
1777620633.342913,0.14932608604431152,1360.0,baseline
1777620633.342935,0.14934825897216797,1358.0,baseline
1777620633.342956,0.1493692398071289,1355.0,baseline
1777620633.342978,0.14939117431640625,1353.0,baseline
1777620633.342999,0.1494121551513672,1353.0,baseline
1777620633.34302,0.14943313598632812,1352.0,baseline
1777620633.3430421,0.14945530891418457,1353.0,baseline
1777620633.343063,0.1494762897491455,1353.0,baseline
1777620633.3430898,0.14950299263000488,1354.0,baseline
1777620633.343115,0.14952826499938965,1355.0,baseline
1777620633.343136,0.14954924583435059,1357.0,baseline
1777620633.343158,0.14957118034362793,1356.0,baseline
1777620633.343179,0.14959216117858887,1357.0,baseline
1777620633.343201,0.1496140956878662,1357.0,baseline
1777620633.343222,0.14963507652282715,1358.0,baseline
1777620633.3432431,0.1496562957763672,1357.0,baseline
1777620633.343265,0.14967823028564453,1353.0,baseline
1777620633.343286,0.14969921112060547,1347.0,baseline
1777620633.343308,0.1497211456298828,1334.0,baseline
1777620633.343329,0.14974212646484375,1343.0,baseline
1777620633.34335,0.1497631072998047,1355.0,baseline
1777620633.343372,0.14978528022766113,1359.0,baseline
1777620633.343393,0.14980626106262207,1361.0,baseline
1777620633.343415,0.14982819557189941,1353.0,baseline
1777620633.343436,0.14984917640686035,1331.0,baseline
1777620633.343457,0.1498701572418213,1328.0,baseline
1777620633.3434792,0.14989233016967773,1350.0,baseline
1777620633.3435001,0.14991331100463867,1355.0,baseline
1777620633.343522,0.14993524551391602,1359.0,baseline
1777620633.343543,0.14995622634887695,1356.0,baseline
1777620633.3435671,0.1499803066253662,1355.0,baseline
1777620633.343591,0.15000414848327637,1355.0,baseline
1777620633.343612,0.1500251293182373,1349.0,baseline
1777620633.343634,0.15004706382751465,1348.0,baseline
1777620633.3436549,0.15006804466247559,1348.0,baseline
1777620633.343677,0.15009021759033203,1347.0,baseline
1777620633.343698,0.15011119842529297,1351.0,baseline
1777620633.34372,0.1501331329345703,1356.0,baseline
1777620633.343741,0.15015411376953125,1352.0,baseline
1777620633.3437629,0.1501760482788086,1355.0,baseline
1777620633.3437839,0.15019702911376953,1355.0,baseline
1777620633.343806,0.15021920204162598,1366.0,baseline
1777620633.343827,0.15024018287658691,1369.0,baseline
1777620633.343848,0.15026116371154785,1365.0,baseline
1777620633.34387,0.1502830982208252,1366.0,baseline
1777620633.343891,0.15030407905578613,1360.0,baseline
1777620633.343913,0.15032625198364258,1358.0,baseline
1777620633.343934,0.15034723281860352,1356.0,baseline
1777620633.343955,0.15036821365356445,1356.0,baseline
1777620633.343977,0.1503901481628418,1353.0,baseline
1777620633.343998,0.15041112899780273,1351.0,baseline
1777620633.34402,0.15043306350708008,1352.0,baseline
1777620633.344047,0.15046024322509766,1356.0,baseline
1777620633.344069,0.150482177734375,1358.0,baseline
1777620633.3440928,0.15050601959228516,1357.0,baseline
1777620633.344115,0.1505281925201416,1358.0,baseline
1777620633.344137,0.15055012702941895,1366.0,baseline
1777620633.344158,0.15057110786437988,1373.0,baseline
1777620633.344179,0.15059208869934082,1375.0,baseline
1777620633.3442008,0.15061402320861816,1376.0,baseline
1777620633.344222,0.1506352424621582,1371.0,baseline
1777620633.344244,0.15065717697143555,1371.0,baseline
1777620633.344265,0.15067815780639648,1364.0,baseline
1777620633.344286,0.15069913864135742,1358.0,baseline
1777620633.344308,0.15072107315063477,1356.0,baseline
1777620633.3443289,0.1507420539855957,1359.0,baseline
1777620633.344351,0.15076422691345215,1358.0,baseline
1777620633.344372,0.15078520774841309,1356.0,baseline
1777620633.344393,0.15080618858337402,1355.0,baseline
1777620633.344416,0.15082907676696777,1357.0,baseline
1777620633.3444512,0.1508643627166748,1355.0,baseline
1777620633.3444731,0.15088629722595215,1355.0,baseline
1777620633.344494,0.15090727806091309,1357.0,baseline
1777620633.344516,0.15092921257019043,1359.0,baseline
1777620633.344537,0.15095019340515137,1357.0,baseline
1777620633.344565,0.15097808837890625,1355.0,baseline
1777620633.344589,0.1510021686553955,1357.0,baseline
1777620633.3446112,0.15102434158325195,1354.0,baseline
1777620633.3446321,0.1510453224182129,1353.0,baseline
1777620633.3446531,0.15106630325317383,1356.0,baseline
1777620633.344675,0.15108823776245117,1355.0,baseline
1777620633.344697,0.15111017227172852,1355.0,baseline
1777620633.344718,0.15113115310668945,1357.0,baseline
1777620633.3447402,0.1511533260345459,1357.0,baseline
1777620633.344762,0.15117526054382324,1358.0,baseline
1777620633.344783,0.15119624137878418,1356.0,baseline
1777620633.344804,0.15121722221374512,1355.0,baseline
1777620633.344825,0.15123820304870605,1358.0,baseline
1777620633.3448472,0.1512603759765625,1356.0,baseline
1777620633.3448682,0.15128135681152344,1358.0,baseline
1777620633.3448892,0.15130233764648438,1358.0,baseline
1777620633.344911,0.15132427215576172,1356.0,baseline
1777620633.344932,0.15134525299072266,1357.0,baseline
1777620633.344954,0.1513671875,1355.0,baseline
1777620633.344975,0.15138816833496094,1357.0,baseline
1777620633.3449962,0.15140938758850098,1358.0,baseline
1777620633.3450172,0.15143036842346191,1356.0,baseline
1777620633.3450391,0.15145230293273926,1357.0,baseline
1777620633.345066,0.15147924423217773,1357.0,baseline
1777620633.345089,0.15150213241577148,1356.0,baseline
1777620633.34511,0.15152311325073242,1356.0,baseline
1777620633.345132,0.15154528617858887,1354.0,baseline
1777620633.345153,0.1515662670135498,1358.0,baseline
1777620633.345174,0.15158724784851074,1362.0,baseline
1777620633.345196,0.15160918235778809,1360.0,baseline
1777620633.345217,0.15163016319274902,1357.0,baseline
1777620633.345238,0.15165114402770996,1360.0,baseline
1777620633.3452601,0.1516733169555664,1358.0,baseline
1777620633.3452811,0.15169429779052734,1357.0,baseline
1777620633.345302,0.15171527862548828,1357.0,baseline
1777620633.345324,0.15173721313476562,1356.0,baseline
1777620633.345345,0.15175819396972656,1355.0,baseline
1777620633.345366,0.1517791748046875,1356.0,baseline
1777620633.345388,0.15180110931396484,1357.0,baseline
1777620633.345409,0.15182209014892578,1354.0,baseline
1777620633.345431,0.15184426307678223,1356.0,baseline
1777620633.345452,0.15186524391174316,1356.0,baseline
1777620633.345473,0.1518862247467041,1361.0,baseline
1777620633.345494,0.15190720558166504,1354.0,baseline
1777620633.345516,0.15192914009094238,1353.0,baseline
1777620633.34554,0.15195322036743164,1353.0,baseline
1777620633.345563,0.1519761085510254,1357.0,baseline
1777620633.3455842,0.15199732780456543,1356.0,baseline
1777620633.3456059,0.15201902389526367,1355.0,baseline
1777620633.3456268,0.1520400047302246,1350.0,baseline
1777620633.345649,0.15206217765808105,1351.0,baseline
1777620633.34567,0.152083158493042,1349.0,baseline
1777620633.345691,0.15210413932800293,1348.0,baseline
1777620633.345713,0.15212607383728027,1353.0,baseline
1777620633.345734,0.1521470546722412,1355.0,baseline
1777620633.3457549,0.15216803550720215,1356.0,baseline
1777620633.3457768,0.1521899700164795,1357.0,baseline
1777620633.3457978,0.15221095085144043,1358.0,baseline
1777620633.345819,0.15223217010498047,1360.0,baseline
1777620633.345841,0.1522541046142578,1365.0,baseline
1777620633.345862,0.15227508544921875,1367.0,baseline
1777620633.345886,0.152299165725708,1367.0,baseline
1777620633.345907,0.15232014656066895,1365.0,baseline
1777620633.345929,0.1523420810699463,1356.0,baseline
1777620633.34595,0.15236306190490723,1356.0,baseline
1777620633.3459709,0.15238404273986816,1354.0,baseline
1777620633.345993,0.1524062156677246,1355.0,baseline
1777620633.346019,0.15243220329284668,1353.0,baseline
1777620633.3460438,0.15245699882507324,1355.0,baseline
1777620633.3460648,0.15247797966003418,1355.0,baseline
1777620633.346087,0.15250015258789062,1355.0,baseline
1777620633.346108,0.15252113342285156,1354.0,baseline
1777620633.34613,0.1525430679321289,1355.0,baseline
1777620633.3461509,0.15256404876708984,1358.0,baseline
1777620633.3461719,0.15258502960205078,1355.0,baseline
1777620633.346194,0.15260720252990723,1357.0,baseline
1777620633.346215,0.15262818336486816,1357.0,baseline
1777620633.346236,0.1526491641998291,1359.0,baseline
1777620633.346258,0.15267109870910645,1360.0,baseline
1777620633.346279,0.15269207954406738,1359.0,baseline
1777620633.3463,0.15271306037902832,1358.0,baseline
1777620633.3463218,0.15273499488830566,1357.0,baseline
1777620633.3463428,0.1527559757232666,1358.0,baseline
1777620633.346368,0.15278124809265137,1361.0,baseline
1777620633.34639,0.1528031826019287,1359.0,baseline
1777620633.346412,0.15282511711120605,1361.0,baseline
1777620633.346454,0.15286707878112793,1359.0,baseline
1777620633.3464792,0.1528923511505127,1356.0,baseline
1777620633.3465018,0.15291500091552734,1358.0,baseline
1777620633.346524,0.1529371738433838,1357.0,baseline
1777620633.346549,0.15296220779418945,1350.0,baseline
1777620633.346572,0.1529850959777832,1350.0,baseline
1777620633.346594,0.15300726890563965,1354.0,baseline
1777620633.346615,0.15302824974060059,1355.0,baseline
1777620633.346637,0.15305018424987793,1354.0,baseline
1777620633.3466592,0.15307235717773438,1359.0,baseline
1777620633.3466802,0.1530933380126953,1359.0,baseline
1777620633.346702,0.15311527252197266,1362.0,baseline
1777620633.346724,0.15313720703125,1362.0,baseline
1777620633.346745,0.15315818786621094,1363.0,baseline
1777620633.346766,0.15317916870117188,1356.0,baseline
1777620633.3467882,0.15320134162902832,1353.0,baseline
1777620633.3468091,0.15322232246398926,1353.0,baseline
1777620633.346831,0.1532442569732666,1357.0,baseline
1777620633.346853,0.15326619148254395,1356.0,baseline
1777620633.346874,0.15328717231750488,1357.0,baseline
1777620633.346896,0.15330910682678223,1357.0,baseline
1777620633.3469172,0.15333032608032227,1354.0,baseline
1777620633.3469381,0.1533513069152832,1355.0,baseline
1777620633.3469598,0.15337300300598145,1356.0,baseline
1777620633.346981,0.15339422225952148,1358.0,baseline
1777620633.347003,0.15341615676879883,1357.0,baseline
1777620633.3470268,0.15343999862670898,1357.0,baseline
1777620633.34705,0.15346312522888184,1358.0,baseline
1777620633.347072,0.15348505973815918,1357.0,baseline
1777620633.347093,0.15350627899169922,1357.0,baseline
1777620633.347115,0.15352821350097656,1356.0,baseline
1777620633.347136,0.1535491943359375,1355.0,baseline
1777620633.347158,0.15357112884521484,1355.0,baseline
1777620633.347179,0.15359210968017578,1355.0,baseline
1777620633.347201,0.15361428260803223,1354.0,baseline
1777620633.347222,0.15363526344299316,1357.0,baseline
1777620633.347244,0.1536571979522705,1357.0,baseline
1777620633.347265,0.15367817878723145,1356.0,baseline
1777620633.347287,0.1537001132965088,1355.0,baseline
1777620633.347308,0.15372109413146973,1356.0,baseline
1777620633.34733,0.15374326705932617,1356.0,baseline
1777620633.347351,0.1537642478942871,1358.0,baseline
1777620633.347373,0.15378618240356445,1356.0,baseline
1777620633.347394,0.1538071632385254,1355.0,baseline
1777620633.3474162,0.15382933616638184,1355.0,baseline
1777620633.3474371,0.15385031700134277,1359.0,baseline
1777620633.347459,0.15387225151062012,1357.0,baseline
1777620633.347481,0.15389418601989746,1356.0,baseline
1777620633.3475049,0.15391802787780762,1355.0,baseline
1777620633.347529,0.15394210815429688,1356.0,baseline
1777620633.3475509,0.15396404266357422,1357.0,baseline
1777620633.347573,0.15398621559143066,1356.0,baseline
1777620633.347594,0.1540071964263916,1358.0,baseline
1777620633.347616,0.15402913093566895,1357.0,baseline
1777620633.3476381,0.1540513038635254,1357.0,baseline
1777620633.347659,0.15407228469848633,1356.0,baseline
1777620633.347681,0.15409421920776367,1358.0,baseline
1777620633.347703,0.15411615371704102,1355.0,baseline
1777620633.347745,0.1541581153869629,1355.0,baseline
1777620633.347768,0.15418124198913574,1357.0,baseline
1777620633.34779,0.15420317649841309,1359.0,baseline
1777620633.3478122,0.15422534942626953,1357.0,baseline
1777620633.3478332,0.15424633026123047,1357.0,baseline
1777620633.3478541,0.1542673110961914,1356.0,baseline
1777620633.347876,0.15428924560546875,1358.0,baseline
1777620633.347897,0.1543102264404297,1357.0,baseline
1777620633.347919,0.15433216094970703,1360.0,baseline
1777620633.3479402,0.15435338020324707,1359.0,baseline
1777620633.3479621,0.15437531471252441,1358.0,baseline
1777620633.3479831,0.15439629554748535,1358.0,baseline
1777620633.348008,0.15442109107971191,1355.0,baseline
1777620633.3480299,0.15444302558898926,1357.0,baseline
1777620633.348052,0.1544651985168457,1357.0,baseline
1777620633.348073,0.15448617935180664,1357.0,baseline
1777620633.348095,0.15450811386108398,1357.0,baseline
1777620633.348116,0.15452909469604492,1357.0,baseline
1777620633.348137,0.15455007553100586,1358.0,baseline
1777620633.348159,0.1545722484588623,1356.0,baseline
1777620633.34818,0.15459322929382324,1357.0,baseline
1777620633.348202,0.15461516380310059,1358.0,baseline
1777620633.348223,0.15463614463806152,1356.0,baseline
1777620633.348244,0.15465712547302246,1355.0,baseline
1777620633.348268,0.15468120574951172,1356.0,baseline
1777620633.34829,0.15470314025878906,1357.0,baseline
1777620633.348311,0.15472412109375,1358.0,baseline
1777620633.348332,0.15474510192871094,1358.0,baseline
1777620633.348354,0.15476727485656738,1356.0,baseline
1777620633.348375,0.15478825569152832,1359.0,baseline
1777620633.348396,0.15480923652648926,1361.0,baseline
1777620633.348418,0.1548311710357666,1358.0,baseline
1777620633.348439,0.15485215187072754,1356.0,baseline
1777620633.3484612,0.15487432479858398,1352.0,baseline
1777620633.348487,0.15490007400512695,1356.0,baseline
1777620633.3485088,0.1549220085144043,1357.0,baseline
1777620633.348531,0.15494418144226074,1358.0,baseline
1777620633.348552,0.15496516227722168,1356.0,baseline
1777620633.348573,0.15498614311218262,1363.0,baseline
1777620633.348595,0.15500807762145996,1361.0,baseline
1777620633.348616,0.1550290584564209,1359.0,baseline
1777620633.348638,0.15505123138427734,1359.0,baseline
1777620633.348659,0.15507221221923828,1357.0,baseline
1777620633.348681,0.15509414672851562,1357.0,baseline
1777620633.348702,0.15511512756347656,1359.0,baseline
1777620633.348726,0.15513920783996582,1359.0,baseline
1777620633.348748,0.15516114234924316,1361.0,baseline
1777620633.348769,0.1551821231842041,1358.0,baseline
1777620633.3487911,0.15520429611206055,1357.0,baseline
1777620633.348812,0.15522527694702148,1358.0,baseline
1777620633.348834,0.15524721145629883,1358.0,baseline
1777620633.348855,0.15526819229125977,1357.0,baseline
1777620633.348876,0.1552891731262207,1357.0,baseline
1777620633.348898,0.15531110763549805,1355.0,baseline
1777620633.3489192,0.15533232688903809,1356.0,baseline
1777620633.3489401,0.15535330772399902,1357.0,baseline
1777620633.348968,0.1553812026977539,1359.0,baseline
1777620633.34899,0.15540313720703125,1357.0,baseline
1777620633.349012,0.1554250717163086,1356.0,baseline
1777620633.3490329,0.15544605255126953,1356.0,baseline
1777620633.349055,0.15546822547912598,1355.0,baseline
1777620633.349076,0.15548920631408691,1355.0,baseline
1777620633.349097,0.15551018714904785,1357.0,baseline
1777620633.349119,0.1555321216583252,1359.0,baseline
1777620633.349141,0.15555405616760254,1358.0,baseline
1777620633.349162,0.15557527542114258,1358.0,baseline
1777620633.349183,0.15559625625610352,1357.0,baseline
1777620633.349205,0.15561819076538086,1357.0,baseline
1777620633.349226,0.1556391716003418,1359.0,baseline
1777620633.349247,0.15566015243530273,1357.0,baseline
1777620633.349269,0.15568208694458008,1356.0,baseline
1777620633.34929,0.15570306777954102,1355.0,baseline
1777620633.3493109,0.15572404861450195,1356.0,baseline
1777620633.349333,0.1557462215423584,1356.0,baseline
1777620633.349354,0.15576720237731934,1356.0,baseline
1777620633.349375,0.15578818321228027,1356.0,baseline
1777620633.349397,0.15581011772155762,1357.0,baseline
1777620633.349418,0.15583109855651855,1361.0,baseline
1777620633.34944,0.155853271484375,1359.0,baseline
1777620633.3494668,0.15587997436523438,1358.0,baseline
1777620633.34949,0.15590310096740723,1361.0,baseline
1777620633.349511,0.15592408180236816,1358.0,baseline
1777620633.3495328,0.1559460163116455,1355.0,baseline
1777620633.3495538,0.15596699714660645,1357.0,baseline
1777620633.349576,0.1559891700744629,1356.0,baseline
1777620633.349597,0.15601015090942383,1358.0,baseline
1777620633.349619,0.15603208541870117,1356.0,baseline
1777620633.34964,0.1560530662536621,1359.0,baseline
1777620633.3496609,0.15607404708862305,1356.0,baseline
1777620633.349683,0.1560962200164795,1357.0,baseline
1777620633.349704,0.15611720085144043,1355.0,baseline
1777620633.349726,0.15613913536071777,1357.0,baseline
1777620633.349748,0.15616106986999512,1356.0,baseline
1777620633.3497689,0.15618205070495605,1357.0,baseline
1777620633.349791,0.1562042236328125,1356.0,baseline
1777620633.349812,0.15622520446777344,1356.0,baseline
1777620633.349833,0.15624618530273438,1357.0,baseline
1777620633.349855,0.15626811981201172,1357.0,baseline
1777620633.349876,0.15628910064697266,1362.0,baseline
1777620633.349898,0.1563112735748291,1358.0,baseline
1777620633.349919,0.15633225440979004,1356.0,baseline
1777620633.349946,0.15635919570922852,1355.0,baseline
1777620633.349971,0.15638422966003418,1356.0,baseline
1777620633.349992,0.15640521049499512,1355.0,baseline
1777620633.350014,0.15642714500427246,1355.0,baseline
1777620633.350035,0.1564481258392334,1356.0,baseline
1777620633.350056,0.15646910667419434,1356.0,baseline
1777620633.350077,0.15649008750915527,1356.0,baseline
1777620633.3500988,0.15651202201843262,1356.0,baseline
1777620633.3501198,0.15653300285339355,1358.0,baseline
1777620633.350142,0.15655517578125,1359.0,baseline
1777620633.350163,0.15657615661621094,1361.0,baseline
1777620633.350184,0.15659713745117188,1363.0,baseline
1777620633.350206,0.15661907196044922,1357.0,baseline
1777620633.3502269,0.15664005279541016,1357.0,baseline
1777620633.3502479,0.1566610336303711,1355.0,baseline
1777620633.35027,0.15668320655822754,1358.0,baseline
1777620633.350291,0.15670418739318848,1358.0,baseline
1777620633.350312,0.15672516822814941,1356.0,baseline
1777620633.350333,0.15674614906311035,1356.0,baseline
1777620633.350355,0.1567680835723877,1358.0,baseline
1777620633.350376,0.15678906440734863,1356.0,baseline
1777620633.3503969,0.15681004524230957,1361.0,baseline
1777620633.3504179,0.1568310260772705,1361.0,baseline
1777620633.350445,0.15685820579528809,1357.0,baseline
1777620633.350471,0.15688419342041016,1355.0,baseline
1777620633.350492,0.1569051742553711,1356.0,baseline
1777620633.350513,0.15692615509033203,1357.0,baseline
1777620633.350535,0.15694808959960938,1358.0,baseline
1777620633.350556,0.1569690704345703,1359.0,baseline
1777620633.3505778,0.15699100494384766,1360.0,baseline
1777620633.350602,0.15701508522033691,1358.0,baseline
1777620633.350623,0.15703606605529785,1368.0,baseline
1777620633.3506439,0.1570570468902588,1367.0,baseline
1777620633.350666,0.15707921981811523,1362.0,baseline
1777620633.350687,0.15710020065307617,1357.0,baseline
1777620633.350708,0.1571211814880371,1354.0,baseline
1777620633.35073,0.15714311599731445,1357.0,baseline
1777620633.350751,0.1571640968322754,1357.0,baseline
1777620633.350772,0.15718507766723633,1358.0,baseline
1777620633.350794,0.15720725059509277,1360.0,baseline
1777620633.350815,0.1572282314300537,1361.0,baseline
1777620633.350836,0.15724921226501465,1361.0,baseline
1777620633.350858,0.157271146774292,1361.0,baseline
1777620633.350879,0.15729212760925293,1359.0,baseline
1777620633.3509,0.15731310844421387,1359.0,baseline
1777620633.350924,0.15733718872070312,1360.0,baseline
1777620633.350948,0.15736126899719238,1359.0,baseline
1777620633.35097,0.15738320350646973,1360.0,baseline
1777620633.351003,0.15741610527038574,1358.0,baseline
1777620633.3510242,0.15743732452392578,1359.0,baseline
1777620633.3510458,0.15745902061462402,1361.0,baseline
1777620633.351068,0.15748119354248047,1361.0,baseline
1777620633.351089,0.1575021743774414,1358.0,baseline
1777620633.35111,0.15752315521240234,1357.0,baseline
1777620633.351132,0.1575450897216797,1354.0,baseline
1777620633.351171,0.15758419036865234,1356.0,baseline
1777620633.3511932,0.1576063632965088,1357.0,baseline
1777620633.3512142,0.15762734413146973,1357.0,baseline
1777620633.3512352,0.15764832496643066,1357.0,baseline
1777620633.351257,0.157670259475708,1358.0,baseline
1777620633.351278,0.15769124031066895,1357.0,baseline
1777620633.351299,0.15771222114562988,1356.0,baseline
1777620633.351321,0.15773415565490723,1354.0,baseline
1777620633.351342,0.15775513648986816,1356.0,baseline
1777620633.3513632,0.1577763557434082,1357.0,baseline
1777620633.3513842,0.15779733657836914,1355.0,baseline
1777620633.351406,0.15781927108764648,1356.0,baseline
1777620633.351433,0.15784621238708496,1354.0,baseline
1777620633.351455,0.1578681468963623,1356.0,baseline
1777620633.351477,0.15789008140563965,1356.0,baseline
1777620633.351498,0.15791106224060059,1356.0,baseline
1777620633.35152,0.15793323516845703,1358.0,baseline
1777620633.351541,0.15795421600341797,1357.0,baseline
1777620633.351563,0.1579761505126953,1357.0,baseline
1777620633.351584,0.15799713134765625,1361.0,baseline
1777620633.351605,0.1580181121826172,1360.0,baseline
1777620633.351626,0.15803909301757812,1358.0,baseline
1777620633.351648,0.15806126594543457,1356.0,baseline
1777620633.351669,0.1580822467803955,1354.0,baseline
1777620633.351691,0.15810418128967285,1356.0,baseline
1777620633.351712,0.1581251621246338,1357.0,baseline
1777620633.351733,0.15814614295959473,1361.0,baseline
1777620633.351755,0.15816807746887207,1358.0,baseline
1777620633.351776,0.158189058303833,1356.0,baseline
1777620633.351797,0.15821027755737305,1357.0,baseline
1777620633.351818,0.15823125839233398,1358.0,baseline
1777620633.35184,0.15825319290161133,1357.0,baseline
1777620633.351861,0.15827417373657227,1356.0,baseline
1777620633.351885,0.15829825401306152,1357.0,baseline
1777620633.351912,0.1583251953125,1357.0,baseline
1777620633.351936,0.15834927558898926,1359.0,baseline
1777620633.351957,0.1583702564239502,1357.0,baseline
1777620633.351978,0.15839123725891113,1361.0,baseline
1777620633.351999,0.15841221809387207,1356.0,baseline
1777620633.352021,0.15843415260314941,1353.0,baseline
1777620633.352042,0.15845513343811035,1355.0,baseline
1777620633.352063,0.1584761142730713,1357.0,baseline
1777620633.3520849,0.15849804878234863,1358.0,baseline
1777620633.352106,0.15851926803588867,1360.0,baseline
1777620633.352128,0.15854120254516602,1358.0,baseline
1777620633.352149,0.15856218338012695,1357.0,baseline
1777620633.35217,0.1585831642150879,1358.0,baseline
1777620633.352191,0.15860414505004883,1359.0,baseline
1777620633.352213,0.15862607955932617,1356.0,baseline
1777620633.352234,0.1586470603942871,1354.0,baseline
1777620633.3522549,0.15866804122924805,1355.0,baseline
1777620633.352277,0.1586902141571045,1357.0,baseline
1777620633.352298,0.15871119499206543,1356.0,baseline
1777620633.352319,0.15873217582702637,1357.0,baseline
1777620633.352341,0.1587541103363037,1356.0,baseline
1777620633.352362,0.15877509117126465,1357.0,baseline
1777620633.352383,0.15879607200622559,1356.0,baseline
1777620633.35241,0.15882325172424316,1353.0,baseline
1777620633.3524349,0.15884804725646973,1359.0,baseline
1777620633.3524559,0.15886902809143066,1358.0,baseline
1777620633.3524768,0.1588900089263916,1359.0,baseline
1777620633.352499,0.15891218185424805,1356.0,baseline
1777620633.35252,0.15893316268920898,1358.0,baseline
1777620633.352541,0.15895414352416992,1357.0,baseline
1777620633.352562,0.15897512435913086,1357.0,baseline
1777620633.352584,0.1589970588684082,1358.0,baseline
1777620633.3526049,0.15901803970336914,1358.0,baseline
1777620633.3526258,0.15903902053833008,1356.0,baseline
1777620633.352648,0.15906119346618652,1357.0,baseline
1777620633.352669,0.15908217430114746,1356.0,baseline
1777620633.352691,0.1591041088104248,1356.0,baseline
1777620633.352712,0.15912508964538574,1356.0,baseline
1777620633.352733,0.15914607048034668,1355.0,baseline
1777620633.3527548,0.15916800498962402,1354.0,baseline
1777620633.352776,0.15918922424316406,1353.0,baseline
1777620633.352797,0.159210205078125,1352.0,baseline
1777620633.352819,0.15923213958740234,1350.0,baseline
1777620633.35284,0.15925312042236328,1340.0,baseline
1777620633.352861,0.15927410125732422,1346.0,baseline
1777620633.352889,0.1593022346496582,1353.0,baseline
1777620633.352913,0.15932607650756836,1352.0,baseline
1777620633.352934,0.1593470573425293,1351.0,baseline
1777620633.3529549,0.15936803817749023,1354.0,baseline
1777620633.3529768,0.15938997268676758,1355.0,baseline
1777620633.3529978,0.15941095352172852,1354.0,baseline
1777620633.35302,0.15943312644958496,1348.0,baseline
1777620633.353041,0.1594541072845459,1343.0,baseline
1777620633.353062,0.15947508811950684,1332.0,baseline
1777620633.353083,0.15949606895446777,1325.0,baseline
1777620633.3531048,0.15951800346374512,1322.0,baseline
1777620633.3531258,0.15953898429870605,1322.0,baseline
1777620633.3531468,0.159559965133667,1321.0,baseline
1777620633.353169,0.15958213806152344,1316.0,baseline
1777620633.35319,0.15960311889648438,1322.0,baseline
1777620633.3532119,0.15962505340576172,1329.0,baseline
1777620633.3532329,0.15964603424072266,1329.0,baseline
1777620633.3532538,0.1596670150756836,1330.0,baseline
1777620633.3532748,0.15968799591064453,1333.0,baseline
1777620633.353297,0.15971016883850098,1343.0,baseline
1777620633.353318,0.15973114967346191,1355.0,baseline
1777620633.353339,0.15975213050842285,1361.0,baseline
1777620633.353361,0.1597740650177002,1358.0,baseline
1777620633.353388,0.15980124473571777,1361.0,baseline
1777620633.3534122,0.15982532501220703,1361.0,baseline
1777620633.353434,0.15984725952148438,1368.0,baseline
1777620633.353455,0.1598682403564453,1368.0,baseline
1777620633.353476,0.15988922119140625,1367.0,baseline
1777620633.3534982,0.1599113941192627,1371.0,baseline
1777620633.3535192,0.15993237495422363,1377.0,baseline
1777620633.3535402,0.15995335578918457,1381.0,baseline
1777620633.353562,0.15997529029846191,1383.0,baseline
1777620633.353583,0.15999627113342285,1378.0,baseline
1777620633.353604,0.1600172519683838,1379.0,baseline
1777620633.353625,0.16003823280334473,1374.0,baseline
1777620633.353647,0.16006016731262207,1374.0,baseline
1777620633.3536682,0.1600813865661621,1367.0,baseline
1777620633.3536892,0.16010236740112305,1359.0,baseline
1777620633.3537111,0.1601243019104004,1357.0,baseline
1777620633.353732,0.16014528274536133,1359.0,baseline
1777620633.353753,0.16016626358032227,1358.0,baseline
1777620633.353774,0.1601872444152832,1357.0,baseline
1777620633.353796,0.16020917892456055,1357.0,baseline
1777620633.353817,0.16023015975952148,1381.0,baseline
1777620633.353838,0.16025114059448242,1371.0,baseline
1777620633.353866,0.1602792739868164,1363.0,baseline
1777620633.353888,0.16030120849609375,1358.0,baseline
1777620633.35391,0.1603231430053711,1356.0,baseline
1777620633.353931,0.16034412384033203,1358.0,baseline
1777620633.353952,0.16036510467529297,1361.0,baseline
1777620633.353974,0.16038727760314941,1358.0,baseline
1777620633.353995,0.16040825843811035,1361.0,baseline
1777620633.354016,0.1604292392730713,1356.0,baseline
1777620633.354038,0.16045117378234863,1357.0,baseline
1777620633.354059,0.16047215461730957,1356.0,baseline
1777620633.35408,0.1604931354522705,1356.0,baseline
1777620633.354101,0.16051411628723145,1358.0,baseline
1777620633.354123,0.1605362892150879,1358.0,baseline
1777620633.354144,0.16055727005004883,1358.0,baseline
1777620633.354165,0.16057825088500977,1357.0,baseline
1777620633.354186,0.1605992317199707,1355.0,baseline
1777620633.354208,0.16062116622924805,1354.0,baseline
1777620633.354229,0.16064214706420898,1355.0,baseline
1777620633.354265,0.16067814826965332,1355.0,baseline
1777620633.3542862,0.16069936752319336,1358.0,baseline
1777620633.3543081,0.1607213020324707,1360.0,baseline
1777620633.354329,0.16074228286743164,1356.0,baseline
1777620633.354351,0.16076421737670898,1358.0,baseline
1777620633.354378,0.16079115867614746,1359.0,baseline
1777620633.354402,0.16081523895263672,1361.0,baseline
1777620633.354423,0.16083621978759766,1360.0,baseline
1777620633.354445,0.160858154296875,1359.0,baseline
1777620633.354466,0.16087913513183594,1360.0,baseline
1777620633.354487,0.16090011596679688,1360.0,baseline
1777620633.354509,0.16092228889465332,1356.0,baseline
1777620633.35453,0.16094326972961426,1355.0,baseline
1777620633.354552,0.1609652042388916,1356.0,baseline
1777620633.354573,0.16098618507385254,1354.0,baseline
1777620633.354594,0.16100716590881348,1356.0,baseline
1777620633.3546162,0.16102933883666992,1357.0,baseline
1777620633.3546371,0.16105031967163086,1354.0,baseline
1777620633.354659,0.1610722541809082,1355.0,baseline
1777620633.35468,0.16109323501586914,1356.0,baseline
1777620633.354702,0.16111516952514648,1358.0,baseline
1777620633.3547242,0.16113734245300293,1357.0,baseline
1777620633.3547451,0.16115832328796387,1353.0,baseline
1777620633.3547661,0.1611793041229248,1347.0,baseline
1777620633.354787,0.16120028495788574,1350.0,baseline
1777620633.354811,0.1612241268157959,1350.0,baseline
1777620633.354833,0.16124606132507324,1348.0,baseline
1777620633.35486,0.16127324104309082,1355.0,baseline
1777620633.3548841,0.16129732131958008,1354.0,baseline
1777620633.3549051,0.16131830215454102,1355.0,baseline
1777620633.354927,0.16134023666381836,1356.0,baseline
1777620633.354948,0.1613612174987793,1355.0,baseline
1777620633.354969,0.16138219833374023,1356.0,baseline
1777620633.35499,0.16140317916870117,1356.0,baseline
1777620633.3550122,0.16142535209655762,1358.0,baseline
1777620633.3550332,0.16144633293151855,1361.0,baseline
1777620633.3550541,0.1614673137664795,1359.0,baseline
1777620633.355076,0.16148924827575684,1358.0,baseline
1777620633.355097,0.16151022911071777,1354.0,baseline
1777620633.355118,0.1615312099456787,1355.0,baseline
1777620633.3551402,0.16155338287353516,1357.0,baseline
1777620633.3551612,0.1615743637084961,1354.0,baseline
1777620633.3551822,0.16159534454345703,1356.0,baseline
1777620633.355204,0.16161727905273438,1358.0,baseline
1777620633.355225,0.1616382598876953,1358.0,baseline
1777620633.355247,0.16166019439697266,1355.0,baseline
1777620633.355268,0.1616811752319336,1357.0,baseline
1777620633.355289,0.16170215606689453,1360.0,baseline
1777620633.35531,0.16172313690185547,1359.0,baseline
1777620633.355337,0.16175007820129395,1358.0,baseline
1777620633.355361,0.1617741584777832,1359.0,baseline
1777620633.3553832,0.16179633140563965,1357.0,baseline
1777620633.355405,0.161818265914917,1358.0,baseline
1777620633.355426,0.16183924674987793,1356.0,baseline
1777620633.355447,0.16186022758483887,1356.0,baseline
1777620633.355469,0.1618821620941162,1356.0,baseline
1777620633.35549,0.16190314292907715,1357.0,baseline
1777620633.355511,0.16192412376403809,1357.0,baseline
1777620633.3555331,0.16194629669189453,1357.0,baseline
1777620633.355554,0.16196727752685547,1361.0,baseline
1777620633.355575,0.1619882583618164,1359.0,baseline
1777620633.355597,0.16201019287109375,1361.0,baseline
1777620633.355618,0.1620311737060547,1361.0,baseline
1777620633.355639,0.16205215454101562,1361.0,baseline
1777620633.3556612,0.16207432746887207,1361.0,baseline
1777620633.3556821,0.162095308303833,1360.0,baseline
1777620633.355703,0.16211628913879395,1360.0,baseline
1777620633.355725,0.1621382236480713,1361.0,baseline
1777620633.355746,0.16215920448303223,1357.0,baseline
1777620633.355768,0.16218113899230957,1359.0,baseline
1777620633.355789,0.1622021198272705,1358.0,baseline
1777620633.3558102,0.16222333908081055,1358.0,baseline
1777620633.3558369,0.16225004196166992,1357.0,baseline
1777620633.355861,0.16227412223815918,1358.0,baseline
1777620633.355882,0.16229510307312012,1357.0,baseline
1777620633.355904,0.16231727600097656,1354.0,baseline
1777620633.355925,0.1623382568359375,1356.0,baseline
1777620633.355947,0.16236019134521484,1358.0,baseline
1777620633.355968,0.16238117218017578,1359.0,baseline
1777620633.355989,0.16240215301513672,1358.0,baseline
1777620633.356011,0.16242408752441406,1357.0,baseline
1777620633.356032,0.162445068359375,1354.0,baseline
1777620633.3560529,0.16246604919433594,1357.0,baseline
1777620633.356074,0.16248726844787598,1353.0,baseline
1777620633.356096,0.16250920295715332,1357.0,baseline
1777620633.356117,0.16253018379211426,1357.0,baseline
1777620633.356138,0.1625511646270752,1358.0,baseline
1777620633.356159,0.16257214546203613,1360.0,baseline
1777620633.35618,0.16259312629699707,1358.0,baseline
1777620633.356204,0.16261720657348633,1358.0,baseline
1777620633.356226,0.16263914108276367,1358.0,baseline
1777620633.356247,0.1626601219177246,1359.0,baseline
1777620633.356268,0.16268110275268555,1359.0,baseline
1777620633.356289,0.16270208358764648,1357.0,baseline
1777620633.3563159,0.16272902488708496,1357.0,baseline
1777620633.356341,0.16275405883789062,1356.0,baseline
1777620633.3563619,0.16277503967285156,1356.0,baseline
1777620633.356384,0.162797212600708,1356.0,baseline
1777620633.356405,0.16281819343566895,1357.0,baseline
1777620633.356426,0.16283917427062988,1358.0,baseline
1777620633.356448,0.16286110877990723,1357.0,baseline
1777620633.356469,0.16288208961486816,1357.0,baseline
1777620633.35649,0.1629030704498291,1356.0,baseline
1777620633.356512,0.16292524337768555,1357.0,baseline
1777620633.356533,0.16294622421264648,1356.0,baseline
1777620633.356554,0.16296720504760742,1356.0,baseline
1777620633.356576,0.16298913955688477,1357.0,baseline
1777620633.356597,0.1630101203918457,1358.0,baseline
1777620633.3566191,0.16303229331970215,1357.0,baseline
1777620633.35664,0.16305327415466309,1357.0,baseline
1777620633.356661,0.16307425498962402,1356.0,baseline
1777620633.356682,0.16309523582458496,1357.0,baseline
1777620633.356704,0.1631171703338623,1357.0,baseline
1777620633.356725,0.16313815116882324,1357.0,baseline
1777620633.356746,0.16315913200378418,1357.0,baseline
1777620633.356768,0.16318106651306152,1357.0,baseline
1777620633.3567889,0.16320204734802246,1356.0,baseline
1777620633.3568158,0.16322898864746094,1357.0,baseline
1777620633.35684,0.1632530689239502,1356.0,baseline
1777620633.356862,0.16327524185180664,1357.0,baseline
1777620633.356883,0.16329622268676758,1355.0,baseline
1777620633.356904,0.16331720352172852,1352.0,baseline
1777620633.356926,0.16333913803100586,1353.0,baseline
1777620633.356947,0.1633601188659668,1351.0,baseline
1777620633.356968,0.16338109970092773,1355.0,baseline
1777620633.356989,0.16340208053588867,1357.0,baseline
1777620633.3570108,0.16342401504516602,1355.0,baseline
1777620633.3570318,0.16344499588012695,1351.0,baseline
1777620633.357054,0.1634671688079834,1354.0,baseline
1777620633.357075,0.16348814964294434,1355.0,baseline
1777620633.357096,0.16350913047790527,1355.0,baseline
1777620633.357117,0.1635301113128662,1355.0,baseline
1777620633.3571389,0.16355204582214355,1354.0,baseline
1777620633.3571599,0.1635730266571045,1354.0,baseline
1777620633.3571808,0.16359400749206543,1353.0,baseline
1777620633.357203,0.16361618041992188,1356.0,baseline
1777620633.357224,0.1636371612548828,1357.0,baseline
1777620633.357246,0.16365909576416016,1358.0,baseline
1777620633.357267,0.1636800765991211,1358.0,baseline
1777620633.357294,0.16370725631713867,1356.0,baseline
1777620633.357318,0.16373109817504883,1358.0,baseline
1777620633.357339,0.16375207901000977,1357.0,baseline
1777620633.3573608,0.1637740135192871,1356.0,baseline
1777620633.3573818,0.16379499435424805,1358.0,baseline
1777620633.3574028,0.16381597518920898,1358.0,baseline
1777620633.357425,0.16383814811706543,1356.0,baseline
1777620633.357447,0.16386008262634277,1357.0,baseline
1777620633.357468,0.1638810634613037,1359.0,baseline
1777620633.3574898,0.16390299797058105,1359.0,baseline
1777620633.3575208,0.16393399238586426,1356.0,baseline
1777620633.3575418,0.1639549732208252,1356.0,baseline
1777620633.357564,0.16397714614868164,1354.0,baseline
1777620633.357586,0.16399908065795898,1354.0,baseline
1777620633.3576078,0.16402101516723633,1354.0,baseline
1777620633.3576288,0.16404199600219727,1355.0,baseline
1777620633.3576498,0.1640629768371582,1355.0,baseline
1777620633.357672,0.16408514976501465,1355.0,baseline
1777620633.357693,0.16410613059997559,1358.0,baseline
1777620633.357715,0.16412806510925293,1361.0,baseline
1777620633.3577359,0.16414904594421387,1361.0,baseline
1777620633.3577569,0.1641700267791748,1358.0,baseline
1777620633.357779,0.16419219970703125,1356.0,baseline
1777620633.357806,0.16421914100646973,1355.0,baseline
1777620633.3578298,0.16424298286437988,1354.0,baseline
1777620633.3578508,0.16426396369934082,1356.0,baseline
1777620633.357873,0.16428613662719727,1355.0,baseline
1777620633.357894,0.1643071174621582,1356.0,baseline
1777620633.357915,0.16432809829711914,1357.0,baseline
1777620633.3579369,0.16435003280639648,1355.0,baseline
1777620633.3579578,0.16437101364135742,1356.0,baseline
1777620633.3579788,0.16439199447631836,1357.0,baseline
1777620633.358,0.1644132137298584,1357.0,baseline
1777620633.358021,0.16443419456481934,1356.0,baseline
1777620633.358043,0.16445612907409668,1355.0,baseline
1777620633.358067,0.16448020935058594,1355.0,baseline
1777620633.358088,0.16450119018554688,1356.0,baseline
1777620633.358109,0.1645221710205078,1356.0,baseline
1777620633.358131,0.16454410552978516,1354.0,baseline
1777620633.358152,0.1645650863647461,1354.0,baseline
1777620633.358173,0.16458606719970703,1354.0,baseline
1777620633.3581939,0.16460704803466797,1355.0,baseline
1777620633.358216,0.16462922096252441,1357.0,baseline
1777620633.358237,0.16465020179748535,1360.0,baseline
1777620633.358259,0.1646721363067627,1356.0,baseline
1777620633.3582861,0.16469931602478027,1356.0,baseline
1777620633.35831,0.16472315788269043,1357.0,baseline
1777620633.358331,0.16474413871765137,1356.0,baseline
1777620633.358352,0.1647651195526123,1358.0,baseline
1777620633.3583739,0.16478705406188965,1358.0,baseline
1777620633.3583949,0.16480803489685059,1356.0,baseline
1777620633.3584158,0.16482901573181152,1356.0,baseline
1777620633.3584378,0.16485095024108887,1356.0,baseline
1777620633.358459,0.1648721694946289,1356.0,baseline
1777620633.35848,0.16489315032958984,1356.0,baseline
1777620633.358502,0.1649150848388672,1357.0,baseline
1777620633.358523,0.16493606567382812,1359.0,baseline
1777620633.3585448,0.16495800018310547,1359.0,baseline
1777620633.3585658,0.1649789810180664,1357.0,baseline
1777620633.3585868,0.16499996185302734,1357.0,baseline
1777620633.358609,0.1650221347808838,1355.0,baseline
1777620633.35863,0.16504311561584473,1349.0,baseline
1777620633.358651,0.16506409645080566,1353.0,baseline
1777620633.358672,0.1650850772857666,1353.0,baseline
1777620633.3586938,0.16510701179504395,1355.0,baseline
1777620633.3587148,0.16512799263000488,1353.0,baseline
1777620633.358737,0.16515016555786133,1354.0,baseline
1777620633.358764,0.1651771068572998,1372.0,baseline
1777620633.358788,0.16520118713378906,1396.0,baseline
1777620633.358809,0.16522216796875,1379.0,baseline
1777620633.3588312,0.16524434089660645,1368.0,baseline
1777620633.3588521,0.16526532173156738,1373.0,baseline
1777620633.3588731,0.16528630256652832,1376.0,baseline
1777620633.358895,0.16530823707580566,1350.0,baseline
1777620633.358916,0.1653292179107666,1348.0,baseline
1777620633.3589382,0.16535139083862305,1356.0,baseline
1777620633.3589592,0.16537237167358398,1348.0,baseline
1777620633.3589802,0.16539335250854492,1344.0,baseline
1777620633.359002,0.16541528701782227,1350.0,baseline
1777620633.359023,0.1654362678527832,1349.0,baseline
1777620633.359044,0.16545724868774414,1346.0,baseline
1777620633.359066,0.16547918319702148,1346.0,baseline
1777620633.359087,0.16550016403198242,1348.0,baseline
1777620633.3591082,0.16552138328552246,1350.0,baseline
1777620633.3591301,0.1655433177947998,1350.0,baseline
1777620633.3591511,0.16556429862976074,1349.0,baseline
1777620633.359173,0.16558623313903809,1350.0,baseline
1777620633.359194,0.16560721397399902,1349.0,baseline
1777620633.359215,0.16562819480895996,1350.0,baseline
1777620633.359236,0.1656491756439209,1353.0,baseline
1777620633.359263,0.16567611694335938,1354.0,baseline
1777620633.359286,0.16569924354553223,1353.0,baseline
1777620633.359308,0.16572117805480957,1351.0,baseline
1777620633.359329,0.1657421588897705,1356.0,baseline
1777620633.35935,0.16576313972473145,1362.0,baseline
1777620633.359371,0.16578412055969238,1365.0,baseline
1777620633.3593931,0.16580629348754883,1363.0,baseline
1777620633.359414,0.16582727432250977,1367.0,baseline
1777620633.359435,0.1658482551574707,1380.0,baseline
1777620633.359457,0.16587018966674805,1375.0,baseline
1777620633.359478,0.16589117050170898,1356.0,baseline
1777620633.359499,0.16591215133666992,1349.0,baseline
1777620633.359521,0.16593408584594727,1352.0,baseline
1777620633.3595421,0.1659553050994873,1351.0,baseline
1777620633.359564,0.16597723960876465,1357.0,baseline
1777620633.359585,0.16599822044372559,1352.0,baseline
1777620633.359607,0.16602015495300293,1346.0,baseline
1777620633.359628,0.16604113578796387,1349.0,baseline
1777620633.359649,0.1660621166229248,1350.0,baseline
1777620633.35967,0.16608309745788574,1350.0,baseline
1777620633.359692,0.1661052703857422,1349.0,baseline
1777620633.359713,0.16612625122070312,1349.0,baseline
1777620633.35974,0.1661531925201416,1349.0,baseline
1777620633.3597639,0.16617703437805176,1348.0,baseline
1777620633.359786,0.1661992073059082,1355.0,baseline
1777620633.359807,0.16622018814086914,1357.0,baseline
1777620633.359828,0.16624116897583008,1356.0,baseline
1777620633.35985,0.16626310348510742,1357.0,baseline
1777620633.359871,0.16628408432006836,1354.0,baseline
1777620633.359893,0.1663062572479248,1353.0,baseline
1777620633.359914,0.16632723808288574,1353.0,baseline
1777620633.359935,0.16634821891784668,1352.0,baseline
1777620633.359956,0.16636919975280762,1351.0,baseline
1777620633.359978,0.16639113426208496,1351.0,baseline
1777620633.359999,0.1664121150970459,1353.0,baseline
1777620633.36002,0.16643309593200684,1352.0,baseline
1777620633.360042,0.16645526885986328,1356.0,baseline
1777620633.360063,0.16647624969482422,1355.0,baseline
1777620633.360084,0.16649723052978516,1354.0,baseline
1777620633.360105,0.1665182113647461,1353.0,baseline
1777620633.360127,0.16654014587402344,1353.0,baseline
1777620633.360148,0.16656112670898438,1355.0,baseline
1777620633.360169,0.1665821075439453,1356.0,baseline
1777620633.3601909,0.16660404205322266,1356.0,baseline
1777620633.3602118,0.1666250228881836,1356.0,baseline
1777620633.360239,0.16665220260620117,1357.0,baseline
1777620633.360262,0.16667509078979492,1357.0,baseline
1777620633.360283,0.16669607162475586,1356.0,baseline
1777620633.360304,0.1667172908782959,1356.0,baseline
1777620633.3603258,0.16673898696899414,1357.0,baseline
1777620633.3603468,0.16675996780395508,1358.0,baseline
1777620633.360368,0.16678118705749512,1355.0,baseline
1777620633.3603892,0.16680240631103516,1354.0,baseline
1777620633.360411,0.1668241024017334,1354.0,baseline
1777620633.3604321,0.16684532165527344,1351.0,baseline
1777620633.3604531,0.16686630249023438,1353.0,baseline
1777620633.3604748,0.16688799858093262,1350.0,baseline
1777620633.360496,0.16690921783447266,1354.0,baseline
1777620633.360518,0.16693115234375,1358.0,baseline
1777620633.360539,0.16695213317871094,1356.0,baseline
1777620633.3605602,0.16697335243225098,1357.0,baseline
1777620633.3605812,0.16699433326721191,1356.0,baseline
1777620633.3606021,0.16701531410217285,1357.0,baseline
1777620633.360624,0.1670372486114502,1358.0,baseline
1777620633.360645,0.16705822944641113,1356.0,baseline
1777620633.360666,0.16707921028137207,1356.0,baseline
1777620633.3606882,0.16710138320922852,1357.0,baseline
1777620633.360715,0.1671280860900879,1354.0,baseline
1777620633.360738,0.16715121269226074,1354.0,baseline
1777620633.36077,0.16718316078186035,1356.0,baseline
1777620633.3607922,0.1672053337097168,1355.0,baseline
1777620633.3608131,0.16722631454467773,1357.0,baseline
1777620633.3608341,0.16724729537963867,1356.0,baseline
1777620633.360859,0.16727209091186523,1355.0,baseline
1777620633.3608801,0.16729331016540527,1354.0,baseline
1777620633.360901,0.1673142910003662,1355.0,baseline
1777620633.360922,0.16733527183532715,1357.0,baseline
1777620633.360944,0.1673572063446045,1357.0,baseline
1777620633.360965,0.16737818717956543,1356.0,baseline
1777620633.360986,0.16739916801452637,1355.0,baseline
1777620633.3610082,0.1674213409423828,1358.0,baseline
1777620633.3610291,0.16744232177734375,1358.0,baseline
1777620633.3610501,0.1674633026123047,1358.0,baseline
1777620633.361072,0.16748523712158203,1354.0,baseline
1777620633.361093,0.16750621795654297,1356.0,baseline
1777620633.361114,0.1675271987915039,1354.0,baseline
1777620633.3611362,0.16754937171936035,1354.0,baseline
1777620633.3611572,0.1675703525543213,1355.0,baseline
1777620633.3611782,0.16759133338928223,1356.0,baseline
1777620633.361205,0.1676182746887207,1355.0,baseline
1777620633.361228,0.16764116287231445,1353.0,baseline
1777620633.3612502,0.1676633358001709,1355.0,baseline
1777620633.3612711,0.16768431663513184,1355.0,baseline
1777620633.361293,0.16770625114440918,1356.0,baseline
1777620633.3613172,0.16773033142089844,1353.0,baseline
1777620633.3613381,0.16775131225585938,1353.0,baseline
1777620633.3613591,0.1677722930908203,1354.0,baseline
1777620633.36138,0.16779327392578125,1355.0,baseline
1777620633.361402,0.1678152084350586,1356.0,baseline
1777620633.361423,0.16783618927001953,1353.0,baseline
1777620633.361444,0.16785717010498047,1343.0,baseline
1777620633.361465,0.1678781509399414,1350.0,baseline
1777620633.3614872,0.16790032386779785,1355.0,baseline
1777620633.3615081,0.1679213047027588,1354.0,baseline
1777620633.361529,0.16794228553771973,1349.0,baseline
1777620633.361551,0.16796422004699707,1353.0,baseline
1777620633.361572,0.167985200881958,1355.0,baseline
1777620633.361593,0.16800618171691895,1356.0,baseline
1777620633.361614,0.16802716255187988,1356.0,baseline
1777620633.3616362,0.16804933547973633,1357.0,baseline
1777620633.3616571,0.16807031631469727,1354.0,baseline
1777620633.3616781,0.1680912971496582,1353.0,baseline
1777620633.361705,0.16811823844909668,1354.0,baseline
1777620633.36173,0.16814327239990234,1356.0,baseline
1777620633.361751,0.16816425323486328,1355.0,baseline
1777620633.361772,0.16818523406982422,1357.0,baseline
1777620633.361794,0.16820716857910156,1361.0,baseline
1777620633.361815,0.1682281494140625,1356.0,baseline
1777620633.361836,0.16824913024902344,1357.0,baseline
1777620633.3618581,0.16827130317687988,1354.0,baseline
1777620633.3618839,0.16829705238342285,1354.0,baseline
1777620633.3619049,0.1683180332183838,1356.0,baseline
1777620633.3619258,0.16833901405334473,1356.0,baseline
1777620633.361948,0.16836118698120117,1355.0,baseline
1777620633.361969,0.1683821678161621,1358.0,baseline
1777620633.36199,0.16840314865112305,1358.0,baseline
1777620633.362012,0.1684250831604004,1358.0,baseline
1777620633.362033,0.16844606399536133,1357.0,baseline
1777620633.3620539,0.16846704483032227,1355.0,baseline
1777620633.3620758,0.1684889793395996,1355.0,baseline
1777620633.3620968,0.16850996017456055,1354.0,baseline
1777620633.362118,0.16853117942810059,1355.0,baseline
1777620633.362139,0.16855216026306152,1357.0,baseline
1777620633.362161,0.16857409477233887,1358.0,baseline
1777620633.362188,0.16860127449035645,1358.0,baseline
1777620633.362211,0.1686241626739502,1356.0,baseline
1777620633.362232,0.16864514350891113,1357.0,baseline
1777620633.3622558,0.1686689853668213,1358.0,baseline
1777620633.362277,0.16869020462036133,1356.0,baseline
1777620633.362298,0.16871118545532227,1356.0,baseline
1777620633.362319,0.1687321662902832,1355.0,baseline
1777620633.3623412,0.16875433921813965,1353.0,baseline
1777620633.3623621,0.16877532005310059,1356.0,baseline
1777620633.3623831,0.16879630088806152,1356.0,baseline
1777620633.362405,0.16881823539733887,1357.0,baseline
1777620633.362426,0.1688392162322998,1357.0,baseline
1777620633.362447,0.16886019706726074,1355.0,baseline
1777620633.3624692,0.1688823699951172,1356.0,baseline
1777620633.3624902,0.16890335083007812,1355.0,baseline
1777620633.3625112,0.16892433166503906,1356.0,baseline
1777620633.362533,0.1689462661743164,1354.0,baseline
1777620633.362554,0.16896724700927734,1356.0,baseline
1777620633.362575,0.16898822784423828,1357.0,baseline
1777620633.362596,0.16900920867919922,1355.0,baseline
1777620633.3626182,0.16903138160705566,1355.0,baseline
1777620633.3626392,0.1690523624420166,1355.0,baseline
1777620633.3626611,0.16907429695129395,1355.0,baseline
1777620633.362688,0.16910123825073242,1355.0,baseline
1777620633.362711,0.16912412643432617,1358.0,baseline
1777620633.362732,0.1691451072692871,1359.0,baseline
1777620633.362753,0.16916608810424805,1358.0,baseline
1777620633.362775,0.1691882610321045,1354.0,baseline
1777620633.362796,0.16920924186706543,1355.0,baseline
1777620633.362817,0.16923022270202637,1355.0,baseline
1777620633.362839,0.1692521572113037,1356.0,baseline
1777620633.36286,0.16927313804626465,1357.0,baseline
1777620633.362881,0.16929411888122559,1357.0,baseline
1777620633.362902,0.16931509971618652,1353.0,baseline
1777620633.362924,0.16933727264404297,1352.0,baseline
1777620633.362945,0.1693582534790039,1351.0,baseline
1777620633.362966,0.16937923431396484,1355.0,baseline
1777620633.362987,0.16940021514892578,1357.0,baseline
1777620633.363008,0.16942119598388672,1356.0,baseline
1777620633.36303,0.16944313049316406,1356.0,baseline
1777620633.363051,0.169464111328125,1355.0,baseline
1777620633.3630772,0.16949033737182617,1355.0,baseline
1777620633.3630989,0.16951203346252441,1355.0,baseline
1777620633.363138,0.16955113410949707,1357.0,baseline
1777620633.363161,0.16957426071166992,1357.0,baseline
1777620633.363185,0.16959810256958008,1361.0,baseline
1777620633.363209,0.16962218284606934,1360.0,baseline
1777620633.363231,0.16964411735534668,1368.0,baseline
1777620633.363252,0.16966509819030762,1363.0,baseline
1777620633.363274,0.16968727111816406,1359.0,baseline
1777620633.363295,0.169708251953125,1357.0,baseline
1777620633.363317,0.16973018646240234,1356.0,baseline
1777620633.363338,0.16975116729736328,1352.0,baseline
1777620633.363359,0.16977214813232422,1353.0,baseline
1777620633.363381,0.16979408264160156,1353.0,baseline
1777620633.363402,0.1698150634765625,1358.0,baseline
1777620633.363424,0.16983723640441895,1358.0,baseline
1777620633.363446,0.1698591709136963,1356.0,baseline
1777620633.363467,0.16988015174865723,1354.0,baseline
1777620633.363488,0.16990113258361816,1357.0,baseline
1777620633.3635101,0.1699233055114746,1354.0,baseline
1777620633.363531,0.16994428634643555,1357.0,baseline
1777620633.363553,0.1699662208557129,1356.0,baseline
1777620633.363574,0.16998720169067383,1355.0,baseline
1777620633.363596,0.17000913619995117,1354.0,baseline
1777620633.363617,0.1700301170349121,1355.0,baseline
1777620633.363639,0.17005228996276855,1358.0,baseline
1777620633.3636632,0.1700763702392578,1359.0,baseline
1777620633.3636858,0.17009902000427246,1357.0,baseline
1777620633.363708,0.1701211929321289,1358.0,baseline
1777620633.363729,0.17014217376708984,1360.0,baseline
1777620633.363751,0.1701641082763672,1357.0,baseline
1777620633.363772,0.17018508911132812,1357.0,baseline
1777620633.363793,0.17020606994628906,1356.0,baseline
1777620633.3638148,0.1702280044555664,1354.0,baseline
1777620633.3638358,0.17024898529052734,1354.0,baseline
1777620633.363858,0.1702711582183838,1351.0,baseline
1777620633.363879,0.17029213905334473,1352.0,baseline
1777620633.3639,0.17031311988830566,1354.0,baseline
1777620633.363921,0.1703341007232666,1355.0,baseline
1777620633.3639429,0.17035603523254395,1354.0,baseline
1777620633.3639638,0.17037701606750488,1354.0,baseline
1777620633.3639848,0.17039799690246582,1357.0,baseline
1777620633.364007,0.17042016983032227,1360.0,baseline
1777620633.364039,0.17045211791992188,1356.0,baseline
1777620633.3640609,0.17047405242919922,1356.0,baseline
1777620633.364083,0.17049622535705566,1354.0,baseline
1777620633.364104,0.1705172061920166,1351.0,baseline
1777620633.364126,0.17053914070129395,1352.0,baseline
1777620633.36415,0.1705632209777832,1354.0,baseline
1777620633.3641741,0.17058730125427246,1354.0,baseline
1777620633.364195,0.1706082820892334,1357.0,baseline
1777620633.364217,0.17063021659851074,1357.0,baseline
1777620633.364238,0.17065119743347168,1358.0,baseline
1777620633.3642602,0.17067337036132812,1354.0,baseline
1777620633.3642812,0.17069435119628906,1354.0,baseline
1777620633.3643022,0.17071533203125,1353.0,baseline
1777620633.364324,0.17073726654052734,1347.0,baseline
1777620633.364345,0.17075824737548828,1335.0,baseline
1777620633.364366,0.17077922821044922,1319.0,baseline
1777620633.364388,0.17080116271972656,1311.0,baseline
1777620633.364409,0.1708221435546875,1316.0,baseline
1777620633.3644302,0.17084336280822754,1323.0,baseline
1777620633.3644521,0.17086529731750488,1327.0,baseline
1777620633.364473,0.17088627815246582,1332.0,baseline
1777620633.364494,0.17090725898742676,1333.0,baseline
1777620633.364515,0.1709282398223877,1331.0,baseline
1777620633.364537,0.17095017433166504,1330.0,baseline
1777620633.364558,0.17097115516662598,1331.0,baseline
1777620633.3645802,0.17099332809448242,1336.0,baseline
1777620633.3646011,0.17101430892944336,1348.0,baseline
1777620633.364625,0.17103815078735352,1352.0,baseline
1777620633.364649,0.17106223106384277,1350.0,baseline
1777620633.364671,0.17108416557312012,1355.0,baseline
1777620633.364692,0.17110514640808105,1364.0,baseline
1777620633.364713,0.171126127243042,1363.0,baseline
1777620633.364735,0.17114806175231934,1363.0,baseline
1777620633.3647559,0.17116904258728027,1364.0,baseline
1777620633.364778,0.17119121551513672,1361.0,baseline
1777620633.364799,0.17121219635009766,1367.0,baseline
1777620633.36482,0.1712331771850586,1361.0,baseline
1777620633.364842,0.17125511169433594,1362.0,baseline
1777620633.364863,0.17127609252929688,1359.0,baseline
1777620633.364884,0.1712970733642578,1357.0,baseline
1777620633.364906,0.17131924629211426,1359.0,baseline
1777620633.364927,0.1713402271270752,1356.0,baseline
1777620633.364948,0.17136120796203613,1359.0,baseline
1777620633.36497,0.17138314247131348,1361.0,baseline
1777620633.364991,0.17140412330627441,1358.0,baseline
1777620633.365012,0.17142510414123535,1355.0,baseline
1777620633.3650339,0.1714470386505127,1353.0,baseline
1777620633.365055,0.17146825790405273,1354.0,baseline
1777620633.365076,0.17148923873901367,1357.0,baseline
1777620633.3651001,0.17151331901550293,1357.0,baseline
1777620633.365124,0.17153716087341309,1361.0,baseline
1777620633.3651462,0.17155933380126953,1357.0,baseline
1777620633.3651671,0.17158031463623047,1357.0,baseline
1777620633.3651881,0.1716012954711914,1362.0,baseline
1777620633.36521,0.17162322998046875,1357.0,baseline
1777620633.365231,0.1716442108154297,1357.0,baseline
1777620633.365252,0.17166519165039062,1357.0,baseline
1777620633.365273,0.17168617248535156,1354.0,baseline
1777620633.3652952,0.171708345413208,1357.0,baseline
1777620633.3653162,0.17172932624816895,1357.0,baseline
1777620633.365338,0.1717512607574463,1359.0,baseline
1777620633.365359,0.17177224159240723,1359.0,baseline
1777620633.365381,0.17179417610168457,1361.0,baseline
1777620633.3654022,0.1718153953552246,1354.0,baseline
1777620633.3654242,0.17183732986450195,1355.0,baseline
1777620633.3654451,0.1718583106994629,1355.0,baseline
1777620633.3654668,0.17188000679016113,1361.0,baseline
1777620633.365488,0.17190122604370117,1357.0,baseline
1777620633.36551,0.17192316055297852,1356.0,baseline
1777620633.365531,0.17194414138793945,1358.0,baseline
1777620633.365553,0.1719660758972168,1358.0,baseline
1777620633.365576,0.17198920249938965,1357.0,baseline
1777620633.3656,0.1720132827758789,1357.0,baseline
1777620633.365621,0.17203426361083984,1358.0,baseline
1777620633.365643,0.1720561981201172,1358.0,baseline
1777620633.365664,0.17207717895507812,1360.0,baseline
1777620633.365686,0.17209911346435547,1361.0,baseline
1777620633.365707,0.1721200942993164,1356.0,baseline
1777620633.365728,0.17214107513427734,1357.0,baseline
1777620633.36575,0.1721632480621338,1355.0,baseline
1777620633.365771,0.17218422889709473,1356.0,baseline
1777620633.365792,0.17220520973205566,1357.0,baseline
1777620633.365814,0.172227144241333,1361.0,baseline
1777620633.365835,0.17224812507629395,1360.0,baseline
1777620633.365856,0.17226910591125488,1356.0,baseline
1777620633.365878,0.17229127883911133,1356.0,baseline
1777620633.365899,0.17231225967407227,1356.0,baseline
1777620633.365921,0.1723341941833496,1355.0,baseline
1777620633.365942,0.17235517501831055,1356.0,baseline
1777620633.365964,0.1723771095275879,1357.0,baseline
1777620633.365985,0.17239809036254883,1358.0,baseline
1777620633.366007,0.17242026329040527,1359.0,baseline
1777620633.366028,0.1724412441253662,1357.0,baseline
1777620633.366056,0.1724691390991211,1356.0,baseline
1777620633.366079,0.17249226570129395,1356.0,baseline
1777620633.3661,0.17251324653625488,1355.0,baseline
1777620633.366121,0.17253422737121582,1356.0,baseline
1777620633.366143,0.17255616188049316,1358.0,baseline
1777620633.366164,0.1725771427154541,1356.0,baseline
1777620633.366186,0.17259907722473145,1355.0,baseline
1777620633.366207,0.17262005805969238,1355.0,baseline
1777620633.366229,0.17264223098754883,1353.0,baseline
1777620633.36625,0.17266321182250977,1353.0,baseline
1777620633.366271,0.1726841926574707,1358.0,baseline
1777620633.366293,0.17270612716674805,1357.0,baseline
1777620633.366314,0.17272710800170898,1355.0,baseline
1777620633.366336,0.17274928092956543,1354.0,baseline
1777620633.366357,0.17277026176452637,1353.0,baseline
1777620633.366379,0.1727921962738037,1356.0,baseline
1777620633.3664,0.17281317710876465,1357.0,baseline
1777620633.366421,0.17283415794372559,1358.0,baseline
1777620633.366442,0.17285513877868652,1358.0,baseline
1777620633.366464,0.17287707328796387,1355.0,baseline
1777620633.3664849,0.1728980541229248,1356.0,baseline
1777620633.366506,0.17291927337646484,1356.0,baseline
1777620633.366533,0.17294621467590332,1358.0,baseline
1777620633.366556,0.17296910285949707,1359.0,baseline
1777620633.366577,0.172990083694458,1355.0,baseline
1777620633.366598,0.17301106452941895,1357.0,baseline
1777620633.3666189,0.17303204536437988,1357.0,baseline
1777620633.3666408,0.17305397987365723,1358.0,baseline
1777620633.3666618,0.17307496070861816,1357.0,baseline
1777620633.3666828,0.1730959415435791,1356.0,baseline
1777620633.366705,0.17311811447143555,1355.0,baseline
1777620633.366726,0.17313909530639648,1355.0,baseline
1777620633.3667479,0.17316102981567383,1353.0,baseline
1777620633.3667688,0.17318201065063477,1352.0,baseline
1777620633.3667898,0.1732029914855957,1352.0,baseline
1777620633.366812,0.17322516441345215,1354.0,baseline
1777620633.366833,0.17324614524841309,1354.0,baseline
1777620633.366854,0.17326712608337402,1356.0,baseline
1777620633.366876,0.17328906059265137,1358.0,baseline
1777620633.3669,0.17331314086914062,1357.0,baseline
1777620633.366921,0.17333412170410156,1357.0,baseline
1777620633.366942,0.1733551025390625,1355.0,baseline
1777620633.366963,0.17337608337402344,1357.0,baseline
1777620633.3669848,0.17339801788330078,1356.0,baseline
1777620633.367006,0.17341923713684082,1354.0,baseline
1777620633.3670342,0.1734473705291748,1355.0,baseline
1777620633.367056,0.17346906661987305,1355.0,baseline
1777620633.367077,0.17349028587341309,1356.0,baseline
1777620633.3670988,0.17351198196411133,1356.0,baseline
1777620633.3671198,0.17353296279907227,1355.0,baseline
1777620633.367142,0.1735551357269287,1357.0,baseline
1777620633.367163,0.17357611656188965,1358.0,baseline
1777620633.367184,0.17359709739685059,1355.0,baseline
1777620633.3672059,0.17361903190612793,1355.0,baseline
1777620633.3672278,0.17364096641540527,1355.0,baseline
1777620633.367249,0.1736621856689453,1356.0,baseline
1777620633.367284,0.17369723320007324,1357.0,baseline
1777620633.367306,0.17371916770935059,1355.0,baseline
1777620633.367327,0.17374014854431152,1357.0,baseline
1777620633.367349,0.17376208305358887,1357.0,baseline
1777620633.36737,0.1737830638885498,1357.0,baseline
1777620633.367392,0.17380523681640625,1356.0,baseline
1777620633.367413,0.1738262176513672,1356.0,baseline
1777620633.367435,0.17384815216064453,1357.0,baseline
1777620633.367456,0.17386913299560547,1357.0,baseline
1777620633.3674781,0.17389130592346191,1355.0,baseline
1777620633.367499,0.17391228675842285,1356.0,baseline
1777620633.3675258,0.17393898963928223,1355.0,baseline
1777620633.36755,0.17396306991577148,1355.0,baseline
1777620633.3675709,0.17398405075073242,1355.0,baseline
1777620633.3675919,0.17400503158569336,1355.0,baseline
1777620633.367614,0.1740272045135498,1357.0,baseline
1777620633.367635,0.17404818534851074,1356.0,baseline
1777620633.367657,0.17407011985778809,1354.0,baseline
1777620633.367678,0.17409110069274902,1355.0,baseline
1777620633.367699,0.17411208152770996,1355.0,baseline
1777620633.3677208,0.1741340160369873,1355.0,baseline
1777620633.367742,0.17415523529052734,1356.0,baseline
1777620633.367764,0.1741771697998047,1356.0,baseline
1777620633.367785,0.17419815063476562,1358.0,baseline
1777620633.367806,0.17421913146972656,1355.0,baseline
1777620633.367828,0.1742410659790039,1355.0,baseline
1777620633.3678489,0.17426204681396484,1357.0,baseline
1777620633.3678699,0.17428302764892578,1355.0,baseline
1777620633.367892,0.17430520057678223,1353.0,baseline
1777620633.367915,0.17432808876037598,1357.0,baseline
1777620633.367937,0.17435026168823242,1358.0,baseline
1777620633.36796,0.17437314987182617,1356.0,baseline
1777620633.367983,0.17439627647399902,1355.0,baseline
1777620633.36801,0.1744232177734375,1356.0,baseline
1777620633.368032,0.17444515228271484,1357.0,baseline
1777620633.368053,0.17446613311767578,1355.0,baseline
1777620633.368075,0.17448806762695312,1354.0,baseline
1777620633.368096,0.17450928688049316,1354.0,baseline
1777620633.368117,0.1745302677154541,1357.0,baseline
1777620633.368139,0.17455220222473145,1355.0,baseline
1777620633.36816,0.17457318305969238,1355.0,baseline
1777620633.368181,0.17459416389465332,1357.0,baseline
1777620633.368202,0.17461514472961426,1357.0,baseline
1777620633.368224,0.1746370792388916,1356.0,baseline
1777620633.368245,0.17465806007385254,1356.0,baseline
1777620633.368267,0.17468023300170898,1354.0,baseline
1777620633.368288,0.17470121383666992,1356.0,baseline
1777620633.3683121,0.17472529411315918,1356.0,baseline
1777620633.368334,0.17474722862243652,1357.0,baseline
1777620633.368355,0.17476820945739746,1356.0,baseline
1777620633.368377,0.1747901439666748,1354.0,baseline
1777620633.3683982,0.17481136322021484,1357.0,baseline
1777620633.3684201,0.1748332977294922,1357.0,baseline
1777620633.368441,0.17485427856445312,1357.0,baseline
1777620633.368462,0.17487525939941406,1355.0,baseline
1777620633.368484,0.1748971939086914,1356.0,baseline
1777620633.368511,0.17492413520812988,1356.0,baseline
1777620633.368533,0.17494606971740723,1355.0,baseline
1777620633.368555,0.17496824264526367,1357.0,baseline
1777620633.368576,0.1749892234802246,1356.0,baseline
1777620633.368598,0.17501115798950195,1355.0,baseline
1777620633.368619,0.1750321388244629,1355.0,baseline
1777620633.3686411,0.17505431175231934,1355.0,baseline
1777620633.368662,0.17507529258728027,1355.0,baseline
1777620633.368684,0.17509722709655762,1355.0,baseline
1777620633.368705,0.17511820793151855,1354.0,baseline
1777620633.368726,0.1751391887664795,1355.0,baseline
1777620633.368748,0.17516112327575684,1355.0,baseline
1777620633.368769,0.17518210411071777,1356.0,baseline
1777620633.368791,0.17520427703857422,1355.0,baseline
1777620633.368812,0.17522525787353516,1355.0,baseline
1777620633.368833,0.1752462387084961,1356.0,baseline
1777620633.368854,0.17526721954345703,1355.0,baseline
1777620633.368876,0.17528915405273438,1354.0,baseline
1777620633.368897,0.1753101348876953,1357.0,baseline
1777620633.368918,0.17533111572265625,1357.0,baseline
1777620633.36894,0.1753532886505127,1354.0,baseline
1777620633.368961,0.17537426948547363,1355.0,baseline
1777620633.3689878,0.175400972366333,1357.0,baseline
1777620633.369011,0.17542409896850586,1356.0,baseline
1777620633.3690329,0.1754460334777832,1357.0,baseline
1777620633.3690538,0.17546701431274414,1356.0,baseline
1777620633.369076,0.17548918724060059,1356.0,baseline
1777620633.369097,0.17551016807556152,1357.0,baseline
1777620633.369118,0.17553114891052246,1356.0,baseline
1777620633.36914,0.1755530834197998,1355.0,baseline
1777620633.369161,0.17557406425476074,1354.0,baseline
1777620633.3691819,0.17559504508972168,1357.0,baseline
1777620633.369204,0.17561721801757812,1355.0,baseline
1777620633.369225,0.17563819885253906,1355.0,baseline
1777620633.369246,0.1756591796875,1355.0,baseline
1777620633.369268,0.17568111419677734,1356.0,baseline
1777620633.369289,0.17570209503173828,1355.0,baseline
1777620633.369311,0.17572426795959473,1357.0,baseline
1777620633.369332,0.17574524879455566,1356.0,baseline
1777620633.369353,0.1757662296295166,1358.0,baseline
1777620633.369375,0.17578816413879395,1354.0,baseline
1777620633.369396,0.17580914497375488,1351.0,baseline
1777620633.369417,0.17583012580871582,1354.0,baseline
1777620633.369438,0.17585110664367676,1355.0,baseline
1777620633.369465,0.17587828636169434,1354.0,baseline
1777620633.369489,0.1759021282196045,1357.0,baseline
1777620633.36951,0.17592310905456543,1358.0,baseline
1777620633.3695319,0.17594504356384277,1355.0,baseline
1777620633.3695529,0.1759660243988037,1353.0,baseline
1777620633.3695738,0.17598700523376465,1356.0,baseline
1777620633.369596,0.1760091781616211,1357.0,baseline
1777620633.369617,0.17603015899658203,1356.0,baseline
1777620633.369638,0.17605113983154297,1357.0,baseline
1777620633.36966,0.1760730743408203,1357.0,baseline
1777620633.369681,0.17609405517578125,1356.0,baseline
1777620633.369705,0.1761181354522705,1357.0,baseline
1777620633.369727,0.17614006996154785,1355.0,baseline
1777620633.3697479,0.1761610507965088,1354.0,baseline
1777620633.3697689,0.17618203163146973,1356.0,baseline
1777620633.369791,0.17620420455932617,1356.0,baseline
1777620633.369812,0.1762251853942871,1357.0,baseline
1777620633.369833,0.17624616622924805,1354.0,baseline
1777620633.369855,0.1762681007385254,1353.0,baseline
1777620633.369876,0.17628908157348633,1354.0,baseline
1777620633.369897,0.17631006240844727,1352.0,baseline
1777620633.369919,0.1763322353363037,1353.0,baseline
1777620633.369946,0.1763591766357422,1355.0,baseline
1777620633.369969,0.17638206481933594,1354.0,baseline
1777620633.3699908,0.17640399932861328,1355.0,baseline
1777620633.3700118,0.17642498016357422,1353.0,baseline
1777620633.370034,0.17644715309143066,1352.0,baseline
1777620633.370055,0.1764681339263916,1356.0,baseline
1777620633.370076,0.17648911476135254,1357.0,baseline
1777620633.3700979,0.17651104927062988,1357.0,baseline
1777620633.3701189,0.17653203010559082,1355.0,baseline
1777620633.370141,0.17655420303344727,1357.0,baseline
1777620633.370162,0.1765751838684082,1357.0,baseline
1777620633.370186,0.17659926414489746,1356.0,baseline
1777620633.370207,0.1766202449798584,1356.0,baseline
1777620633.370229,0.17664217948913574,1358.0,baseline
1777620633.37025,0.17666316032409668,1356.0,baseline
1777620633.370271,0.17668414115905762,1356.0,baseline
1777620633.370293,0.17670607566833496,1360.0,baseline
1777620633.370314,0.1767270565032959,1356.0,baseline
1777620633.370336,0.17674922943115234,1357.0,baseline
1777620633.370357,0.17677021026611328,1356.0,baseline
1777620633.370378,0.17679119110107422,1356.0,baseline
1777620633.3704,0.17681312561035156,1357.0,baseline
1777620633.370421,0.1768341064453125,1355.0,baseline
1777620633.3704479,0.17686104774475098,1356.0,baseline
1777620633.370471,0.17688417434692383,1356.0,baseline
1777620633.370492,0.17690515518188477,1355.0,baseline
1777620633.370514,0.1769270896911621,1356.0,baseline
1777620633.3705442,0.176957368850708,1355.0,baseline
1777620633.370566,0.17697906494140625,1356.0,baseline
1777620633.3705878,0.1770009994506836,1356.0,baseline
1777620633.3706088,0.17702198028564453,1355.0,baseline
1777620633.370631,0.17704415321350098,1357.0,baseline
1777620633.370652,0.17706513404846191,1357.0,baseline
1777620633.370674,0.17708706855773926,1356.0,baseline
1777620633.3706949,0.1771080493927002,1357.0,baseline
1777620633.3707159,0.17712903022766113,1356.0,baseline
1777620633.370738,0.17715120315551758,1357.0,baseline
1777620633.370759,0.17717218399047852,1357.0,baseline
1777620633.370781,0.17719411849975586,1357.0,baseline
1777620633.370802,0.1772150993347168,1356.0,baseline
1777620633.3708239,0.17723703384399414,1355.0,baseline
1777620633.3708448,0.17725801467895508,1356.0,baseline
1777620633.3708658,0.17727899551391602,1357.0,baseline
1777620633.370888,0.17730116844177246,1354.0,baseline
1777620633.370909,0.1773221492767334,1355.0,baseline
1777620633.3709362,0.17734932899475098,1351.0,baseline
1777620633.3709598,0.17737293243408203,1354.0,baseline
1777620633.370982,0.17739510536193848,1355.0,baseline
1777620633.371003,0.17741608619689941,1354.0,baseline
1777620633.371024,0.17743706703186035,1355.0,baseline
1777620633.3710458,0.1774590015411377,1356.0,baseline
1777620633.3710668,0.17747998237609863,1356.0,baseline
1777620633.3710878,0.17750096321105957,1357.0,baseline
1777620633.37111,0.17752313613891602,1357.0,baseline
1777620633.371131,0.17754411697387695,1357.0,baseline
1777620633.371152,0.1775650978088379,1358.0,baseline
1777620633.3711739,0.17758703231811523,1355.0,baseline
1777620633.3711948,0.17760801315307617,1355.0,baseline
1777620633.371217,0.17763018608093262,1357.0,baseline
1777620633.371238,0.17765116691589355,1358.0,baseline
1777620633.371259,0.1776721477508545,1355.0,baseline
1777620633.371281,0.17769408226013184,1356.0,baseline
1777620633.371302,0.17771506309509277,1356.0,baseline
1777620633.3713238,0.17773699760437012,1357.0,baseline
1777620633.3713448,0.17775797843933105,1357.0,baseline
1777620633.3713658,0.177778959274292,1356.0,baseline
1777620633.371388,0.17780113220214844,1354.0,baseline
1777620633.3714151,0.17782831192016602,1355.0,baseline
1777620633.371437,0.17785024642944336,1356.0,baseline
1777620633.3714628,0.17787599563598633,1356.0,baseline
1777620633.371485,0.17789816856384277,1352.0,baseline
1777620633.371506,0.1779191493988037,1355.0,baseline
1777620633.371527,0.17794013023376465,1356.0,baseline
1777620633.371549,0.177962064743042,1357.0,baseline
1777620633.3715699,0.17798304557800293,1357.0,baseline
1777620633.3715909,0.17800402641296387,1356.0,baseline
1777620633.371613,0.1780261993408203,1356.0,baseline
1777620633.371634,0.17804718017578125,1358.0,baseline
1777620633.371656,0.1780691146850586,1358.0,baseline
1777620633.371677,0.17809009552001953,1356.0,baseline
1777620633.371698,0.17811107635498047,1356.0,baseline
1777620633.3717198,0.1781330108642578,1355.0,baseline
1777620633.3717408,0.17815399169921875,1356.0,baseline
1777620633.371762,0.1781752109527588,1358.0,baseline
1777620633.371784,0.17819714546203613,1358.0,baseline
1777620633.371805,0.17821812629699707,1356.0,baseline
1777620633.371826,0.178239107131958,1357.0,baseline
1777620633.371847,0.17826008796691895,1356.0,baseline
1777620633.3718688,0.1782820224761963,1356.0,baseline
1777620633.3718898,0.17830300331115723,1358.0,baseline
1777620633.371917,0.1783301830291748,1357.0,baseline
1777620633.371941,0.17835426330566406,1356.0,baseline
1777620633.371962,0.178375244140625,1355.0,baseline
1777620633.3719838,0.17839694023132324,1357.0,baseline
1777620633.3720052,0.17841839790344238,1356.0,baseline
1777620633.3720262,0.17843937873840332,1357.0,baseline
1777620633.372048,0.17846107482910156,1354.0,baseline
1777620633.3720691,0.1784822940826416,1357.0,baseline
1777620633.37209,0.17850327491760254,1361.0,baseline
1777620633.3721118,0.17852497100830078,1359.0,baseline
1777620633.372133,0.17854619026184082,1357.0,baseline
1777620633.372154,0.17856717109680176,1357.0,baseline
1777620633.3721752,0.1785883903503418,1357.0,baseline
1777620633.3721972,0.17861032485961914,1358.0,baseline
1777620633.3722181,0.17863130569458008,1361.0,baseline
1777620633.372239,0.17865228652954102,1356.0,baseline
1777620633.372261,0.17867422103881836,1356.0,baseline
1777620633.372282,0.1786952018737793,1357.0,baseline
1777620633.372303,0.17871618270874023,1356.0,baseline
1777620633.372324,0.17873716354370117,1357.0,baseline
1777620633.3723462,0.17875933647155762,1356.0,baseline
1777620633.3723671,0.17878031730651855,1356.0,baseline
1777620633.372394,0.17880725860595703,1356.0,baseline
1777620633.3724182,0.1788313388824463,1357.0,baseline
1777620633.37244,0.17885327339172363,1356.0,baseline
1777620633.372462,0.17887520790100098,1356.0,baseline
1777620633.372483,0.17889618873596191,1357.0,baseline
1777620633.3725069,0.17892003059387207,1355.0,baseline
1777620633.372528,0.1789412498474121,1356.0,baseline
1777620633.372549,0.17896223068237305,1355.0,baseline
1777620633.372571,0.1789841651916504,1353.0,baseline
1777620633.3725922,0.17900538444519043,1355.0,baseline
1777620633.372614,0.17902708053588867,1357.0,baseline
1777620633.372635,0.1790480613708496,1358.0,baseline
1777620633.3726568,0.17906999588012695,1358.0,baseline
1777620633.3726778,0.1790909767150879,1359.0,baseline
1777620633.3727,0.17911314964294434,1356.0,baseline
1777620633.372721,0.17913413047790527,1357.0,baseline
1777620633.372743,0.17915606498718262,1358.0,baseline
1777620633.3727639,0.17917704582214355,1357.0,baseline
1777620633.3727858,0.1791989803314209,1358.0,baseline
1777620633.372807,0.17922019958496094,1355.0,baseline
1777620633.372829,0.17924213409423828,1355.0,baseline
1777620633.37285,0.17926311492919922,1354.0,baseline
1777620633.3728719,0.17928504943847656,1355.0,baseline
1777620633.372896,0.17930912971496582,1357.0,baseline
1777620633.37292,0.17933320999145508,1356.0,baseline
1777620633.372942,0.17935514450073242,1355.0,baseline
1777620633.3729632,0.17937636375427246,1354.0,baseline
1777620633.3729851,0.1793982982635498,1355.0,baseline
1777620633.373006,0.17941927909851074,1356.0,baseline
1777620633.373027,0.17944025993347168,1355.0,baseline
1777620633.373049,0.17946219444274902,1356.0,baseline
1777620633.37307,0.17948317527770996,1356.0,baseline
1777620633.3730922,0.1795053482055664,1355.0,baseline
1777620633.3731132,0.17952632904052734,1356.0,baseline
1777620633.373137,0.1795501708984375,1353.0,baseline
1777620633.373158,0.17957115173339844,1355.0,baseline
1777620633.37318,0.17959308624267578,1356.0,baseline
1777620633.373201,0.17961406707763672,1357.0,baseline
1777620633.3732219,0.17963504791259766,1356.0,baseline
1777620633.3732438,0.179656982421875,1355.0,baseline
1777620633.3732648,0.17967796325683594,1357.0,baseline
1777620633.373287,0.17970013618469238,1359.0,baseline
1777620633.373308,0.17972111701965332,1359.0,baseline
1777620633.3733299,0.17974305152893066,1355.0,baseline
1777620633.3733509,0.1797640323638916,1355.0,baseline
1777620633.373375,0.17978811264038086,1358.0,baseline
1777620633.373399,0.17981219291687012,1356.0,baseline
1777620633.373421,0.17983412742614746,1359.0,baseline
1777620633.373442,0.1798551082611084,1356.0,baseline
1777620633.3734632,0.17987632751464844,1356.0,baseline
1777620633.3734841,0.17989730834960938,1357.0,baseline
1777620633.373506,0.17991924285888672,1353.0,baseline
1777620633.373527,0.17994022369384766,1357.0,baseline
1777620633.373548,0.1799612045288086,1356.0,baseline
1777620633.37357,0.17998313903808594,1356.0,baseline
1777620633.373591,0.18000411987304688,1359.0,baseline
1777620633.373612,0.1800251007080078,1355.0,baseline
1777620633.373633,0.18004608154296875,1356.0,baseline
1777620633.3736541,0.1800673007965088,1357.0,baseline
1777620633.373676,0.18008923530578613,1356.0,baseline
1777620633.373697,0.18011021614074707,1356.0,baseline
1777620633.373718,0.180131196975708,1355.0,baseline
1777620633.37374,0.18015313148498535,1353.0,baseline
1777620633.373775,0.18018817901611328,1352.0,baseline
1777620633.373796,0.18020915985107422,1354.0,baseline
1777620633.3738182,0.18023133277893066,1353.0,baseline
1777620633.3738391,0.1802523136138916,1352.0,baseline
1777620633.373867,0.18028020858764648,1354.0,baseline
1777620633.373891,0.18030428886413574,1353.0,baseline
1777620633.373913,0.18032622337341309,1354.0,baseline
1777620633.373934,0.18034720420837402,1355.0,baseline
1777620633.373955,0.18036818504333496,1352.0,baseline
1777620633.3739772,0.1803903579711914,1354.0,baseline
1777620633.3739982,0.18041133880615234,1356.0,baseline
1777620633.37402,0.1804332733154297,1353.0,baseline
1777620633.374041,0.18045425415039062,1353.0,baseline
1777620633.374062,0.18047523498535156,1354.0,baseline
1777620633.374084,0.1804971694946289,1350.0,baseline
1777620633.374105,0.18051815032958984,1256.0,baseline
1777620633.3741271,0.1805403232574463,1255.0,baseline
1777620633.3741481,0.18056130409240723,1289.0,baseline
1777620633.37417,0.18058323860168457,1317.0,baseline
1777620633.374191,0.1806042194366455,1348.0,baseline
1777620633.374212,0.18062520027160645,1356.0,baseline
1777620633.3742342,0.1806473731994629,1356.0,baseline
1777620633.3742552,0.18066835403442383,1347.0,baseline
1777620633.3742762,0.18068933486938477,1347.0,baseline
1777620633.374298,0.1807112693786621,1350.0,baseline
1777620633.374319,0.18073225021362305,1353.0,baseline
1777620633.37434,0.18075323104858398,1353.0,baseline
1777620633.374366,0.18077921867370605,1350.0,baseline
1777620633.374388,0.1808011531829834,1341.0,baseline
1777620633.374409,0.18082213401794434,1352.0,baseline
1777620633.37443,0.18084311485290527,1356.0,baseline
1777620633.3744519,0.18086504936218262,1360.0,baseline
1777620633.3744729,0.18088603019714355,1358.0,baseline
1777620633.3744938,0.1809070110321045,1361.0,baseline
1777620633.374516,0.18092918395996094,1365.0,baseline
1777620633.374537,0.18095016479492188,1367.0,baseline
1777620633.374559,0.18097209930419922,1369.0,baseline
1777620633.37458,0.18099308013916016,1369.0,baseline
1777620633.374601,0.1810140609741211,1366.0,baseline
1777620633.374623,0.18103623390197754,1368.0,baseline
1777620633.374644,0.18105721473693848,1368.0,baseline
1777620633.374665,0.18107819557189941,1366.0,baseline
1777620633.374687,0.18110013008117676,1365.0,baseline
1777620633.374708,0.1811211109161377,1367.0,baseline
1777620633.374729,0.18114209175109863,1366.0,baseline
1777620633.37475,0.18116307258605957,1367.0,baseline
1777620633.374772,0.18118524551391602,1372.0,baseline
1777620633.374793,0.18120622634887695,1375.0,baseline
1777620633.374814,0.1812272071838379,1371.0,baseline
1777620633.374841,0.18125414848327637,1366.0,baseline
1777620633.3748639,0.18127703666687012,1359.0,baseline
1777620633.374885,0.18129825592041016,1354.0,baseline
1777620633.3749068,0.1813199520111084,1355.0,baseline
1777620633.3749278,0.18134093284606934,1353.0,baseline
1777620633.3749492,0.18136239051818848,1355.0,baseline
1777620633.3749702,0.18138337135314941,1353.0,baseline
1777620633.374992,0.18140506744384766,1354.0,baseline
1777620633.375013,0.1814262866973877,1355.0,baseline
1777620633.375034,0.18144726753234863,1356.0,baseline
1777620633.3750558,0.18146896362304688,1354.0,baseline
1777620633.375077,0.18149018287658691,1355.0,baseline
1777620633.375099,0.18151211738586426,1357.0,baseline
1777620633.37512,0.1815330982208252,1356.0,baseline
1777620633.3751411,0.18155431747436523,1354.0,baseline
1777620633.3751628,0.18157601356506348,1354.0,baseline
1777620633.3751838,0.18159699440002441,1356.0,baseline
1777620633.375206,0.18161916732788086,1358.0,baseline
1777620633.375227,0.1816401481628418,1357.0,baseline
1777620633.375249,0.18166208267211914,1356.0,baseline
1777620633.3752708,0.18168401718139648,1357.0,baseline
1777620633.375293,0.18170619010925293,1357.0,baseline
1777620633.37532,0.1817331314086914,1357.0,baseline
1777620633.375344,0.18175721168518066,1354.0,baseline
1777620633.375366,0.181779146194458,1354.0,baseline
1777620633.375387,0.18180012702941895,1356.0,baseline
1777620633.3754082,0.18182134628295898,1353.0,baseline
1777620633.3754299,0.18184304237365723,1351.0,baseline
1777620633.3754508,0.18186402320861816,1352.0,baseline
1777620633.375472,0.1818852424621582,1355.0,baseline
1777620633.375493,0.18190622329711914,1354.0,baseline
1777620633.375515,0.18192815780639648,1355.0,baseline
1777620633.3755362,0.18194937705993652,1358.0,baseline
1777620633.375558,0.18197107315063477,1355.0,baseline
1777620633.3755789,0.1819920539855957,1355.0,baseline
1777620633.3756,0.18201327323913574,1355.0,baseline
1777620633.3756218,0.18203496932983398,1354.0,baseline
1777620633.3756428,0.18205595016479492,1355.0,baseline
1777620633.3756642,0.18207740783691406,1352.0,baseline
1777620633.375686,0.1820991039276123,1353.0,baseline
1777620633.375707,0.18212008476257324,1353.0,baseline
1777620633.3757281,0.18214130401611328,1356.0,baseline
1777620633.3757498,0.18216300010681152,1357.0,baseline
1777620633.3757708,0.18218398094177246,1356.0,baseline
1777620633.375793,0.1822061538696289,1358.0,baseline
1777620633.37582,0.18223309516906738,1358.0,baseline
1777620633.375844,0.18225717544555664,1357.0,baseline
1777620633.375865,0.18227815628051758,1358.0,baseline
1777620633.3758872,0.18230032920837402,1356.0,baseline
1777620633.3759081,0.18232131004333496,1355.0,baseline
1777620633.375929,0.1823422908782959,1357.0,baseline
1777620633.375951,0.18236422538757324,1358.0,baseline
1777620633.375972,0.18238520622253418,1358.0,baseline
1777620633.375993,0.18240618705749512,1356.0,baseline
1777620633.3760152,0.18242835998535156,1357.0,baseline
1777620633.3760362,0.1824493408203125,1356.0,baseline
1777620633.376058,0.18247127532958984,1355.0,baseline
1777620633.376079,0.18249225616455078,1353.0,baseline
1777620633.3761,0.18251323699951172,1355.0,baseline
1777620633.376122,0.18253517150878906,1356.0,baseline
1777620633.3761432,0.1825563907623291,1357.0,baseline
1777620633.3761652,0.18257832527160645,1355.0,baseline
1777620633.3761861,0.18259930610656738,1358.0,baseline
1777620633.376207,0.18262028694152832,1356.0,baseline
1777620633.376231,0.18264412879943848,1354.0,baseline
1777620633.376252,0.18266510963439941,1354.0,baseline
1777620633.3762739,0.18268704414367676,1355.0,baseline
1777620633.376301,0.18271422386169434,1352.0,baseline
1777620633.3763258,0.1827390193939209,1352.0,baseline
1777620633.376348,0.18276119232177734,1355.0,baseline
1777620633.376369,0.18278217315673828,1353.0,baseline
1777620633.37639,0.18280315399169922,1353.0,baseline
1777620633.376411,0.18282413482666016,1354.0,baseline
1777620633.376433,0.1828460693359375,1355.0,baseline
1777620633.3764539,0.18286705017089844,1355.0,baseline
1777620633.3764758,0.18288898468017578,1355.0,baseline
1777620633.3764968,0.18290996551513672,1356.0,baseline
1777620633.3765178,0.18293094635009766,1355.0,baseline
1777620633.37654,0.1829531192779541,1357.0,baseline
1777620633.376561,0.18297410011291504,1356.0,baseline
1777620633.3765829,0.18299603462219238,1358.0,baseline
1777620633.3766038,0.18301701545715332,1357.0,baseline
1777620633.3766248,0.18303799629211426,1358.0,baseline
1777620633.3766458,0.1830589771270752,1361.0,baseline
1777620633.376668,0.18308115005493164,1361.0,baseline
1777620633.376689,0.18310213088989258,1361.0,baseline
1777620633.37671,0.18312311172485352,1357.0,baseline
1777620633.3767319,0.18314504623413086,1360.0,baseline
1777620633.3767529,0.1831660270690918,1359.0,baseline
1777620633.376775,0.18318819999694824,1358.0,baseline
1777620633.376802,0.18321514129638672,1356.0,baseline
1777620633.376826,0.18323922157287598,1354.0,baseline
1777620633.376848,0.18326115608215332,1356.0,baseline
1777620633.3768692,0.18328237533569336,1356.0,baseline
1777620633.376891,0.1833040714263916,1360.0,baseline
1777620633.3769119,0.18332505226135254,1357.0,baseline
1777620633.376933,0.18334627151489258,1356.0,baseline
1777620633.3769548,0.18336796760559082,1358.0,baseline
1777620633.3769758,0.18338894844055176,1358.0,baseline
1777620633.3770082,0.18342137336730957,1359.0,baseline
1777620633.37703,0.1834430694580078,1356.0,baseline
1777620633.3770509,0.18346405029296875,1356.0,baseline
1777620633.3770728,0.1834859848022461,1356.0,baseline
1777620633.3770938,0.18350696563720703,1355.0,baseline
1777620633.377116,0.18352913856506348,1357.0,baseline
1777620633.377137,0.18355011940002441,1356.0,baseline
1777620633.3771589,0.18357205390930176,1355.0,baseline
1777620633.3771799,0.1835930347442627,1355.0,baseline
1777620633.3772008,0.18361401557922363,1353.0,baseline
1777620633.377223,0.18363618850708008,1356.0,baseline
1777620633.377244,0.18365716934204102,1357.0,baseline
1777620633.377266,0.18367910385131836,1357.0,baseline
1777620633.377293,0.18370628356933594,1355.0,baseline
1777620633.3773172,0.1837303638458252,1355.0,baseline
1777620633.377339,0.18375205993652344,1358.0,baseline
1777620633.3773599,0.18377304077148438,1353.0,baseline
1777620633.377381,0.18379426002502441,1354.0,baseline
1777620633.3774028,0.18381595611572266,1352.0,baseline
1777620633.3774238,0.1838369369506836,1352.0,baseline
1777620633.3774452,0.18385839462280273,1352.0,baseline
1777620633.377467,0.18388009071350098,1353.0,baseline
1777620633.377488,0.18390107154846191,1355.0,baseline
1777620633.377509,0.18392229080200195,1356.0,baseline
1777620633.377543,0.18395614624023438,1355.0,baseline
1777620633.377565,0.18397808074951172,1358.0,baseline
1777620633.377586,0.18399906158447266,1357.0,baseline
1777620633.3776078,0.18402099609375,1357.0,baseline
1777620633.377629,0.18404221534729004,1357.0,baseline
1777620633.37765,0.18406319618225098,1356.0,baseline
1777620633.377672,0.18408513069152832,1355.0,baseline
1777620633.377693,0.18410611152648926,1355.0,baseline
1777620633.377714,0.1841270923614502,1355.0,baseline
1777620633.377735,0.18414807319641113,1355.0,baseline
1777620633.3777568,0.18417000770568848,1355.0,baseline
1777620633.3777778,0.18419098854064941,1355.0,baseline
1777620633.3778062,0.1842193603515625,1354.0,baseline
1777620633.3778298,0.18424296379089355,1355.0,baseline
1777620633.3778508,0.1842639446258545,1350.0,baseline
1777620633.377872,0.18428516387939453,1346.0,baseline
1777620633.377894,0.18430709838867188,1349.0,baseline
1777620633.377915,0.1843280792236328,1354.0,baseline
1777620633.377936,0.18434906005859375,1355.0,baseline
1777620633.3779578,0.1843709945678711,1355.0,baseline
1777620633.3779788,0.18439197540283203,1355.0,baseline
1777620633.3779998,0.18441295623779297,1353.0,baseline
1777620633.378021,0.184434175491333,1353.0,baseline
1777620633.378043,0.18445611000061035,1353.0,baseline
1777620633.378064,0.1844770908355713,1355.0,baseline
1777620633.3780851,0.18449831008911133,1352.0,baseline
1777620633.3781068,0.18452000617980957,1355.0,baseline
1777620633.3781278,0.1845409870147705,1356.0,baseline
1777620633.378149,0.18456220626831055,1355.0,baseline
1777620633.378171,0.1845841407775879,1355.0,baseline
1777620633.378192,0.18460512161254883,1357.0,baseline
1777620633.3782132,0.18462634086608887,1356.0,baseline
1777620633.3782341,0.1846473217010498,1357.0,baseline
1777620633.3782558,0.18466901779174805,1357.0,baseline
1777620633.378283,0.18469619750976562,1356.0,baseline
1777620633.378307,0.18472027778625488,1355.0,baseline
1777620633.378328,0.18474125862121582,1358.0,baseline
1777620633.378349,0.18476223945617676,1359.0,baseline
1777620633.378371,0.1847841739654541,1357.0,baseline
1777620633.378392,0.18480515480041504,1353.0,baseline
1777620633.378413,0.18482613563537598,1356.0,baseline
1777620633.3784351,0.18484830856323242,1357.0,baseline
1777620633.378456,0.18486928939819336,1356.0,baseline
1777620633.378477,0.1848902702331543,1356.0,baseline
1777620633.378499,0.18491220474243164,1356.0,baseline
1777620633.37852,0.18493318557739258,1354.0,baseline
1777620633.378541,0.18495416641235352,1357.0,baseline
1777620633.3785632,0.18497633934020996,1356.0,baseline
1777620633.3785841,0.1849973201751709,1354.0,baseline
1777620633.378606,0.18501925468444824,1357.0,baseline
1777620633.378627,0.18504023551940918,1355.0,baseline
1777620633.378648,0.18506121635437012,1355.0,baseline
1777620633.37867,0.18508315086364746,1357.0,baseline
1777620633.378691,0.1851041316986084,1357.0,baseline
1777620633.3787131,0.18512630462646484,1357.0,baseline
1777620633.378734,0.18514728546142578,1357.0,baseline
1777620633.378755,0.18516826629638672,1356.0,baseline
1777620633.378783,0.1851961612701416,1356.0,baseline
1777620633.378807,0.18522024154663086,1355.0,baseline
1777620633.378828,0.1852412223815918,1352.0,baseline
1777620633.37885,0.18526315689086914,1354.0,baseline
1777620633.378871,0.18528413772583008,1355.0,baseline
1777620633.378892,0.18530511856079102,1356.0,baseline
1777620633.378914,0.18532729148864746,1356.0,baseline
1777620633.378935,0.1853482723236084,1357.0,baseline
1777620633.378957,0.18537020683288574,1356.0,baseline
1777620633.378978,0.18539118766784668,1355.0,baseline
1777620633.378999,0.18541216850280762,1355.0,baseline
1777620633.3790212,0.18543434143066406,1355.0,baseline
1777620633.379043,0.1854562759399414,1357.0,baseline
1777620633.379064,0.18547725677490234,1356.0,baseline
1777620633.379085,0.18549823760986328,1357.0,baseline
1777620633.379107,0.18552017211914062,1356.0,baseline
1777620633.379128,0.18554115295410156,1356.0,baseline
1777620633.379149,0.1855621337890625,1354.0,baseline
1777620633.3791711,0.18558430671691895,1355.0,baseline
1777620633.379192,0.18560528755187988,1352.0,baseline
1777620633.379214,0.18562722206115723,1355.0,baseline
1777620633.379235,0.18564820289611816,1354.0,baseline
1777620633.379263,0.18567609786987305,1354.0,baseline
1777620633.379288,0.1857011318206787,1355.0,baseline
1777620633.379309,0.18572211265563965,1357.0,baseline
1777620633.379331,0.1857442855834961,1356.0,baseline
1777620633.379352,0.18576526641845703,1354.0,baseline
1777620633.379373,0.18578624725341797,1357.0,baseline
1777620633.379395,0.1858081817626953,1357.0,baseline
1777620633.379416,0.18582916259765625,1355.0,baseline
1777620633.379437,0.1858501434326172,1356.0,baseline
1777620633.379458,0.18587112426757812,1356.0,baseline
1777620633.3794801,0.18589329719543457,1355.0,baseline
1777620633.379501,0.1859142780303955,1355.0,baseline
1777620633.379523,0.18593621253967285,1356.0,baseline
1777620633.379544,0.1859571933746338,1357.0,baseline
1777620633.379565,0.18597817420959473,1357.0,baseline
1777620633.3795872,0.18600034713745117,1360.0,baseline
1777620633.3796082,0.1860213279724121,1358.0,baseline
1777620633.3796291,0.18604230880737305,1353.0,baseline
1777620633.379651,0.1860642433166504,1351.0,baseline
1777620633.379672,0.18608522415161133,1354.0,baseline
1777620633.379694,0.18610715866088867,1353.0,baseline
1777620633.3797162,0.18612933158874512,1352.0,baseline
1777620633.379742,0.18615508079528809,1353.0,baseline
1777620633.3797839,0.18619704246520996,1356.0,baseline
1777620633.379807,0.1862201690673828,1355.0,baseline
1777620633.379829,0.18624210357666016,1355.0,baseline
1777620633.379851,0.1862642765045166,1354.0,baseline
1777620633.379872,0.18628525733947754,1353.0,baseline
1777620633.379894,0.18630719184875488,1354.0,baseline
1777620633.379915,0.18632817268371582,1355.0,baseline
1777620633.379936,0.18634915351867676,1355.0,baseline
1777620633.379958,0.1863710880279541,1355.0,baseline
1777620633.379979,0.18639206886291504,1355.0,baseline
1777620633.38,0.18641328811645508,1355.0,baseline
1777620633.380022,0.18643522262573242,1354.0,baseline
1777620633.380043,0.18645620346069336,1355.0,baseline
1777620633.380064,0.1864771842956543,1357.0,baseline
1777620633.380086,0.18649911880493164,1357.0,baseline
1777620633.380107,0.18652009963989258,1360.0,baseline
1777620633.380128,0.18654108047485352,1355.0,baseline
1777620633.38015,0.18656325340270996,1353.0,baseline
1777620633.380171,0.1865842342376709,1355.0,baseline
1777620633.380192,0.18660521507263184,1357.0,baseline
1777620633.380214,0.18662714958190918,1356.0,baseline
1777620633.380238,0.18665122985839844,1355.0,baseline
1777620633.380262,0.1866750717163086,1356.0,baseline
1777620633.380296,0.18670916557312012,1353.0,baseline
1777620633.380318,0.18673110008239746,1355.0,baseline
1777620633.380339,0.1867520809173584,1356.0,baseline
1777620633.3803608,0.18677401542663574,1357.0,baseline
1777620633.380382,0.18679523468017578,1359.0,baseline
1777620633.380404,0.18681716918945312,1356.0,baseline
1777620633.380425,0.18683815002441406,1353.0,baseline
1777620633.380447,0.1868600845336914,1353.0,baseline
1777620633.380468,0.18688106536865234,1353.0,baseline
1777620633.3804889,0.18690204620361328,1354.0,baseline
1777620633.380511,0.18692421913146973,1354.0,baseline
1777620633.380532,0.18694519996643066,1353.0,baseline
1777620633.380554,0.186967134475708,1355.0,baseline
1777620633.380575,0.18698811531066895,1354.0,baseline
1777620633.380596,0.18700909614562988,1354.0,baseline
1777620633.380617,0.18703007698059082,1353.0,baseline
1777620633.380639,0.18705224990844727,1353.0,baseline
1777620633.38066,0.1870732307434082,1356.0,baseline
1777620633.380681,0.18709421157836914,1357.0,baseline
1777620633.380703,0.18711614608764648,1357.0,baseline
1777620633.380726,0.18713927268981934,1356.0,baseline
1777620633.3807511,0.187164306640625,1353.0,baseline
1777620633.380772,0.18718528747558594,1355.0,baseline
1777620633.380794,0.18720722198486328,1353.0,baseline
1777620633.380815,0.18722820281982422,1352.0,baseline
1777620633.380836,0.18724918365478516,1354.0,baseline
1777620633.380857,0.1872701644897461,1354.0,baseline
1777620633.380878,0.18729114532470703,1355.0,baseline
1777620633.3809001,0.18731331825256348,1355.0,baseline
1777620633.3809211,0.18733429908752441,1354.0,baseline
1777620633.380942,0.18735527992248535,1355.0,baseline
1777620633.380963,0.1873762607574463,1355.0,baseline
1777620633.380984,0.18739724159240723,1355.0,baseline
1777620633.381006,0.18741917610168457,1354.0,baseline
1777620633.381027,0.1874401569366455,1354.0,baseline
1777620633.381048,0.18746113777160645,1356.0,baseline
1777620633.381069,0.18748211860656738,1357.0,baseline
1777620633.3810902,0.18750333786010742,1358.0,baseline
1777620633.381112,0.18752527236938477,1356.0,baseline
1777620633.381133,0.1875462532043457,1353.0,baseline
1777620633.381154,0.18756723403930664,1355.0,baseline
1777620633.381176,0.18758916854858398,1355.0,baseline
1777620633.3811991,0.18761229515075684,1356.0,baseline
1777620633.381224,0.1876370906829834,1354.0,baseline
1777620633.381245,0.18765807151794434,1356.0,baseline
1777620633.3812659,0.18767905235290527,1356.0,baseline
1777620633.3812869,0.1877000331878662,1357.0,baseline
1777620633.381309,0.18772220611572266,1357.0,baseline
1777620633.38133,0.1877431869506836,1355.0,baseline
1777620633.381351,0.18776416778564453,1355.0,baseline
1777620633.381372,0.18778514862060547,1357.0,baseline
1777620633.381393,0.1878061294555664,1356.0,baseline
1777620633.381414,0.18782711029052734,1355.0,baseline
1777620633.3814359,0.1878490447998047,1357.0,baseline
1777620633.3814569,0.18787002563476562,1358.0,baseline
1777620633.3814778,0.18789100646972656,1356.0,baseline
1777620633.3814988,0.1879119873046875,1353.0,baseline
1777620633.381521,0.18793416023254395,1354.0,baseline
1777620633.381542,0.18795514106750488,1353.0,baseline
1777620633.381563,0.18797612190246582,1355.0,baseline
1777620633.381584,0.18799710273742676,1356.0,baseline
1777620633.3816059,0.1880190372467041,1355.0,baseline
1777620633.3816268,0.18804001808166504,1357.0,baseline
1777620633.3816478,0.18806099891662598,1355.0,baseline
1777620633.381672,0.18808507919311523,1357.0,baseline
1777620633.381697,0.1881101131439209,1358.0,baseline
1777620633.381718,0.18813109397888184,1355.0,baseline
1777620633.381739,0.18815207481384277,1356.0,baseline
1777620633.38176,0.1881730556488037,1357.0,baseline
1777620633.381782,0.18819522857666016,1357.0,baseline
1777620633.381803,0.1882162094116211,1355.0,baseline
1777620633.381824,0.18823719024658203,1353.0,baseline
1777620633.381845,0.18825817108154297,1354.0,baseline
1777620633.381866,0.1882791519165039,1355.0,baseline
1777620633.381888,0.18830108642578125,1356.0,baseline
1777620633.381909,0.1883220672607422,1357.0,baseline
1777620633.3819299,0.18834304809570312,1356.0,baseline
1777620633.381952,0.18836522102355957,1357.0,baseline
1777620633.381973,0.1883862018585205,1356.0,baseline
1777620633.381994,0.18840718269348145,1355.0,baseline
1777620633.382016,0.1884291172027588,1354.0,baseline
1777620633.382037,0.18845009803771973,1354.0,baseline
1777620633.382058,0.18847107887268066,1354.0,baseline
1777620633.382079,0.1884920597076416,1353.0,baseline
1777620633.382101,0.18851423263549805,1354.0,baseline
1777620633.382122,0.18853521347045898,1355.0,baseline
1777620633.382151,0.18856406211853027,1355.0,baseline
1777620633.382174,0.18858718872070312,1357.0,baseline
1777620633.382195,0.18860816955566406,1356.0,baseline
1777620633.382216,0.188629150390625,1357.0,baseline
1777620633.382237,0.18865013122558594,1355.0,baseline
1777620633.382259,0.18867206573486328,1357.0,baseline
1777620633.3822799,0.18869304656982422,1357.0,baseline
1777620633.382304,0.18871712684631348,1356.0,baseline
1777620633.382325,0.18873810768127441,1357.0,baseline
1777620633.382346,0.18875908851623535,1355.0,baseline
1777620633.382368,0.1887812614440918,1356.0,baseline
1777620633.382389,0.18880224227905273,1355.0,baseline
1777620633.38241,0.18882322311401367,1357.0,baseline
1777620633.382431,0.1888442039489746,1356.0,baseline
1777620633.382452,0.18886518478393555,1355.0,baseline
1777620633.382474,0.1888871192932129,1356.0,baseline
1777620633.382495,0.18890810012817383,1356.0,baseline
1777620633.382516,0.18892908096313477,1357.0,baseline
1777620633.382537,0.1889500617980957,1355.0,baseline
1777620633.382559,0.18897223472595215,1356.0,baseline
1777620633.38258,0.18899321556091309,1354.0,baseline
1777620633.382601,0.18901419639587402,1355.0,baseline
1777620633.3826292,0.189042329788208,1356.0,baseline
1777620633.382653,0.18906617164611816,1357.0,baseline
1777620633.382674,0.1890871524810791,1353.0,baseline
1777620633.382695,0.18910813331604004,1354.0,baseline
1777620633.382717,0.18913006782531738,1353.0,baseline
1777620633.3827379,0.18915104866027832,1351.0,baseline
1777620633.3827589,0.18917202949523926,1354.0,baseline
1777620633.382781,0.1891942024230957,1356.0,baseline
1777620633.382802,0.18921518325805664,1357.0,baseline
1777620633.382823,0.18923616409301758,1356.0,baseline
1777620633.382845,0.18925809860229492,1356.0,baseline
1777620633.382866,0.18927907943725586,1354.0,baseline
1777620633.382887,0.1893000602722168,1353.0,baseline
1777620633.3829079,0.18932104110717773,1355.0,baseline
1777620633.3829288,0.18934202194213867,1355.0,baseline
1777620633.382951,0.18936419486999512,1353.0,baseline
1777620633.382972,0.18938517570495605,1354.0,baseline
1777620633.382993,0.189406156539917,1352.0,baseline
1777620633.383014,0.18942713737487793,1352.0,baseline
1777620633.383035,0.18944811820983887,1351.0,baseline
1777620633.3830569,0.1894700527191162,1353.0,baseline
1777620633.3830779,0.18949103355407715,1353.0,baseline
1777620633.383105,0.18951821327209473,1353.0,baseline
1777620633.3831291,0.18954229354858398,1354.0,baseline
1777620633.383151,0.18956422805786133,1354.0,baseline
1777620633.383172,0.18958520889282227,1354.0,baseline
1777620633.383193,0.1896061897277832,1354.0,baseline
1777620633.383214,0.18962717056274414,1355.0,baseline
1777620633.383235,0.18964815139770508,1352.0,baseline
1777620633.3832572,0.18967032432556152,1351.0,baseline
1777620633.3832781,0.18969130516052246,1354.0,baseline
1777620633.383299,0.1897122859954834,1357.0,baseline
1777620633.38332,0.18973326683044434,1357.0,baseline
1777620633.383342,0.18975520133972168,1355.0,baseline
1777620633.383363,0.18977618217468262,1355.0,baseline
1777620633.383384,0.18979716300964355,1356.0,baseline
1777620633.383405,0.1898181438446045,1351.0,baseline
1777620633.3834271,0.18984031677246094,1354.0,baseline
1777620633.3834481,0.18986129760742188,1354.0,baseline
1777620633.383469,0.1898822784423828,1353.0,baseline
1777620633.38349,0.18990325927734375,1354.0,baseline
1777620633.383523,0.18993616104125977,1355.0,baseline
1777620633.3835452,0.1899583339691162,1355.0,baseline
1777620633.3835661,0.18997931480407715,1353.0,baseline
1777620633.3835871,0.19000029563903809,1353.0,baseline
1777620633.383615,0.19002819061279297,1353.0,baseline
1777620633.383639,0.19005227088928223,1356.0,baseline
1777620633.38366,0.19007325172424316,1356.0,baseline
1777620633.383681,0.1900942325592041,1356.0,baseline
1777620633.3837051,0.19011831283569336,1353.0,baseline
1777620633.383727,0.1901402473449707,1352.0,baseline
1777620633.383748,0.19016122817993164,1352.0,baseline
1777620633.3837702,0.19018340110778809,1352.0,baseline
1777620633.3837922,0.19020533561706543,1353.0,baseline
1777620633.3838139,0.19022703170776367,1356.0,baseline
1777620633.383837,0.19025015830993652,1354.0,baseline
1777620633.3838599,0.19027304649353027,1352.0,baseline
1777620633.383883,0.19029617309570312,1352.0,baseline
1777620633.3839061,0.19031929969787598,1353.0,baseline
1777620633.383928,0.19034123420715332,1354.0,baseline
1777620633.383949,0.19036221504211426,1354.0,baseline
1777620633.38397,0.1903831958770752,1356.0,baseline
1777620633.383991,0.19040417671203613,1353.0,baseline
1777620633.384013,0.19042611122131348,1343.0,baseline
1777620633.3840342,0.19044733047485352,1348.0,baseline
1777620633.3840551,0.19046831130981445,1353.0,baseline
1777620633.384077,0.1904902458190918,1353.0,baseline
1777620633.384104,0.19051718711853027,1357.0,baseline
1777620633.384128,0.19054126739501953,1358.0,baseline
1777620633.38415,0.19056320190429688,1358.0,baseline
1777620633.384171,0.1905841827392578,1357.0,baseline
1777620633.384192,0.19060516357421875,1353.0,baseline
1777620633.384213,0.1906261444091797,1351.0,baseline
1777620633.384234,0.19064712524414062,1351.0,baseline
1777620633.384256,0.19066905975341797,1355.0,baseline
1777620633.384277,0.190690279006958,1357.0,baseline
1777620633.384298,0.19071125984191895,1356.0,baseline
1777620633.384319,0.19073224067687988,1352.0,baseline
1777620633.38434,0.19075322151184082,1351.0,baseline
1777620633.384361,0.19077420234680176,1331.0,baseline
1777620633.384383,0.1907961368560791,1329.0,baseline
1777620633.384404,0.19081711769104004,1332.0,baseline
1777620633.384425,0.19083809852600098,1329.0,baseline
1777620633.384446,0.19085907936096191,1332.0,baseline
1777620633.384467,0.19088006019592285,1334.0,baseline
1777620633.384489,0.1909022331237793,1333.0,baseline
1777620633.38451,0.19092321395874023,1335.0,baseline
1777620633.384531,0.19094419479370117,1332.0,baseline
1777620633.384552,0.1909651756286621,1335.0,baseline
1777620633.3845801,0.1909933090209961,1335.0,baseline
1777620633.3846028,0.19101595878601074,1345.0,baseline
1777620633.384625,0.1910381317138672,1342.0,baseline
1777620633.384646,0.19105911254882812,1348.0,baseline
1777620633.3846679,0.19108104705810547,1353.0,baseline
1777620633.3846889,0.1911020278930664,1355.0,baseline
1777620633.384711,0.19112420082092285,1354.0,baseline
1777620633.384732,0.1911451816558838,1354.0,baseline
1777620633.384753,0.19116616249084473,1353.0,baseline
1777620633.384774,0.19118714332580566,1354.0,baseline
1777620633.384795,0.1912081241607666,1354.0,baseline
1777620633.384817,0.19123005867004395,1353.0,baseline
1777620633.3848379,0.19125103950500488,1353.0,baseline
1777620633.3848588,0.19127202033996582,1354.0,baseline
1777620633.38488,0.19129323959350586,1354.0,baseline
1777620633.384902,0.1913151741027832,1354.0,baseline
1777620633.384923,0.19133615493774414,1356.0,baseline
1777620633.3849442,0.19135737419128418,1357.0,baseline
1777620633.384966,0.19137907028198242,1358.0,baseline
1777620633.3849869,0.19140005111694336,1357.0,baseline
1777620633.385008,0.1914212703704834,1354.0,baseline
1777620633.385029,0.19144225120544434,1354.0,baseline
1777620633.38505,0.19146323204040527,1356.0,baseline
1777620633.385074,0.19148707389831543,1355.0,baseline
1777620633.385097,0.19151020050048828,1357.0,baseline
1777620633.385119,0.19153213500976562,1351.0,baseline
1777620633.38514,0.19155311584472656,1352.0,baseline
1777620633.385161,0.1915740966796875,1354.0,baseline
1777620633.3851829,0.19159603118896484,1354.0,baseline
1777620633.385204,0.19161725044250488,1355.0,baseline
1777620633.385225,0.19163823127746582,1358.0,baseline
1777620633.385246,0.19165921211242676,1354.0,baseline
1777620633.385267,0.1916801929473877,1355.0,baseline
1777620633.385288,0.19170117378234863,1353.0,baseline
1777620633.385309,0.19172215461730957,1352.0,baseline
1777620633.385331,0.19174408912658691,1355.0,baseline
1777620633.385352,0.19176506996154785,1354.0,baseline
1777620633.3853729,0.1917860507965088,1355.0,baseline
1777620633.3853939,0.19180703163146973,1353.0,baseline
1777620633.3854148,0.19182801246643066,1353.0,baseline
1777620633.3854358,0.1918489933013916,1354.0,baseline
1777620633.385458,0.19187116622924805,1354.0,baseline
1777620633.385479,0.19189214706420898,1357.0,baseline
1777620633.3855,0.19191312789916992,1357.0,baseline
1777620633.385521,0.19193410873413086,1356.0,baseline
1777620633.385548,0.19196128845214844,1355.0,baseline
1777620633.3855722,0.1919853687286377,1355.0,baseline
1777620633.3855932,0.19200634956359863,1355.0,baseline
1777620633.385615,0.19202828407287598,1354.0,baseline
1777620633.385636,0.19204926490783691,1357.0,baseline
1777620633.385657,0.19207024574279785,1358.0,baseline
1777620633.385678,0.1920912265777588,1356.0,baseline
1777620633.385699,0.19211220741271973,1355.0,baseline
1777620633.3857212,0.19213438034057617,1355.0,baseline
1777620633.3857422,0.1921553611755371,1354.0,baseline
1777620633.3857632,0.19217634201049805,1354.0,baseline
1777620633.3857841,0.19219732284545898,1360.0,baseline
1777620633.385806,0.19221925735473633,1357.0,baseline
1777620633.385827,0.19224023818969727,1357.0,baseline
1777620633.385848,0.1922612190246582,1356.0,baseline
1777620633.385869,0.19228219985961914,1353.0,baseline
1777620633.385891,0.19230413436889648,1353.0,baseline
1777620633.3859122,0.19232535362243652,1354.0,baseline
1777620633.3859332,0.19234633445739746,1354.0,baseline
1777620633.3859541,0.1923673152923584,1356.0,baseline
1777620633.385976,0.19238924980163574,1356.0,baseline
1777620633.385997,0.19241023063659668,1358.0,baseline
1777620633.3860211,0.19243431091308594,1357.0,baseline
1777620633.386048,0.19246125221252441,1356.0,baseline
1777620633.386071,0.19248414039611816,1355.0,baseline
1777620633.386092,0.1925051212310791,1355.0,baseline
1777620633.3861141,0.19252729415893555,1356.0,baseline
1777620633.386135,0.19254827499389648,1355.0,baseline
1777620633.386157,0.19257020950317383,1354.0,baseline
1777620633.386179,0.19259214401245117,1353.0,baseline
1777620633.3862011,0.19261431694030762,1354.0,baseline
1777620633.386223,0.19263625144958496,1359.0,baseline
1777620633.386246,0.1926591396331787,1355.0,baseline
1777620633.386267,0.19268012046813965,1357.0,baseline
1777620633.3862882,0.1927013397216797,1357.0,baseline
1777620633.3863091,0.19272232055664062,1354.0,baseline
1777620633.3863308,0.19274401664733887,1354.0,baseline
1777620633.386352,0.1927652359008789,1355.0,baseline
1777620633.386373,0.19278621673583984,1357.0,baseline
1777620633.386394,0.19280719757080078,1356.0,baseline
1777620633.3864162,0.19282937049865723,1356.0,baseline
1777620633.3864372,0.19285035133361816,1356.0,baseline
1777620633.3864582,0.1928713321685791,1356.0,baseline
1777620633.38648,0.19289326667785645,1356.0,baseline
1777620633.386501,0.19291424751281738,1355.0,baseline
1777620633.386527,0.19294023513793945,1357.0,baseline
1777620633.386552,0.19296526908874512,1357.0,baseline
1777620633.386573,0.19298624992370605,1358.0,baseline
1777620633.386595,0.1930081844329834,1357.0,baseline
1777620633.386616,0.19302916526794434,1357.0,baseline
1777620633.386637,0.19305014610290527,1356.0,baseline
1777620633.3866591,0.19307231903076172,1357.0,baseline
1777620633.3866801,0.19309329986572266,1356.0,baseline
1777620633.386701,0.1931142807006836,1353.0,baseline
1777620633.386722,0.19313526153564453,1355.0,baseline
1777620633.386755,0.19316816329956055,1357.0,baseline
1777620633.386776,0.19318914413452148,1356.0,baseline
1777620633.3867981,0.19321131706237793,1354.0,baseline
1777620633.3868191,0.19323229789733887,1359.0,baseline
1777620633.386841,0.1932542324066162,1355.0,baseline
1777620633.386862,0.19327521324157715,1356.0,baseline
1777620633.386883,0.19329619407653809,1357.0,baseline
1777620633.386904,0.19331717491149902,1354.0,baseline
1777620633.3869262,0.19333934783935547,1356.0,baseline
1777620633.3869472,0.1933603286743164,1356.0,baseline
1777620633.386969,0.19338226318359375,1355.0,baseline
1777620633.38699,0.1934032440185547,1357.0,baseline
1777620633.387017,0.19343018531799316,1353.0,baseline
1777620633.387041,0.19345426559448242,1356.0,baseline
1777620633.387063,0.19347620010375977,1356.0,baseline
1777620633.387084,0.1934971809387207,1356.0,baseline
1777620633.387105,0.19351816177368164,1355.0,baseline
1777620633.387127,0.19354009628295898,1353.0,baseline
1777620633.3871481,0.19356131553649902,1353.0,baseline
1777620633.3871691,0.19358229637145996,1354.0,baseline
1777620633.38719,0.1936032772064209,1353.0,baseline
1777620633.387212,0.19362521171569824,1353.0,baseline
1777620633.387233,0.19364619255065918,1354.0,baseline
1777620633.387254,0.19366717338562012,1356.0,baseline
1777620633.387275,0.19368815422058105,1356.0,baseline
1777620633.387297,0.1937100887298584,1356.0,baseline
1777620633.3873181,0.19373130798339844,1357.0,baseline
1777620633.387339,0.19375228881835938,1354.0,baseline
1777620633.38736,0.1937732696533203,1355.0,baseline
1777620633.387382,0.19379520416259766,1356.0,baseline
1777620633.387403,0.1938161849975586,1356.0,baseline
1777620633.387427,0.19384026527404785,1357.0,baseline
1777620633.387448,0.1938612461090088,1355.0,baseline
1777620633.387469,0.19388222694396973,1352.0,baseline
1777620633.38749,0.19390320777893066,1353.0,baseline
1777620633.387517,0.19393014907836914,1353.0,baseline
1777620633.387542,0.1939551830291748,1351.0,baseline
1777620633.387563,0.19397616386413574,1353.0,baseline
1777620633.387585,0.19399809837341309,1352.0,baseline
1777620633.387606,0.19401907920837402,1352.0,baseline
1777620633.3876271,0.19404029846191406,1345.0,baseline
1777620633.387648,0.194061279296875,1352.0,baseline
1777620633.387669,0.19408226013183594,1357.0,baseline
1777620633.387691,0.19410419464111328,1356.0,baseline
1777620633.387712,0.19412517547607422,1357.0,baseline
1777620633.387733,0.19414615631103516,1355.0,baseline
1777620633.387754,0.1941671371459961,1352.0,baseline
1777620633.387775,0.19418811798095703,1353.0,baseline
1777620633.3877969,0.19421005249023438,1353.0,baseline
1777620633.387818,0.19423127174377441,1353.0,baseline
1777620633.387839,0.19425225257873535,1351.0,baseline
1777620633.387861,0.1942741870880127,1355.0,baseline
1777620633.387882,0.19429516792297363,1356.0,baseline
1777620633.387903,0.19431614875793457,1356.0,baseline
1777620633.387924,0.1943371295928955,1355.0,baseline
1777620633.387945,0.19435811042785645,1355.0,baseline
1777620633.387966,0.19437909126281738,1355.0,baseline
1777620633.387993,0.19440627098083496,1355.0,baseline
1777620633.388017,0.19443011283874512,1353.0,baseline
1777620633.3880389,0.19445204734802246,1354.0,baseline
1777620633.3880599,0.1944730281829834,1354.0,baseline
1777620633.3880808,0.19449400901794434,1355.0,baseline
1777620633.3881018,0.19451498985290527,1355.0,baseline
1777620633.388124,0.19453716278076172,1353.0,baseline
1777620633.388145,0.19455814361572266,1356.0,baseline
1777620633.388166,0.1945791244506836,1355.0,baseline
1777620633.388188,0.19460105895996094,1355.0,baseline
1777620633.3882089,0.19462203979492188,1355.0,baseline
1777620633.3882298,0.1946430206298828,1353.0,baseline
1777620633.3882508,0.19466400146484375,1353.0,baseline
1777620633.388273,0.1946861743927002,1354.0,baseline
1777620633.388294,0.19470715522766113,1354.0,baseline
1777620633.388315,0.19472813606262207,1353.0,baseline
1777620633.3883362,0.1947493553161621,1352.0,baseline
1777620633.38836,0.19477319717407227,1355.0,baseline
1777620633.388381,0.1947941780090332,1356.0,baseline
1777620633.388402,0.19481515884399414,1356.0,baseline
1777620633.388423,0.19483613967895508,1357.0,baseline
1777620633.388445,0.19485807418823242,1355.0,baseline
1777620633.388466,0.19487905502319336,1355.0,baseline
1777620633.388493,0.19490623474121094,1355.0,baseline
1777620633.388515,0.19492816925048828,1353.0,baseline
1777620633.3885372,0.19495034217834473,1354.0,baseline
1777620633.3885581,0.19497132301330566,1354.0,baseline
1777620633.3885791,0.1949923038482666,1354.0,baseline
1777620633.3886,0.19501328468322754,1353.0,baseline
1777620633.388621,0.19503426551818848,1351.0,baseline
1777620633.388643,0.19505620002746582,1352.0,baseline
1777620633.388664,0.19507718086242676,1352.0,baseline
1777620633.388685,0.1950981616973877,1354.0,baseline
1777620633.388706,0.19511914253234863,1354.0,baseline
1777620633.388727,0.19514012336730957,1354.0,baseline
1777620633.3887491,0.19516229629516602,1353.0,baseline
1777620633.38877,0.19518327713012695,1355.0,baseline
1777620633.388792,0.1952052116394043,1355.0,baseline
1777620633.3888152,0.19522833824157715,1356.0,baseline
1777620633.388837,0.1952502727508545,1357.0,baseline
1777620633.388858,0.19527125358581543,1354.0,baseline
1777620633.388879,0.19529223442077637,1354.0,baseline
1777620633.3889012,0.1953144073486328,1353.0,baseline
1777620633.3889222,0.19533538818359375,1353.0,baseline
1777620633.3889432,0.1953563690185547,1353.0,baseline
1777620633.38897,0.19538307189941406,1354.0,baseline
1777620633.388993,0.19540619850158691,1352.0,baseline
1777620633.389014,0.19542717933654785,1354.0,baseline
1777620633.389035,0.1954481601715088,1355.0,baseline
1777620633.389056,0.19546914100646973,1357.0,baseline
1777620633.389078,0.19549107551574707,1354.0,baseline
1777620633.3890991,0.1955122947692871,1353.0,baseline
1777620633.389121,0.19553422927856445,1354.0,baseline
1777620633.389142,0.1955552101135254,1354.0,baseline
1777620633.389163,0.19557619094848633,1353.0,baseline
1777620633.389184,0.19559717178344727,1355.0,baseline
1777620633.389205,0.1956181526184082,1355.0,baseline
1777620633.389226,0.19563913345336914,1354.0,baseline
1777620633.389248,0.19566106796264648,1354.0,baseline
1777620633.3892689,0.19568204879760742,1354.0,baseline
1777620633.38929,0.19570326805114746,1355.0,baseline
1777620633.389311,0.1957242488861084,1355.0,baseline
1777620633.389333,0.19574618339538574,1357.0,baseline
1777620633.389354,0.19576716423034668,1356.0,baseline
1777620633.389375,0.19578814506530762,1356.0,baseline
1777620633.389396,0.19580912590026855,1357.0,baseline
1777620633.389418,0.1958310604095459,1357.0,baseline
1777620633.3894389,0.19585204124450684,1355.0,baseline
1777620633.389466,0.19587922096252441,1354.0,baseline
1777620633.3894882,0.19590139389038086,1355.0,baseline
1777620633.38951,0.1959230899810791,1355.0,baseline
1777620633.389531,0.19594407081604004,1357.0,baseline
1777620633.389552,0.19596529006958008,1354.0,baseline
1777620633.389573,0.19598627090454102,1354.0,baseline
1777620633.3895948,0.19600796699523926,1355.0,baseline
1777620633.389617,0.1960301399230957,1355.0,baseline
1777620633.389638,0.19605112075805664,1352.0,baseline
1777620633.389659,0.19607210159301758,1353.0,baseline
1777620633.3896801,0.19609332084655762,1353.0,baseline
1777620633.3897018,0.19611501693725586,1354.0,baseline
1777620633.3897228,0.1961359977722168,1356.0,baseline
1777620633.389744,0.19615721702575684,1356.0,baseline
1777620633.38977,0.1961832046508789,1354.0,baseline
1777620633.389792,0.19620513916015625,1354.0,baseline
1777620633.389813,0.1962261199951172,1357.0,baseline
1777620633.389834,0.19624710083007812,1356.0,baseline
1777620633.389856,0.19626927375793457,1356.0,baseline
1777620633.389877,0.1962902545928955,1353.0,baseline
1777620633.389898,0.19631123542785645,1354.0,baseline
1777620633.389919,0.19633221626281738,1355.0,baseline
1777620633.3899462,0.19635939598083496,1354.0,baseline
1777620633.3899698,0.19638299942016602,1351.0,baseline
1777620633.389992,0.19640517234802246,1353.0,baseline
1777620633.3900218,0.19643497467041016,1353.0,baseline
1777620633.390044,0.1964571475982666,1352.0,baseline
1777620633.390065,0.19647812843322754,1351.0,baseline
1777620633.390087,0.19650006294250488,1353.0,baseline
1777620633.3901079,0.19652104377746582,1355.0,baseline
1777620633.3901289,0.19654202461242676,1353.0,baseline
1777620633.390151,0.1965641975402832,1353.0,baseline
1777620633.390172,0.19658517837524414,1352.0,baseline
1777620633.390193,0.19660615921020508,1352.0,baseline
1777620633.390214,0.19662714004516602,1354.0,baseline
1777620633.390236,0.19664907455444336,1355.0,baseline
1777620633.390257,0.1966700553894043,1355.0,baseline
1777620633.3902779,0.19669103622436523,1355.0,baseline
1777620633.3902998,0.19671297073364258,1356.0,baseline
1777620633.3903208,0.19673395156860352,1355.0,baseline
1777620633.390342,0.19675517082214355,1353.0,baseline
1777620633.390364,0.1967771053314209,1355.0,baseline
1777620633.390385,0.19679808616638184,1357.0,baseline
1777620633.390406,0.19681906700134277,1353.0,baseline
1777620633.390433,0.19684624671936035,1354.0,baseline
1777620633.390456,0.1968691349029541,1355.0,baseline
1777620633.3904781,0.19689130783081055,1355.0,baseline
1777620633.390499,0.19691228866577148,1353.0,baseline
1777620633.39052,0.19693326950073242,1353.0,baseline
1777620633.390541,0.19695425033569336,1354.0,baseline
1777620633.390562,0.1969752311706543,1354.0,baseline
1777620633.390584,0.19699716567993164,1355.0,baseline
1777620633.390605,0.19701814651489258,1357.0,baseline
1777620633.390626,0.19703912734985352,1353.0,baseline
1777620633.3906481,0.19706130027770996,1354.0,baseline
1777620633.390672,0.19708514213562012,1353.0,baseline
1777620633.3906932,0.19710636138916016,1352.0,baseline
1777620633.3907142,0.1971273422241211,1353.0,baseline
1777620633.3907359,0.19714903831481934,1354.0,baseline
1777620633.390757,0.19717025756835938,1353.0,baseline
1777620633.390778,0.1971912384033203,1351.0,baseline
1777620633.390799,0.19721221923828125,1351.0,baseline
1777620633.3908212,0.1972343921661377,1353.0,baseline
1777620633.3908422,0.19725537300109863,1355.0,baseline
1777620633.3908632,0.19727635383605957,1356.0,baseline
1777620633.390885,0.19729828834533691,1353.0,baseline
1777620633.3909068,0.19731998443603516,1354.0,baseline
1777620633.390935,0.19734811782836914,1353.0,baseline
1777620633.3909602,0.1973733901977539,1356.0,baseline
1777620633.3909829,0.19739603996276855,1353.0,baseline
1777620633.391005,0.197418212890625,1357.0,baseline
1777620633.391028,0.19744110107421875,1357.0,baseline
1777620633.391051,0.1974642276763916,1355.0,baseline
1777620633.391074,0.19748711585998535,1356.0,baseline
1777620633.391097,0.1975102424621582,1357.0,baseline
1777620633.391119,0.19753217697143555,1358.0,baseline
1777620633.3911412,0.197554349899292,1353.0,baseline
1777620633.391166,0.19757914543151855,1353.0,baseline
1777620633.391188,0.1976010799407959,1357.0,baseline
1777620633.391211,0.19762420654296875,1355.0,baseline
1777620633.3912342,0.1976473331451416,1357.0,baseline
1777620633.391257,0.19767022132873535,1357.0,baseline
1777620633.3912792,0.1976923942565918,1357.0,baseline
1777620633.3913019,0.19771504402160645,1357.0,baseline
1777620633.391335,0.19774818420410156,1358.0,baseline
1777620633.391358,0.1977710723876953,1358.0,baseline
1777620633.39138,0.19779324531555176,1356.0,baseline
1777620633.391402,0.1978151798248291,1355.0,baseline
1777620633.391424,0.19783711433410645,1354.0,baseline
1777620633.3914518,0.19786500930786133,1354.0,baseline
1777620633.391475,0.19788813591003418,1352.0,baseline
1777620633.391496,0.19790911674499512,1353.0,baseline
1777620633.391517,0.19793009757995605,1354.0,baseline
1777620633.3915389,0.1979520320892334,1355.0,baseline
1777620633.3915598,0.19797301292419434,1353.0,baseline
1777620633.3915808,0.19799399375915527,1354.0,baseline
1777620633.3916018,0.1980149745941162,1354.0,baseline
1777620633.391624,0.19803714752197266,1354.0,baseline
1777620633.391645,0.1980581283569336,1354.0,baseline
1777620633.391666,0.19807910919189453,1355.0,baseline
1777620633.3916879,0.19810104370117188,1354.0,baseline
1777620633.39171,0.19812321662902832,1354.0,baseline
1777620633.391731,0.19814419746398926,1354.0,baseline
1777620633.391752,0.1981651782989502,1355.0,baseline
1777620633.391773,0.19818615913391113,1356.0,baseline
1777620633.391794,0.19820713996887207,1355.0,baseline
1777620633.391816,0.19822907447814941,1354.0,baseline
1777620633.391837,0.19825005531311035,1355.0,baseline
1777620633.3918579,0.1982710361480713,1355.0,baseline
1777620633.39188,0.19829320907592773,1354.0,baseline
1777620633.391901,0.19831418991088867,1357.0,baseline
1777620633.391928,0.19834113121032715,1355.0,baseline
1777620633.3919518,0.1983649730682373,1356.0,baseline
1777620633.391973,0.19838619232177734,1357.0,baseline
1777620633.391995,0.1984081268310547,1355.0,baseline
1777620633.392016,0.19842910766601562,1356.0,baseline
1777620633.3920372,0.19845032691955566,1355.0,baseline
1777620633.3920588,0.1984720230102539,1354.0,baseline
1777620633.3920798,0.19849300384521484,1355.0,baseline
1777620633.392101,0.19851422309875488,1354.0,baseline
1777620633.392122,0.19853520393371582,1355.0,baseline
1777620633.392144,0.19855713844299316,1353.0,baseline
1777620633.3921652,0.1985783576965332,1351.0,baseline
1777620633.3921862,0.19859933853149414,1354.0,baseline
1777620633.3922071,0.19862031936645508,1354.0,baseline
1777620633.392229,0.19864225387573242,1355.0,baseline
1777620633.39225,0.19866323471069336,1355.0,baseline
1777620633.3922718,0.1986849308013916,1355.0,baseline
1777620633.3922932,0.19870638847351074,1354.0,baseline
1777620633.3923142,0.19872736930847168,1354.0,baseline
1777620633.3923352,0.19874835014343262,1353.0,baseline
1777620633.392357,0.19877028465270996,1351.0,baseline
1777620633.392378,0.1987912654876709,1353.0,baseline
1777620633.392399,0.19881224632263184,1355.0,baseline
1777620633.392426,0.1988391876220703,1355.0,baseline
1777620633.39245,0.19886326789855957,1353.0,baseline
1777620633.392471,0.1988842487335205,1353.0,baseline
1777620633.392492,0.19890522956848145,1354.0,baseline
1777620633.392513,0.19892621040344238,1355.0,baseline
1777620633.392534,0.19894719123840332,1356.0,baseline
1777620633.392555,0.19896817207336426,1355.0,baseline
1777620633.392579,0.19899225234985352,1359.0,baseline
1777620633.3926,0.19901323318481445,1369.0,baseline
1777620633.392621,0.1990342140197754,1393.0,baseline
1777620633.392643,0.19905614852905273,1389.0,baseline
1777620633.392664,0.19907712936401367,1356.0,baseline
1777620633.3926852,0.1990983486175537,1344.0,baseline
1777620633.392707,0.19912028312683105,1332.0,baseline
1777620633.392728,0.199141263961792,1329.0,baseline
1777620633.39275,0.19916319847106934,1328.0,baseline
1777620633.392771,0.19918417930603027,1328.0,baseline
1777620633.392792,0.1992051601409912,1327.0,baseline
1777620633.3928142,0.19922733306884766,1330.0,baseline
1777620633.3928351,0.1992483139038086,1327.0,baseline
1777620633.392857,0.19927024841308594,1327.0,baseline
1777620633.392878,0.19929122924804688,1329.0,baseline
1777620633.392905,0.19931817054748535,1326.0,baseline
1777620633.392929,0.1993422508239746,1326.0,baseline
1777620633.392951,0.19936418533325195,1327.0,baseline
1777620633.392972,0.1993851661682129,1330.0,baseline
1777620633.392993,0.19940614700317383,1330.0,baseline
1777620633.393014,0.19942712783813477,1356.0,baseline
1777620633.3930361,0.1994493007659912,1365.0,baseline
1777620633.393057,0.19947028160095215,1367.0,baseline
1777620633.393079,0.1994922161102295,1360.0,baseline
1777620633.3931,0.19951319694519043,1354.0,baseline
1777620633.393121,0.19953417778015137,1356.0,baseline
1777620633.393142,0.1995551586151123,1365.0,baseline
1777620633.393164,0.19957709312438965,1372.0,baseline
1777620633.3931851,0.1995983123779297,1359.0,baseline
1777620633.3932061,0.19961929321289062,1348.0,baseline
1777620633.393228,0.19964122772216797,1347.0,baseline
1777620633.393249,0.1996622085571289,1344.0,baseline
1777620633.39327,0.19968318939208984,1345.0,baseline
1777620633.393307,0.19972014427185059,1333.0,baseline
1777620633.3933282,0.19974136352539062,1323.0,baseline
1777620633.39335,0.19976305961608887,1322.0,baseline
1777620633.3933709,0.1997840404510498,1328.0,baseline
1777620633.393392,0.19980525970458984,1332.0,baseline
1777620633.39342,0.19983315467834473,1333.0,baseline
1777620633.393444,0.19985723495483398,1334.0,baseline
1777620633.393465,0.19987821578979492,1346.0,baseline
1777620633.3934872,0.19990038871765137,1350.0,baseline
1777620633.3935082,0.1999213695526123,1348.0,baseline
1777620633.3935292,0.19994235038757324,1350.0,baseline
1777620633.393551,0.19996428489685059,1351.0,baseline
1777620633.393572,0.19998526573181152,1348.0,baseline
1777620633.393593,0.20000624656677246,1352.0,baseline
1777620633.393615,0.2000281810760498,1352.0,baseline
1777620633.393636,0.20004916191101074,1353.0,baseline
1777620633.393657,0.20007014274597168,1355.0,baseline
1777620633.3936782,0.20009136199951172,1353.0,baseline
1777620633.3937001,0.20011329650878906,1351.0,baseline
1777620633.393721,0.20013427734375,1350.0,baseline
1777620633.393742,0.20015525817871094,1352.0,baseline
1777620633.393764,0.20017719268798828,1354.0,baseline
1777620633.393785,0.20019817352294922,1360.0,baseline
1777620633.3938072,0.20022034645080566,1357.0,baseline
1777620633.393829,0.200242280960083,1354.0,baseline
1777620633.3938508,0.20026397705078125,1349.0,baseline
1777620633.393873,0.2002861499786377,1348.0,baseline
1777620633.3939,0.20031309127807617,1352.0,baseline
1777620633.3939252,0.20033836364746094,1357.0,baseline
1777620633.3939462,0.20035934448242188,1356.0,baseline
1777620633.3939672,0.2003803253173828,1357.0,baseline
1777620633.3939881,0.20040130615234375,1358.0,baseline
1777620633.39401,0.2004232406616211,1355.0,baseline
1777620633.394031,0.20044422149658203,1352.0,baseline
1777620633.3940532,0.20046639442443848,1352.0,baseline
1777620633.3940742,0.20048737525939941,1354.0,baseline
1777620633.3940952,0.20050835609436035,1355.0,baseline
1777620633.394117,0.2005302906036377,1361.0,baseline
1777620633.394138,0.20055127143859863,1364.0,baseline
1777620633.394159,0.20057225227355957,1357.0,baseline
1777620633.39418,0.2005932331085205,1350.0,baseline
1777620633.394201,0.20061421394348145,1346.0,baseline
1777620633.3942232,0.2006363868713379,1350.0,baseline
1777620633.3942442,0.20065736770629883,1349.0,baseline
1777620633.3942652,0.20067834854125977,1348.0,baseline
1777620633.394287,0.2007002830505371,1352.0,baseline
1777620633.394308,0.20072126388549805,1349.0,baseline
1777620633.394329,0.20074224472045898,1353.0,baseline
1777620633.39435,0.20076322555541992,1357.0,baseline
1777620633.394371,0.20078420639038086,1357.0,baseline
1777620633.394398,0.20081114768981934,1356.0,baseline
1777620633.394422,0.2008352279663086,1358.0,baseline
1777620633.394443,0.20085620880126953,1356.0,baseline
1777620633.394464,0.20087718963623047,1354.0,baseline
1777620633.394486,0.2008991241455078,1353.0,baseline
1777620633.394507,0.20092010498046875,1357.0,baseline
1777620633.394528,0.2009410858154297,1357.0,baseline
1777620633.394549,0.20096206665039062,1356.0,baseline
1777620633.394571,0.20098423957824707,1357.0,baseline
1777620633.394592,0.201005220413208,1356.0,baseline
1777620633.394613,0.20102620124816895,1355.0,baseline
1777620633.394634,0.20104718208312988,1355.0,baseline
1777620633.394655,0.20106816291809082,1355.0,baseline
1777620633.394677,0.20109009742736816,1353.0,baseline
1777620633.394698,0.2011110782623291,1354.0,baseline
1777620633.394719,0.20113205909729004,1355.0,baseline
1777620633.394741,0.20115423202514648,1357.0,baseline
1777620633.394762,0.20117521286010742,1353.0,baseline
1777620633.394783,0.20119619369506836,1354.0,baseline
1777620633.394804,0.2012171745300293,1353.0,baseline
1777620633.394826,0.20123910903930664,1357.0,baseline
1777620633.394847,0.20126008987426758,1356.0,baseline
1777620633.394874,0.20128726959228516,1353.0,baseline
1777620633.394899,0.20131206512451172,1353.0,baseline
1777620633.3949199,0.20133304595947266,1355.0,baseline
1777620633.3949409,0.2013540267944336,1356.0,baseline
1777620633.394963,0.20137619972229004,1357.0,baseline
1777620633.394984,0.20139718055725098,1357.0,baseline
1777620633.395005,0.20141816139221191,1355.0,baseline
1777620633.395026,0.20143914222717285,1356.0,baseline
1777620633.395048,0.2014610767364502,1357.0,baseline
1777620633.395069,0.20148205757141113,1356.0,baseline
1777620633.3950899,0.20150303840637207,1357.0,baseline
1777620633.395112,0.20152521133422852,1354.0,baseline
1777620633.395133,0.20154619216918945,1352.0,baseline
1777620633.395154,0.2015671730041504,1355.0,baseline
1777620633.395176,0.20158910751342773,1354.0,baseline
1777620633.395197,0.20161008834838867,1353.0,baseline
1777620633.395218,0.2016310691833496,1352.0,baseline
1777620633.3952389,0.20165205001831055,1352.0,baseline
1777620633.3952599,0.20167303085327148,1352.0,baseline
1777620633.3952808,0.20169401168823242,1351.0,baseline
1777620633.395303,0.20171618461608887,1351.0,baseline
1777620633.395324,0.2017371654510498,1354.0,baseline
1777620633.395351,0.20176410675048828,1355.0,baseline
1777620633.395375,0.20178818702697754,1355.0,baseline
1777620633.3953972,0.20181035995483398,1350.0,baseline
1777620633.3954182,0.20183134078979492,1354.0,baseline
1777620633.3954391,0.20185232162475586,1357.0,baseline
1777620633.395461,0.2018742561340332,1357.0,baseline
1777620633.395482,0.20189523696899414,1354.0,baseline
1777620633.3955042,0.20191740989685059,1355.0,baseline
1777620633.3955252,0.20193839073181152,1355.0,baseline
1777620633.395547,0.20196008682250977,1353.0,baseline
1777620633.3955681,0.2019813060760498,1354.0,baseline
1777620633.395589,0.20200228691101074,1357.0,baseline
1777620633.39561,0.20202326774597168,1358.0,baseline
1777620633.395632,0.20204520225524902,1354.0,baseline
1777620633.395653,0.20206618309020996,1352.0,baseline
1777620633.3956742,0.20208740234375,1351.0,baseline
1777620633.3956962,0.20210933685302734,1354.0,baseline
1777620633.3957171,0.20213031768798828,1358.0,baseline
1777620633.3957381,0.20215129852294922,1358.0,baseline
1777620633.39576,0.20217323303222656,1357.0,baseline
1777620633.395781,0.2021942138671875,1357.0,baseline
1777620633.395802,0.20221519470214844,1355.0,baseline
1777620633.395823,0.20223617553710938,1356.0,baseline
1777620633.395851,0.20226407051086426,1355.0,baseline
1777620633.395875,0.20228815078735352,1354.0,baseline
1777620633.395896,0.20230913162231445,1355.0,baseline
1777620633.395917,0.2023301124572754,1354.0,baseline
1777620633.395939,0.20235228538513184,1355.0,baseline
1777620633.39596,0.20237326622009277,1355.0,baseline
1777620633.395981,0.2023942470550537,1354.0,baseline
1777620633.396003,0.20241618156433105,1355.0,baseline
1777620633.396024,0.202437162399292,1352.0,baseline
1777620633.396045,0.20245814323425293,1353.0,baseline
1777620633.3960671,0.20248031616210938,1353.0,baseline
1777620633.3960881,0.2025012969970703,1354.0,baseline
1777620633.39611,0.20252323150634766,1357.0,baseline
1777620633.396131,0.2025442123413086,1354.0,baseline
1777620633.396152,0.20256519317626953,1354.0,baseline
1777620633.396173,0.20258617401123047,1353.0,baseline
1777620633.3961952,0.20260834693908691,1357.0,baseline
1777620633.3962162,0.20262932777404785,1356.0,baseline
1777620633.3962371,0.2026503086090088,1355.0,baseline
1777620633.396259,0.20267224311828613,1355.0,baseline
1777620633.396283,0.2026960849761963,1356.0,baseline
1777620633.396304,0.20271706581115723,1356.0,baseline
1777620633.396331,0.2027442455291748,1352.0,baseline
1777620633.3963552,0.20276832580566406,1349.0,baseline
1777620633.396377,0.2027902603149414,1350.0,baseline
1777620633.3964002,0.20281338691711426,1350.0,baseline
1777620633.396437,0.2028501033782959,1353.0,baseline
1777620633.396461,0.20287418365478516,1352.0,baseline
1777620633.3964832,0.2028963565826416,1351.0,baseline
1777620633.396506,0.20291924476623535,1349.0,baseline
1777620633.396527,0.2029402256011963,1355.0,baseline
1777620633.3965492,0.20296239852905273,1355.0,baseline
1777620633.3965812,0.20299434661865234,1356.0,baseline
1777620633.3966029,0.20301604270935059,1355.0,baseline
1777620633.3966238,0.20303702354431152,1355.0,baseline
1777620633.3966458,0.20305895805358887,1353.0,baseline
1777620633.3966668,0.2030799388885498,1355.0,baseline
1777620633.396688,0.20310115814208984,1352.0,baseline
1777620633.39671,0.2031230926513672,1351.0,baseline
1777620633.396731,0.20314407348632812,1355.0,baseline
1777620633.3967519,0.20316505432128906,1354.0,baseline
1777620633.3967738,0.2031869888305664,1353.0,baseline
1777620633.3967948,0.20320796966552734,1353.0,baseline
1777620633.3968158,0.20322895050048828,1351.0,baseline
1777620633.3968399,0.20325303077697754,1354.0,baseline
1777620633.396864,0.2032771110534668,1355.0,baseline
1777620633.396885,0.20329809188842773,1355.0,baseline
1777620633.396906,0.20331907272338867,1353.0,baseline
1777620633.3969269,0.2033400535583496,1356.0,baseline
1777620633.396949,0.20336222648620605,1356.0,baseline
1777620633.39697,0.203383207321167,1353.0,baseline
1777620633.396991,0.20340418815612793,1356.0,baseline
1777620633.397013,0.20342612266540527,1355.0,baseline
1777620633.397034,0.2034471035003662,1355.0,baseline
1777620633.397056,0.20346927642822266,1355.0,baseline
1777620633.397077,0.2034902572631836,1355.0,baseline
1777620633.397098,0.20351123809814453,1355.0,baseline
1777620633.397119,0.20353221893310547,1356.0,baseline
1777620633.39714,0.2035531997680664,1356.0,baseline
1777620633.397162,0.20357513427734375,1355.0,baseline
1777620633.397183,0.2035961151123047,1355.0,baseline
1777620633.397204,0.20361709594726562,1353.0,baseline
1777620633.397225,0.20363807678222656,1352.0,baseline
1777620633.397246,0.2036590576171875,1355.0,baseline
1777620633.397268,0.20368123054504395,1355.0,baseline
1777620633.397289,0.20370221138000488,1357.0,baseline
1777620633.397313,0.20372629165649414,1356.0,baseline
1777620633.3973382,0.2037513256072998,1356.0,baseline
1777620633.3973591,0.20377230644226074,1358.0,baseline
1777620633.39738,0.20379328727722168,1356.0,baseline
1777620633.397401,0.20381426811218262,1353.0,baseline
1777620633.397422,0.20383524894714355,1357.0,baseline
1777620633.397443,0.2038562297821045,1357.0,baseline
1777620633.397465,0.20387816429138184,1355.0,baseline
1777620633.397486,0.20389914512634277,1352.0,baseline
1777620633.3975072,0.2039203643798828,1354.0,baseline
1777620633.3975282,0.20394134521484375,1354.0,baseline
1777620633.3975492,0.2039623260498047,1353.0,baseline
1777620633.3975701,0.20398330688476562,1354.0,baseline
1777620633.397592,0.20400524139404297,1353.0,baseline
1777620633.397613,0.2040262222290039,1354.0,baseline
1777620633.397634,0.20404720306396484,1354.0,baseline
1777620633.397656,0.2040691375732422,1353.0,baseline
1777620633.397677,0.20409011840820312,1355.0,baseline
1777620633.3976982,0.20411133766174316,1353.0,baseline
1777620633.3977191,0.2041323184967041,1354.0,baseline
1777620633.3977401,0.20415329933166504,1352.0,baseline
1777620633.397762,0.20417523384094238,1354.0,baseline
1777620633.3977852,0.20419836044311523,1352.0,baseline
1777620633.39781,0.2042231559753418,1355.0,baseline
1777620633.397831,0.20424413681030273,1354.0,baseline
1777620633.397852,0.20426511764526367,1355.0,baseline
1777620633.397873,0.2042860984802246,1353.0,baseline
1777620633.3978949,0.20430803298950195,1353.0,baseline
1777620633.3979158,0.2043290138244629,1354.0,baseline
1777620633.3979368,0.20434999465942383,1355.0,baseline
1777620633.3979578,0.20437097549438477,1355.0,baseline
1777620633.39798,0.2043931484222412,1353.0,baseline
1777620633.398001,0.20441412925720215,1353.0,baseline
1777620633.398022,0.20443511009216309,1352.0,baseline
1777620633.398043,0.20445609092712402,1354.0,baseline
1777620633.3980649,0.20447802543640137,1354.0,baseline
1777620633.3980858,0.2044990062713623,1354.0,baseline
1777620633.3981068,0.20451998710632324,1355.0,baseline
1777620633.398129,0.2045421600341797,1355.0,baseline
1777620633.39815,0.20456314086914062,1355.0,baseline
1777620633.398171,0.20458412170410156,1353.0,baseline
1777620633.3981922,0.2046053409576416,1353.0,baseline
1777620633.3982139,0.20462703704833984,1354.0,baseline
1777620633.3982348,0.20464801788330078,1359.0,baseline
1777620633.398259,0.20467209815979004,1359.0,baseline
1777620633.398283,0.2046961784362793,1356.0,baseline
1777620633.398304,0.20471715927124023,1352.0,baseline
1777620633.398325,0.20473814010620117,1353.0,baseline
1777620633.398346,0.2047591209411621,1355.0,baseline
1777620633.398367,0.20478010177612305,1352.0,baseline
1777620633.398388,0.20480108261108398,1357.0,baseline
1777620633.39841,0.20482325553894043,1355.0,baseline
1777620633.398431,0.20484423637390137,1355.0,baseline
1777620633.398452,0.2048652172088623,1356.0,baseline
1777620633.398473,0.20488619804382324,1356.0,baseline
1777620633.398494,0.20490717887878418,1356.0,baseline
1777620633.398516,0.20492911338806152,1356.0,baseline
1777620633.398537,0.20495009422302246,1358.0,baseline
1777620633.398558,0.2049710750579834,1353.0,baseline
1777620633.398579,0.20499205589294434,1354.0,baseline
1777620633.3985999,0.20501303672790527,1356.0,baseline
1777620633.398622,0.20503520965576172,1353.0,baseline
1777620633.398643,0.20505619049072266,1354.0,baseline
1777620633.398664,0.2050771713256836,1353.0,baseline
1777620633.398686,0.20509910583496094,1351.0,baseline
1777620633.398707,0.20512008666992188,1355.0,baseline
1777620633.398731,0.20514416694641113,1356.0,baseline
1777620633.398755,0.2051682472229004,1356.0,baseline
1777620633.398776,0.20518922805786133,1356.0,baseline
1777620633.398797,0.20521020889282227,1356.0,baseline
1777620633.398818,0.2052311897277832,1357.0,baseline
1777620633.398839,0.20525217056274414,1357.0,baseline
1777620633.39886,0.20527315139770508,1357.0,baseline
1777620633.398881,0.20529413223266602,1355.0,baseline
1777620633.3989031,0.20531630516052246,1354.0,baseline
1777620633.398924,0.2053372859954834,1354.0,baseline
1777620633.398945,0.20535826683044434,1353.0,baseline
1777620633.398966,0.20537924766540527,1353.0,baseline
1777620633.398988,0.20540118217468262,1354.0,baseline
1777620633.399009,0.20542216300964355,1353.0,baseline
1777620633.39903,0.2054431438446045,1354.0,baseline
1777620633.399051,0.20546412467956543,1356.0,baseline
1777620633.3990731,0.20548629760742188,1355.0,baseline
1777620633.399094,0.2055072784423828,1355.0,baseline
1777620633.399115,0.20552825927734375,1357.0,baseline
1777620633.399137,0.2055501937866211,1358.0,baseline
1777620633.399158,0.20557117462158203,1357.0,baseline
1777620633.399179,0.20559215545654297,1357.0,baseline
1777620633.399206,0.20561909675598145,1355.0,baseline
1777620633.3992288,0.2056419849395752,1357.0,baseline
1777620633.39925,0.20566320419311523,1353.0,baseline
1777620633.399271,0.20568418502807617,1353.0,baseline
1777620633.399293,0.20570611953735352,1354.0,baseline
1777620633.399314,0.20572710037231445,1357.0,baseline
1777620633.399335,0.2057480812072754,1355.0,baseline
1777620633.3993568,0.20577001571655273,1352.0,baseline
1777620633.3993778,0.20579099655151367,1352.0,baseline
1777620633.3993988,0.2058119773864746,1351.0,baseline
1777620633.39942,0.20583319664001465,1351.0,baseline
1777620633.399442,0.205855131149292,1352.0,baseline
1777620633.399463,0.20587611198425293,1352.0,baseline
1777620633.399484,0.20589709281921387,1353.0,baseline
1777620633.399505,0.2059180736541748,1354.0,baseline
1777620633.399526,0.20593905448913574,1354.0,baseline
1777620633.39955,0.205963134765625,1332.0,baseline
1777620633.399571,0.20598411560058594,1325.0,baseline
1777620633.3995929,0.20600605010986328,1347.0,baseline
1777620633.3996139,0.20602703094482422,1349.0,baseline
1777620633.3996348,0.20604801177978516,1359.0,baseline
1777620633.3996558,0.2060689926147461,1362.0,baseline
1777620633.399678,0.20609116554260254,1358.0,baseline
1777620633.3997061,0.20611929893493652,1356.0,baseline
1777620633.399729,0.20614218711853027,1355.0,baseline
1777620633.39975,0.2061631679534912,1352.0,baseline
1777620633.399771,0.20618414878845215,1351.0,baseline
1777620633.3998048,0.20621800422668457,1354.0,baseline
1777620633.399827,0.20624017715454102,1354.0,baseline
1777620633.399848,0.20626115798950195,1355.0,baseline
1777620633.39987,0.2062830924987793,1352.0,baseline
1777620633.399891,0.20630407333374023,1349.0,baseline
1777620633.3999119,0.20632505416870117,1351.0,baseline
1777620633.399934,0.20634722709655762,1352.0,baseline
1777620633.399955,0.20636820793151855,1354.0,baseline
1777620633.399976,0.2063891887664795,1355.0,baseline
1777620633.399998,0.20641112327575684,1356.0,baseline
1777620633.400019,0.20643210411071777,1356.0,baseline
1777620633.40004,0.2064530849456787,1353.0,baseline
1777620633.4000618,0.20647501945495605,1353.0,baseline
1777620633.4000828,0.206496000289917,1356.0,baseline
1777620633.400104,0.20651721954345703,1359.0,baseline
1777620633.400126,0.20653915405273438,1359.0,baseline
1777620633.400147,0.2065601348876953,1355.0,baseline
1777620633.400168,0.20658111572265625,1356.0,baseline
1777620633.400189,0.2066020965576172,1357.0,baseline
1777620633.4002109,0.20662403106689453,1356.0,baseline
1777620633.4002318,0.20664501190185547,1356.0,baseline
1777620633.400254,0.20666718482971191,1354.0,baseline
1777620633.400275,0.20668816566467285,1354.0,baseline
1777620633.400296,0.2067091464996338,1353.0,baseline
1777620633.400317,0.20673012733459473,1353.0,baseline
1777620633.400339,0.20675206184387207,1349.0,baseline
1777620633.4003599,0.206773042678833,1349.0,baseline
1777620633.4003808,0.20679402351379395,1351.0,baseline
1777620633.4004018,0.20681500434875488,1350.0,baseline
1777620633.400424,0.20683717727661133,1354.0,baseline
1777620633.400445,0.20685815811157227,1352.0,baseline
1777620633.400467,0.2068800926208496,1354.0,baseline
1777620633.400488,0.20690107345581055,1355.0,baseline
1777620633.4005089,0.20692205429077148,1353.0,baseline
1777620633.400531,0.20694422721862793,1355.0,baseline
1777620633.400552,0.20696520805358887,1358.0,baseline
1777620633.400573,0.2069861888885498,1356.0,baseline
1777620633.400594,0.20700716972351074,1355.0,baseline
1777620633.400616,0.20702910423278809,1351.0,baseline
1777620633.400637,0.20705008506774902,1349.0,baseline
1777620633.400658,0.20707106590270996,1355.0,baseline
1777620633.4006798,0.2070930004119873,1353.0,baseline
1777620633.400701,0.20711421966552734,1353.0,baseline
1777620633.400722,0.20713520050048828,1353.0,baseline
1777620633.400743,0.20715618133544922,1353.0,baseline
1777620633.400765,0.20717811584472656,1355.0,baseline
1777620633.400786,0.2071990966796875,1354.0,baseline
1777620633.400807,0.20722007751464844,1356.0,baseline
1777620633.4008288,0.20724201202392578,1355.0,baseline
1777620633.4008498,0.20726299285888672,1354.0,baseline
1777620633.4008708,0.20728397369384766,1353.0,baseline
1777620633.400893,0.2073061466217041,1354.0,baseline
1777620633.400914,0.20732712745666504,1352.0,baseline
1777620633.400935,0.20734810829162598,1352.0,baseline
1777620633.400956,0.20736908912658691,1353.0,baseline
1777620633.4009778,0.20739102363586426,1355.0,baseline
1777620633.4009988,0.2074120044708252,1354.0,baseline
1777620633.4010198,0.20743298530578613,1354.0,baseline
1777620633.401042,0.20745515823364258,1354.0,baseline
1777620633.401063,0.20747613906860352,1352.0,baseline
1777620633.401084,0.20749711990356445,1349.0,baseline
1777620633.401124,0.20753717422485352,1332.0,baseline
1777620633.401145,0.20755815505981445,1326.0,baseline
1777620633.401166,0.2075791358947754,1321.0,baseline
1777620633.4011881,0.20760130882263184,1327.0,baseline
1777620633.401209,0.20762228965759277,1350.0,baseline
1777620633.40123,0.2076432704925537,1362.0,baseline
1777620633.401252,0.20766520500183105,1361.0,baseline
1777620633.401273,0.207686185836792,1358.0,baseline
1777620633.401294,0.20770716667175293,1358.0,baseline
1777620633.40132,0.207733154296875,1357.0,baseline
1777620633.401342,0.20775508880615234,1356.0,baseline
1777620633.401375,0.20778822898864746,1356.0,baseline
1777620633.401396,0.2078092098236084,1357.0,baseline
1777620633.40142,0.20783329010009766,1354.0,baseline
1777620633.401441,0.2078542709350586,1343.0,baseline
1777620633.401463,0.20787620544433594,1328.0,baseline
1777620633.401484,0.20789718627929688,1330.0,baseline
1777620633.401506,0.20791912078857422,1347.0,baseline
1777620633.401527,0.20794010162353516,1356.0,baseline
1777620633.4015481,0.2079613208770752,1360.0,baseline
1777620633.40157,0.20798325538635254,1366.0,baseline
1777620633.401591,0.20800423622131348,1363.0,baseline
1777620633.401612,0.20802521705627441,1357.0,baseline
1777620633.401633,0.20804619789123535,1357.0,baseline
1777620633.401655,0.2080681324005127,1356.0,baseline
1777620633.401676,0.20808911323547363,1354.0,baseline
1777620633.401697,0.20811009407043457,1353.0,baseline
1777620633.401718,0.2081310749053955,1354.0,baseline
1777620633.40174,0.20815324783325195,1354.0,baseline
1777620633.401761,0.2081742286682129,1355.0,baseline
1777620633.401782,0.20819520950317383,1355.0,baseline
1777620633.401803,0.20821619033813477,1355.0,baseline
1777620633.401824,0.2082371711730957,1354.0,baseline
1777620633.401846,0.20825910568237305,1354.0,baseline
1777620633.401881,0.20829415321350098,1353.0,baseline
1777620633.4019022,0.20831537246704102,1356.0,baseline
1777620633.4019241,0.20833730697631836,1355.0,baseline
1777620633.401945,0.2083582878112793,1355.0,baseline
1777620633.401966,0.20837926864624023,1353.0,baseline
1777620633.401987,0.20840024948120117,1354.0,baseline
1777620633.402009,0.20842218399047852,1355.0,baseline
1777620633.40203,0.20844316482543945,1351.0,baseline
1777620633.402051,0.2084641456604004,1349.0,baseline
1777620633.402072,0.20848512649536133,1350.0,baseline
1777620633.4020932,0.20850634574890137,1352.0,baseline
1777620633.4021142,0.2085273265838623,1355.0,baseline
1777620633.402136,0.20854926109313965,1357.0,baseline
1777620633.402157,0.20857024192810059,1355.0,baseline
1777620633.402178,0.20859122276306152,1354.0,baseline
1777620633.4022,0.20861315727233887,1355.0,baseline
1777620633.40223,0.20864319801330566,1357.0,baseline
1777620633.402251,0.2086641788482666,1357.0,baseline
1777620633.402272,0.20868515968322754,1357.0,baseline
1777620633.402293,0.20870614051818848,1356.0,baseline
1777620633.402314,0.20872712135314941,1352.0,baseline
1777620633.402336,0.20874905586242676,1354.0,baseline
1777620633.40236,0.20877313613891602,1357.0,baseline
1777620633.402381,0.20879411697387695,1357.0,baseline
1777620633.4024022,0.208815336227417,1354.0,baseline
1777620633.4024231,0.20883631706237793,1353.0,baseline
1777620633.402445,0.20885825157165527,1354.0,baseline
1777620633.402466,0.2088792324066162,1354.0,baseline
1777620633.402487,0.20890021324157715,1355.0,baseline
1777620633.402509,0.2089221477508545,1355.0,baseline
1777620633.40253,0.20894312858581543,1354.0,baseline
1777620633.402551,0.20896410942077637,1355.0,baseline
1777620633.402572,0.2089850902557373,1354.0,baseline
1777620633.402594,0.20900726318359375,1352.0,baseline
1777620633.402615,0.2090282440185547,1354.0,baseline
1777620633.402636,0.20904922485351562,1352.0,baseline
1777620633.402657,0.20907020568847656,1351.0,baseline
1777620633.402679,0.2090921401977539,1354.0,baseline
1777620633.4027,0.20911312103271484,1355.0,baseline
1777620633.402721,0.20913410186767578,1357.0,baseline
1777620633.402742,0.20915508270263672,1352.0,baseline
1777620633.402764,0.20917725563049316,1351.0,baseline
1777620633.402785,0.2091982364654541,1351.0,baseline
1777620633.4028091,0.20922231674194336,1354.0,baseline
1777620633.4028301,0.2092432975769043,1355.0,baseline
1777620633.402851,0.20926427841186523,1356.0,baseline
1777620633.402873,0.20928621292114258,1355.0,baseline
1777620633.402894,0.20930719375610352,1355.0,baseline
1777620633.402915,0.20932817459106445,1353.0,baseline
1777620633.402936,0.2093491554260254,1355.0,baseline
1777620633.402957,0.20937013626098633,1356.0,baseline
1777620633.4029791,0.20939230918884277,1357.0,baseline
1777620633.403,0.2094132900238037,1355.0,baseline
1777620633.403021,0.20943427085876465,1354.0,baseline
1777620633.403051,0.20946407318115234,1352.0,baseline
1777620633.403073,0.2094862461090088,1353.0,baseline
1777620633.403094,0.20950722694396973,1354.0,baseline
1777620633.403116,0.20952916145324707,1358.0,baseline
1777620633.403137,0.209550142288208,1356.0,baseline
1777620633.403158,0.20957112312316895,1356.0,baseline
1777620633.4031801,0.2095932960510254,1353.0,baseline
1777620633.427823,0.2342362403869629,1353.0,baseline
1777620633.477841,0.2842540740966797,1353.0,baseline
1777620633.52788,0.3342931270599365,1351.0,baseline
1777620633.578055,0.38446807861328125,1353.0,baseline
1777620633.6280088,0.43442201614379883,1354.0,baseline
1777620633.678106,0.48451924324035645,1353.0,baseline
1777620633.728095,0.534508228302002,1352.0,baseline
1777620633.77822,0.5846331119537354,1354.0,baseline
1777620633.828018,0.6344311237335205,1355.0,baseline
1777620633.8782248,0.6846380233764648,1355.0,baseline
1777620633.928231,0.7346441745758057,1353.0,baseline
1777620633.9783099,0.7847230434417725,1352.0,baseline
1777620634.0283258,0.8347389698028564,1354.0,baseline
1777620634.078316,0.8847291469573975,1354.0,baseline
1777620634.1283882,0.9348013401031494,1354.0,baseline
1777620634.178352,0.9847652912139893,1356.0,baseline
1777620634.228398,1.03481125831604,1354.0,baseline
1777620634.2783518,1.0847649574279785,1351.0,baseline
1777620634.328473,1.1348862648010254,1353.0,baseline
1777620634.3783948,1.1848080158233643,1354.0,baseline
1777620634.4284081,1.2348213195800781,1355.0,baseline
1777620634.478533,1.2849462032318115,1353.0,baseline
1777620634.528558,1.3349711894989014,1353.0,baseline
1777620634.578571,1.3849842548370361,1351.0,baseline
1777620634.628582,1.434995174407959,1351.0,baseline
1777620634.6785438,1.484956979751587,1353.0,baseline
1777620634.7286432,1.5350563526153564,1353.0,baseline
1777620634.7784588,1.5848720073699951,1351.0,baseline
1777620634.828546,1.6349592208862305,1354.0,baseline
1777620634.8785229,1.6849360466003418,1354.0,baseline
1777620634.9285219,1.7349350452423096,1354.0,baseline
1777620634.978488,1.7849011421203613,1353.0,baseline
1777620635.028762,1.8351752758026123,1354.0,baseline
1777620635.078868,1.8852810859680176,1356.0,baseline
1777620635.128928,1.9353411197662354,1355.0,baseline
1777620635.178918,1.9853310585021973,1354.0,baseline
1777620635.228842,2.035255193710327,1354.0,baseline
1777620635.62984,0.38866376876831055,1354.0,stimulus
1777620635.629877,0.3887009620666504,1355.0,stimulus
1777620635.6299012,0.38872504234313965,1357.0,stimulus
1777620635.629925,0.3887488842010498,1355.0,stimulus
1777620635.6299489,0.38877272605895996,1354.0,stimulus
1777620635.629973,0.3887968063354492,1353.0,stimulus
1777620635.629997,0.3888208866119385,1352.0,stimulus
1777620635.6300201,0.38884401321411133,1354.0,stimulus
1777620635.678967,0.4377908706665039,1355.0,stimulus
1777620635.729023,0.48784685134887695,1353.0,stimulus
1777620635.779131,0.5379548072814941,1352.0,stimulus
1777620635.829074,0.587897777557373,1354.0,stimulus
1777620635.879211,0.6380348205566406,1353.0,stimulus
1777620635.9291708,0.6879947185516357,1354.0,stimulus
1777620635.978875,0.7376987934112549,1353.0,stimulus
1777620636.028872,0.7876958847045898,1354.0,stimulus
1777620636.078918,0.8377418518066406,1353.0,stimulus
1777620636.1290398,0.8878636360168457,1353.0,stimulus
1777620636.178993,0.937816858291626,1351.0,stimulus
1777620636.229362,0.9881858825683594,1352.0,stimulus
1777620636.2793012,1.0381250381469727,1354.0,stimulus
1777620636.329023,1.0878467559814453,1353.0,stimulus
1777620636.379026,1.1378498077392578,1352.0,stimulus
1777620636.4291189,1.1879427433013916,1352.0,stimulus
1777620636.479338,1.2381618022918701,1354.0,stimulus
1777620636.529404,1.2882277965545654,1353.0,stimulus
1777620636.5794518,1.338275671005249,1353.0,stimulus
1777620636.629496,1.388319969177246,1352.0,stimulus
1777620636.6794538,1.4382777214050293,1351.0,stimulus
1777620636.7296078,1.488431692123413,1353.0,stimulus
1777620636.7795131,1.538336992263794,1354.0,stimulus
1777620636.8295732,1.5883970260620117,1354.0,stimulus
1777620636.87956,1.6383838653564453,1352.0,stimulus
1777620636.929695,1.688518762588501,1352.0,stimulus
1777620636.979529,1.7383527755737305,1351.0,stimulus
1777620637.029608,1.7884318828582764,1353.0,stimulus
1777620637.0797582,1.8385820388793945,1354.0,stimulus
1777620637.129617,1.8884408473968506,1356.0,stimulus
1777620637.1798232,1.9386470317840576,1355.0,stimulus
1777620637.22986,1.9886839389801025,1356.0,stimulus
1777620637.2797492,2.0385730266571045,1355.0,stimulus
1777620637.329851,2.088674783706665,1355.0,stimulus
1777620637.3797781,2.1386020183563232,1354.0,stimulus
1777620637.42996,2.188783884048462,1356.0,stimulus
1777620637.479863,2.2386868000030518,1356.0,stimulus
1777620637.5299761,2.288800001144409,1353.0,stimulus
1777620637.579932,2.3387558460235596,1351.0,stimulus
1777620637.629846,2.388669967651367,1353.0,stimulus
1777620637.680037,2.4388608932495117,1352.0,stimulus
1777620637.729913,2.488736867904663,1353.0,stimulus
1777620637.780042,2.538865804672241,1354.0,stimulus
1777620637.830071,2.588894844055176,1356.0,stimulus
1777620637.880109,2.638932943344116,1354.0,stimulus
1777620637.930078,2.688901901245117,1354.0,stimulus
1777620637.980088,2.7389118671417236,1353.0,stimulus
1777620638.030124,2.788947820663452,1355.0,stimulus
1777620638.080168,2.83899188041687,1353.0,stimulus
1777620638.130185,2.8890087604522705,1354.0,stimulus
1777620638.180159,2.9389829635620117,1356.0,stimulus
1777620638.230434,2.9892578125,1353.0,stimulus
1777620638.280016,3.038839817047119,1352.0,stimulus
1777620638.330144,3.088967800140381,1355.0,stimulus
1777620638.380225,3.1390488147735596,1353.0,stimulus
1777620638.430238,3.1890618801116943,1352.0,stimulus
1777620638.480352,3.239175796508789,1353.0,stimulus
1777620638.530346,3.2891697883605957,1355.0,stimulus
1777620638.580265,3.3390889167785645,1354.0,stimulus
1777620638.6303658,3.3891897201538086,1355.0,stimulus
1777620638.680423,3.439246892929077,1355.0,stimulus
1777620638.730437,3.4892609119415283,1353.0,stimulus
1777620638.7804532,3.5392770767211914,1352.0,stimulus
1777620638.830477,3.5893008708953857,1354.0,stimulus
1777620638.880405,3.6392288208007812,1354.0,stimulus
1777620638.9305658,3.689389705657959,1354.0,stimulus
1777620638.9805188,3.73934268951416,1355.0,stimulus
1777620639.030538,3.7893619537353516,1355.0,stimulus
1777620639.080533,3.8393568992614746,1353.0,stimulus
1777620639.1305358,3.889359712600708,1354.0,stimulus
1777620639.180682,3.9395058155059814,1354.0,stimulus
1777620639.230603,3.989426851272583,1354.0,stimulus
1777620639.280599,4.039422988891602,1355.0,stimulus
1777620639.330719,4.089542865753174,1357.0,stimulus
1777620639.380714,4.139537811279297,1353.0,stimulus
1777620639.430739,4.189562797546387,1352.0,stimulus
1777620639.480788,4.239611864089966,1352.0,stimulus
1777620639.530734,4.289557933807373,1353.0,stimulus
1777620639.580794,4.339617967605591,1343.0,stimulus
1777620639.630798,4.38962197303772,1347.0,stimulus
1777620639.680821,4.439644813537598,1354.0,stimulus
1777620639.730819,4.489642858505249,1356.0,stimulus
1777620639.780889,4.539712905883789,1354.0,stimulus
1777620639.831114,4.589937925338745,1354.0,stimulus
1777620639.8809469,4.639770746231079,1352.0,stimulus
1777620639.9308748,4.689698696136475,1353.0,stimulus
1777620639.980959,4.739782810211182,1355.0,stimulus
1777620640.030932,4.789755821228027,1356.0,stimulus
1777620640.080996,4.83981990814209,1353.0,stimulus
1777620640.1310568,4.889880657196045,1351.0,stimulus
1777620640.181128,4.9399518966674805,1354.0,stimulus
1777620640.2309592,4.989783048629761,1356.0,stimulus
1777620640.281014,5.039837837219238,1353.0,stimulus
1777620640.3310962,5.0899200439453125,1354.0,stimulus
1777620640.381084,5.1399078369140625,1354.0,stimulus
1777620640.4310741,5.1898980140686035,1356.0,stimulus
1777620640.480978,5.23980188369751,1355.0,stimulus
1777620640.5312488,5.290072679519653,1356.0,stimulus
1777620640.581086,5.339909791946411,1356.0,stimulus
1777620640.631268,5.390091896057129,1354.0,stimulus
1777620640.6813052,5.440129041671753,1354.0,stimulus
1777620640.731284,5.490107774734497,1354.0,stimulus
1777620640.7813098,5.540133714675903,1355.0,stimulus
1777620640.8313642,5.590188026428223,1355.0,stimulus
1777620640.881345,5.640168905258179,1354.0,stimulus
1777620640.931395,5.690218925476074,1355.0,stimulus
1777620640.9813812,5.7402050495147705,1352.0,stimulus
1777620641.031379,5.790202856063843,1354.0,stimulus
1777620641.081384,5.840207815170288,1353.0,stimulus
1777620641.131537,5.8903608322143555,1354.0,stimulus
1777620641.181577,5.940400838851929,1356.0,stimulus
1777620641.2314339,5.990257740020752,1356.0,stimulus
1777620641.2814772,6.040301084518433,1353.0,stimulus
1777620641.331549,6.090372800827026,1355.0,stimulus
1777620641.381621,6.140444755554199,1356.0,stimulus
1777620641.431649,6.190472841262817,1355.0,stimulus
1777620641.481552,6.240375757217407,1352.0,stimulus
1777620641.531641,6.290464878082275,1355.0,stimulus
1777620641.5817,6.340523958206177,1357.0,stimulus
1777620641.631791,6.390614986419678,1356.0,stimulus
1777620641.6817222,6.440546035766602,1352.0,stimulus
1777620641.731769,6.490592956542969,1354.0,stimulus
1777620641.781749,6.540572881698608,1354.0,stimulus
1777620641.831806,6.590629816055298,1355.0,stimulus
1777620641.881844,6.640667915344238,1355.0,stimulus
1777620641.931665,6.690488815307617,1355.0,stimulus
1777620641.981853,6.7406768798828125,1357.0,stimulus
1777620642.0319848,6.79080867767334,1357.0,stimulus
1777620642.08187,6.840693950653076,1355.0,stimulus
1777620642.1318998,6.890723705291748,1357.0,stimulus
1777620642.182013,6.9408369064331055,1356.0,stimulus
1777620642.231972,6.990795850753784,1355.0,stimulus
1777620642.281951,7.040774822235107,1357.0,stimulus
1777620642.332014,7.0908379554748535,1358.0,stimulus
1777620642.382043,7.140866756439209,1355.0,stimulus
1777620642.4323268,7.191150665283203,1354.0,stimulus
1777620642.482046,7.240869760513306,1354.0,stimulus
1777620642.532094,7.290917873382568,1353.0,stimulus
1777620642.582104,7.340927839279175,1355.0,stimulus
1777620642.632232,7.3910558223724365,1357.0,stimulus
1777620642.682229,7.4410529136657715,1355.0,stimulus
1777620642.732181,7.491004943847656,1353.0,stimulus
1777620642.782264,7.541087865829468,1352.0,stimulus
1777620642.8322618,7.59108567237854,1353.0,stimulus
1777620642.8822231,7.64104700088501,1351.0,stimulus
1777620642.932302,7.691125869750977,1351.0,stimulus
1777620642.982336,7.741159915924072,1354.0,stimulus
1777620643.0322812,7.791105031967163,1356.0,stimulus
1777620643.082301,7.841124773025513,1356.0,stimulus
1777620643.132393,7.89121675491333,1353.0,stimulus
1777620643.182407,7.941230773925781,1354.0,stimulus
1777620643.232401,7.991224765777588,1355.0,stimulus
1777620643.2827048,8.041528701782227,1356.0,stimulus
1777620643.3323278,8.091151714324951,1357.0,stimulus
1777620643.382514,8.141337871551514,1355.0,stimulus
1777620643.5214012,0.00023508071899414062,1353.0,post
1777620643.521538,0.0003719329833984375,1354.0,post
1777620643.5324302,0.01126408576965332,1355.0,post
1777620643.58256,0.06139397621154785,1355.0,post
1777620643.638016,0.11684989929199219,1353.0,post
1777620643.684651,0.16348481178283691,1355.0,post
1777620643.732598,0.21143198013305664,1355.0,post
1777620643.7825768,0.2614107131958008,1356.0,post
1777620643.832615,0.3114488124847412,1357.0,post
1777620643.882614,0.361447811126709,1355.0,post
1777620643.932621,0.4114549160003662,1355.0,post
1777620643.9826581,0.46149206161499023,1354.0,post
1777620644.032747,0.5115809440612793,1351.0,post
1777620644.08278,0.5616137981414795,1354.0,post
1777620644.132886,0.6117198467254639,1354.0,post
1777620644.1828742,0.6617081165313721,1354.0,post
1777620644.232874,0.7117078304290771,1354.0,post
1777620644.282967,0.76180100440979,1354.0,post
1777620644.3329651,0.8117990493774414,1354.0,post
1777620644.382887,0.8617208003997803,1353.0,post
1777620644.4329479,0.9117817878723145,1353.0,post
1777620644.482948,0.9617819786071777,1353.0,post
1777620644.533022,1.0118558406829834,1352.0,post
1777620644.582947,1.0617809295654297,1354.0,post
1777620644.63306,1.111893892288208,1353.0,post
1777620644.683116,1.161949872970581,1354.0,post
1777620644.732984,1.211817979812622,1354.0,post
1777620644.7831528,1.2619867324829102,1355.0,post
1777620644.833229,1.3120629787445068,1356.0,post
1777620644.883146,1.3619799613952637,1355.0,post
1777620644.9331741,1.4120080471038818,1353.0,post
1777620644.9831622,1.461996078491211,1352.0,post
1777620645.0332642,1.5120980739593506,1353.0,post
1777620645.083161,1.561995029449463,1354.0,post
1777620645.133347,1.6121809482574463,1354.0,post
1777620645.183328,1.6621618270874023,1353.0,post
1777620645.233302,1.7121360301971436,1343.0,post
1777620645.283361,1.7621948719024658,1347.0,post
1777620645.333378,1.8122119903564453,1349.0,post
1777620645.3833659,1.8621997833251953,1351.0,post
1777620645.433438,1.9122719764709473,1352.0,post
1777620645.483436,1.9622700214385986,1354.0,post
1777620645.533503,2.0123369693756104,1354.0,post
