timestamp,elapsed_sec,gsr_raw,phase
1777618759.098731,0.00029587745666503906,1285.0,baseline
1777618759.098817,0.0003819465637207031,1286.0,baseline
1777618759.098897,0.00046181678771972656,1287.0,baseline
1777618759.098974,0.0005388259887695312,1286.0,baseline
1777618759.0990589,0.0006237030029296875,1287.0,baseline
1777618759.0991318,0.0006966590881347656,1286.0,baseline
1777618759.099205,0.0007698535919189453,1285.0,baseline
1777618759.0992692,0.0008339881896972656,1287.0,baseline
1777618759.0993621,0.000926971435546875,1288.0,baseline
1777618759.099443,0.0010077953338623047,1297.0,baseline
1777618759.0995252,0.0010900497436523438,1312.0,baseline
1777618759.099596,0.0011608600616455078,1307.0,baseline
1777618759.0996768,0.0012416839599609375,1289.0,baseline
1777618759.0997388,0.0013036727905273438,1265.0,baseline
1777618759.099815,0.0013797283172607422,1278.0,baseline
1777618759.099896,0.0014607906341552734,1280.0,baseline
1777618759.099977,0.0015418529510498047,1282.0,baseline
1777618759.100039,0.001603841781616211,1286.0,baseline
1777618759.100102,0.0016667842864990234,1290.0,baseline
1777618759.1001642,0.0017290115356445312,1289.0,baseline
1777618759.1002262,0.0017910003662109375,1288.0,baseline
1777618759.100312,0.0018768310546875,1290.0,baseline
1777618759.100385,0.0019497871398925781,1291.0,baseline
1777618759.100447,0.0020117759704589844,1288.0,baseline
1777618759.10051,0.002074718475341797,1288.0,baseline
1777618759.1005719,0.002136707305908203,1288.0,baseline
1777618759.100634,0.002198934555053711,1287.0,baseline
1777618759.100696,0.002260923385620117,1285.0,baseline
1777618759.100757,0.0023217201232910156,1284.0,baseline
1777618759.1008189,0.002383708953857422,1281.0,baseline
1777618759.1008809,0.002445697784423828,1283.0,baseline
1777618759.100943,0.002507925033569336,1284.0,baseline
1777618759.101009,0.002573728561401367,1284.0,baseline
1777618759.1010711,0.002635955810546875,1285.0,baseline
1777618759.101133,0.0026979446411132812,1286.0,baseline
1777618759.101195,0.0027599334716796875,1286.0,baseline
1777618759.1012568,0.002821683883666992,1286.0,baseline
1777618759.1013188,0.0028836727142333984,1287.0,baseline
1777618759.101381,0.0029458999633789062,1286.0,baseline
1777618759.101443,0.0030078887939453125,1286.0,baseline
1777618759.101506,0.003070831298828125,1282.0,baseline
1777618759.101567,0.003131866455078125,1285.0,baseline
1777618759.101632,0.0031969547271728516,1282.0,baseline
1777618759.101695,0.003259897232055664,1282.0,baseline
1777618759.101758,0.0033228397369384766,1284.0,baseline
1777618759.10182,0.003384828567504883,1285.0,baseline
1777618759.1018822,0.0034470558166503906,1285.0,baseline
1777618759.101944,0.0035088062286376953,1285.0,baseline
1777618759.10214,0.0037047863006591797,1286.0,baseline
1777618759.1022432,0.0038080215454101562,1283.0,baseline
1777618759.1023319,0.0038967132568359375,1287.0,baseline
1777618759.102418,0.0039827823638916016,1286.0,baseline
1777618759.102506,0.004070758819580078,1288.0,baseline
1777618759.102592,0.004156827926635742,1287.0,baseline
1777618759.102677,0.004241943359375,1286.0,baseline
1777618759.102763,0.0043277740478515625,1286.0,baseline
1777618759.102848,0.00441288948059082,1289.0,baseline
1777618759.102933,0.0044977664947509766,1288.0,baseline
1777618759.103018,0.004582881927490234,1288.0,baseline
1777618759.103103,0.004667758941650391,1288.0,baseline
1777618759.103188,0.0047528743743896484,1288.0,baseline
1777618759.103273,0.004837751388549805,1289.0,baseline
1777618759.103358,0.0049228668212890625,1289.0,baseline
1777618759.103443,0.005007743835449219,1286.0,baseline
1777618759.103538,0.005102872848510742,1286.0,baseline
1777618759.1036239,0.005188703536987305,1286.0,baseline
1777618759.103709,0.0052738189697265625,1285.0,baseline
1777618759.103793,0.0053577423095703125,1285.0,baseline
1777618759.1038778,0.005442619323730469,1287.0,baseline
1777618759.103956,0.005520820617675781,1288.0,baseline
1777618759.104023,0.00558781623840332,1286.0,baseline
1777618759.1040902,0.005655050277709961,1285.0,baseline
1777618759.104156,0.005720853805541992,1285.0,baseline
1777618759.104223,0.005787849426269531,1287.0,baseline
1777618759.104373,0.005937814712524414,1286.0,baseline
1777618759.1044512,0.0060160160064697266,1284.0,baseline
1777618759.1045299,0.006094694137573242,1282.0,baseline
1777618759.104599,0.006163835525512695,1286.0,baseline
1777618759.104667,0.006231784820556641,1287.0,baseline
1777618759.104734,0.00629878044128418,1285.0,baseline
1777618759.104801,0.006365776062011719,1291.0,baseline
1777618759.1048691,0.006433963775634766,1288.0,baseline
1777618759.104936,0.006500720977783203,1285.0,baseline
1777618759.105003,0.006567955017089844,1285.0,baseline
1777618759.1050692,0.0066339969635009766,1285.0,baseline
1777618759.1051369,0.00670170783996582,1285.0,baseline
1777618759.105216,0.006780862808227539,1285.0,baseline
1777618759.1052842,0.006849050521850586,1285.0,baseline
1777618759.1053498,0.006914615631103516,1285.0,baseline
1777618759.105417,0.006981849670410156,1286.0,baseline
1777618759.105484,0.007048845291137695,1286.0,baseline
1777618759.10555,0.007114887237548828,1285.0,baseline
1777618759.105673,0.007237911224365234,1285.0,baseline
1777618759.105752,0.0073168277740478516,1285.0,baseline
1777618759.1058218,0.007386684417724609,1285.0,baseline
1777618759.10589,0.007454872131347656,1286.0,baseline
1777618759.105958,0.0075228214263916016,1289.0,baseline
1777618759.106025,0.007589817047119141,1285.0,baseline
1777618759.1060932,0.0076580047607421875,1287.0,baseline
1777618759.1061609,0.007725715637207031,1286.0,baseline
1777618759.1062279,0.00779271125793457,1286.0,baseline
1777618759.106296,0.007860898971557617,1287.0,baseline
1777618759.1063628,0.007927656173706055,1287.0,baseline
1777618759.10643,0.007994890213012695,1288.0,baseline
1777618759.106497,0.008061885833740234,1289.0,baseline
1777618759.106563,0.008127927780151367,1289.0,baseline
1777618759.1066298,0.008194684982299805,1289.0,baseline
1777618759.106706,0.008270740509033203,1291.0,baseline
1777618759.1067772,0.00834202766418457,1289.0,baseline
1777618759.106844,0.008408784866333008,1285.0,baseline
1777618759.10691,0.00847482681274414,1286.0,baseline
1777618759.106977,0.00854182243347168,1287.0,baseline
1777618759.107044,0.008608818054199219,1288.0,baseline
1777618759.107111,0.008675813674926758,1286.0,baseline
1777618759.107177,0.00874185562133789,1286.0,baseline
1777618759.107244,0.00880885124206543,1286.0,baseline
1777618759.107311,0.008875846862792969,1287.0,baseline
1777618759.1073768,0.008941650390625,1285.0,baseline
1777618759.1074429,0.009007692337036133,1286.0,baseline
1777618759.10751,0.009074926376342773,1285.0,baseline
1777618759.1075761,0.009140968322753906,1284.0,baseline
1777618759.107643,0.009207725524902344,1285.0,baseline
1777618759.10771,0.009274721145629883,1282.0,baseline
1777618759.107776,0.009340763092041016,1283.0,baseline
1777618759.107842,0.009406805038452148,1285.0,baseline
1777618759.107908,0.009472846984863281,1285.0,baseline
1777618759.107975,0.00953984260559082,1284.0,baseline
1777618759.108041,0.009605884552001953,1286.0,baseline
1777618759.108109,0.009673833847045898,1285.0,baseline
1777618759.108184,0.00974893569946289,1284.0,baseline
1777618759.1082509,0.009815692901611328,1285.0,baseline
1777618759.108317,0.009881734848022461,1289.0,baseline
1777618759.108383,0.009947776794433594,1288.0,baseline
1777618759.108449,0.010013818740844727,1287.0,baseline
1777618759.108516,0.010080814361572266,1285.0,baseline
1777618759.1085818,0.010146617889404297,1284.0,baseline
1777618759.108667,0.010231733322143555,1285.0,baseline
1777618759.108734,0.010298728942871094,1286.0,baseline
1777618759.108816,0.010380744934082031,1287.0,baseline
1777618759.108883,0.01044774055480957,1286.0,baseline
1777618759.108949,0.010513782501220703,1285.0,baseline
1777618759.1090162,0.010581016540527344,1287.0,baseline
1777618759.1090822,0.010647058486938477,1284.0,baseline
1777618759.109149,0.010713815689086914,1285.0,baseline
1777618759.109215,0.010779857635498047,1288.0,baseline
1777618759.109607,0.011171817779541016,1288.0,baseline
1777618759.109678,0.011242866516113281,1287.0,baseline
1777618759.109746,0.011310815811157227,1287.0,baseline
1777618759.109813,0.011377811431884766,1289.0,baseline
1777618759.10988,0.011444807052612305,1289.0,baseline
1777618759.109946,0.011510848999023438,1288.0,baseline
1777618759.1100218,0.011586666107177734,1286.0,baseline
1777618759.110089,0.011653900146484375,1284.0,baseline
1777618759.110156,0.011720895767211914,1285.0,baseline
1777618759.110222,0.011786937713623047,1285.0,baseline
1777618759.110288,0.011852741241455078,1284.0,baseline
1777618759.110354,0.011918783187866211,1284.0,baseline
1777618759.11042,0.011984825134277344,1286.0,baseline
1777618759.110486,0.012050867080688477,1288.0,baseline
1777618759.110552,0.01211690902709961,1286.0,baseline
1777618759.11062,0.012184858322143555,1286.0,baseline
1777618759.110686,0.012250900268554688,1283.0,baseline
1777618759.110753,0.012317895889282227,1283.0,baseline
1777618759.11082,0.012384891510009766,1285.0,baseline
1777618759.110917,0.012481927871704102,1287.0,baseline
1777618759.1109939,0.012558698654174805,1287.0,baseline
1777618759.111062,0.012626886367797852,1286.0,baseline
1777618759.11113,0.012694835662841797,1288.0,baseline
1777618759.111197,0.012761831283569336,1286.0,baseline
1777618759.111264,0.012828826904296875,1285.0,baseline
1777618759.111336,0.012900829315185547,1288.0,baseline
1777618759.111402,0.01296687126159668,1286.0,baseline
1777618759.1114721,0.013036966323852539,1282.0,baseline
1777618759.11154,0.013104915618896484,1284.0,baseline
1777618759.111763,0.013327836990356445,1284.0,baseline
1777618759.111966,0.013530731201171875,1285.0,baseline
1777618759.112396,0.013960838317871094,1285.0,baseline
1777618759.1124768,0.014041662216186523,1287.0,baseline
1777618759.112597,0.014161825180053711,1284.0,baseline
1777618759.1126888,0.014253616333007812,1287.0,baseline
1777618759.112759,0.014323949813842773,1288.0,baseline
1777618759.1128252,0.014389991760253906,1285.0,baseline
1777618759.112911,0.014475822448730469,1285.0,baseline
1777618759.112978,0.014542818069458008,1286.0,baseline
1777618759.113044,0.01460886001586914,1286.0,baseline
1777618759.11311,0.014674901962280273,1287.0,baseline
1777618759.1131752,0.014739990234375,1286.0,baseline
1777618759.1132412,0.014806032180786133,1286.0,baseline
1777618759.113307,0.014871835708618164,1285.0,baseline
1777618759.113373,0.014937877655029297,1286.0,baseline
1777618759.113438,0.015002727508544922,1287.0,baseline
1777618759.113503,0.015067815780639648,1287.0,baseline
1777618759.113583,0.015147924423217773,1287.0,baseline
1777618759.113664,0.015228748321533203,1284.0,baseline
1777618759.113736,0.015300750732421875,1284.0,baseline
1777618759.113801,0.015365839004516602,1284.0,baseline
1777618759.113857,0.015421867370605469,1287.0,baseline
1777618759.1139112,0.015475988388061523,1285.0,baseline
1777618759.113964,0.01552891731262207,1284.0,baseline
1777618759.114017,0.015581846237182617,1286.0,baseline
1777618759.1140711,0.015635967254638672,1289.0,baseline
1777618759.114124,0.01568889617919922,1286.0,baseline
1777618759.114178,0.015742778778076172,1285.0,baseline
1777618759.114231,0.01579594612121582,1285.0,baseline
1777618759.114284,0.015848875045776367,1285.0,baseline
1777618759.1143382,0.015902996063232422,1287.0,baseline
1777618759.114391,0.01595592498779297,1289.0,baseline
1777618759.114444,0.016008853912353516,1286.0,baseline
1777618759.114497,0.016061782836914062,1285.0,baseline
1777618759.11456,0.016124725341796875,1285.0,baseline
1777618759.1146219,0.01618671417236328,1286.0,baseline
1777618759.114676,0.016240835189819336,1286.0,baseline
1777618759.11473,0.01629471778869629,1289.0,baseline
1777618759.114783,0.016347885131835938,1286.0,baseline
1777618759.114836,0.016400814056396484,1284.0,baseline
1777618759.11489,0.01645493507385254,1288.0,baseline
1777618759.114951,0.016515731811523438,1286.0,baseline
1777618759.115005,0.016569852828979492,1287.0,baseline
1777618759.115058,0.01662278175354004,1286.0,baseline
1777618759.1151118,0.016676664352416992,1285.0,baseline
1777618759.115165,0.01672983169555664,1287.0,baseline
1777618759.115228,0.016792774200439453,1290.0,baseline
1777618759.1152818,0.016846656799316406,1286.0,baseline
1777618759.115336,0.01690077781677246,1285.0,baseline
1777618759.1153889,0.016953706741333008,1288.0,baseline
1777618759.115443,0.017007827758789062,1286.0,baseline
1777618759.115496,0.01706075668334961,1283.0,baseline
1777618759.1155488,0.017113685607910156,1282.0,baseline
1777618759.115602,0.017166852951049805,1285.0,baseline
1777618759.115655,0.01721978187561035,1287.0,baseline
1777618759.1157079,0.0172727108001709,1286.0,baseline
1777618759.115762,0.017326831817626953,1287.0,baseline
1777618759.1158159,0.017380714416503906,1286.0,baseline
1777618759.11587,0.01743483543395996,1285.0,baseline
1777618759.115923,0.017487764358520508,1287.0,baseline
1777618759.115977,0.017541885375976562,1287.0,baseline
1777618759.11603,0.01759481430053711,1285.0,baseline
1777618759.116102,0.01766681671142578,1287.0,baseline
1777618759.1161559,0.017720699310302734,1285.0,baseline
1777618759.1162088,0.01777362823486328,1286.0,baseline
1777618759.116263,0.017827749252319336,1285.0,baseline
1777618759.1163158,0.017880678176879883,1286.0,baseline
1777618759.116369,0.01793384552001953,1286.0,baseline
1777618759.116422,0.017986774444580078,1285.0,baseline
1777618759.1164758,0.01804065704345703,1285.0,baseline
1777618759.116529,0.01809382438659668,1284.0,baseline
1777618759.1165829,0.018147706985473633,1286.0,baseline
1777618759.1166358,0.01820063591003418,1287.0,baseline
1777618759.11669,0.018254756927490234,1286.0,baseline
1777618759.1167428,0.01830768585205078,1285.0,baseline
1777618759.116797,0.018361806869506836,1286.0,baseline
1777618759.11685,0.018414735794067383,1285.0,baseline
1777618759.116904,0.018468856811523438,1284.0,baseline
1777618759.116961,0.01852583885192871,1285.0,baseline
1777618759.1170151,0.018579959869384766,1286.0,baseline
1777618759.117068,0.018632888793945312,1285.0,baseline
1777618759.117122,0.018686771392822266,1287.0,baseline
1777618759.117175,0.018739938735961914,1286.0,baseline
1777618759.117228,0.01879286766052246,1287.0,baseline
1777618759.117287,0.018851757049560547,1286.0,baseline
1777618759.1173398,0.018904685974121094,1287.0,baseline
1777618759.117394,0.01895880699157715,1287.0,baseline
1777618759.117447,0.019011735916137695,1286.0,baseline
1777618759.117501,0.01906585693359375,1287.0,baseline
1777618759.117554,0.019118785858154297,1286.0,baseline
1777618759.1176078,0.01917266845703125,1287.0,baseline
1777618759.117661,0.0192258358001709,1286.0,baseline
1777618759.117714,0.019278764724731445,1287.0,baseline
1777618759.117768,0.0193328857421875,1285.0,baseline
1777618759.117821,0.019385814666748047,1286.0,baseline
1777618759.117874,0.019438743591308594,1287.0,baseline
1777618759.117928,0.01949286460876465,1286.0,baseline
1777618759.118047,0.019611835479736328,1288.0,baseline
1777618759.1181061,0.019670963287353516,1287.0,baseline
1777618759.118161,0.019725799560546875,1286.0,baseline
1777618759.11826,0.019824743270874023,1287.0,baseline
1777618759.118315,0.019879817962646484,1287.0,baseline
1777618759.118369,0.01993393898010254,1288.0,baseline
1777618759.118422,0.019986867904663086,1288.0,baseline
1777618759.118477,0.020041942596435547,1286.0,baseline
1777618759.118531,0.0200958251953125,1287.0,baseline
1777618759.118596,0.020160913467407227,1285.0,baseline
1777618759.118651,0.020215749740600586,1286.0,baseline
1777618759.118706,0.020270824432373047,1287.0,baseline
1777618759.1187599,0.02032470703125,1285.0,baseline
1777618759.118813,0.02037787437438965,1285.0,baseline
1777618759.118867,0.0204317569732666,1287.0,baseline
1777618759.118921,0.020485877990722656,1285.0,baseline
1777618759.118974,0.020538806915283203,1287.0,baseline
1777618759.1190279,0.020592689514160156,1289.0,baseline
1777618759.119082,0.02064681053161621,1287.0,baseline
1777618759.119225,0.02078986167907715,1286.0,baseline
1777618759.1192791,0.020843982696533203,1286.0,baseline
1777618759.119334,0.020898818969726562,1287.0,baseline
1777618759.1193879,0.020952701568603516,1287.0,baseline
1777618759.1194408,0.021005630493164062,1286.0,baseline
1777618759.1194959,0.021060705184936523,1287.0,baseline
1777618759.11955,0.021114826202392578,1287.0,baseline
1777618759.119603,0.021167755126953125,1286.0,baseline
1777618759.1196558,0.021220684051513672,1285.0,baseline
1777618759.11971,0.021274805068969727,1285.0,baseline
1777618759.1197639,0.02132868766784668,1281.0,baseline
1777618759.119831,0.02139592170715332,1286.0,baseline
1777618759.119885,0.021449804306030273,1288.0,baseline
1777618759.1199381,0.021502971649169922,1286.0,baseline
1777618759.119992,0.021556854248046875,1287.0,baseline
1777618759.120045,0.021609783172607422,1286.0,baseline
1777618759.1201081,0.021672964096069336,1286.0,baseline
1777618759.120161,0.021725893020629883,1287.0,baseline
1777618759.120215,0.021779775619506836,1285.0,baseline
1777618759.120269,0.02183389663696289,1285.0,baseline
1777618759.120322,0.021886825561523438,1288.0,baseline
1777618759.120376,0.021940946578979492,1285.0,baseline
1777618759.120429,0.02199387550354004,1285.0,baseline
1777618759.120482,0.022046804428100586,1284.0,baseline
1777618759.120537,0.022101879119873047,1286.0,baseline
1777618759.12059,0.022154808044433594,1287.0,baseline
1777618759.1206431,0.022207975387573242,1286.0,baseline
1777618759.120697,0.022261857986450195,1287.0,baseline
1777618759.1207502,0.022315025329589844,1287.0,baseline
1777618759.120803,0.02236795425415039,1287.0,baseline
1777618759.120857,0.022421836853027344,1285.0,baseline
1777618759.1209102,0.022475004196166992,1286.0,baseline
1777618759.120971,0.02253580093383789,1286.0,baseline
1777618759.1210299,0.022594690322875977,1287.0,baseline
1777618759.121084,0.02264881134033203,1285.0,baseline
1777618759.121137,0.022701740264892578,1285.0,baseline
1777618759.121235,0.02279973030090332,1286.0,baseline
1777618759.121289,0.022853851318359375,1287.0,baseline
1777618759.1213582,0.022922992706298828,1287.0,baseline
1777618759.121411,0.022975921630859375,1287.0,baseline
1777618759.121469,0.023033857345581055,1284.0,baseline
1777618759.121522,0.0230867862701416,1286.0,baseline
1777618759.1215758,0.023140668869018555,1281.0,baseline
1777618759.121629,0.023193836212158203,1287.0,baseline
1777618759.121683,0.023247718811035156,1287.0,baseline
1777618759.121736,0.023300886154174805,1286.0,baseline
1777618759.121789,0.02335381507873535,1287.0,baseline
1777618759.1218429,0.023407697677612305,1286.0,baseline
1777618759.121896,0.023460865020751953,1287.0,baseline
1777618759.12195,0.023514747619628906,1287.0,baseline
1777618759.1220028,0.023567676544189453,1286.0,baseline
1777618759.122056,0.0236208438873291,1288.0,baseline
1777618759.122113,0.023677825927734375,1289.0,baseline
1777618759.122166,0.023730754852294922,1286.0,baseline
1777618759.122228,0.023792743682861328,1286.0,baseline
1777618759.122283,0.02384781837463379,1286.0,baseline
1777618759.122336,0.023900747299194336,1285.0,baseline
1777618759.122389,0.023953914642333984,1287.0,baseline
1777618759.122442,0.02400684356689453,1286.0,baseline
1777618759.122496,0.024060726165771484,1287.0,baseline
1777618759.122549,0.024113893508911133,1285.0,baseline
1777618759.122602,0.02416682243347168,1286.0,baseline
1777618759.122655,0.024219751358032227,1288.0,baseline
1777618759.122709,0.02427387237548828,1289.0,baseline
1777618759.122763,0.024327754974365234,1288.0,baseline
1777618759.122816,0.024380922317504883,1291.0,baseline
1777618759.122869,0.02443385124206543,1288.0,baseline
1777618759.122922,0.024486780166625977,1287.0,baseline
1777618759.1229749,0.024539709091186523,1286.0,baseline
1777618759.123029,0.024593830108642578,1286.0,baseline
1777618759.123083,0.024647951126098633,1287.0,baseline
1777618759.123137,0.024701833724975586,1286.0,baseline
1777618759.12319,0.024754762649536133,1285.0,baseline
1777618759.123243,0.02480792999267578,1287.0,baseline
1777618759.123297,0.024861812591552734,1286.0,baseline
1777618759.12335,0.02491474151611328,1287.0,baseline
1777618759.123413,0.024977922439575195,1286.0,baseline
1777618759.123466,0.025030851364135742,1285.0,baseline
1777618759.12352,0.025084733963012695,1285.0,baseline
1777618759.123573,0.025137901306152344,1286.0,baseline
1777618759.123626,0.02519083023071289,1286.0,baseline
1777618759.123679,0.025243759155273438,1287.0,baseline
1777618759.1237319,0.025296688079833984,1287.0,baseline
1777618759.123786,0.02535080909729004,1288.0,baseline
1777618759.123839,0.025403738021850586,1288.0,baseline
1777618759.123893,0.02545785903930664,1287.0,baseline
1777618759.123946,0.025510787963867188,1285.0,baseline
1777618759.1239989,0.025563716888427734,1286.0,baseline
1777618759.124052,0.025616884231567383,1286.0,baseline
1777618759.124105,0.02566981315612793,1285.0,baseline
1777618759.1241589,0.025723695755004883,1286.0,baseline
1777618759.124212,0.02577686309814453,1288.0,baseline
1777618759.124265,0.025829792022705078,1285.0,baseline
1777618759.124319,0.025883913040161133,1286.0,baseline
1777618759.124372,0.02593684196472168,1287.0,baseline
1777618759.124426,0.025990724563598633,1286.0,baseline
1777618759.124479,0.02604389190673828,1281.0,baseline
1777618759.124532,0.026096820831298828,1276.0,baseline
1777618759.1245959,0.026160717010498047,1275.0,baseline
1777618759.12465,0.0262148380279541,1280.0,baseline
1777618759.124704,0.026268720626831055,1278.0,baseline
1777618759.124757,0.026321887969970703,1238.0,baseline
1777618759.124811,0.026375770568847656,1259.0,baseline
1777618759.124864,0.026428937911987305,1262.0,baseline
1777618759.124918,0.026482820510864258,1280.0,baseline
1777618759.124971,0.026535749435424805,1289.0,baseline
1777618759.125024,0.026588916778564453,1296.0,baseline
1777618759.125077,0.026641845703125,1300.0,baseline
1777618759.125132,0.02669692039489746,1300.0,baseline
1777618759.125185,0.026749849319458008,1298.0,baseline
1777618759.125238,0.026802778244018555,1297.0,baseline
1777618759.125291,0.026855945587158203,1294.0,baseline
1777618759.125344,0.02690887451171875,1291.0,baseline
1777618759.125398,0.026962757110595703,1285.0,baseline
1777618759.125451,0.02701592445373535,1272.0,baseline
1777618759.125504,0.0270688533782959,1240.0,baseline
1777618759.125557,0.027121782302856445,1233.0,baseline
1777618759.125611,0.0271759033203125,1242.0,baseline
1777618759.125664,0.027228832244873047,1263.0,baseline
1777618759.12572,0.027284860610961914,1280.0,baseline
1777618759.125767,0.027331829071044922,1290.0,baseline
1777618759.125813,0.027377843856811523,1295.0,baseline
1777618759.125858,0.02742290496826172,1298.0,baseline
1777618759.1259038,0.02746868133544922,1299.0,baseline
1777618759.125949,0.027513742446899414,1300.0,baseline
1777618759.125995,0.027559757232666016,1299.0,baseline
1777618759.12604,0.02760481834411621,1299.0,baseline
1777618759.126086,0.027650833129882812,1297.0,baseline
1777618759.126132,0.027696847915649414,1299.0,baseline
1777618759.126177,0.02774190902709961,1302.0,baseline
1777618759.126223,0.02778792381286621,1302.0,baseline
1777618759.126268,0.027832746505737305,1301.0,baseline
1777618759.126314,0.027878761291503906,1302.0,baseline
1777618759.126359,0.0279238224029541,1302.0,baseline
1777618759.1264052,0.027970075607299805,1297.0,baseline
1777618759.126451,0.028015851974487305,1295.0,baseline
1777618759.126496,0.0280609130859375,1291.0,baseline
1777618759.126542,0.0281069278717041,1302.0,baseline
1777618759.126587,0.028151750564575195,1319.0,baseline
1777618759.126633,0.028197765350341797,1354.0,baseline
1777618759.126678,0.028242826461791992,1396.0,baseline
1777618759.1267278,0.02829265594482422,1424.0,baseline
1777618759.126774,0.028338909149169922,1425.0,baseline
1777618759.12682,0.028384923934936523,1407.0,baseline
1777618759.126865,0.028429746627807617,1387.0,baseline
1777618759.126911,0.02847576141357422,1359.0,baseline
1777618759.126956,0.028520822525024414,1326.0,baseline
1777618759.1270359,0.028600692749023438,1293.0,baseline
1777618759.1270819,0.02864670753479004,1275.0,baseline
1777618759.1271281,0.028692960739135742,1268.0,baseline
1777618759.127174,0.028738737106323242,1237.0,baseline
1777618759.12722,0.028784751892089844,1215.0,baseline
1777618759.127265,0.02882981300354004,1211.0,baseline
1777618759.127311,0.02887582778930664,1214.0,baseline
1777618759.1273558,0.028920650482177734,1219.0,baseline
1777618759.127402,0.028966903686523438,1222.0,baseline
1777618759.127448,0.02901291847229004,1228.0,baseline
1777618759.1274931,0.029057979583740234,1235.0,baseline
1777618759.127538,0.029102802276611328,1235.0,baseline
1777618759.127584,0.02914881706237793,1239.0,baseline
1777618759.12763,0.02919483184814453,1254.0,baseline
1777618759.1276748,0.029239654541015625,1247.0,baseline
1777618759.127721,0.029285907745361328,1260.0,baseline
1777618759.1277719,0.02933669090270996,1263.0,baseline
1777618759.1278179,0.029382705688476562,1259.0,baseline
1777618759.127863,0.029427766799926758,1258.0,baseline
1777618759.1279092,0.02947402000427246,1264.0,baseline
1777618759.127954,0.029518842697143555,1234.0,baseline
1777618759.128,0.029564857482910156,1280.0,baseline
1777618759.128045,0.02960991859436035,1284.0,baseline
1777618759.1280909,0.02965569496154785,1285.0,baseline
1777618759.128136,0.029700756072998047,1288.0,baseline
1777618759.128182,0.02974677085876465,1292.0,baseline
1777618759.128227,0.029791831970214844,1295.0,baseline
1777618759.128273,0.029837846755981445,1297.0,baseline
1777618759.1283178,0.02988266944885254,1296.0,baseline
1777618759.128364,0.029928922653198242,1293.0,baseline
1777618759.1284091,0.029973983764648438,1289.0,baseline
1777618759.128455,0.030019760131835938,1285.0,baseline
1777618759.128501,0.03006577491760254,1281.0,baseline
1777618759.128547,0.03011178970336914,1278.0,baseline
1777618759.1285918,0.030156612396240234,1274.0,baseline
1777618759.128638,0.030202865600585938,1285.0,baseline
1777618759.128684,0.03024888038635254,1287.0,baseline
1777618759.128732,0.030296802520751953,1286.0,baseline
1777618759.1287801,0.03034496307373047,1285.0,baseline
1777618759.1288261,0.03039097785949707,1285.0,baseline
1777618759.128872,0.03043675422668457,1286.0,baseline
1777618759.128917,0.030481815338134766,1288.0,baseline
1777618759.128963,0.030527830123901367,1288.0,baseline
1777618759.129008,0.030572891235351562,1288.0,baseline
1777618759.129054,0.030618906021118164,1288.0,baseline
1777618759.129099,0.030663728713989258,1286.0,baseline
1777618759.1291451,0.03070998191833496,1289.0,baseline
1777618759.129191,0.03075575828552246,1290.0,baseline
1777618759.129237,0.030801773071289062,1288.0,baseline
1777618759.129282,0.030846834182739258,1288.0,baseline
1777618759.129328,0.03089284896850586,1284.0,baseline
1777618759.1293728,0.030937671661376953,1285.0,baseline
1777618759.129419,0.030983924865722656,1286.0,baseline
1777618759.129465,0.031029939651489258,1285.0,baseline
1777618759.1295109,0.031075716018676758,1288.0,baseline
1777618759.129557,0.03112173080444336,1290.0,baseline
1777618759.1296031,0.031167984008789062,1290.0,baseline
1777618759.129649,0.031213760375976562,1291.0,baseline
1777618759.129694,0.03125882148742676,1290.0,baseline
1777618759.129745,0.03130984306335449,1291.0,baseline
1777618759.129791,0.031355857849121094,1291.0,baseline
1777618759.129836,0.03140091896057129,1295.0,baseline
1777618759.129882,0.03144693374633789,1290.0,baseline
1777618759.129927,0.031491756439208984,1286.0,baseline
1777618759.129973,0.031537771224975586,1279.0,baseline
1777618759.1300192,0.03158402442932129,1286.0,baseline
1777618759.130065,0.03162980079650879,1286.0,baseline
1777618759.13011,0.031674861907958984,1286.0,baseline
1777618759.130156,0.031720876693725586,1285.0,baseline
1777618759.130202,0.03176689147949219,1288.0,baseline
1777618759.1302469,0.03181171417236328,1284.0,baseline
1777618759.130293,0.03185772895812988,1281.0,baseline
1777618759.1303391,0.031903982162475586,1281.0,baseline
1777618759.130384,0.03194880485534668,1280.0,baseline
1777618759.13043,0.03199481964111328,1273.0,baseline
1777618759.130475,0.03203988075256348,1272.0,baseline
1777618759.130521,0.03208589553833008,1283.0,baseline
1777618759.1305668,0.03213167190551758,1287.0,baseline
1777618759.130612,0.03217673301696777,1290.0,baseline
1777618759.1306581,0.03222298622131348,1292.0,baseline
1777618759.130704,0.03226876258850098,1290.0,baseline
1777618759.1307552,0.03232002258300781,1289.0,baseline
1777618759.130801,0.03236579895019531,1281.0,baseline
1777618759.130847,0.032411813735961914,1291.0,baseline
1777618759.130892,0.03245687484741211,1290.0,baseline
1777618759.130938,0.03250288963317871,1284.0,baseline
1777618759.1309838,0.03254866600036621,1279.0,baseline
1777618759.131029,0.032593727111816406,1286.0,baseline
1777618759.1310751,0.03263998031616211,1289.0,baseline
1777618759.131121,0.03268575668334961,1288.0,baseline
1777618759.131166,0.032730817794799805,1289.0,baseline
1777618759.131212,0.032776832580566406,1288.0,baseline
1777618759.131258,0.03282284736633301,1287.0,baseline
1777618759.131304,0.03286886215209961,1286.0,baseline
1777618759.131354,0.03291893005371094,1283.0,baseline
1777618759.131399,0.03296375274658203,1288.0,baseline
1777618759.131445,0.03300976753234863,1290.0,baseline
1777618759.1314912,0.033056020736694336,1289.0,baseline
1777618759.131537,0.033101797103881836,1289.0,baseline
1777618759.131582,0.03314685821533203,1283.0,baseline
1777618759.131628,0.03319287300109863,1283.0,baseline
1777618759.131673,0.03323793411254883,1285.0,baseline
1777618759.131723,0.033287763595581055,1286.0,baseline
1777618759.1317708,0.03333568572998047,1290.0,baseline
1777618759.1318169,0.03338170051574707,1290.0,baseline
1777618759.131863,0.03342795372009277,1290.0,baseline
1777618759.1319091,0.033473968505859375,1286.0,baseline
1777618759.131954,0.03351879119873047,1283.0,baseline
1777618759.132,0.03356480598449707,1288.0,baseline
1777618759.132046,0.03361082077026367,1289.0,baseline
1777618759.132092,0.03365683555603027,1285.0,baseline
1777618759.132137,0.03370189666748047,1282.0,baseline
1777618759.132183,0.03374791145324707,1281.0,baseline
1777618759.1322281,0.033792972564697266,1288.0,baseline
1777618759.132273,0.03383779525756836,1291.0,baseline
1777618759.132319,0.03388381004333496,1290.0,baseline
1777618759.132364,0.033928871154785156,1289.0,baseline
1777618759.13241,0.03397488594055176,1289.0,baseline
1777618759.1324549,0.03401970863342285,1286.0,baseline
1777618759.1325,0.03406476974487305,1286.0,baseline
1777618759.132546,0.03411078453063965,1287.0,baseline
1777618759.1325922,0.03415703773498535,1287.0,baseline
1777618759.132637,0.034201860427856445,1286.0,baseline
1777618759.132683,0.03424787521362305,1287.0,baseline
1777618759.132732,0.03429675102233887,1285.0,baseline
1777618759.132778,0.03434276580810547,1287.0,baseline
1777618759.1328242,0.03438901901245117,1285.0,baseline
1777618759.132869,0.034433841705322266,1287.0,baseline
1777618759.132915,0.03447985649108887,1286.0,baseline
1777618759.132961,0.03452587127685547,1286.0,baseline
1777618759.133006,0.034570932388305664,1288.0,baseline
1777618759.1330519,0.034616708755493164,1287.0,baseline
1777618759.133097,0.03466176986694336,1282.0,baseline
1777618759.133143,0.03470778465270996,1285.0,baseline
1777618759.133188,0.034752845764160156,1288.0,baseline
1777618759.1332328,0.03479766845703125,1289.0,baseline
1777618759.133279,0.03484392166137695,1285.0,baseline
1777618759.1333241,0.03488898277282715,1285.0,baseline
1777618759.1333702,0.03493499755859375,1286.0,baseline
1777618759.133415,0.034979820251464844,1286.0,baseline
1777618759.133461,0.035025835037231445,1285.0,baseline
1777618759.133506,0.03507089614868164,1286.0,baseline
1777618759.1335528,0.03511762619018555,1286.0,baseline
1777618759.133599,0.03516387939453125,1288.0,baseline
1777618759.133644,0.035208940505981445,1288.0,baseline
1777618759.1336892,0.03525400161743164,1290.0,baseline
1777618759.1337411,0.03530597686767578,1287.0,baseline
1777618759.1338089,0.035373687744140625,1288.0,baseline
1777618759.133856,0.035420894622802734,1286.0,baseline
1777618759.133902,0.035466909408569336,1285.0,baseline
1777618759.1339478,0.035512685775756836,1286.0,baseline
1777618759.133993,0.03555774688720703,1286.0,baseline
1777618759.134039,0.03560376167297363,1287.0,baseline
1777618759.134084,0.03564882278442383,1286.0,baseline
1777618759.13413,0.03569483757019043,1285.0,baseline
1777618759.134175,0.035739898681640625,1286.0,baseline
1777618759.134221,0.03578591346740723,1290.0,baseline
1777618759.1342661,0.03583097457885742,1287.0,baseline
1777618759.134312,0.03587675094604492,1287.0,baseline
1777618759.134358,0.03592276573181152,1287.0,baseline
1777618759.134403,0.03596782684326172,1287.0,baseline
1777618759.134449,0.03601384162902832,1285.0,baseline
1777618759.134494,0.036058902740478516,1285.0,baseline
1777618759.13454,0.03610491752624512,1286.0,baseline
1777618759.134586,0.03615093231201172,1286.0,baseline
1777618759.134631,0.03619575500488281,1285.0,baseline
1777618759.134677,0.036241769790649414,1287.0,baseline
1777618759.1347258,0.036290645599365234,1289.0,baseline
1777618759.134772,0.03633689880371094,1289.0,baseline
1777618759.134818,0.03638291358947754,1288.0,baseline
1777618759.1348631,0.036427974700927734,1287.0,baseline
1777618759.134909,0.036473751068115234,1288.0,baseline
1777618759.134954,0.03651881217956543,1286.0,baseline
1777618759.135,0.03656482696533203,1285.0,baseline
1777618759.135046,0.03661084175109863,1287.0,baseline
1777618759.135092,0.036656856536865234,1286.0,baseline
1777618759.135137,0.03670191764831543,1284.0,baseline
1777618759.135183,0.03674793243408203,1284.0,baseline
1777618759.135228,0.036792755126953125,1282.0,baseline
1777618759.135274,0.03683876991271973,1285.0,baseline
1777618759.13532,0.03688478469848633,1286.0,baseline
1777618759.135365,0.03692984580993652,1287.0,baseline
1777618759.135411,0.036975860595703125,1286.0,baseline
1777618759.135456,0.03702092170715332,1288.0,baseline
1777618759.135502,0.03706693649291992,1286.0,baseline
1777618759.1355479,0.03711271286010742,1288.0,baseline
1777618759.1355882,0.037153005599975586,1286.0,baseline
1777618759.135628,0.03719282150268555,1285.0,baseline
1777618759.1356668,0.0372316837310791,1286.0,baseline
1777618759.135712,0.0372767448425293,1287.0,baseline
1777618759.135751,0.03731584548950195,1288.0,baseline
1777618759.135791,0.037355899810791016,1286.0,baseline
1777618759.135832,0.037396907806396484,1288.0,baseline
1777618759.135872,0.037436723709106445,1287.0,baseline
1777618759.135911,0.0374758243560791,1285.0,baseline
1777618759.135951,0.037515878677368164,1287.0,baseline
1777618759.13599,0.03755474090576172,1288.0,baseline
1777618759.13603,0.03759479522705078,1287.0,baseline
1777618759.136069,0.03763389587402344,1288.0,baseline
1777618759.136109,0.0376739501953125,1288.0,baseline
1777618759.136148,0.037712812423706055,1288.0,baseline
1777618759.1361878,0.037752628326416016,1287.0,baseline
1777618759.136228,0.03779292106628418,1285.0,baseline
1777618759.136267,0.037831783294677734,1285.0,baseline
1777618759.136307,0.0378718376159668,1286.0,baseline
1777618759.136348,0.037912845611572266,1286.0,baseline
1777618759.136388,0.03795289993286133,1285.0,baseline
1777618759.136427,0.03799176216125488,1287.0,baseline
1777618759.136466,0.03803086280822754,1287.0,baseline
1777618759.136506,0.0380709171295166,1286.0,baseline
1777618759.136545,0.038109779357910156,1287.0,baseline
1777618759.1365912,0.03815603256225586,1286.0,baseline
1777618759.136631,0.03819584846496582,1288.0,baseline
1777618759.1366699,0.038234710693359375,1286.0,baseline
1777618759.13671,0.03827476501464844,1285.0,baseline
1777618759.13675,0.0383148193359375,1287.0,baseline
1777618759.136789,0.038353919982910156,1289.0,baseline
1777618759.136829,0.03839373588562012,1286.0,baseline
1777618759.136868,0.03843283653259277,1286.0,baseline
1777618759.136908,0.038472890853881836,1287.0,baseline
1777618759.136947,0.03851175308227539,1286.0,baseline
1777618759.136987,0.03855180740356445,1286.0,baseline
1777618759.137026,0.03859090805053711,1286.0,baseline
1777618759.137067,0.03863191604614258,1287.0,baseline
1777618759.137107,0.03867173194885254,1288.0,baseline
1777618759.137147,0.0387117862701416,1286.0,baseline
1777618759.137186,0.03875088691711426,1287.0,baseline
1777618759.1372259,0.03879070281982422,1288.0,baseline
1777618759.137266,0.03883075714111328,1287.0,baseline
1777618759.137305,0.03886985778808594,1286.0,baseline
1777618759.1373582,0.038923025131225586,1287.0,baseline
1777618759.137415,0.03897976875305176,1288.0,baseline
1777618759.137461,0.03902578353881836,1289.0,baseline
1777618759.137503,0.039067745208740234,1289.0,baseline
1777618759.137544,0.0391087532043457,1289.0,baseline
1777618759.1375842,0.03914904594421387,1289.0,baseline
1777618759.137623,0.03918790817260742,1288.0,baseline
1777618759.137663,0.03922772407531738,1288.0,baseline
1777618759.137702,0.03926682472229004,1289.0,baseline
1777618759.137742,0.0393068790435791,1285.0,baseline
1777618759.137782,0.039346933364868164,1286.0,baseline
1777618759.137836,0.03940081596374512,1286.0,baseline
1777618759.137876,0.03944087028503418,1286.0,baseline
1777618759.137917,0.03948187828063965,1291.0,baseline
1777618759.1379561,0.039520978927612305,1288.0,baseline
1777618759.137996,0.039560794830322266,1289.0,baseline
1777618759.138036,0.03960084915161133,1289.0,baseline
1777618759.1380758,0.03964066505432129,1287.0,baseline
1777618759.1381152,0.03968000411987305,1287.0,baseline
1777618759.138155,0.03971982002258301,1288.0,baseline
1777618759.1381938,0.03975868225097656,1289.0,baseline
1777618759.1382341,0.03979897499084473,1289.0,baseline
1777618759.138273,0.03983783721923828,1290.0,baseline
1777618759.138313,0.039877891540527344,1289.0,baseline
1777618759.138355,0.03991985321044922,1287.0,baseline
1777618759.138397,0.039961814880371094,1288.0,baseline
1777618759.138436,0.04000091552734375,1288.0,baseline
1777618759.1384761,0.04004096984863281,1289.0,baseline
1777618759.138516,0.04008078575134277,1288.0,baseline
1777618759.138556,0.040120840072631836,1288.0,baseline
1777618759.138596,0.0401608943939209,1289.0,baseline
1777618759.138635,0.04019975662231445,1289.0,baseline
1777618759.138675,0.040239810943603516,1289.0,baseline
1777618759.138714,0.04027891159057617,1286.0,baseline
1777618759.1387541,0.040318965911865234,1288.0,baseline
1777618759.138794,0.040358781814575195,1288.0,baseline
1777618759.138834,0.04039883613586426,1287.0,baseline
1777618759.138874,0.04043889045715332,1287.0,baseline
1777618759.138913,0.040477752685546875,1287.0,baseline
1777618759.138952,0.04051685333251953,1288.0,baseline
1777618759.138992,0.040556907653808594,1287.0,baseline
1777618759.1390321,0.040596961975097656,1286.0,baseline
1777618759.139071,0.04063582420349121,1289.0,baseline
1777618759.1391108,0.04067564010620117,1292.0,baseline
1777618759.139151,0.040715932846069336,1284.0,baseline
1777618759.1391912,0.0407559871673584,1287.0,baseline
1777618759.139241,0.040805816650390625,1285.0,baseline
1777618759.1392808,0.040845632553100586,1286.0,baseline
1777618759.139321,0.04088592529296875,1287.0,baseline
1777618759.1393611,0.04092597961425781,1287.0,baseline
1777618759.139401,0.04096579551696777,1289.0,baseline
1777618759.139441,0.041005849838256836,1287.0,baseline
1777618759.139481,0.0410459041595459,1286.0,baseline
1777618759.13952,0.04108476638793945,1286.0,baseline
1777618759.13956,0.041124820709228516,1289.0,baseline
1777618759.1395998,0.04116463661193848,1287.0,baseline
1777618759.1396391,0.041203975677490234,1286.0,baseline
1777618759.139679,0.041243791580200195,1285.0,baseline
1777618759.139719,0.04128384590148926,1286.0,baseline
1777618759.139759,0.04132390022277832,1286.0,baseline
1777618759.139798,0.041362762451171875,1289.0,baseline
1777618759.139837,0.04140186309814453,1290.0,baseline
1777618759.139877,0.041441917419433594,1295.0,baseline
1777618759.139916,0.04148077964782715,1289.0,baseline
1777618759.13998,0.04154491424560547,1287.0,baseline
1777618759.14002,0.04158473014831543,1287.0,baseline
1777618759.140059,0.041623830795288086,1290.0,baseline
1777618759.140099,0.04166388511657715,1290.0,baseline
1777618759.14015,0.04171490669250488,1292.0,baseline
1777618759.140189,0.04175376892089844,1290.0,baseline
1777618759.1402292,0.0417940616607666,1290.0,baseline
1777618759.140269,0.04183387756347656,1292.0,baseline
1777618759.140308,0.04187273979187012,1289.0,baseline
1777618759.1403468,0.04191160202026367,1289.0,baseline
1777618759.140387,0.041951894760131836,1289.0,baseline
1777618759.140427,0.0419919490814209,1290.0,baseline
1777618759.140466,0.04203081130981445,1290.0,baseline
1777618759.140506,0.042070865631103516,1287.0,baseline
1777618759.1405451,0.04210996627807617,1285.0,baseline
1777618759.140585,0.04214978218078613,1289.0,baseline
1777618759.1406238,0.04218864440917969,1290.0,baseline
1777618759.140664,0.04222893714904785,1288.0,baseline
1777618759.140703,0.042267799377441406,1286.0,baseline
1777618759.140743,0.04230785369873047,1283.0,baseline
1777618759.140782,0.042346954345703125,1284.0,baseline
1777618759.140822,0.042386770248413086,1287.0,baseline
1777618759.140861,0.04242587089538574,1291.0,baseline
1777618759.140901,0.042465925216674805,1294.0,baseline
1777618759.1409411,0.04250597953796387,1298.0,baseline
1777618759.140981,0.04254579544067383,1290.0,baseline
1777618759.141026,0.04259085655212402,1289.0,baseline
1777618759.141065,0.04262971878051758,1289.0,baseline
1777618759.141105,0.04266977310180664,1293.0,baseline
1777618759.141144,0.0427088737487793,1298.0,baseline
1777618759.141184,0.04274892807006836,1297.0,baseline
1777618759.1412401,0.04280495643615723,1298.0,baseline
1777618759.14128,0.04284477233886719,1290.0,baseline
1777618759.14132,0.04288482666015625,1289.0,baseline
1777618759.141366,0.04293084144592285,1292.0,baseline
1777618759.1414049,0.042969703674316406,1296.0,baseline
1777618759.1414452,0.04300999641418457,1296.0,baseline
1777618759.141485,0.04304981231689453,1289.0,baseline
1777618759.141525,0.043089866638183594,1286.0,baseline
1777618759.141564,0.04312872886657715,1283.0,baseline
1777618759.1416042,0.04316902160644531,1276.0,baseline
1777618759.141643,0.04320788383483887,1275.0,baseline
1777618759.1416829,0.04324769973754883,1282.0,baseline
1777618759.141741,0.04330587387084961,1285.0,baseline
1777618759.141781,0.04334592819213867,1285.0,baseline
1777618759.14182,0.04338479042053223,1282.0,baseline
1777618759.14186,0.04342484474182129,1277.0,baseline
1777618759.1419032,0.04346799850463867,1278.0,baseline
1777618759.141943,0.04350781440734863,1278.0,baseline
1777618759.1419818,0.04354667663574219,1278.0,baseline
1777618759.142022,0.04358673095703125,1287.0,baseline
1777618759.142061,0.043625831604003906,1290.0,baseline
1777618759.142101,0.04366588592529297,1289.0,baseline
1777618759.1421409,0.04370570182800293,1289.0,baseline
1777618759.1421812,0.043745994567871094,1289.0,baseline
1777618759.14222,0.04378485679626465,1288.0,baseline
1777618759.14226,0.04382491111755371,1288.0,baseline
1777618759.142299,0.043863773345947266,1290.0,baseline
1777618759.142339,0.04390382766723633,1290.0,baseline
1777618759.142379,0.04394388198852539,1286.0,baseline
1777618759.142418,0.043982744216918945,1288.0,baseline
1777618759.1424582,0.04402303695678711,1288.0,baseline
1777618759.142497,0.044061899185180664,1291.0,baseline
1777618759.1425369,0.044101715087890625,1286.0,baseline
1777618759.142577,0.04414176940917969,1288.0,baseline
1777618759.142616,0.044180870056152344,1284.0,baseline
1777618759.142656,0.044220924377441406,1286.0,baseline
1777618759.142695,0.04425978660583496,1286.0,baseline
1777618759.142734,0.04429888725280762,1285.0,baseline
1777618759.142782,0.04434680938720703,1286.0,baseline
1777618759.142821,0.04438591003417969,1289.0,baseline
1777618759.14286,0.04442477226257324,1288.0,baseline
1777618759.1429,0.044464826583862305,1291.0,baseline
1777618759.1429389,0.04450368881225586,1295.0,baseline
1777618759.1429791,0.04454398155212402,1296.0,baseline
1777618759.143018,0.04458284378051758,1290.0,baseline
1777618759.1430578,0.04462265968322754,1290.0,baseline
1777618759.143098,0.0446629524230957,1295.0,baseline
1777618759.143137,0.04470181465148926,1289.0,baseline
1777618759.1431758,0.04474067687988281,1285.0,baseline
1777618759.1432161,0.04478096961975098,1284.0,baseline
1777618759.143255,0.04481983184814453,1282.0,baseline
1777618759.143295,0.044859886169433594,1284.0,baseline
1777618759.143334,0.04489874839782715,1289.0,baseline
1777618759.143374,0.04493880271911621,1291.0,baseline
1777618759.143413,0.04497790336608887,1291.0,baseline
1777618759.143453,0.04501771926879883,1292.0,baseline
1777618759.143492,0.045056819915771484,1289.0,baseline
1777618759.143532,0.04509687423706055,1286.0,baseline
1777618759.143571,0.0451357364654541,1288.0,baseline
1777618759.14361,0.04517483711242676,1286.0,baseline
1777618759.1436548,0.04521965980529785,1288.0,baseline
1777618759.143695,0.045259952545166016,1291.0,baseline
1777618759.143735,0.04529976844787598,1293.0,baseline
1777618759.143774,0.04533886909484863,1290.0,baseline
1777618759.1438131,0.04537796974182129,1288.0,baseline
1777618759.143853,0.04541778564453125,1286.0,baseline
1777618759.143892,0.045456886291503906,1289.0,baseline
1777618759.1439319,0.04549670219421387,1287.0,baseline
1777618759.143971,0.04553580284118652,1288.0,baseline
1777618759.144011,0.045575857162475586,1285.0,baseline
1777618759.14405,0.04561471939086914,1286.0,baseline
1777618759.144089,0.0456538200378418,1288.0,baseline
1777618759.144129,0.04569387435913086,1290.0,baseline
1777618759.144168,0.045732736587524414,1292.0,baseline
1777618759.144208,0.04577279090881348,1292.0,baseline
1777618759.144247,0.04581189155578613,1288.0,baseline
1777618759.144286,0.04585075378417969,1286.0,baseline
1777618759.144326,0.04589080810546875,1288.0,baseline
1777618759.144366,0.04593086242675781,1291.0,baseline
1777618759.144406,0.045970916748046875,1290.0,baseline
1777618759.144446,0.046010732650756836,1288.0,baseline
1777618759.1444852,0.046050071716308594,1289.0,baseline
1777618759.144533,0.046097755432128906,1288.0,baseline
1777618759.144572,0.04613685607910156,1285.0,baseline
1777618759.144612,0.046176910400390625,1289.0,baseline
1777618759.144651,0.04621577262878418,1290.0,baseline
1777618759.144691,0.04625582695007324,1291.0,baseline
1777618759.14473,0.0462949275970459,1288.0,baseline
1777618759.1447701,0.04633498191833496,1288.0,baseline
1777618759.14481,0.04637479782104492,1288.0,baseline
1777618759.144852,0.0464167594909668,1287.0,baseline
1777618759.1448908,0.04645562171936035,1290.0,baseline
1777618759.144931,0.046495914459228516,1289.0,baseline
1777618759.144971,0.04653573036193848,1288.0,baseline
1777618759.14501,0.04657483100891113,1291.0,baseline
1777618759.145049,0.04661393165588379,1289.0,baseline
1777618759.145089,0.04665374755859375,1290.0,baseline
1777618759.145129,0.04669380187988281,1291.0,baseline
1777618759.1451678,0.04673266410827637,1290.0,baseline
1777618759.1452081,0.04677295684814453,1290.0,baseline
1777618759.145248,0.04681277275085449,1291.0,baseline
1777618759.1452868,0.04685163497924805,1289.0,baseline
1777618759.145327,0.04689192771911621,1289.0,baseline
1777618759.145369,0.046933889389038086,1288.0,baseline
1777618759.145411,0.04697585105895996,1288.0,baseline
1777618759.1454499,0.047014713287353516,1289.0,baseline
1777618759.145489,0.04705381393432617,1286.0,baseline
1777618759.145524,0.0470888614654541,1287.0,baseline
1777618759.145559,0.04712390899658203,1288.0,baseline
1777618759.1455932,0.047158002853393555,1288.0,baseline
1777618759.145628,0.04719281196594238,1288.0,baseline
1777618759.145663,0.04722785949707031,1288.0,baseline
1777618759.145698,0.04726290702819824,1288.0,baseline
1777618759.145733,0.04729795455932617,1290.0,baseline
1777618759.145767,0.047331809997558594,1290.0,baseline
1777618759.145802,0.04736685752868652,1289.0,baseline
1777618759.145837,0.04740190505981445,1288.0,baseline
1777618759.1459022,0.04746699333190918,1289.0,baseline
1777618759.145938,0.047502756118774414,1289.0,baseline
1777618759.145973,0.047537803649902344,1289.0,baseline
1777618759.146008,0.04757285118103027,1290.0,baseline
1777618759.1460428,0.0476076602935791,1290.0,baseline
1777618759.146079,0.04764389991760254,1289.0,baseline
1777618759.146113,0.04767775535583496,1289.0,baseline
1777618759.1461482,0.04771304130554199,1290.0,baseline
1777618759.146188,0.04775285720825195,1290.0,baseline
1777618759.146223,0.04778790473937988,1288.0,baseline
1777618759.1462579,0.04782271385192871,1287.0,baseline
1777618759.146293,0.04785776138305664,1287.0,baseline
1777618759.146328,0.04789280891418457,1287.0,baseline
1777618759.1463628,0.0479276180267334,1288.0,baseline
1777618759.146398,0.04796290397644043,1289.0,baseline
1777618759.146433,0.04799795150756836,1289.0,baseline
1777618759.1464682,0.04803299903869629,1291.0,baseline
1777618759.146503,0.04806780815124512,1288.0,baseline
1777618759.146538,0.04810285568237305,1289.0,baseline
1777618759.146573,0.04813790321350098,1290.0,baseline
1777618759.1466088,0.04817366600036621,1289.0,baseline
1777618759.1466439,0.04820871353149414,1289.0,baseline
1777618759.146679,0.04824376106262207,1290.0,baseline
1777618759.1467142,0.0482790470123291,1289.0,baseline
1777618759.146749,0.04831385612487793,1290.0,baseline
1777618759.146784,0.04834890365600586,1288.0,baseline
1777618759.146819,0.04838395118713379,1289.0,baseline
1777618759.146854,0.04841876029968262,1290.0,baseline
1777618759.146889,0.04845380783081055,1289.0,baseline
1777618759.146924,0.04848885536193848,1290.0,baseline
1777618759.1469681,0.048532962799072266,1291.0,baseline
1777618759.147004,0.0485687255859375,1291.0,baseline
1777618759.147038,0.04860281944274902,1291.0,baseline
1777618759.147073,0.04863786697387695,1291.0,baseline
1777618759.147108,0.04867291450500488,1291.0,baseline
1777618759.147143,0.04870772361755371,1290.0,baseline
1777618759.147178,0.04874277114868164,1288.0,baseline
1777618759.147213,0.04877781867980957,1288.0,baseline
1777618759.147248,0.0488128662109375,1290.0,baseline
1777618759.1472828,0.04884767532348633,1290.0,baseline
1777618759.1473181,0.04888296127319336,1291.0,baseline
1777618759.1473532,0.04891800880432129,1289.0,baseline
1777618759.147388,0.04895281791687012,1290.0,baseline
1777618759.147423,0.04898786544799805,1292.0,baseline
1777618759.147458,0.04902291297912598,1289.0,baseline
1777618759.1474931,0.049057960510253906,1290.0,baseline
1777618759.147528,0.049092769622802734,1290.0,baseline
1777618759.147563,0.049127817153930664,1287.0,baseline
1777618759.1475992,0.0491640567779541,1289.0,baseline
1777618759.1476328,0.04919767379760742,1288.0,baseline
1777618759.147669,0.04923391342163086,1289.0,baseline
1777618759.1477041,0.04926896095275879,1288.0,baseline
1777618759.147748,0.04931282997131348,1291.0,baseline
1777618759.147784,0.04934883117675781,1289.0,baseline
1777618759.147818,0.049382925033569336,1289.0,baseline
1777618759.1478531,0.049417972564697266,1289.0,baseline
1777618759.1478882,0.049453020095825195,1288.0,baseline
1777618759.147923,0.04948782920837402,1288.0,baseline
1777618759.147958,0.04952287673950195,1287.0,baseline
1777618759.147993,0.04955792427062988,1287.0,baseline
1777618759.148028,0.04959273338317871,1288.0,baseline
1777618759.148063,0.04962778091430664,1288.0,baseline
1777618759.148098,0.04966282844543457,1289.0,baseline
1777618759.148133,0.0496978759765625,1290.0,baseline
1777618759.1481678,0.04973268508911133,1291.0,baseline
1777618759.148203,0.04976773262023926,1291.0,baseline
1777618759.1482382,0.04980301856994629,1288.0,baseline
1777618759.148273,0.04983782768249512,1290.0,baseline
1777618759.148308,0.04987287521362305,1293.0,baseline
1777618759.1483421,0.04990696907043457,1292.0,baseline
1777618759.1483781,0.049942970275878906,1290.0,baseline
1777618759.148413,0.049977779388427734,1290.0,baseline
1777618759.148448,0.050012826919555664,1286.0,baseline
1777618759.148483,0.050047874450683594,1288.0,baseline
1777618759.1485262,0.05009102821350098,1288.0,baseline
1777618759.148562,0.05012679100036621,1289.0,baseline
1777618759.148597,0.05016183853149414,1291.0,baseline
1777618759.148632,0.05019688606262207,1290.0,baseline
1777618759.1486669,0.0502316951751709,1291.0,baseline
1777618759.148702,0.05026674270629883,1292.0,baseline
1777618759.148737,0.05030179023742676,1291.0,baseline
1777618759.148772,0.05033683776855469,1287.0,baseline
1777618759.1488068,0.050371646881103516,1289.0,baseline
1777618759.148842,0.05040693283081055,1290.0,baseline
1777618759.1488771,0.05044198036193848,1289.0,baseline
1777618759.1489122,0.050477027893066406,1288.0,baseline
1777618759.148947,0.050511837005615234,1289.0,baseline
1777618759.148982,0.050546884536743164,1289.0,baseline
1777618759.1490161,0.05058097839355469,1291.0,baseline
1777618759.149051,0.050615787506103516,1289.0,baseline
1777618759.149086,0.050650835037231445,1289.0,baseline
1777618759.149121,0.050685882568359375,1289.0,baseline
1777618759.149156,0.050720930099487305,1289.0,baseline
1777618759.149191,0.05075573921203613,1289.0,baseline
1777618759.149227,0.05079174041748047,1289.0,baseline
1777618759.1492622,0.0508270263671875,1290.0,baseline
1777618759.149303,0.05086779594421387,1290.0,baseline
1777618759.149338,0.0509028434753418,1289.0,baseline
1777618759.1493728,0.050937652587890625,1290.0,baseline
1777618759.149408,0.050972938537597656,1289.0,baseline
1777618759.1494431,0.051007986068725586,1290.0,baseline
1777618759.149478,0.051042795181274414,1289.0,baseline
1777618759.149513,0.051077842712402344,1292.0,baseline
1777618759.149548,0.05111289024353027,1289.0,baseline
1777618759.149583,0.0511479377746582,1289.0,baseline
1777618759.1496189,0.05118370056152344,1289.0,baseline
1777618759.149654,0.05121874809265137,1287.0,baseline
1777618759.1496892,0.0512540340423584,1289.0,baseline
1777618759.149724,0.05128884315490723,1288.0,baseline
1777618759.149759,0.051323890686035156,1290.0,baseline
1777618759.149795,0.05135989189147949,1290.0,baseline
1777618759.1498291,0.051393985748291016,1290.0,baseline
1777618759.149865,0.05142974853515625,1290.0,baseline
1777618759.1499,0.05146479606628418,1289.0,baseline
1777618759.149935,0.05149984359741211,1290.0,baseline
1777618759.1499698,0.05153465270996094,1289.0,baseline
1777618759.150005,0.05156993865966797,1287.0,baseline
1777618759.1500401,0.0516049861907959,1289.0,baseline
1777618759.150089,0.05165386199951172,1288.0,baseline
1777618759.150124,0.05168890953063965,1290.0,baseline
1777618759.1501591,0.05172395706176758,1290.0,baseline
1777618759.150194,0.051758766174316406,1292.0,baseline
1777618759.150229,0.051793813705444336,1291.0,baseline
1777618759.150264,0.051828861236572266,1291.0,baseline
1777618759.150319,0.05188393592834473,1292.0,baseline
1777618759.150357,0.051921844482421875,1292.0,baseline
1777618759.150393,0.05195784568786621,1291.0,baseline
1777618759.150429,0.05199384689331055,1290.0,baseline
1777618759.150466,0.05203080177307129,1290.0,baseline
1777618759.150501,0.05206584930419922,1291.0,baseline
1777618759.150537,0.052101850509643555,1292.0,baseline
1777618759.150572,0.052136898040771484,1293.0,baseline
1777618759.150607,0.052171945571899414,1291.0,baseline
1777618759.150642,0.05220675468444824,1290.0,baseline
1777618759.150678,0.05224275588989258,1291.0,baseline
1777618759.1507132,0.05227804183959961,1291.0,baseline
1777618759.150749,0.052313804626464844,1291.0,baseline
1777618759.150785,0.05234980583190918,1290.0,baseline
1777618759.15082,0.05238485336303711,1291.0,baseline
1777618759.1508548,0.05241966247558594,1291.0,baseline
1777618759.150896,0.05246090888977051,1292.0,baseline
1777618759.150931,0.052495718002319336,1290.0,baseline
1777618759.1509671,0.05253195762634277,1290.0,baseline
1777618759.151003,0.05256772041320801,1290.0,baseline
1777618759.151038,0.05260276794433594,1294.0,baseline
1777618759.151073,0.05263781547546387,1290.0,baseline
1777618759.151108,0.0526728630065918,1290.0,baseline
1777618759.151179,0.05274391174316406,1290.0,baseline
1777618759.151215,0.0527799129486084,1290.0,baseline
1777618759.1512508,0.05281567573547363,1290.0,baseline
1777618759.151287,0.05285191535949707,1291.0,baseline
1777618759.1513212,0.052886009216308594,1291.0,baseline
1777618759.151356,0.05292081832885742,1291.0,baseline
1777618759.151392,0.05295681953430176,1289.0,baseline
1777618759.151427,0.05299186706542969,1289.0,baseline
1777618759.1514618,0.053026676177978516,1286.0,baseline
1777618759.151497,0.053061723709106445,1290.0,baseline
1777618759.151532,0.053096771240234375,1293.0,baseline
1777618759.1515672,0.053132057189941406,1291.0,baseline
1777618759.151602,0.053166866302490234,1290.0,baseline
1777618759.151637,0.053201913833618164,1288.0,baseline
1777618759.151676,0.05324077606201172,1291.0,baseline
1777618759.1517131,0.05327796936035156,1289.0,baseline
1777618759.1517482,0.05331301689147949,1289.0,baseline
1777618759.151783,0.05334782600402832,1291.0,baseline
1777618759.151819,0.053383827209472656,1291.0,baseline
1777618759.151854,0.053418874740600586,1289.0,baseline
1777618759.1518888,0.053453683853149414,1289.0,baseline
1777618759.151924,0.053488731384277344,1289.0,baseline
1777618759.151959,0.05352377891540527,1289.0,baseline
1777618759.1519942,0.053559064865112305,1289.0,baseline
1777618759.152029,0.05359387397766113,1295.0,baseline
1777618759.152064,0.05362892150878906,1292.0,baseline
1777618759.152098,0.053662776947021484,1288.0,baseline
1777618759.1521332,0.053698062896728516,1287.0,baseline
1777618759.152168,0.053732872009277344,1284.0,baseline
1777618759.152203,0.05376791954040527,1281.0,baseline
1777618759.1522381,0.0538029670715332,1289.0,baseline
1777618759.152273,0.05383777618408203,1292.0,baseline
1777618759.152308,0.05387282371520996,1290.0,baseline
1777618759.152343,0.05390787124633789,1290.0,baseline
1777618759.152378,0.05394291877746582,1293.0,baseline
1777618759.152413,0.05397772789001465,1299.0,baseline
1777618759.152452,0.054016828536987305,1301.0,baseline
1777618759.1524868,0.05405163764953613,1297.0,baseline
1777618759.152522,0.054086923599243164,1295.0,baseline
1777618759.1525571,0.054121971130371094,1290.0,baseline
1777618759.152592,0.05415678024291992,1300.0,baseline
1777618759.152628,0.05419278144836426,1291.0,baseline
1777618759.152662,0.05422687530517578,1285.0,baseline
1777618759.152697,0.05426192283630371,1288.0,baseline
1777618759.152732,0.05429673194885254,1296.0,baseline
1777618759.152767,0.05433177947998047,1291.0,baseline
1777618759.152802,0.0543668270111084,1288.0,baseline
1777618759.152837,0.05440187454223633,1290.0,baseline
1777618759.1528718,0.054436683654785156,1294.0,baseline
1777618759.152907,0.054471731185913086,1289.0,baseline
1777618759.1529422,0.05450701713562012,1287.0,baseline
1777618759.152978,0.05454277992248535,1289.0,baseline
1777618759.153013,0.05457782745361328,1297.0,baseline
1777618759.153048,0.05461287498474121,1297.0,baseline
1777618759.1530828,0.05464768409729004,1288.0,baseline
1777618759.153118,0.05468273162841797,1285.0,baseline
1777618759.153153,0.0547177791595459,1291.0,baseline
1777618759.153188,0.05475282669067383,1294.0,baseline
1777618759.153229,0.0547938346862793,1292.0,baseline
1777618759.153264,0.05482888221740723,1291.0,baseline
1777618759.1532989,0.054863691329956055,1290.0,baseline
1777618759.153334,0.054898738861083984,1291.0,baseline
1777618759.1533692,0.054934024810791016,1290.0,baseline
1777618759.153405,0.05496978759765625,1287.0,baseline
1777618759.15344,0.05500483512878418,1291.0,baseline
1777618759.153475,0.05503988265991211,1290.0,baseline
1777618759.1535099,0.05507469177246094,1288.0,baseline
1777618759.153545,0.05510973930358887,1294.0,baseline
1777618759.15358,0.0551447868347168,1292.0,baseline
1777618759.153615,0.05517983436584473,1292.0,baseline
1777618759.1536489,0.05521368980407715,1291.0,baseline
1777618759.153685,0.055249929428100586,1290.0,baseline
1777618759.1537201,0.055284976959228516,1290.0,baseline
1777618759.153755,0.055319786071777344,1293.0,baseline
1777618759.15379,0.05535483360290527,1291.0,baseline
1777618759.153825,0.0553898811340332,1290.0,baseline
1777618759.153861,0.05542588233947754,1292.0,baseline
1777618759.153895,0.05545973777770996,1293.0,baseline
1777618759.15393,0.05549478530883789,1290.0,baseline
1777618759.153965,0.05552983283996582,1292.0,baseline
1777618759.154007,0.055571794509887695,1291.0,baseline
1777618759.154043,0.05560779571533203,1290.0,baseline
1777618759.1540768,0.05564165115356445,1291.0,baseline
1777618759.154113,0.05567789077758789,1291.0,baseline
1777618759.1541471,0.055711984634399414,1289.0,baseline
1777618759.154183,0.05574774742126465,1299.0,baseline
1777618759.154217,0.05578184127807617,1297.0,baseline
1777618759.154253,0.05581784248352051,1294.0,baseline
1777618759.154287,0.05585193634033203,1296.0,baseline
1777618759.154322,0.05588674545288086,1296.0,baseline
1777618759.154357,0.05592179298400879,1293.0,baseline
1777618759.154392,0.05595684051513672,1290.0,baseline
1777618759.154428,0.055992841720581055,1292.0,baseline
1777618759.154463,0.056027889251708984,1295.0,baseline
1777618759.154498,0.056062936782836914,1292.0,baseline
1777618759.1545331,0.056097984313964844,1287.0,baseline
1777618759.154568,0.05613279342651367,1294.0,baseline
1777618759.154604,0.05616879463195801,1292.0,baseline
1777618759.154639,0.05620384216308594,1291.0,baseline
1777618759.1546738,0.056238651275634766,1290.0,baseline
1777618759.154709,0.0562739372253418,1291.0,baseline
1777618759.1547441,0.05630898475646973,1292.0,baseline
1777618759.154786,0.0563509464263916,1293.0,baseline
1777618759.1548212,0.05638599395751953,1291.0,baseline
1777618759.154856,0.05642080307006836,1290.0,baseline
1777618759.154891,0.05645585060119629,1295.0,baseline
1777618759.154943,0.05650782585144043,1296.0,baseline
1777618759.154979,0.056543827056884766,1289.0,baseline
1777618759.1550279,0.056592702865600586,1290.0,baseline
1777618759.155064,0.05662894248962402,1293.0,baseline
1777618759.155099,0.05666375160217285,1292.0,baseline
1777618759.155134,0.05669879913330078,1290.0,baseline
1777618759.155169,0.05673384666442871,1291.0,baseline
1777618759.155203,0.056767940521240234,1290.0,baseline
1777618759.155234,0.05679893493652344,1290.0,baseline
1777618759.155265,0.05682992935180664,1291.0,baseline
1777618759.155297,0.05686187744140625,1291.0,baseline
1777618759.1553369,0.05690169334411621,1291.0,baseline
1777618759.155369,0.05693387985229492,1292.0,baseline
1777618759.1554,0.056964874267578125,1290.0,baseline
1777618759.155432,0.056996822357177734,1291.0,baseline
1777618759.155463,0.05702781677246094,1290.0,baseline
1777618759.155494,0.05705881118774414,1292.0,baseline
1777618759.1555278,0.05709266662597656,1294.0,baseline
1777618759.155562,0.057126760482788086,1294.0,baseline
1777618759.155593,0.05715775489807129,1290.0,baseline
1777618759.1556249,0.0571897029876709,1289.0,baseline
1777618759.1556559,0.0572206974029541,1291.0,baseline
1777618759.1556869,0.057251691818237305,1292.0,baseline
1777618759.1557188,0.057283639907836914,1297.0,baseline
1777618759.1557498,0.05731463432312012,1294.0,baseline
1777618759.155781,0.05734586715698242,1293.0,baseline
1777618759.155812,0.057376861572265625,1295.0,baseline
1777618759.1558442,0.057409048080444336,1296.0,baseline
1777618759.1558762,0.057440996170043945,1292.0,baseline
1777618759.1559072,0.05747199058532715,1290.0,baseline
1777618759.1559381,0.05750298500061035,1290.0,baseline
1777618759.15597,0.05753493309020996,1292.0,baseline
1777618759.156001,0.057565927505493164,1297.0,baseline
1777618759.156033,0.05759787559509277,1296.0,baseline
1777618759.156064,0.05762887001037598,1292.0,baseline
1777618759.156096,0.057660818099975586,1295.0,baseline
1777618759.156127,0.05769181251525879,1295.0,baseline
1777618759.156158,0.05772280693054199,1295.0,baseline
1777618759.15619,0.0577547550201416,1292.0,baseline
1777618759.156225,0.05778980255126953,1290.0,baseline
1777618759.156257,0.05782175064086914,1294.0,baseline
1777618759.156307,0.05787181854248047,1289.0,baseline
1777618759.15634,0.057904720306396484,1290.0,baseline
1777618759.156372,0.057936906814575195,1292.0,baseline
1777618759.1564028,0.0579676628112793,1292.0,baseline
1777618759.156435,0.05799984931945801,1292.0,baseline
1777618759.156466,0.05803084373474121,1291.0,baseline
1777618759.156498,0.05806279182434082,1291.0,baseline
1777618759.156529,0.05809378623962402,1293.0,baseline
1777618759.15656,0.05812478065490723,1297.0,baseline
1777618759.1565912,0.05815601348876953,1293.0,baseline
1777618759.1566222,0.058187007904052734,1292.0,baseline
1777618759.1566541,0.058218955993652344,1294.0,baseline
1777618759.156685,0.05824995040893555,1294.0,baseline
1777618759.156716,0.05828094482421875,1292.0,baseline
1777618759.156747,0.05831193923950195,1292.0,baseline
1777618759.156779,0.05834388732910156,1290.0,baseline
1777618759.15681,0.058374881744384766,1289.0,baseline
1777618759.156841,0.05840587615966797,1294.0,baseline
1777618759.156873,0.05843782424926758,1295.0,baseline
1777618759.156904,0.05846881866455078,1295.0,baseline
1777618759.156943,0.05850791931152344,1294.0,baseline
1777618759.156975,0.05853986740112305,1295.0,baseline
1777618759.157006,0.05857086181640625,1293.0,baseline
1777618759.157037,0.05860185623168945,1294.0,baseline
1777618759.157069,0.05863380432128906,1296.0,baseline
1777618759.1571,0.058664798736572266,1296.0,baseline
1777618759.1571321,0.05869698524475098,1289.0,baseline
1777618759.157163,0.05872774124145508,1290.0,baseline
1777618759.157194,0.05875873565673828,1295.0,baseline
1777618759.157226,0.05879092216491699,1293.0,baseline
1777618759.1572568,0.058821678161621094,1295.0,baseline
1777618759.157289,0.058853864669799805,1296.0,baseline
1777618759.15732,0.05888485908508301,1295.0,baseline
1777618759.157352,0.05891680717468262,1293.0,baseline
1777618759.157383,0.05894780158996582,1293.0,baseline
1777618759.157415,0.05897974967956543,1295.0,baseline
1777618759.157446,0.05901074409484863,1295.0,baseline
1777618759.1574779,0.05904269218444824,1296.0,baseline
1777618759.157509,0.05907392501831055,1295.0,baseline
1777618759.15754,0.05910491943359375,1296.0,baseline
1777618759.1575732,0.05913805961608887,1295.0,baseline
1777618759.157604,0.05916881561279297,1293.0,baseline
1777618759.157641,0.05920577049255371,1291.0,baseline
1777618759.157672,0.059236764907836914,1290.0,baseline
1777618759.157703,0.05926775932312012,1291.0,baseline
1777618759.1577349,0.05929970741271973,1292.0,baseline
1777618759.1577668,0.059331655502319336,1296.0,baseline
1777618759.1577978,0.05936264991760254,1297.0,baseline
1777618759.15783,0.05939483642578125,1296.0,baseline
1777618759.1578612,0.059426069259643555,1292.0,baseline
1777618759.157892,0.059456825256347656,1294.0,baseline
1777618759.157923,0.05948781967163086,1295.0,baseline
1777618759.1579552,0.05952000617980957,1295.0,baseline
1777618759.1579862,0.05955100059509277,1295.0,baseline
1777618759.158018,0.05958294868469238,1295.0,baseline
1777618759.158049,0.059613943099975586,1292.0,baseline
1777618759.15808,0.05964493751525879,1297.0,baseline
1777618759.1581109,0.05967569351196289,1295.0,baseline
1777618759.158143,0.0597078800201416,1297.0,baseline
1777618759.158174,0.059738874435424805,1295.0,baseline
1777618759.158206,0.059770822525024414,1296.0,baseline
1777618759.158237,0.05980181694030762,1294.0,baseline
1777618759.158268,0.05983281135559082,1296.0,baseline
1777618759.1583,0.05986475944519043,1299.0,baseline
1777618759.158336,0.059900760650634766,1298.0,baseline
1777618759.158367,0.05993175506591797,1298.0,baseline
1777618759.158398,0.05996274948120117,1294.0,baseline
1777618759.1584299,0.05999469757080078,1290.0,baseline
1777618759.1584609,0.060025691986083984,1291.0,baseline
1777618759.158493,0.060057878494262695,1290.0,baseline
1777618759.1585238,0.0600886344909668,1292.0,baseline
1777618759.158556,0.06012082099914551,1290.0,baseline
1777618759.158587,0.06015181541442871,1294.0,baseline
1777618759.158619,0.06018376350402832,1296.0,baseline
1777618759.1586509,0.06021571159362793,1296.0,baseline
1777618759.158682,0.060246944427490234,1295.0,baseline
1777618759.158714,0.060278892517089844,1296.0,baseline
1777618759.158746,0.06031084060668945,1297.0,baseline
1777618759.158777,0.060341835021972656,1296.0,baseline
1777618759.1588092,0.06037402153015137,1293.0,baseline
1777618759.1588402,0.06040501594543457,1291.0,baseline
1777618759.1588721,0.06043696403503418,1292.0,baseline
1777618759.1589031,0.06046795845031738,1295.0,baseline
1777618759.158934,0.060498952865600586,1293.0,baseline
1777618759.158966,0.060530900955200195,1291.0,baseline
1777618759.159001,0.060565948486328125,1291.0,baseline
1777618759.159035,0.06059980392456055,1290.0,baseline
1777618759.159067,0.060631752014160156,1291.0,baseline
1777618759.1590981,0.06066298484802246,1294.0,baseline
1777618759.15913,0.06069493293762207,1297.0,baseline
1777618759.159161,0.06072592735290527,1295.0,baseline
1777618759.159193,0.06075787544250488,1295.0,baseline
1777618759.1592262,0.060791015625,1293.0,baseline
1777618759.1592572,0.0608220100402832,1298.0,baseline
1777618759.1592891,0.06085395812988281,1295.0,baseline
1777618759.15932,0.060884952545166016,1293.0,baseline
1777618759.159351,0.06091594696044922,1293.0,baseline
1777618759.159383,0.06094789505004883,1292.0,baseline
1777618759.159414,0.06097888946533203,1295.0,baseline
1777618759.159446,0.06101083755493164,1296.0,baseline
1777618759.159477,0.061041831970214844,1295.0,baseline
1777618759.159509,0.06107378005981445,1292.0,baseline
1777618759.15954,0.061104774475097656,1291.0,baseline
1777618759.159571,0.06113576889038086,1294.0,baseline
1777618759.1596029,0.06116771697998047,1296.0,baseline
1777618759.1596339,0.06119871139526367,1297.0,baseline
1777618759.1596649,0.061229705810546875,1293.0,baseline
1777618759.1597,0.061264753341674805,1295.0,baseline
1777618759.159734,0.06129884719848633,1296.0,baseline
1777618759.159765,0.06132984161376953,1294.0,baseline
1777618759.159796,0.061360836029052734,1293.0,baseline
1777618759.159828,0.061392784118652344,1296.0,baseline
1777618759.159859,0.06142377853393555,1297.0,baseline
1777618759.159891,0.061455726623535156,1296.0,baseline
1777618759.159922,0.06148672103881836,1297.0,baseline
1777618759.1599538,0.06151866912841797,1295.0,baseline
1777618759.1599848,0.06154966354370117,1296.0,baseline
1777618759.1600158,0.061580657958984375,1298.0,baseline
1777618759.1600482,0.06161308288574219,1298.0,baseline
1777618759.160079,0.06164383888244629,1297.0,baseline
1777618759.16011,0.06167483329772949,1298.0,baseline
1777618759.1601422,0.0617070198059082,1296.0,baseline
1777618759.160173,0.061737775802612305,1296.0,baseline
1777618759.160204,0.06176877021789551,1297.0,baseline
1777618759.1602361,0.06180095672607422,1295.0,baseline
1777618759.160267,0.06183195114135742,1295.0,baseline
1777618759.160304,0.061868906021118164,1296.0,baseline
1777618759.160335,0.06189990043640137,1292.0,baseline
1777618759.160367,0.06193184852600098,1297.0,baseline
1777618759.160407,0.06197190284729004,1294.0,baseline
1777618759.16044,0.062004804611206055,1297.0,baseline
1777618759.160471,0.06203579902648926,1296.0,baseline
1777618759.1605031,0.06206798553466797,1296.0,baseline
1777618759.160534,0.06209874153137207,1293.0,baseline
1777618759.160566,0.06213092803955078,1296.0,baseline
1777618759.160597,0.062161922454833984,1296.0,baseline
1777618759.160628,0.06219291687011719,1296.0,baseline
1777618759.16066,0.0622248649597168,1293.0,baseline
1777618759.160691,0.062255859375,1292.0,baseline
1777618759.160722,0.0622868537902832,1294.0,baseline
1777618759.160753,0.062317848205566406,1295.0,baseline
1777618759.1607838,0.06234860420227051,1296.0,baseline
1777618759.1608162,0.06238102912902832,1297.0,baseline
1777618759.1608472,0.06241202354431152,1295.0,baseline
1777618759.1608782,0.06244301795959473,1294.0,baseline
1777618759.1609101,0.062474966049194336,1296.0,baseline
1777618759.1609411,0.06250596046447754,1295.0,baseline
1777618759.160972,0.06253695487976074,1295.0,baseline
1777618759.161024,0.06258893013000488,1296.0,baseline
1777618759.161056,0.06262087821960449,1296.0,baseline
1777618759.161088,0.0626528263092041,1293.0,baseline
1777618759.161122,0.06268692016601562,1292.0,baseline
1777618759.1611571,0.06272196769714355,1292.0,baseline
1777618759.161189,0.06275391578674316,1293.0,baseline
1777618759.161221,0.06278586387634277,1293.0,baseline
1777618759.161252,0.06281685829162598,1294.0,baseline
1777618759.1612842,0.06284904479980469,1297.0,baseline
1777618759.161315,0.06287980079650879,1295.0,baseline
1777618759.161346,0.06291079521179199,1296.0,baseline
1777618759.1613781,0.0629429817199707,1295.0,baseline
1777618759.1614091,0.0629739761352539,1298.0,baseline
1777618759.16144,0.06300473213195801,1297.0,baseline
1777618759.161472,0.06303691864013672,1294.0,baseline
1777618759.161503,0.06306791305541992,1297.0,baseline
1777618759.161534,0.06309890747070312,1298.0,baseline
1777618759.1615648,0.06312966346740723,1296.0,baseline
1777618759.161597,0.06316184997558594,1292.0,baseline
1777618759.161628,0.06319284439086914,1296.0,baseline
1777618759.1616588,0.06322360038757324,1296.0,baseline
1777618759.161691,0.06325578689575195,1295.0,baseline
1777618759.1617222,0.06328701972961426,1295.0,baseline
1777618759.1617532,0.06331801414489746,1296.0,baseline
1777618759.1617851,0.06334996223449707,1296.0,baseline
1777618759.161823,0.06338787078857422,1297.0,baseline
1777618759.161856,0.06342077255249023,1296.0,baseline
1777618759.161887,0.06345176696777344,1294.0,baseline
1777618759.1619189,0.06348371505737305,1296.0,baseline
1777618759.1619499,0.06351470947265625,1296.0,baseline
1777618759.161982,0.06354689598083496,1294.0,baseline
1777618759.1620128,0.06357765197753906,1295.0,baseline
1777618759.1620438,0.06360864639282227,1298.0,baseline
1777618759.1620748,0.06363964080810547,1297.0,baseline
1777618759.162107,0.06367182731628418,1297.0,baseline
1777618759.1621382,0.06370306015014648,1296.0,baseline
1777618759.1621702,0.0637350082397461,1292.0,baseline
1777618759.1622012,0.0637660026550293,1295.0,baseline
1777618759.1622322,0.0637969970703125,1296.0,baseline
1777618759.162264,0.06382894515991211,1295.0,baseline
1777618759.162295,0.06385993957519531,1293.0,baseline
1777618759.162326,0.06389093399047852,1291.0,baseline
1777618759.162358,0.06392288208007812,1294.0,baseline
1777618759.1623921,0.06395697593688965,1292.0,baseline
1777618759.1624231,0.06398797035217285,1296.0,baseline
1777618759.1624541,0.06401896476745605,1296.0,baseline
1777618759.162486,0.06405091285705566,1299.0,baseline
1777618759.162524,0.06408882141113281,1298.0,baseline
1777618759.1625578,0.06412267684936523,1298.0,baseline
1777618759.1625888,0.06415367126464844,1296.0,baseline
1777618759.162621,0.06418585777282715,1295.0,baseline
1777618759.162652,0.06421685218811035,1296.0,baseline
1777618759.162684,0.06424880027770996,1293.0,baseline
1777618759.162715,0.06427979469299316,1296.0,baseline
1777618759.1627462,0.06431102752685547,1297.0,baseline
1777618759.1627781,0.06434297561645508,1297.0,baseline
1777618759.1628091,0.06437397003173828,1297.0,baseline
1777618759.162841,0.06440591812133789,1294.0,baseline
1777618759.1628768,0.06444168090820312,1293.0,baseline
1777618759.1629078,0.06447267532348633,1293.0,baseline
1777618759.1629398,0.06450462341308594,1292.0,baseline
1777618759.1629708,0.06453561782836914,1290.0,baseline
1777618759.163002,0.06456685066223145,1291.0,baseline
1777618759.1630342,0.06459903717041016,1290.0,baseline
1777618759.1630652,0.06463003158569336,1291.0,baseline
1777618759.163095,0.06465983390808105,1292.0,baseline
1777618759.163124,0.06468892097473145,1292.0,baseline
1777618759.163153,0.06471776962280273,1289.0,baseline
1777618759.163182,0.06474685668945312,1294.0,baseline
1777618759.163219,0.06478381156921387,1294.0,baseline
1777618759.16325,0.06481480598449707,1292.0,baseline
1777618759.163278,0.06484293937683105,1295.0,baseline
1777618759.163307,0.06487178802490234,1293.0,baseline
1777618759.1633348,0.06489968299865723,1292.0,baseline
1777618759.1633642,0.06492900848388672,1291.0,baseline
1777618759.163393,0.06495785713195801,1297.0,baseline
1777618759.1634219,0.0649867057800293,1298.0,baseline
1777618759.16345,0.06501483917236328,1297.0,baseline
1777618759.163479,0.06504392623901367,1296.0,baseline
1777618759.163508,0.06507277488708496,1295.0,baseline
1777618759.1635368,0.06510162353515625,1297.0,baseline
1777618759.1635652,0.06512999534606934,1298.0,baseline
1777618759.163594,0.06515884399414062,1297.0,baseline
1777618759.1636229,0.06518769264221191,1297.0,baseline
1777618759.163651,0.0652158260345459,1296.0,baseline
1777618759.16368,0.06524491310119629,1297.0,baseline
1777618759.163708,0.06527280807495117,1295.0,baseline
1777618759.163737,0.06530189514160156,1297.0,baseline
1777618759.163765,0.06532979011535645,1298.0,baseline
1777618759.1637938,0.06535863876342773,1295.0,baseline
1777618759.1638231,0.06538796424865723,1298.0,baseline
1777618759.163861,0.06542587280273438,1298.0,baseline
1777618759.163893,0.06545782089233398,1297.0,baseline
1777618759.1639218,0.06548666954040527,1295.0,baseline
1777618759.16395,0.06551480293273926,1295.0,baseline
1777618759.163979,0.06554388999938965,1295.0,baseline
1777618759.164007,0.06557178497314453,1297.0,baseline
1777618759.164036,0.06560087203979492,1295.0,baseline
1777618759.164064,0.0656287670135498,1297.0,baseline
1777618759.164093,0.0656578540802002,1297.0,baseline
1777618759.1641212,0.06568598747253418,1296.0,baseline
1777618759.16415,0.06571483612060547,1297.0,baseline
1777618759.1641788,0.06574368476867676,1295.0,baseline
1777618759.1642072,0.06577205657958984,1296.0,baseline
1777618759.164236,0.06580090522766113,1298.0,baseline
1777618759.164265,0.06582975387573242,1296.0,baseline
1777618759.164293,0.0658578872680664,1297.0,baseline
1777618759.1643221,0.0658869743347168,1296.0,baseline
1777618759.164351,0.06591582298278809,1296.0,baseline
1777618759.164379,0.06594371795654297,1295.0,baseline
1777618759.164408,0.06597280502319336,1297.0,baseline
1777618759.164437,0.06600189208984375,1298.0,baseline
1777618759.164466,0.06603074073791504,1296.0,baseline
1777618759.164501,0.06606578826904297,1296.0,baseline
1777618759.164532,0.06609678268432617,1296.0,baseline
1777618759.1645608,0.06612563133239746,1293.0,baseline
1777618759.1645901,0.06615495681762695,1296.0,baseline
1777618759.164618,0.06618285179138184,1295.0,baseline
1777618759.1646469,0.06621170043945312,1297.0,baseline
1777618759.1646762,0.06624102592468262,1295.0,baseline
1777618759.164705,0.0662698745727539,1296.0,baseline
1777618759.164733,0.06629776954650879,1296.0,baseline
1777618759.164762,0.06632685661315918,1296.0,baseline
1777618759.164791,0.06635594367980957,1296.0,baseline
1777618759.164819,0.06638383865356445,1296.0,baseline
1777618759.164848,0.06641292572021484,1296.0,baseline
1777618759.164877,0.06644177436828613,1293.0,baseline
1777618759.164905,0.06646990776062012,1292.0,baseline
1777618759.164934,0.0664987564086914,1294.0,baseline
1777618759.164963,0.0665278434753418,1295.0,baseline
1777618759.164991,0.06655573844909668,1293.0,baseline
1777618759.16502,0.06658482551574707,1295.0,baseline
1777618759.165049,0.06661391258239746,1291.0,baseline
1777618759.165077,0.06664180755615234,1290.0,baseline
1777618759.1651058,0.06667065620422363,1291.0,baseline
1777618759.165143,0.06670784950256348,1291.0,baseline
1777618759.165175,0.06673979759216309,1297.0,baseline
1777618759.165204,0.06676888465881348,1296.0,baseline
1777618759.1652322,0.06679701805114746,1297.0,baseline
1777618759.165261,0.06682586669921875,1299.0,baseline
1777618759.1652899,0.06685471534729004,1297.0,baseline
1777618759.165319,0.06688380241394043,1297.0,baseline
1777618759.165347,0.06691193580627441,1295.0,baseline
1777618759.165376,0.0669407844543457,1297.0,baseline
1777618759.165405,0.0669698715209961,1297.0,baseline
1777618759.1654332,0.06699800491333008,1302.0,baseline
1777618759.165462,0.06702685356140137,1305.0,baseline
1777618759.16549,0.06705474853515625,1311.0,baseline
1777618759.1655319,0.06709671020507812,1299.0,baseline
1777618759.1655622,0.06712698936462402,1299.0,baseline
1777618759.165591,0.06715583801269531,1306.0,baseline
1777618759.165619,0.0671837329864502,1301.0,baseline
1777618759.165648,0.06721282005310059,1296.0,baseline
1777618759.165677,0.06724190711975098,1302.0,baseline
1777618759.165706,0.06727075576782227,1305.0,baseline
1777618759.1657338,0.06729865074157715,1303.0,baseline
1777618759.1657631,0.06732797622680664,1294.0,baseline
1777618759.165798,0.06736278533935547,1288.0,baseline
1777618759.16583,0.06739473342895508,1281.0,baseline
1777618759.165859,0.06742382049560547,1282.0,baseline
1777618759.165888,0.06745290756225586,1284.0,baseline
1777618759.165917,0.06748175621032715,1286.0,baseline
1777618759.165945,0.06750988960266113,1282.0,baseline
1777618759.165974,0.06753873825073242,1283.0,baseline
1777618759.166002,0.0675668716430664,1280.0,baseline
1777618759.1660311,0.0675959587097168,1277.0,baseline
1777618759.166059,0.06762385368347168,1292.0,baseline
1777618759.1660879,0.06765270233154297,1298.0,baseline
1777618759.1661172,0.06768202781677246,1296.0,baseline
1777618759.166145,0.06770992279052734,1289.0,baseline
1777618759.166174,0.06773877143859863,1290.0,baseline
1777618759.1662028,0.06776762008666992,1292.0,baseline
1777618759.1662312,0.06779599189758301,1297.0,baseline
1777618759.16626,0.0678248405456543,1299.0,baseline
1777618759.166288,0.06785273551940918,1316.0,baseline
1777618759.166317,0.06788182258605957,1310.0,baseline
1777618759.166345,0.06790971755981445,1321.0,baseline
1777618759.166374,0.06793880462646484,1332.0,baseline
1777618759.166402,0.06796693801879883,1327.0,baseline
1777618759.1664371,0.06800198554992676,1397.0,baseline
1777618759.1664672,0.06803202629089355,1354.0,baseline
1777618759.166496,0.06806087493896484,1302.0,baseline
1777618759.166524,0.06808876991271973,1297.0,baseline
1777618759.166553,0.06811785697937012,1316.0,baseline
1777618759.166581,0.068145751953125,1286.0,baseline
1777618759.16661,0.06817483901977539,1270.0,baseline
1777618759.1666381,0.06820297241210938,1257.0,baseline
1777618759.166667,0.06823182106018066,1240.0,baseline
1777618759.1666958,0.06826066970825195,1258.0,baseline
1777618759.1667242,0.06828904151916504,1271.0,baseline
1777618759.166753,0.06831789016723633,1277.0,baseline
1777618759.166781,0.06834578514099121,1281.0,baseline
1777618759.16681,0.0683748722076416,1285.0,baseline
1777618759.1668391,0.06840395927429199,1282.0,baseline
1777618759.166867,0.06843185424804688,1283.0,baseline
1777618759.166896,0.06846094131469727,1286.0,baseline
1777618759.166924,0.06848883628845215,1289.0,baseline
1777618759.1669528,0.06851768493652344,1287.0,baseline
1777618759.1670022,0.06856703758239746,1287.0,baseline
1777618759.167037,0.06860184669494629,1288.0,baseline
1777618759.1670668,0.06863164901733398,1290.0,baseline
1777618759.1671,0.0686647891998291,1295.0,baseline
1777618759.167132,0.06869673728942871,1297.0,baseline
1777618759.167161,0.0687258243560791,1295.0,baseline
1777618759.16719,0.06875491142272949,1294.0,baseline
1777618759.167219,0.06878376007080078,1293.0,baseline
1777618759.1672478,0.06881260871887207,1289.0,baseline
1777618759.167277,0.06884193420410156,1297.0,baseline
1777618759.167306,0.06887078285217285,1302.0,baseline
1777618759.1673348,0.06889963150024414,1300.0,baseline
1777618759.1673641,0.06892895698547363,1298.0,baseline
1777618759.167393,0.06895780563354492,1295.0,baseline
1777618759.167422,0.06898689270019531,1296.0,baseline
1777618759.167451,0.0690157413482666,1297.0,baseline
1777618759.16748,0.06904482841491699,1296.0,baseline
1777618759.167509,0.06907391548156738,1296.0,baseline
1777618759.167538,0.06910276412963867,1298.0,baseline
1777618759.167566,0.06913089752197266,1296.0,baseline
1777618759.167595,0.06915974617004395,1297.0,baseline
1777618759.167624,0.06918883323669434,1296.0,baseline
1777618759.167653,0.06921792030334473,1295.0,baseline
1777618759.167682,0.06924676895141602,1293.0,baseline
1777618759.167711,0.0692758560180664,1292.0,baseline
1777618759.167742,0.06930685043334961,1295.0,baseline
1777618759.167774,0.06933879852294922,1297.0,baseline
1777618759.167802,0.0693669319152832,1293.0,baseline
1777618759.167831,0.06939578056335449,1291.0,baseline
1777618759.16786,0.06942486763000488,1295.0,baseline
1777618759.167888,0.06945276260375977,1292.0,baseline
1777618759.167917,0.06948184967041016,1295.0,baseline
1777618759.167946,0.06951093673706055,1296.0,baseline
1777618759.167975,0.06953978538513184,1291.0,baseline
1777618759.168003,0.06956791877746582,1290.0,baseline
1777618759.168032,0.06959676742553711,1292.0,baseline
1777618759.168061,0.0696258544921875,1288.0,baseline
1777618759.1680892,0.06965398788452148,1285.0,baseline
1777618759.168118,0.06968283653259277,1280.0,baseline
1777618759.1681468,0.06971168518066406,1276.0,baseline
1777618759.1681752,0.06974005699157715,1281.0,baseline
1777618759.168204,0.06976890563964844,1284.0,baseline
1777618759.168233,0.06979775428771973,1289.0,baseline
1777618759.168262,0.06982684135437012,1298.0,baseline
1777618759.168291,0.06985592842102051,1298.0,baseline
1777618759.16832,0.0698847770690918,1301.0,baseline
1777618759.1683478,0.06991267204284668,1299.0,baseline
1777618759.16838,0.06994485855102539,1295.0,baseline
1777618759.16841,0.06997489929199219,1314.0,baseline
1777618759.168438,0.07000279426574707,1307.0,baseline
1777618759.168467,0.07003188133239746,1296.0,baseline
1777618759.1684961,0.07006096839904785,1291.0,baseline
1777618759.168524,0.07008886337280273,1290.0,baseline
1777618759.1685529,0.07011771202087402,1289.0,baseline
1777618759.168582,0.07014679908752441,1293.0,baseline
1777618759.168611,0.0701758861541748,1300.0,baseline
1777618759.16864,0.0702047348022461,1301.0,baseline
1777618759.1686678,0.07023262977600098,1292.0,baseline
1777618759.168697,0.07026195526123047,1311.0,baseline
1777618759.168726,0.07029080390930176,1306.0,baseline
1777618759.168755,0.07031989097595215,1296.0,baseline
1777618759.1687832,0.07034802436828613,1291.0,baseline
1777618759.168812,0.07037687301635742,1291.0,baseline
1777618759.168841,0.07040572166442871,1291.0,baseline
1777618759.168869,0.0704338550567627,1292.0,baseline
1777618759.168898,0.07046294212341309,1298.0,baseline
1777618759.168927,0.07049179077148438,1302.0,baseline
1777618759.1689548,0.07051968574523926,1288.0,baseline
1777618759.1689842,0.07054901123046875,1298.0,baseline
1777618759.169017,0.07058191299438477,1295.0,baseline
1777618759.169046,0.07061076164245605,1290.0,baseline
1777618759.169075,0.07063984870910645,1290.0,baseline
1777618759.1691031,0.07066798210144043,1290.0,baseline
1777618759.169132,0.07069683074951172,1293.0,baseline
1777618759.1691608,0.07072567939758301,1293.0,baseline
1777618759.16919,0.0707547664642334,1292.0,baseline
1777618759.169218,0.07078289985656738,1300.0,baseline
1777618759.169247,0.07081174850463867,1303.0,baseline
1777618759.169276,0.07084083557128906,1295.0,baseline
1777618759.169305,0.07086992263793945,1291.0,baseline
1777618759.169333,0.07089781761169434,1291.0,baseline
1777618759.1693618,0.07092666625976562,1300.0,baseline
1777618759.1693912,0.07095599174499512,1304.0,baseline
1777618759.169419,0.07098388671875,1297.0,baseline
1777618759.169448,0.07101273536682129,1290.0,baseline
1777618759.1694772,0.07104206085205078,1300.0,baseline
1777618759.169506,0.07107090950012207,1289.0,baseline
1777618759.169534,0.07109880447387695,1291.0,baseline
1777618759.1695628,0.07112765312194824,1290.0,baseline
1777618759.1695921,0.07115697860717773,1291.0,baseline
1777618759.169621,0.07118582725524902,1295.0,baseline
1777618759.169655,0.07121992111206055,1295.0,baseline
1777618759.169683,0.07124781608581543,1296.0,baseline
1777618759.169712,0.07127690315246582,1296.0,baseline
1777618759.1697412,0.07130599021911621,1298.0,baseline
1777618759.16977,0.0713348388671875,1293.0,baseline
1777618759.169798,0.07136273384094238,1300.0,baseline
1777618759.169827,0.07139182090759277,1298.0,baseline
1777618759.1698828,0.07144761085510254,1298.0,baseline
1777618759.169913,0.07147789001464844,1299.0,baseline
1777618759.169942,0.07150673866271973,1295.0,baseline
1777618759.169971,0.07153582572937012,1300.0,baseline
1777618759.1699998,0.0715646743774414,1295.0,baseline
1777618759.1700292,0.0715939998626709,1292.0,baseline
1777618759.170058,0.07162284851074219,1295.0,baseline
1777618759.170086,0.07165074348449707,1295.0,baseline
1777618759.170115,0.07167983055114746,1300.0,baseline
1777618759.170144,0.07170891761779785,1298.0,baseline
1777618759.170173,0.07173776626586914,1293.0,baseline
1777618759.170201,0.07176589965820312,1293.0,baseline
1777618759.17023,0.07179474830627441,1290.0,baseline
1777618759.170259,0.0718238353729248,1292.0,baseline
1777618759.1702871,0.07185196876525879,1296.0,baseline
1777618759.170323,0.07188773155212402,1295.0,baseline
1777618759.1703522,0.07191705703735352,1290.0,baseline
1777618759.170381,0.0719459056854248,1300.0,baseline
1777618759.17041,0.0719747543334961,1299.0,baseline
1777618759.1704378,0.07200264930725098,1296.0,baseline
1777618759.1704671,0.07203197479248047,1290.0,baseline
1777618759.170496,0.07206082344055176,1296.0,baseline
1777618759.1705248,0.07208967208862305,1296.0,baseline
1777618759.1705542,0.07211899757385254,1302.0,baseline
1777618759.170583,0.07214784622192383,1298.0,baseline
1777618759.1706119,0.07217669486999512,1296.0,baseline
1777618759.1706398,0.07220458984375,1296.0,baseline
1777618759.170669,0.07223391532897949,1297.0,baseline
1777618759.170698,0.07226276397705078,1299.0,baseline
1777618759.1707258,0.07229065895080566,1298.0,baseline
1777618759.1707551,0.07231998443603516,1296.0,baseline
1777618759.170784,0.07234883308410645,1295.0,baseline
1777618759.1708128,0.07237768173217773,1295.0,baseline
1777618759.170841,0.07240581512451172,1297.0,baseline
1777618759.17087,0.07243490219116211,1297.0,baseline
1777618759.170899,0.0724637508392334,1297.0,baseline
1777618759.170927,0.07249188423156738,1296.0,baseline
1777618759.17096,0.0725247859954834,1296.0,baseline
1777618759.170989,0.07255387306213379,1296.0,baseline
1777618759.171016,0.07258081436157227,1297.0,baseline
1777618759.1710432,0.07260799407958984,1296.0,baseline
1777618759.171069,0.07263374328613281,1296.0,baseline
1777618759.1710951,0.07265996932983398,1298.0,baseline
1777618759.1711218,0.07268667221069336,1291.0,baseline
1777618759.171149,0.07271385192871094,1296.0,baseline
1777618759.171175,0.07273983955383301,1296.0,baseline
1777618759.171202,0.07276678085327148,1298.0,baseline
1777618759.171228,0.07279276847839355,1293.0,baseline
1777618759.171254,0.07281875610351562,1294.0,baseline
1777618759.1712809,0.0728456974029541,1298.0,baseline
1777618759.171307,0.07287192344665527,1300.0,baseline
1777618759.1713338,0.07289862632751465,1298.0,baseline
1777618759.17136,0.07292485237121582,1294.0,baseline
1777618759.171386,0.07295083999633789,1291.0,baseline
1777618759.171413,0.07297778129577637,1300.0,baseline
1777618759.1714392,0.07300400733947754,1298.0,baseline
1777618759.171465,0.07302975654602051,1298.0,baseline
1777618759.171492,0.07305693626403809,1297.0,baseline
1777618759.1715178,0.07308268547058105,1295.0,baseline
1777618759.171551,0.07311582565307617,1297.0,baseline
1777618759.1715782,0.07314300537109375,1297.0,baseline
1777618759.171605,0.07316994667053223,1298.0,baseline
1777618759.171631,0.0731959342956543,1291.0,baseline
1777618759.1716568,0.07322168350219727,1294.0,baseline
1777618759.171684,0.07324886322021484,1297.0,baseline
1777618759.17171,0.07327485084533691,1297.0,baseline
1777618759.171736,0.07330083847045898,1296.0,baseline
1777618759.171763,0.07332777976989746,1296.0,baseline
1777618759.1717892,0.07335400581359863,1296.0,baseline
1777618759.1718159,0.07338070869445801,1296.0,baseline
1777618759.171842,0.07340693473815918,1296.0,baseline
1777618759.1718678,0.07343268394470215,1296.0,baseline
1777618759.171895,0.07345986366271973,1297.0,baseline
1777618759.171921,0.0734858512878418,1295.0,baseline
1777618759.171947,0.07351183891296387,1296.0,baseline
1777618759.171974,0.07353878021240234,1297.0,baseline
1777618759.172,0.07356476783752441,1298.0,baseline
1777618759.1720269,0.07359170913696289,1294.0,baseline
1777618759.172053,0.07361793518066406,1300.0,baseline
1777618759.172079,0.07364392280578613,1296.0,baseline
1777618759.172106,0.07367086410522461,1298.0,baseline
1777618759.1721349,0.0736997127532959,1299.0,baseline
1777618759.172163,0.07372784614562988,1296.0,baseline
1777618759.172189,0.07375383377075195,1299.0,baseline
1777618759.172215,0.07377982139587402,1298.0,baseline
1777618759.172242,0.0738067626953125,1295.0,baseline
1777618759.172268,0.07383275032043457,1291.0,baseline
1777618759.172294,0.07385873794555664,1292.0,baseline
1777618759.172323,0.07388782501220703,1296.0,baseline
1777618759.17235,0.07391476631164551,1290.0,baseline
1777618759.1723762,0.07394099235534668,1290.0,baseline
1777618759.1724029,0.07396769523620605,1290.0,baseline
1777618759.172429,0.07399392127990723,1296.0,baseline
1777618759.172456,0.0740208625793457,1297.0,baseline
1777618759.172482,0.07404685020446777,1295.0,baseline
1777618759.172508,0.07407283782958984,1298.0,baseline
1777618759.172535,0.07409977912902832,1297.0,baseline
1777618759.172561,0.07412576675415039,1302.0,baseline
1777618759.172587,0.07415175437927246,1304.0,baseline
1777618759.1726131,0.07417798042297363,1305.0,baseline
1777618759.17264,0.07420492172241211,1298.0,baseline
1777618759.172666,0.07423090934753418,1287.0,baseline
1777618759.172693,0.07425785064697266,1284.0,baseline
1777618759.172726,0.07429075241088867,1289.0,baseline
1777618759.1727538,0.07431864738464355,1299.0,baseline
1777618759.172781,0.07434582710266113,1305.0,baseline
1777618759.172807,0.0743718147277832,1313.0,baseline
1777618759.172833,0.07439780235290527,1349.0,baseline
1777618759.17286,0.07442474365234375,1316.0,baseline
1777618759.1728861,0.07445096969604492,1297.0,baseline
1777618759.1729128,0.0744776725769043,1285.0,baseline
1777618759.172939,0.07450389862060547,1281.0,baseline
1777618759.172966,0.07453083992004395,1289.0,baseline
1777618759.172992,0.07455682754516602,1290.0,baseline
1777618759.173019,0.07458376884460449,1297.0,baseline
1777618759.173045,0.07460975646972656,1297.0,baseline
1777618759.1730719,0.07463669776916504,1300.0,baseline
1777618759.173098,0.07466292381286621,1295.0,baseline
1777618759.173124,0.07468891143798828,1292.0,baseline
1777618759.173151,0.07471585273742676,1289.0,baseline
1777618759.173177,0.07474184036254883,1290.0,baseline
1777618759.173204,0.0747687816619873,1289.0,baseline
1777618759.1732302,0.07479500770568848,1291.0,baseline
1777618759.173256,0.07482075691223145,1290.0,baseline
1777618759.1732821,0.07484698295593262,1292.0,baseline
1777618759.173315,0.07487988471984863,1291.0,baseline
1777618759.173343,0.07490777969360352,1291.0,baseline
1777618759.1733692,0.07493400573730469,1291.0,baseline
1777618759.1733959,0.07496070861816406,1291.0,baseline
1777618759.173422,0.07498693466186523,1291.0,baseline
1777618759.173449,0.07501387596130371,1291.0,baseline
1777618759.173475,0.07503986358642578,1290.0,baseline
1777618759.173501,0.07506585121154785,1292.0,baseline
1777618759.173528,0.07509279251098633,1293.0,baseline
1777618759.173554,0.0751187801361084,1292.0,baseline
1777618759.17358,0.07514476776123047,1290.0,baseline
1777618759.173606,0.07517075538635254,1291.0,baseline
1777618759.173633,0.07519793510437012,1291.0,baseline
1777618759.1736588,0.07522368431091309,1292.0,baseline
1777618759.173685,0.07524991035461426,1292.0,baseline
1777618759.1737118,0.07527661323547363,1291.0,baseline
1777618759.173738,0.0753028392791748,1291.0,baseline
1777618759.173764,0.07532882690429688,1293.0,baseline
1777618759.17379,0.07535481452941895,1294.0,baseline
1777618759.1738172,0.07538199424743652,1296.0,baseline
1777618759.173843,0.07540774345397949,1296.0,baseline
1777618759.1738691,0.07543396949768066,1294.0,baseline
1777618759.173902,0.07546687126159668,1295.0,baseline
1777618759.173944,0.07550883293151855,1295.0,baseline
1777618759.173971,0.07553577423095703,1295.0,baseline
1777618759.1739972,0.0755620002746582,1292.0,baseline
1777618759.1740239,0.07558870315551758,1291.0,baseline
1777618759.17405,0.07561492919921875,1292.0,baseline
1777618759.1740758,0.07564067840576172,1295.0,baseline
1777618759.174103,0.0756678581237793,1292.0,baseline
1777618759.174129,0.07569384574890137,1290.0,baseline
1777618759.174156,0.07572078704833984,1291.0,baseline
1777618759.174182,0.07574677467346191,1294.0,baseline
1777618759.174209,0.07577395439147949,1295.0,baseline
1777618759.1742349,0.07579970359802246,1296.0,baseline
1777618759.174262,0.07582688331604004,1295.0,baseline
1777618759.1742878,0.07585263252258301,1296.0,baseline
1777618759.174314,0.07587885856628418,1293.0,baseline
1777618759.1743412,0.07590603828430176,1297.0,baseline
1777618759.174367,0.07593178749084473,1295.0,baseline
1777618759.1743932,0.0759580135345459,1293.0,baseline
1777618759.174419,0.07598376274108887,1294.0,baseline
1777618759.174446,0.07601094245910645,1296.0,baseline
1777618759.1744719,0.07603669166564941,1295.0,baseline
1777618759.174505,0.07606983184814453,1297.0,baseline
1777618759.1745331,0.07609796524047852,1295.0,baseline
1777618759.1745589,0.07612371444702148,1293.0,baseline
1777618759.174585,0.07614994049072266,1292.0,baseline
1777618759.174612,0.07617688179016113,1292.0,baseline
1777618759.174641,0.07620573043823242,1291.0,baseline
1777618759.1746671,0.0762319564819336,1296.0,baseline
1777618759.174693,0.07625794410705566,1297.0,baseline
1777618759.17472,0.07628488540649414,1296.0,baseline
1777618759.174746,0.07631087303161621,1297.0,baseline
1777618759.174772,0.07633686065673828,1297.0,baseline
1777618759.174798,0.07636284828186035,1296.0,baseline
1777618759.174825,0.07638978958129883,1294.0,baseline
1777618759.1748512,0.076416015625,1295.0,baseline
1777618759.174878,0.07644271850585938,1297.0,baseline
1777618759.174905,0.07646989822387695,1297.0,baseline
1777618759.174931,0.07649588584899902,1292.0,baseline
1777618759.174957,0.0765218734741211,1291.0,baseline
1777618759.174984,0.07654881477355957,1291.0,baseline
1777618759.17501,0.07657480239868164,1292.0,baseline
1777618759.175036,0.07660079002380371,1296.0,baseline
1777618759.1750631,0.07662796974182129,1295.0,baseline
1777618759.175096,0.0766608715057373,1295.0,baseline
1777618759.175123,0.07668781280517578,1295.0,baseline
1777618759.175149,0.07671380043029785,1296.0,baseline
1777618759.175176,0.07674074172973633,1295.0,baseline
1777618759.1752052,0.07677006721496582,1293.0,baseline
1777618759.175231,0.07679581642150879,1294.0,baseline
1777618759.1752582,0.07682299613952637,1296.0,baseline
1777618759.175284,0.07684874534606934,1297.0,baseline
1777618759.1753101,0.07687497138977051,1297.0,baseline
1777618759.175337,0.07690191268920898,1294.0,baseline
1777618759.175363,0.07692790031433105,1295.0,baseline
1777618759.1753888,0.07695364952087402,1293.0,baseline
1777618759.175416,0.0769808292388916,1292.0,baseline
1777618759.175442,0.07700681686401367,1292.0,baseline
1777618759.1754692,0.07703399658203125,1296.0,baseline
1777618759.175495,0.07705974578857422,1294.0,baseline
1777618759.1755211,0.07708597183227539,1296.0,baseline
1777618759.175547,0.07711172103881836,1301.0,baseline
1777618759.175574,0.07713890075683594,1289.0,baseline
1777618759.1756,0.07716488838195801,1280.0,baseline
1777618759.175626,0.07719087600708008,1285.0,baseline
1777618759.1756532,0.07721805572509766,1290.0,baseline
1777618759.1756852,0.07725000381469727,1287.0,baseline
1777618759.175712,0.07727694511413574,1290.0,baseline
1777618759.175738,0.07730293273925781,1289.0,baseline
1777618759.175764,0.07732892036437988,1283.0,baseline
1777618759.175791,0.07735586166381836,1284.0,baseline
1777618759.175817,0.07738184928894043,1293.0,baseline
1777618759.175843,0.0774078369140625,1295.0,baseline
1777618759.17587,0.07743477821350098,1296.0,baseline
1777618759.1758962,0.07746100425720215,1298.0,baseline
1777618759.175922,0.07748675346374512,1299.0,baseline
1777618759.1759481,0.07751297950744629,1300.0,baseline
1777618759.1759748,0.07753968238830566,1301.0,baseline
1777618759.176002,0.07756686210632324,1298.0,baseline
1777618759.176028,0.07759284973144531,1293.0,baseline
1777618759.176054,0.07761883735656738,1303.0,baseline
1777618759.17608,0.07764482498168945,1290.0,baseline
1777618759.176107,0.07767176628112793,1282.0,baseline
1777618759.1761332,0.0776979923248291,1290.0,baseline
1777618759.17616,0.07772493362426758,1298.0,baseline
1777618759.176186,0.07775092124938965,1299.0,baseline
1777618759.176212,0.07777690887451172,1299.0,baseline
1777618759.176238,0.07780289649963379,1300.0,baseline
1777618759.1762712,0.0778360366821289,1293.0,baseline
1777618759.176298,0.07786273956298828,1290.0,baseline
1777618759.1763241,0.07788896560668945,1293.0,baseline
1777618759.176354,0.07791876792907715,1300.0,baseline
1777618759.17638,0.07794475555419922,1299.0,baseline
1777618759.176407,0.0779719352722168,1294.0,baseline
1777618759.1764328,0.07799768447875977,1295.0,baseline
1777618759.176459,0.07802391052246094,1296.0,baseline
1777618759.176485,0.07804989814758301,1298.0,baseline
1777618759.176511,0.07807588577270508,1296.0,baseline
1777618759.1765382,0.07810306549072266,1294.0,baseline
1777618759.176564,0.07812881469726562,1296.0,baseline
1777618759.1765912,0.0781559944152832,1296.0,baseline
1777618759.176617,0.07818174362182617,1297.0,baseline
1777618759.1766431,0.07820796966552734,1296.0,baseline
1777618759.176669,0.07823371887207031,1290.0,baseline
1777618759.176696,0.07826089859008789,1291.0,baseline
1777618759.1767218,0.07828664779663086,1295.0,baseline
1777618759.176748,0.07831287384033203,1299.0,baseline
1777618759.1767738,0.078338623046875,1297.0,baseline
1777618759.176801,0.07836580276489258,1298.0,baseline
1777618759.176827,0.07839179039001465,1296.0,baseline
1777618759.176857,0.07842183113098145,1297.0,baseline
1777618759.176884,0.07844877243041992,1296.0,baseline
1777618759.1769102,0.0784749984741211,1296.0,baseline
1777618759.1769369,0.07850170135498047,1296.0,baseline
1777618759.176966,0.07853078842163086,1295.0,baseline
1777618759.176992,0.07855677604675293,1298.0,baseline
1777618759.177019,0.0785837173461914,1299.0,baseline
1777618759.177045,0.07860994338989258,1299.0,baseline
1777618759.177071,0.07863593101501465,1299.0,baseline
1777618759.177098,0.07866287231445312,1295.0,baseline
1777618759.177124,0.0786888599395752,1295.0,baseline
1777618759.17715,0.07871484756469727,1292.0,baseline
1777618759.1771772,0.07874202728271484,1294.0,baseline
1777618759.177203,0.07876777648925781,1293.0,baseline
1777618759.1772292,0.07879400253295898,1294.0,baseline
1777618759.1772559,0.07882070541381836,1295.0,baseline
1777618759.177282,0.07884693145751953,1296.0,baseline
1777618759.1773078,0.0788726806640625,1295.0,baseline
1777618759.177335,0.07889986038208008,1298.0,baseline
1777618759.177361,0.07892584800720215,1296.0,baseline
1777618759.177387,0.07895183563232422,1293.0,baseline
1777618759.1774132,0.07897806167602539,1293.0,baseline
1777618759.1774468,0.07901167869567871,1295.0,baseline
1777618759.177473,0.07903790473937988,1295.0,baseline
1777618759.1775,0.07906484603881836,1292.0,baseline
1777618759.177526,0.07909083366394043,1291.0,baseline
1777618759.177552,0.0791168212890625,1291.0,baseline
1777618759.177579,0.07914376258850098,1296.0,baseline
1777618759.1776052,0.07916998863220215,1298.0,baseline
1777618759.177631,0.07919573783874512,1298.0,baseline
1777618759.177658,0.0792229175567627,1295.0,baseline
1777618759.177684,0.07924890518188477,1294.0,baseline
1777618759.177711,0.07927584648132324,1296.0,baseline
1777618759.177737,0.07930183410644531,1295.0,baseline
1777618759.177763,0.07932782173156738,1297.0,baseline
1777618759.17779,0.07935476303100586,1297.0,baseline
1777618759.1778162,0.07938098907470703,1296.0,baseline
1777618759.1778429,0.0794076919555664,1297.0,baseline
1777618759.17787,0.07943487167358398,1295.0,baseline
1777618759.177912,0.07947683334350586,1298.0,baseline
1777618759.177938,0.07950282096862793,1295.0,baseline
1777618759.1779652,0.07953000068664551,1296.0,baseline
1777618759.177991,0.07955574989318848,1294.0,baseline
1777618759.178018,0.07958292961120605,1293.0,baseline
1777618759.178048,0.07961273193359375,1293.0,baseline
1777618759.1780758,0.07964062690734863,1292.0,baseline
1777618759.178102,0.0796668529510498,1293.0,baseline
1777618759.178129,0.07969379425048828,1294.0,baseline
1777618759.178155,0.07971978187561035,1297.0,baseline
1777618759.1781812,0.07974600791931152,1295.0,baseline
1777618759.178208,0.07977294921875,1295.0,baseline
1777618759.178234,0.07979893684387207,1295.0,baseline
1777618759.1782598,0.07982468605041504,1297.0,baseline
1777618759.178286,0.07985091209411621,1296.0,baseline
1777618759.1783118,0.07987666130065918,1296.0,baseline
1777618759.178339,0.07990384101867676,1293.0,baseline
1777618759.178365,0.07992982864379883,1298.0,baseline
1777618759.178391,0.0799558162689209,1299.0,baseline
1777618759.178418,0.07998275756835938,1297.0,baseline
1777618759.1784441,0.08000898361206055,1297.0,baseline
1777618759.17847,0.08003473281860352,1295.0,baseline
1777618759.178496,0.08006072044372559,1295.0,baseline
1777618759.178522,0.08008694648742676,1297.0,baseline
1777618759.178549,0.08011388778686523,1300.0,baseline
1777618759.178575,0.0801398754119873,1296.0,baseline
1777618759.178602,0.08016681671142578,1294.0,baseline
1777618759.178634,0.08019876480102539,1295.0,baseline
1777618759.1786618,0.08022665977478027,1296.0,baseline
1777618759.178688,0.08025288581848145,1293.0,baseline
1777618759.178714,0.08027887344360352,1295.0,baseline
1777618759.178741,0.08030581474304199,1295.0,baseline
1777618759.1787672,0.08033204078674316,1297.0,baseline
1777618759.178793,0.08035778999328613,1299.0,baseline
1777618759.1788201,0.08038496971130371,1299.0,baseline
1777618759.178846,0.08041071891784668,1292.0,baseline
1777618759.178873,0.08043789863586426,1298.0,baseline
1777618759.178899,0.08046388626098633,1299.0,baseline
1777618759.178926,0.0804908275604248,1295.0,baseline
1777618759.1789498,0.08051466941833496,1292.0,baseline
1777618759.1789749,0.08053970336914062,1290.0,baseline
1777618759.1790001,0.08056497573852539,1289.0,baseline
1777618759.179024,0.08058881759643555,1294.0,baseline
1777618759.179049,0.08061385154724121,1300.0,baseline
1777618759.179073,0.08063793182373047,1297.0,baseline
1777618759.1790981,0.08066296577453613,1295.0,baseline
1777618759.179122,0.08068680763244629,1295.0,baseline
1777618759.179147,0.08071184158325195,1298.0,baseline
1777618759.179171,0.08073592185974121,1298.0,baseline
1777618759.179199,0.0807638168334961,1301.0,baseline
1777618759.1792262,0.08079099655151367,1299.0,baseline
1777618759.17925,0.08081483840942383,1291.0,baseline
1777618759.179275,0.08083987236022949,1292.0,baseline
1777618759.1793,0.08086490631103516,1292.0,baseline
1777618759.179339,0.08090376853942871,1298.0,baseline
1777618759.179363,0.08092784881591797,1299.0,baseline
1777618759.1793878,0.08095264434814453,1298.0,baseline
1777618759.179413,0.0809779167175293,1301.0,baseline
1777618759.179438,0.08100295066833496,1299.0,baseline
1777618759.179462,0.08102679252624512,1296.0,baseline
1777618759.179487,0.08105182647705078,1298.0,baseline
1777618759.179512,0.08107686042785645,1298.0,baseline
1777618759.1795359,0.0811007022857666,1299.0,baseline
1777618759.179561,0.08112573623657227,1299.0,baseline
1777618759.179586,0.08115077018737793,1297.0,baseline
1777618759.179611,0.0811758041381836,1297.0,baseline
1777618759.179635,0.08119988441467285,1297.0,baseline
1777618759.17966,0.08122491836547852,1295.0,baseline
1777618759.179685,0.08124995231628418,1295.0,baseline
1777618759.179709,0.08127379417419434,1295.0,baseline
1777618759.179734,0.081298828125,1295.0,baseline
1777618759.179762,0.08132672309875488,1295.0,baseline
1777618759.179788,0.08135294914245605,1297.0,baseline
1777618759.1798131,0.08137798309326172,1298.0,baseline
1777618759.179837,0.08140182495117188,1296.0,baseline
1777618759.179862,0.08142685890197754,1296.0,baseline
1777618759.179887,0.0814518928527832,1298.0,baseline
1777618759.179911,0.08147573471069336,1299.0,baseline
1777618759.179936,0.08150076866149902,1296.0,baseline
1777618759.1799612,0.08152604103088379,1299.0,baseline
1777618759.179986,0.08155083656311035,1298.0,baseline
1777618759.18001,0.08157491683959961,1298.0,baseline
1777618759.180035,0.08159995079040527,1298.0,baseline
1777618759.18006,0.08162474632263184,1295.0,baseline
1777618759.180084,0.0816488265991211,1298.0,baseline
1777618759.180109,0.08167386054992676,1298.0,baseline
1777618759.1801338,0.08169865608215332,1295.0,baseline
1777618759.180158,0.08172273635864258,1298.0,baseline
1777618759.180183,0.08174777030944824,1298.0,baseline
1777618759.180207,0.0817718505859375,1298.0,baseline
1777618759.180232,0.08179688453674316,1298.0,baseline
1777618759.180259,0.08182382583618164,1297.0,baseline
1777618759.1802838,0.0818486213684082,1297.0,baseline
1777618759.180309,0.08187389373779297,1293.0,baseline
1777618759.18034,0.08190488815307617,1296.0,baseline
1777618759.180365,0.08192992210388184,1298.0,baseline
1777618759.18039,0.0819547176361084,1297.0,baseline
1777618759.180414,0.08197879791259766,1296.0,baseline
1777618759.180439,0.08200383186340332,1294.0,baseline
1777618759.180463,0.08202791213989258,1288.0,baseline
1777618759.1804879,0.08205270767211914,1295.0,baseline
1777618759.180513,0.0820777416229248,1295.0,baseline
1777618759.180537,0.08210182189941406,1296.0,baseline
1777618759.180562,0.08212685585021973,1300.0,baseline
1777618759.180587,0.08215188980102539,1299.0,baseline
1777618759.1806111,0.08217597007751465,1297.0,baseline
1777618759.180636,0.08220076560974121,1295.0,baseline
1777618759.180661,0.08222579956054688,1297.0,baseline
1777618759.180686,0.08225083351135254,1297.0,baseline
1777618759.1807098,0.0822746753692627,1297.0,baseline
1777618759.1807349,0.08229970932006836,1296.0,baseline
1777618759.1807601,0.08232498168945312,1297.0,baseline
1777618759.180785,0.08234977722167969,1295.0,baseline
1777618759.180809,0.08237385749816895,1297.0,baseline
1777618759.180834,0.08239889144897461,1296.0,baseline
1777618759.1808589,0.08242368698120117,1297.0,baseline
1777618759.180887,0.08245182037353516,1295.0,baseline
1777618759.180913,0.08247780799865723,1296.0,baseline
1777618759.180938,0.08250284194946289,1300.0,baseline
1777618759.180962,0.08252692222595215,1297.0,baseline
1777618759.180987,0.08255171775817871,1295.0,baseline
1777618759.181012,0.08257675170898438,1296.0,baseline
1777618759.181036,0.08260083198547363,1296.0,baseline
1777618759.181061,0.0826258659362793,1295.0,baseline
1777618759.181086,0.08265089988708496,1295.0,baseline
1777618759.18111,0.08267474174499512,1296.0,baseline
1777618759.1811352,0.08270001411437988,1295.0,baseline
1777618759.18116,0.08272480964660645,1295.0,baseline
1777618759.181185,0.08274984359741211,1295.0,baseline
1777618759.181209,0.08277392387390137,1299.0,baseline
1777618759.181234,0.08279871940612793,1297.0,baseline
1777618759.181258,0.08282279968261719,1297.0,baseline
1777618759.181283,0.08284783363342285,1299.0,baseline
1777618759.1813068,0.08287167549133301,1298.0,baseline
1777618759.1813319,0.08289670944213867,1299.0,baseline
1777618759.1813571,0.08292198181152344,1296.0,baseline
1777618759.181382,0.08294677734375,1300.0,baseline
1777618759.181406,0.08297085762023926,1299.0,baseline
1777618759.181437,0.08300185203552246,1296.0,baseline
1777618759.181463,0.08302783966064453,1298.0,baseline
1777618759.181488,0.0830528736114502,1297.0,baseline
1777618759.1815119,0.08307671546936035,1298.0,baseline
1777618759.181537,0.08310174942016602,1298.0,baseline
1777618759.181561,0.08312582969665527,1298.0,baseline
1777618759.181586,0.08315086364746094,1297.0,baseline
1777618759.181611,0.0831758975982666,1297.0,baseline
1777618759.1816351,0.08319997787475586,1297.0,baseline
1777618759.18166,0.08322477340698242,1301.0,baseline
1777618759.181685,0.08324980735778809,1298.0,baseline
1777618759.1817238,0.08328866958618164,1297.0,baseline
1777618759.181749,0.0833139419555664,1300.0,baseline
1777618759.1817741,0.08333897590637207,1300.0,baseline
1777618759.181798,0.08336281776428223,1299.0,baseline
1777618759.181823,0.08338785171508789,1296.0,baseline
1777618759.181847,0.08341193199157715,1296.0,baseline
1777618759.1818721,0.08343696594238281,1300.0,baseline
1777618759.181896,0.08346080780029297,1296.0,baseline
1777618759.181921,0.08348584175109863,1299.0,baseline
1777618759.181946,0.0835108757019043,1298.0,baseline
1777618759.18197,0.08353471755981445,1298.0,baseline
1777618759.181995,0.08355975151062012,1296.0,baseline
1777618759.182026,0.08359074592590332,1296.0,baseline
1777618759.1820512,0.08361601829528809,1295.0,baseline
1777618759.182076,0.08364081382751465,1296.0,baseline
1777618759.1821,0.0836648941040039,1295.0,baseline
1777618759.182125,0.08368992805480957,1295.0,baseline
1777618759.18215,0.08371472358703613,1298.0,baseline
1777618759.182174,0.08373880386352539,1298.0,baseline
1777618759.182199,0.08376383781433105,1297.0,baseline
1777618759.182223,0.08378791809082031,1296.0,baseline
1777618759.1822479,0.08381271362304688,1299.0,baseline
1777618759.182272,0.08383679389953613,1298.0,baseline
1777618759.182297,0.0838618278503418,1294.0,baseline
1777618759.182322,0.08388686180114746,1295.0,baseline
1777618759.1823459,0.08391070365905762,1298.0,baseline
1777618759.1823711,0.08393597602844238,1313.0,baseline
1777618759.182395,0.08395981788635254,1312.0,baseline
1777618759.18242,0.0839848518371582,1311.0,baseline
1777618759.182444,0.08400893211364746,1308.0,baseline
1777618759.1824691,0.08403396606445312,1297.0,baseline
1777618759.182494,0.08405876159667969,1298.0,baseline
1777618759.182518,0.08408284187316895,1297.0,baseline
1777618759.182543,0.08410787582397461,1295.0,baseline
1777618759.182575,0.08413982391357422,1294.0,baseline
1777618759.182601,0.08416581153869629,1296.0,baseline
1777618759.182625,0.08418989181518555,1295.0,baseline
1777618759.18265,0.08421492576599121,1297.0,baseline
1777618759.182674,0.08423876762390137,1296.0,baseline
1777618759.182699,0.08426380157470703,1297.0,baseline
1777618759.182723,0.08428788185119629,1295.0,baseline
1777618759.1827478,0.08431267738342285,1298.0,baseline
1777618759.182772,0.08433675765991211,1297.0,baseline
1777618759.182797,0.08436179161071777,1300.0,baseline
1777618759.182822,0.08438682556152344,1300.0,baseline
1777618759.182847,0.0844118595123291,1300.0,baseline
1777618759.182871,0.08443593978881836,1297.0,baseline
1777618759.1828961,0.08446097373962402,1294.0,baseline
1777618759.182921,0.08448576927185059,1298.0,baseline
1777618759.182945,0.08450984954833984,1298.0,baseline
1777618759.18297,0.08453488349914551,1298.0,baseline
1777618759.1829948,0.08455967903137207,1299.0,baseline
1777618759.183019,0.08458375930786133,1298.0,baseline
1777618759.1830442,0.0846090316772461,1299.0,baseline
1777618759.183069,0.08463382720947266,1294.0,baseline
1777618759.183093,0.08465790748596191,1296.0,baseline
1777618759.183122,0.0846867561340332,1298.0,baseline
1777618759.183147,0.08471179008483887,1296.0,baseline
1777618759.183172,0.08473682403564453,1299.0,baseline
1777618759.183197,0.0847618579864502,1300.0,baseline
1777618759.183221,0.08478593826293945,1300.0,baseline
1777618759.1832461,0.08481097221374512,1298.0,baseline
1777618759.18327,0.08483481407165527,1299.0,baseline
1777618759.183295,0.08485984802246094,1298.0,baseline
1777618759.18332,0.0848848819732666,1297.0,baseline
1777618759.1833441,0.08490896224975586,1297.0,baseline
1777618759.183369,0.08493375778198242,1299.0,baseline
1777618759.183394,0.08495879173278809,1300.0,baseline
1777618759.183418,0.08498287200927734,1298.0,baseline
1777618759.1834428,0.0850076675415039,1298.0,baseline
1777618759.183468,0.08503293991088867,1297.0,baseline
1777618759.1834922,0.08505702018737793,1298.0,baseline
1777618759.183517,0.08508181571960449,1300.0,baseline
1777618759.183541,0.08510589599609375,1297.0,baseline
1777618759.183566,0.08513092994689941,1298.0,baseline
1777618759.183591,0.08515572547912598,1299.0,baseline
1777618759.183617,0.08518195152282715,1298.0,baseline
1777618759.183657,0.08522176742553711,1300.0,baseline
1777618759.18369,0.08525490760803223,1299.0,baseline
1777618759.183715,0.08527994155883789,1300.0,baseline
1777618759.18374,0.08530473709106445,1298.0,baseline
1777618759.183765,0.08532977104187012,1299.0,baseline
1777618759.18379,0.08535480499267578,1295.0,baseline
1777618759.1838138,0.08537864685058594,1297.0,baseline
1777618759.183839,0.0854039192199707,1297.0,baseline
1777618759.183864,0.08542895317077637,1294.0,baseline
1777618759.183888,0.08545279502868652,1293.0,baseline
1777618759.183913,0.08547782897949219,1293.0,baseline
1777618759.183938,0.08550286293029785,1295.0,baseline
1777618759.183962,0.08552694320678711,1296.0,baseline
1777618759.183987,0.08555173873901367,1299.0,baseline
1777618759.184012,0.08557677268981934,1298.0,baseline
1777618759.1840372,0.0856020450592041,1298.0,baseline
1777618759.1840608,0.08562564849853516,1294.0,baseline
1777618759.184086,0.08565092086791992,1298.0,baseline
1777618759.184111,0.08567595481872559,1300.0,baseline
1777618759.184135,0.08569979667663574,1300.0,baseline
1777618759.18416,0.0857248306274414,1295.0,baseline
1777618759.184185,0.08574986457824707,1295.0,baseline
1777618759.1842089,0.08577370643615723,1292.0,baseline
1777618759.1842382,0.08580303192138672,1292.0,baseline
1777618759.184263,0.08582782745361328,1298.0,baseline
1777618759.184288,0.08585286140441895,1299.0,baseline
1777618759.184313,0.08587789535522461,1301.0,baseline
1777618759.1843379,0.08590269088745117,1268.0,baseline
1777618759.1843631,0.08592796325683594,1298.0,baseline
1777618759.184387,0.0859518051147461,1329.0,baseline
1777618759.184412,0.08597683906555176,1312.0,baseline
1777618759.184437,0.08600187301635742,1290.0,baseline
1777618759.184462,0.08602690696716309,1288.0,baseline
1777618759.184486,0.08605074882507324,1290.0,baseline
1777618759.184511,0.0860757827758789,1291.0,baseline
1777618759.184536,0.08610081672668457,1294.0,baseline
1777618759.184561,0.08612585067749023,1288.0,baseline
1777618759.1845849,0.08614969253540039,1291.0,baseline
1777618759.1846101,0.08617496490478516,1291.0,baseline
1777618759.1846342,0.08619904518127441,1301.0,baseline
1777618759.184659,0.08622384071350098,1299.0,baseline
1777618759.184684,0.08624887466430664,1289.0,baseline
1777618759.184709,0.0862739086151123,1289.0,baseline
1777618759.1847339,0.08629870414733887,1270.0,baseline
1777618759.1847591,0.08632397651672363,1309.0,baseline
1777618759.184788,0.08635282516479492,1387.0,baseline
1777618759.184813,0.08637785911560059,1326.0,baseline
1777618759.1848378,0.08640265464782715,1319.0,baseline
1777618759.184862,0.0864267349243164,1308.0,baseline
1777618759.184887,0.08645176887512207,1300.0,baseline
1777618759.184912,0.08647680282592773,1290.0,baseline
1777618759.184937,0.0865018367767334,1286.0,baseline
1777618759.184961,0.08652591705322266,1287.0,baseline
1777618759.184986,0.08655095100402832,1290.0,baseline
1777618759.185011,0.08657574653625488,1298.0,baseline
1777618759.185036,0.08660078048706055,1293.0,baseline
1777618759.1850612,0.08662605285644531,1298.0,baseline
1777618759.185086,0.08665084838867188,1298.0,baseline
1777618759.18511,0.08667492866516113,1298.0,baseline
1777618759.1851351,0.0866999626159668,1299.0,baseline
1777618759.18516,0.08672475814819336,1297.0,baseline
1777618759.185184,0.08674883842468262,1298.0,baseline
1777618759.185209,0.08677387237548828,1298.0,baseline
1777618759.1852338,0.08679866790771484,1295.0,baseline
1777618759.185258,0.0868227481842041,1297.0,baseline
1777618759.1852832,0.08684802055358887,1298.0,baseline
1777618759.185308,0.08687281608581543,1299.0,baseline
1777618759.185338,0.08690285682678223,1298.0,baseline
1777618759.185364,0.0869288444519043,1298.0,baseline
1777618759.185388,0.08695292472839355,1298.0,baseline
1777618759.1854131,0.08697795867919922,1298.0,baseline
1777618759.185457,0.0870218276977539,1299.0,baseline
1777618759.185482,0.08704686164855957,1299.0,baseline
1777618759.185507,0.08707189559936523,1299.0,baseline
1777618759.185531,0.08709573745727539,1300.0,baseline
1777618759.185556,0.08712077140808105,1299.0,baseline
1777618759.185581,0.08714580535888672,1298.0,baseline
1777618759.185605,0.08716988563537598,1299.0,baseline
1777618759.1856298,0.08719468116760254,1297.0,baseline
1777618759.185655,0.0872199535369873,1301.0,baseline
1777618759.18568,0.08724474906921387,1298.0,baseline
1777618759.185704,0.08726882934570312,1299.0,baseline
1777618759.185729,0.08729386329650879,1299.0,baseline
1777618759.185753,0.08731794357299805,1299.0,baseline
1777618759.185778,0.08734273910522461,1298.0,baseline
1777618759.185802,0.08736681938171387,1300.0,baseline
1777618759.185827,0.08739185333251953,1299.0,baseline
1777618759.1858518,0.0874166488647461,1297.0,baseline
1777618759.185877,0.08744192123413086,1298.0,baseline
1777618759.185907,0.08747172355651855,1298.0,baseline
1777618759.185933,0.08749794960021973,1297.0,baseline
1777618759.1859572,0.08752202987670898,1298.0,baseline
1777618759.185982,0.08754682540893555,1295.0,baseline
1777618759.186007,0.08757185935974121,1299.0,baseline
1777618759.186031,0.08759593963623047,1299.0,baseline
1777618759.186056,0.08762073516845703,1298.0,baseline
1777618759.18608,0.08764481544494629,1299.0,baseline
1777618759.186105,0.08766984939575195,1298.0,baseline
1777618759.1861289,0.08769369125366211,1298.0,baseline
1777618759.186154,0.08771872520446777,1297.0,baseline
1777618759.186178,0.08774280548095703,1297.0,baseline
1777618759.1862028,0.0877676010131836,1297.0,baseline
1777618759.186228,0.08779287338256836,1298.0,baseline
1777618759.186252,0.08781695365905762,1301.0,baseline
1777618759.1862772,0.08784198760986328,1296.0,baseline
1777618759.186301,0.08786582946777344,1298.0,baseline
1777618759.186326,0.0878908634185791,1300.0,baseline
1777618759.18635,0.08791494369506836,1300.0,baseline
1777618759.186375,0.08793973922729492,1298.0,baseline
1777618759.186423,0.08798789978027344,1300.0,baseline
1777618759.1864479,0.0880126953125,1299.0,baseline
1777618759.186475,0.08803987503051758,1299.0,baseline
1777618759.186501,0.08806586265563965,1297.0,baseline
1777618759.186526,0.08809089660644531,1298.0,baseline
1777618759.18655,0.08811473846435547,1298.0,baseline
1777618759.1865752,0.08814001083374023,1299.0,baseline
1777618759.186599,0.08816385269165039,1298.0,baseline
1777618759.186624,0.08818888664245605,1299.0,baseline
1777618759.1866481,0.08821296691894531,1298.0,baseline
1777618759.186673,0.08823776245117188,1300.0,baseline
1777618759.186697,0.08826184272766113,1298.0,baseline
1777618759.186722,0.0882868766784668,1297.0,baseline
1777618759.1867468,0.08831167221069336,1298.0,baseline
1777618759.186771,0.08833575248718262,1298.0,baseline
1777618759.186796,0.08836078643798828,1297.0,baseline
1777618759.18682,0.08838486671447754,1296.0,baseline
1777618759.1868448,0.0884096622467041,1298.0,baseline
1777618759.186869,0.08843374252319336,1300.0,baseline
1777618759.1868942,0.08845901489257812,1299.0,baseline
1777618759.1869178,0.08848261833190918,1300.0,baseline
1777618759.186943,0.08850789070129395,1299.0,baseline
1777618759.1869671,0.0885319709777832,1298.0,baseline
1777618759.1869922,0.08855700492858887,1299.0,baseline
1777618759.187022,0.08858680725097656,1300.0,baseline
1777618759.187048,0.08861279487609863,1300.0,baseline
1777618759.187073,0.0886378288269043,1303.0,baseline
1777618759.187098,0.08866286277770996,1299.0,baseline
1777618759.1871219,0.08868670463562012,1297.0,baseline
1777618759.187147,0.08871173858642578,1299.0,baseline
1777618759.1871722,0.08873701095581055,1298.0,baseline
1777618759.187196,0.0887608528137207,1299.0,baseline
1777618759.187221,0.08878588676452637,1299.0,baseline
1777618759.187246,0.08881092071533203,1298.0,baseline
1777618759.18727,0.08883476257324219,1298.0,baseline
1777618759.187295,0.08885979652404785,1298.0,baseline
1777618759.187319,0.08888387680053711,1300.0,baseline
1777618759.1873438,0.08890867233276367,1299.0,baseline
1777618759.1873689,0.08893370628356934,1298.0,baseline
1777618759.187393,0.0889577865600586,1298.0,baseline
1777618759.1874182,0.08898305892944336,1300.0,baseline
1777618759.1874418,0.08900666236877441,1299.0,baseline
1777618759.187467,0.08903193473815918,1298.0,baseline
1777618759.1874921,0.08905696868896484,1297.0,baseline
1777618759.187516,0.089080810546875,1298.0,baseline
1777618759.187541,0.08910584449768066,1300.0,baseline
1777618759.187571,0.08913588523864746,1300.0,baseline
1777618759.187598,0.08916282653808594,1296.0,baseline
1777618759.1876218,0.0891866683959961,1295.0,baseline
1777618759.1876469,0.08921170234680176,1299.0,baseline
1777618759.187671,0.08923578262329102,1298.0,baseline
1777618759.1876962,0.08926105499267578,1298.0,baseline
1777618759.1877198,0.08928465843200684,1300.0,baseline
1777618759.187745,0.0893099308013916,1298.0,baseline
1777618759.1877692,0.08933401107788086,1298.0,baseline
1777618759.187794,0.08935880661010742,1300.0,baseline
1777618759.187819,0.08938384056091309,1298.0,baseline
1777618759.187844,0.08940887451171875,1298.0,baseline
1777618759.1878679,0.0894327163696289,1297.0,baseline
1777618759.187893,0.08945775032043457,1297.0,baseline
1777618759.187917,0.08948183059692383,1299.0,baseline
1777618759.1879418,0.08950662612915039,1299.0,baseline
1777618759.187967,0.08953189849853516,1301.0,baseline
1777618759.1879911,0.08955597877502441,1300.0,baseline
1777618759.1880162,0.08958101272583008,1298.0,baseline
1777618759.188041,0.08960580825805664,1295.0,baseline
1777618759.188065,0.0896298885345459,1297.0,baseline
1777618759.18809,0.08965492248535156,1300.0,baseline
1777618759.188121,0.08968591690063477,1300.0,baseline
1777618759.188148,0.08971285820007324,1299.0,baseline
1777618759.188172,0.0897369384765625,1298.0,baseline
1777618759.1881971,0.08976197242736816,1298.0,baseline
1777618759.188222,0.08978676795959473,1299.0,baseline
1777618759.188246,0.08981084823608398,1298.0,baseline
1777618759.188271,0.08983588218688965,1295.0,baseline
1777618759.188295,0.0898597240447998,1298.0,baseline
1777618759.188322,0.08988690376281738,1300.0,baseline
1777618759.1883469,0.08991169929504395,1298.0,baseline
1777618759.188372,0.08993673324584961,1298.0,baseline
1777618759.188396,0.08996081352233887,1299.0,baseline
1777618759.188421,0.08998584747314453,1299.0,baseline
1777618759.1884449,0.09000968933105469,1300.0,baseline
1777618759.188469,0.09003376960754395,1298.0,baseline
1777618759.188494,0.09005880355834961,1301.0,baseline
1777618759.1885178,0.09008264541625977,1298.0,baseline
1777618759.188543,0.09010791778564453,1300.0,baseline
1777618759.188568,0.0901329517364502,1297.0,baseline
1777618759.1885922,0.09015703201293945,1297.0,baseline
1777618759.188617,0.09018182754516602,1298.0,baseline
1777618759.188641,0.09020590782165527,1300.0,baseline
1777618759.188666,0.09023094177246094,1299.0,baseline
1777618759.188695,0.09025979042053223,1298.0,baseline
1777618759.1887202,0.09028506278991699,1301.0,baseline
1777618759.1887438,0.09030866622924805,1300.0,baseline
1777618759.188768,0.0903327465057373,1299.0,baseline
1777618759.188791,0.09035587310791016,1299.0,baseline
1777618759.1888142,0.09037899971008301,1299.0,baseline
1777618759.188836,0.09040093421936035,1301.0,baseline
1777618759.188859,0.0904238224029541,1302.0,baseline
1777618759.1888819,0.09044671058654785,1301.0,baseline
1777618759.188905,0.0904698371887207,1298.0,baseline
1777618759.188928,0.09049272537231445,1299.0,baseline
1777618759.18895,0.0905148983001709,1300.0,baseline
1777618759.188973,0.09053778648376465,1299.0,baseline
1777618759.188996,0.0905609130859375,1299.0,baseline
1777618759.189019,0.09058380126953125,1298.0,baseline
1777618759.1890419,0.090606689453125,1300.0,baseline
1777618759.189064,0.09062886238098145,1300.0,baseline
1777618759.189087,0.0906517505645752,1299.0,baseline
1777618759.18911,0.09067487716674805,1299.0,baseline
1777618759.189132,0.09069681167602539,1299.0,baseline
1777618759.189166,0.09073090553283691,1298.0,baseline
1777618759.1891892,0.09075403213500977,1299.0,baseline
1777618759.189219,0.09078383445739746,1297.0,baseline
1777618759.1892421,0.09080696105957031,1298.0,baseline
1777618759.189265,0.09082984924316406,1299.0,baseline
1777618759.189288,0.09085273742675781,1300.0,baseline
1777618759.189311,0.09087586402893066,1302.0,baseline
1777618759.189334,0.09089875221252441,1301.0,baseline
1777618759.189357,0.09092187881469727,1300.0,baseline
1777618759.1893802,0.09094500541687012,1298.0,baseline
1777618759.189402,0.09096693992614746,1299.0,baseline
1777618759.189425,0.09098982810974121,1299.0,baseline
1777618759.1894479,0.09101271629333496,1298.0,baseline
1777618759.189471,0.09103584289550781,1299.0,baseline
1777618759.1894941,0.09105896949768066,1298.0,baseline
1777618759.189516,0.09108090400695801,1299.0,baseline
1777618759.189539,0.09110379219055176,1300.0,baseline
1777618759.189562,0.09112691879272461,1298.0,baseline
1777618759.189585,0.09114980697631836,1298.0,baseline
1777618759.1896079,0.09117269515991211,1299.0,baseline
1777618759.18963,0.09119486808776855,1298.0,baseline
1777618759.189653,0.0912177562713623,1300.0,baseline
1777618759.189676,0.09124088287353516,1301.0,baseline
1777618759.1896992,0.09126400947570801,1300.0,baseline
1777618759.189727,0.09129190444946289,1301.0,baseline
1777618759.189752,0.09131693840026855,1301.0,baseline
1777618759.189775,0.0913398265838623,1299.0,baseline
1777618759.1897972,0.09136199951171875,1298.0,baseline
1777618759.189821,0.0913858413696289,1298.0,baseline
1777618759.189843,0.09140777587890625,1298.0,baseline
1777618759.189866,0.0914309024810791,1298.0,baseline
1777618759.189889,0.09145379066467285,1299.0,baseline
1777618759.189912,0.0914769172668457,1302.0,baseline
1777618759.1899352,0.09150004386901855,1300.0,baseline
1777618759.1899571,0.0915219783782959,1301.0,baseline
1777618759.1899798,0.09154462814331055,1299.0,baseline
1777618759.190003,0.0915677547454834,1298.0,baseline
1777618759.190026,0.09159088134765625,1298.0,baseline
1777618759.190049,0.09161376953125,1300.0,baseline
1777618759.190071,0.09163594245910645,1301.0,baseline
1777618759.190094,0.0916588306427002,1301.0,baseline
1777618759.1901171,0.09168195724487305,1300.0,baseline
1777618759.19014,0.0917048454284668,1299.0,baseline
1777618759.190163,0.09172773361206055,1300.0,baseline
1777618759.190186,0.0917508602142334,1298.0,baseline
1777618759.190208,0.09177279472351074,1299.0,baseline
1777618759.190237,0.09180188179016113,1300.0,baseline
1777618759.190262,0.0918269157409668,1299.0,baseline
1777618759.190285,0.09184980392456055,1300.0,baseline
1777618759.190308,0.0918729305267334,1298.0,baseline
1777618759.190331,0.09189581871032715,1297.0,baseline
1777618759.190353,0.09191775321960449,1298.0,baseline
1777618759.190376,0.09194087982177734,1297.0,baseline
1777618759.190399,0.0919637680053711,1298.0,baseline
1777618759.190421,0.09198594093322754,1299.0,baseline
1777618759.190444,0.09200882911682129,1301.0,baseline
1777618759.1904671,0.09203195571899414,1300.0,baseline
1777618759.19049,0.09205484390258789,1299.0,baseline
1777618759.190513,0.09207773208618164,1298.0,baseline
1777618759.190536,0.09210085868835449,1298.0,baseline
1777618759.190558,0.09212279319763184,1300.0,baseline
1777618759.190581,0.09214591979980469,1299.0,baseline
1777618759.190604,0.09216880798339844,1298.0,baseline
1777618759.190627,0.09219193458557129,1297.0,baseline
1777618759.1906502,0.09221506118774414,1299.0,baseline
1777618759.1906729,0.09223771095275879,1299.0,baseline
1777618759.190696,0.09226083755493164,1298.0,baseline
1777618759.190718,0.09228277206420898,1299.0,baseline
1777618759.190741,0.09230589866638184,1298.0,baseline
1777618759.19077,0.09233474731445312,1298.0,baseline
1777618759.190794,0.09235882759094238,1298.0,baseline
1777618759.190816,0.09238076210021973,1299.0,baseline
1777618759.190839,0.09240388870239258,1298.0,baseline
1777618759.1908622,0.09242701530456543,1299.0,baseline
1777618759.190885,0.09244990348815918,1301.0,baseline
1777618759.190908,0.09247279167175293,1299.0,baseline
1777618759.1909308,0.09249567985534668,1301.0,baseline
1777618759.190954,0.09251880645751953,1299.0,baseline
1777618759.190977,0.09254193305969238,1298.0,baseline
1777618759.191,0.09256482124328613,1298.0,baseline
1777618759.1910222,0.09258699417114258,1301.0,baseline
1777618759.191045,0.09260988235473633,1301.0,baseline
1777618759.191068,0.09263277053833008,1300.0,baseline
1777618759.191091,0.09265589714050293,1299.0,baseline
1777618759.191114,0.09267878532409668,1302.0,baseline
1777618759.191136,0.09270071983337402,1300.0,baseline
1777618759.191159,0.09272384643554688,1299.0,baseline
1777618759.1911821,0.09274697303771973,1300.0,baseline
1777618759.191205,0.09276986122131348,1300.0,baseline
1777618759.191228,0.09279274940490723,1298.0,baseline
1777618759.1912498,0.09281468391418457,1296.0,baseline
1777618759.1912792,0.09284400939941406,1298.0,baseline
1777618759.1913059,0.09287071228027344,1299.0,baseline
1777618759.191328,0.09289288520812988,1300.0,baseline
1777618759.191351,0.09291577339172363,1299.0,baseline
1777618759.191374,0.09293889999389648,1298.0,baseline
1777618759.1913972,0.09296202659606934,1299.0,baseline
1777618759.1914198,0.09298467636108398,1300.0,baseline
1777618759.191443,0.09300780296325684,1301.0,baseline
1777618759.191466,0.09303092956542969,1302.0,baseline
1777618759.191489,0.09305381774902344,1302.0,baseline
1777618759.191512,0.09307694435119629,1299.0,baseline
1777618759.191535,0.09309983253479004,1301.0,baseline
1777618759.191558,0.09312272071838379,1298.0,baseline
1777618759.1915798,0.09314465522766113,1299.0,baseline
1777618759.191604,0.09316873550415039,1299.0,baseline
1777618759.191627,0.09319186210632324,1298.0,baseline
1777618759.1916502,0.0932149887084961,1301.0,baseline
1777618759.191673,0.09323787689208984,1299.0,baseline
1777618759.191696,0.0932607650756836,1298.0,baseline
1777618759.1917188,0.09328365325927734,1300.0,baseline
1777618759.191742,0.0933067798614502,1300.0,baseline
1777618759.191765,0.09332990646362305,1302.0,baseline
1777618759.191791,0.09335589408874512,1300.0,baseline
1777618759.191817,0.09338188171386719,1299.0,baseline
1777618759.191854,0.09341883659362793,1301.0,baseline
1777618759.1918778,0.09344267845153809,1299.0,baseline
1777618759.191901,0.09346580505371094,1299.0,baseline
1777618759.1919239,0.09348869323730469,1302.0,baseline
1777618759.191948,0.09351277351379395,1300.0,baseline
1777618759.191972,0.0935368537902832,1302.0,baseline
1777618759.191995,0.09355974197387695,1301.0,baseline
1777618759.192018,0.0935828685760498,1301.0,baseline
1777618759.192041,0.09360575675964355,1298.0,baseline
1777618759.192064,0.0936288833618164,1300.0,baseline
1777618759.192086,0.09365081787109375,1302.0,baseline
1777618759.192109,0.0936739444732666,1300.0,baseline
1777618759.1921332,0.09369802474975586,1302.0,baseline
1777618759.1921558,0.09372067451477051,1299.0,baseline
1777618759.192179,0.09374380111694336,1296.0,baseline
1777618759.192202,0.09376692771911621,1302.0,baseline
1777618759.192225,0.09378981590270996,1302.0,baseline
1777618759.1922612,0.0938260555267334,1300.0,baseline
1777618759.1922848,0.09384965896606445,1299.0,baseline
1777618759.192308,0.0938727855682373,1298.0,baseline
1777618759.1923451,0.09390997886657715,1298.0,baseline
1777618759.192369,0.0939338207244873,1298.0,baseline
1777618759.1923919,0.09395670890808105,1301.0,baseline
1777618759.192415,0.0939798355102539,1298.0,baseline
1777618759.1924381,0.09400296211242676,1298.0,baseline
1777618759.192461,0.09402585029602051,1298.0,baseline
1777618759.192495,0.09405994415283203,1298.0,baseline
1777618759.192518,0.09408283233642578,1297.0,baseline
1777618759.192541,0.09410572052001953,1298.0,baseline
1777618759.192564,0.09412884712219238,1299.0,baseline
1777618759.192598,0.0941629409790039,1298.0,baseline
1777618759.192621,0.09418582916259766,1298.0,baseline
1777618759.1926441,0.09420895576477051,1302.0,baseline
1777618759.192682,0.09424686431884766,1300.0,baseline
1777618759.192706,0.09427094459533691,1298.0,baseline
1777618759.192729,0.09429383277893066,1301.0,baseline
1777618759.1927521,0.09431695938110352,1302.0,baseline
1777618759.192775,0.09433984756469727,1302.0,baseline
1777618759.192798,0.09436273574829102,1301.0,baseline
1777618759.192821,0.09438586235046387,1303.0,baseline
1777618759.192844,0.09440875053405762,1302.0,baseline
1777618759.192867,0.09443187713623047,1301.0,baseline
1777618759.192896,0.09446072578430176,1301.0,baseline
1777618759.192922,0.09448695182800293,1301.0,baseline
1777618759.192945,0.09450984001159668,1300.0,baseline
1777618759.192968,0.09453272819519043,1301.0,baseline
1777618759.19299,0.09455490112304688,1301.0,baseline
1777618759.193013,0.09457778930664062,1301.0,baseline
1777618759.193036,0.09460091590881348,1301.0,baseline
1777618759.193059,0.09462380409240723,1302.0,baseline
1777618759.193082,0.09464693069458008,1304.0,baseline
1777618759.193105,0.09466981887817383,1303.0,baseline
1777618759.1931279,0.09469270706176758,1303.0,baseline
1777618759.19315,0.09471487998962402,1302.0,baseline
1777618759.193173,0.09473776817321777,1297.0,baseline
1777618759.193196,0.09476089477539062,1298.0,baseline
1777618759.193218,0.09478282928466797,1299.0,baseline
1777618759.1932411,0.09480595588684082,1301.0,baseline
1777618759.1932642,0.09482908248901367,1301.0,baseline
1777618759.193287,0.09485173225402832,1302.0,baseline
1777618759.19331,0.09487485885620117,1300.0,baseline
1777618759.193333,0.09489774703979492,1303.0,baseline
1777618759.193355,0.09491991996765137,1302.0,baseline
1777618759.193381,0.09494590759277344,1301.0,baseline
1777618759.193411,0.09497594833374023,1302.0,baseline
1777618759.193435,0.09499979019165039,1301.0,baseline
1777618759.1934578,0.09502267837524414,1301.0,baseline
1777618759.193481,0.09504580497741699,1301.0,baseline
1777618759.193504,0.09506893157958984,1299.0,baseline
1777618759.193526,0.09509086608886719,1302.0,baseline
1777618759.1935492,0.09511399269104004,1303.0,baseline
1777618759.193572,0.09513688087463379,1302.0,baseline
1777618759.193595,0.09515976905822754,1304.0,baseline
1777618759.1936178,0.09518265724182129,1302.0,baseline
1777618759.193645,0.09520983695983887,1301.0,baseline
1777618759.1936681,0.09523296356201172,1302.0,baseline
1777618759.1936908,0.09525561332702637,1302.0,baseline
1777618759.193714,0.09527873992919922,1299.0,baseline
1777618759.193737,0.09530186653137207,1299.0,baseline
1777618759.193762,0.09532690048217773,1301.0,baseline
1777618759.1937852,0.09535002708435059,1300.0,baseline
1777618759.1938078,0.09537267684936523,1302.0,baseline
1777618759.193831,0.09539580345153809,1298.0,baseline
1777618759.1938539,0.09541869163513184,1300.0,baseline
1777618759.193876,0.09544086456298828,1301.0,baseline
1777618759.1939,0.09546494483947754,1300.0,baseline
1777618759.193923,0.09548783302307129,1302.0,baseline
1777618759.193951,0.09551572799682617,1301.0,baseline
1777618759.1939762,0.09554100036621094,1299.0,baseline
1777618759.193998,0.09556293487548828,1298.0,baseline
1777618759.1940212,0.09558606147766113,1298.0,baseline
1777618759.1940439,0.09560871124267578,1298.0,baseline
1777618759.194067,0.09563183784484863,1300.0,baseline
1777618759.19409,0.09565472602844238,1302.0,baseline
1777618759.194113,0.09567785263061523,1299.0,baseline
1777618759.194135,0.09569978713989258,1301.0,baseline
1777618759.194158,0.09572291374206543,1300.0,baseline
1777618759.194182,0.09574675559997559,1302.0,baseline
1777618759.1942039,0.09576869010925293,1301.0,baseline
1777618759.194227,0.09579181671142578,1302.0,baseline
1777618759.1942499,0.09581470489501953,1303.0,baseline
1777618759.194273,0.09583783149719238,1302.0,baseline
1777618759.1942961,0.09586095809936523,1301.0,baseline
1777618759.194319,0.09588384628295898,1299.0,baseline
1777618759.194342,0.09590673446655273,1302.0,baseline
1777618759.1943638,0.09592866897583008,1302.0,baseline
1777618759.194387,0.09595179557800293,1302.0,baseline
1777618759.19441,0.09597492218017578,1301.0,baseline
1777618759.194433,0.09599781036376953,1299.0,baseline
1777618759.194462,0.09602689743041992,1300.0,baseline
1777618759.194487,0.09605193138122559,1300.0,baseline
1777618759.19451,0.09607481956481934,1302.0,baseline
1777618759.194533,0.09609794616699219,1302.0,baseline
1777618759.194556,0.09612083435058594,1302.0,baseline
1777618759.194579,0.09614372253417969,1298.0,baseline
1777618759.194602,0.09616684913635254,1302.0,baseline
1777618759.1946251,0.09618997573852539,1298.0,baseline
1777618759.194648,0.09621286392211914,1302.0,baseline
1777618759.19467,0.09623479843139648,1301.0,baseline
1777618759.194693,0.09625792503356934,1303.0,baseline
1777618759.194716,0.09628081321716309,1301.0,baseline
1777618759.1947389,0.09630370140075684,1298.0,baseline
1777618759.194762,0.09632682800292969,1300.0,baseline
1777618759.194785,0.09634995460510254,1301.0,baseline
1777618759.194807,0.09637188911437988,1302.0,baseline
1777618759.1948311,0.09639596939086914,1301.0,baseline
1777618759.194853,0.09641790390014648,1302.0,baseline
1777618759.194876,0.09644079208374023,1299.0,baseline
1777618759.1948988,0.09646368026733398,1300.0,baseline
1777618759.194922,0.09648680686950684,1302.0,baseline
1777618759.194945,0.09650993347167969,1303.0,baseline
1777618759.194973,0.09653782844543457,1301.0,baseline
1777618759.194997,0.09656190872192383,1302.0,baseline
1777618759.19502,0.09658479690551758,1304.0,baseline
1777618759.195043,0.09660792350769043,1301.0,baseline
1777618759.1950662,0.09663105010986328,1300.0,baseline
1777618759.1950889,0.09665369987487793,1301.0,baseline
1777618759.1951108,0.09667563438415527,1302.0,baseline
1777618759.195134,0.09669876098632812,1300.0,baseline
1777618759.195157,0.09672188758850098,1297.0,baseline
1777618759.19518,0.09674477577209473,1299.0,baseline
1777618759.195203,0.09676790237426758,1299.0,baseline
1777618759.1952262,0.09679102897644043,1299.0,baseline
1777618759.1952488,0.09681367874145508,1298.0,baseline
1777618759.195272,0.09683680534362793,1299.0,baseline
1777618759.1952949,0.09685969352722168,1301.0,baseline
1777618759.195318,0.09688282012939453,1301.0,baseline
1777618759.19534,0.09690475463867188,1301.0,baseline
1777618759.195363,0.09692788124084473,1301.0,baseline
1777618759.1953862,0.09695100784301758,1299.0,baseline
1777618759.1954088,0.09697365760803223,1301.0,baseline
1777618759.195432,0.09699678421020508,1300.0,baseline
1777618759.195455,0.09701991081237793,1298.0,baseline
1777618759.195484,0.09704875946044922,1301.0,baseline
1777618759.195508,0.09707283973693848,1301.0,baseline
1777618759.195531,0.09709572792053223,1298.0,baseline
1777618759.195554,0.09711885452270508,1301.0,baseline
1777618759.195576,0.09714078903198242,1299.0,baseline
1777618759.195599,0.09716391563415527,1298.0,baseline
1777618759.195622,0.09718680381774902,1303.0,baseline
1777618759.1956449,0.09720969200134277,1304.0,baseline
1777618759.195669,0.09723377227783203,1303.0,baseline
1777618759.195691,0.09725594520568848,1302.0,baseline
1777618759.195714,0.09727883338928223,1300.0,baseline
1777618759.1957371,0.09730195999145508,1301.0,baseline
1777618759.19576,0.09732484817504883,1298.0,baseline
1777618759.195783,0.09734773635864258,1302.0,baseline
1777618759.1958048,0.09736967086791992,1302.0,baseline
1777618759.195828,0.09739279747009277,1303.0,baseline
1777618759.195851,0.09741592407226562,1302.0,baseline
1777618759.195874,0.09743881225585938,1302.0,baseline
1777618759.195897,0.09746193885803223,1302.0,baseline
1777618759.19592,0.09748482704162598,1300.0,baseline
1777618759.1959429,0.09750771522521973,1299.0,baseline
1777618759.195966,0.09753084182739258,1299.0,baseline
1777618759.195988,0.09755277633666992,1302.0,baseline
1777618759.196023,0.09758782386779785,1302.0,baseline
1777618759.196046,0.0976109504699707,1302.0,baseline
1777618759.196069,0.09763383865356445,1302.0,baseline
1777618759.196091,0.0976557731628418,1299.0,baseline
1777618759.1961138,0.09767866134643555,1301.0,baseline
1777618759.1961532,0.0977180004119873,1300.0,baseline
1777618759.196177,0.09774184226989746,1301.0,baseline
1777618759.1962,0.09776473045349121,1303.0,baseline
1777618759.196223,0.09778785705566406,1302.0,baseline
1777618759.196246,0.09781074523925781,1303.0,baseline
1777618759.196269,0.09783387184143066,1299.0,baseline
1777618759.196291,0.09785580635070801,1300.0,baseline
1777618759.196314,0.09787893295288086,1302.0,baseline
1777618759.196337,0.09790182113647461,1302.0,baseline
1777618759.1963599,0.09792470932006836,1301.0,baseline
1777618759.196383,0.09794783592224121,1301.0,baseline
1777618759.196405,0.09796977043151855,1302.0,baseline
1777618759.196428,0.0979928970336914,1302.0,baseline
1777618759.1964512,0.09801602363586426,1300.0,baseline
1777618759.196474,0.09803891181945801,1298.0,baseline
1777618759.1964958,0.09806060791015625,1302.0,baseline
1777618759.196519,0.0980837345123291,1301.0,baseline
1777618759.1965492,0.098114013671875,1301.0,baseline
1777618759.1965718,0.09813666343688965,1302.0,baseline
1777618759.196595,0.0981597900390625,1300.0,baseline
1777618759.196618,0.09818291664123535,1301.0,baseline
1777618759.196641,0.0982058048248291,1299.0,baseline
1777618759.196664,0.09822893142700195,1302.0,baseline
1777618759.196686,0.0982508659362793,1303.0,baseline
1777618759.1967092,0.09827399253845215,1305.0,baseline
1777618759.1967318,0.0982966423034668,1304.0,baseline
1777618759.196755,0.09831976890563965,1301.0,baseline
1777618759.196778,0.0983428955078125,1301.0,baseline
1777618759.196801,0.09836578369140625,1303.0,baseline
1777618759.196824,0.0983889102935791,1300.0,baseline
1777618759.196846,0.09841084480285645,1302.0,baseline
1777618759.1968691,0.0984339714050293,1303.0,baseline
1777618759.196895,0.09845972061157227,1302.0,baseline
1777618759.196918,0.09848284721374512,1300.0,baseline
1777618759.1969411,0.09850597381591797,1303.0,baseline
1777618759.196964,0.09852886199951172,1302.0,baseline
1777618759.196987,0.09855175018310547,1299.0,baseline
1777618759.1970088,0.09857368469238281,1300.0,baseline
1777618759.197032,0.09859681129455566,1301.0,baseline
1777618759.197061,0.09862589836120605,1301.0,baseline
1777618759.197087,0.09865188598632812,1300.0,baseline
1777618759.19711,0.09867477416992188,1301.0,baseline
1777618759.197132,0.09869694709777832,1299.0,baseline
1777618759.197155,0.09871983528137207,1298.0,baseline
1777618759.1971781,0.09874296188354492,1301.0,baseline
1777618759.197201,0.09876585006713867,1301.0,baseline
1777618759.197224,0.09878873825073242,1300.0,baseline
1777618759.197247,0.09881186485290527,1300.0,baseline
1777618759.19727,0.09883475303649902,1300.0,baseline
1777618759.197293,0.09885787963867188,1298.0,baseline
1777618759.197315,0.09887981414794922,1299.0,baseline
1777618759.197338,0.09890294075012207,1299.0,baseline
1777618759.197361,0.09892582893371582,1302.0,baseline
1777618759.1973839,0.09894871711730957,1302.0,baseline
1777618759.197407,0.09897184371948242,1303.0,baseline
1777618759.197429,0.09899377822875977,1301.0,baseline
1777618759.197452,0.09901690483093262,1301.0,baseline
1777618759.197475,0.09903979301452637,1301.0,baseline
1777618759.197498,0.09906291961669922,1302.0,baseline
1777618759.197521,0.09908580780029297,1302.0,baseline
1777618759.1975439,0.09910869598388672,1299.0,baseline
1777618759.197574,0.09913873672485352,1304.0,baseline
1777618759.197599,0.09916377067565918,1301.0,baseline
1777618759.197622,0.09918689727783203,1300.0,baseline
1777618759.197645,0.09920978546142578,1302.0,baseline
1777618759.197668,0.09923291206359863,1300.0,baseline
1777618759.197691,0.09925580024719238,1301.0,baseline
1777618759.197713,0.09927773475646973,1301.0,baseline
1777618759.197736,0.09930086135864258,1299.0,baseline
1777618759.197759,0.09932374954223633,1301.0,baseline
1777618759.197782,0.09934687614440918,1302.0,baseline
1777618759.1978052,0.09937000274658203,1303.0,baseline
1777618759.197828,0.09939289093017578,1301.0,baseline
1777618759.197851,0.09941577911376953,1301.0,baseline
1777618759.197876,0.0994408130645752,1303.0,baseline
1777618759.197899,0.09946393966674805,1300.0,baseline
1777618759.197922,0.0994868278503418,1299.0,baseline
1777618759.197945,0.09950995445251465,1301.0,baseline
1777618759.1979678,0.0995326042175293,1302.0,baseline
1777618759.19799,0.09955477714538574,1302.0,baseline
1777618759.1980128,0.09957766532897949,1302.0,baseline
1777618759.198036,0.09960079193115234,1302.0,baseline
1777618759.198059,0.0996239185333252,1303.0,baseline
1777618759.198082,0.09964680671691895,1303.0,baseline
1777618759.1981099,0.09967470169067383,1302.0,baseline
1777618759.198134,0.09969878196716309,1299.0,baseline
1777618759.198157,0.09972190856933594,1301.0,baseline
1777618759.1981802,0.09974503517150879,1300.0,baseline
1777618759.1982028,0.09976768493652344,1298.0,baseline
1777618759.198226,0.09979081153869629,1305.0,baseline
1777618759.1982489,0.09981369972229004,1304.0,baseline
1777618759.198271,0.09983587265014648,1301.0,baseline
1777618759.198294,0.09985876083374023,1299.0,baseline
1777618759.198317,0.09988188743591309,1301.0,baseline
1777618759.1983402,0.09990501403808594,1300.0,baseline
1777618759.1983628,0.09992766380310059,1299.0,baseline
1777618759.198386,0.09995079040527344,1301.0,baseline
1777618759.1984088,0.09997367858886719,1299.0,baseline
1777618759.198432,0.09999680519104004,1301.0,baseline
1777618759.198455,0.10001993179321289,1302.0,baseline
1777618759.198478,0.10004281997680664,1302.0,baseline
1777618759.198501,0.10006594657897949,1307.0,baseline
1777618759.198524,0.10008883476257324,1303.0,baseline
1777618759.198547,0.10011172294616699,1301.0,baseline
1777618759.19857,0.10013484954833984,1300.0,baseline
1777618759.1985931,0.1001579761505127,1299.0,baseline
1777618759.1986182,0.10018301010131836,1301.0,baseline
1777618759.198643,0.10020780563354492,1301.0,baseline
1777618759.198666,0.10023093223571777,1297.0,baseline
1777618759.198689,0.10025382041931152,1298.0,baseline
1777618759.198712,0.10027694702148438,1300.0,baseline
1777618759.198734,0.10029888153076172,1302.0,baseline
1777618759.1987572,0.10032200813293457,1301.0,baseline
1777618759.1987798,0.10034465789794922,1301.0,baseline
1777618759.198803,0.10036778450012207,1303.0,baseline
1777618759.198826,0.10039091110229492,1301.0,baseline
1777618759.198849,0.10041379928588867,1301.0,baseline
1777618759.1988711,0.10043597221374512,1302.0,baseline
1777618759.198894,0.10045886039733887,1300.0,baseline
1777618759.1989172,0.10048198699951172,1297.0,baseline
1777618759.1989398,0.10050463676452637,1299.0,baseline
1777618759.198963,0.10052776336669922,1296.0,baseline
1777618759.198986,0.10055088996887207,1301.0,baseline
1777618759.199009,0.10057377815246582,1300.0,baseline
1777618759.199032,0.10059690475463867,1301.0,baseline
1777618759.199054,0.10061883926391602,1300.0,baseline
1777618759.1990771,0.10064196586608887,1302.0,baseline
1777618759.1991,0.10066485404968262,1301.0,baseline
1777618759.199126,0.10069084167480469,1303.0,baseline
1777618759.199151,0.10071587562561035,1302.0,baseline
1777618759.199174,0.1007387638092041,1301.0,baseline
1777618759.1991968,0.10076165199279785,1301.0,baseline
1777618759.19922,0.1007847785949707,1299.0,baseline
1777618759.199243,0.10080790519714355,1301.0,baseline
1777618759.199265,0.1008298397064209,1300.0,baseline
1777618759.1992881,0.10085296630859375,1296.0,baseline
1777618759.199311,0.1008758544921875,1300.0,baseline
1777618759.199334,0.10089874267578125,1302.0,baseline
1777618759.199357,0.1009218692779541,1302.0,baseline
1777618759.19938,0.10094475746154785,1300.0,baseline
1777618759.199403,0.1009678840637207,1302.0,baseline
1777618759.199426,0.10099077224731445,1302.0,baseline
1777618759.199448,0.1010129451751709,1302.0,baseline
1777618759.199471,0.10103583335876465,1301.0,baseline
1777618759.199494,0.1010587215423584,1301.0,baseline
1777618759.199517,0.10108184814453125,1300.0,baseline
1777618759.19954,0.101104736328125,1301.0,baseline
1777618759.199563,0.10112786293029785,1301.0,baseline
1777618759.1996002,0.1011650562286377,1301.0,baseline
1777618759.1996229,0.10118770599365234,1299.0,baseline
1777618759.1996522,0.10121703147888184,1305.0,baseline
1777618759.199677,0.1012418270111084,1301.0,baseline
1777618759.1996999,0.10126471519470215,1301.0,baseline
1777618759.199723,0.101287841796875,1301.0,baseline
1777618759.1997461,0.10131096839904785,1302.0,baseline
1777618759.199769,0.1013338565826416,1302.0,baseline
1777618759.1997912,0.10135602951049805,1302.0,baseline
1777618759.1998138,0.1013786792755127,1300.0,baseline
1777618759.199837,0.10140180587768555,1301.0,baseline
1777618759.1998599,0.1014246940612793,1302.0,baseline
1777618759.199882,0.10144686698913574,1302.0,baseline
1777618759.199905,0.10146975517272949,1301.0,baseline
1777618759.199928,0.10149288177490234,1299.0,baseline
1777618759.1999512,0.1015160083770752,1300.0,baseline
1777618759.1999738,0.10153865814208984,1302.0,baseline
1777618759.199996,0.10156083106994629,1302.0,baseline
1777618759.200019,0.10158371925354004,1300.0,baseline
1777618759.200042,0.10160684585571289,1299.0,baseline
1777618759.2000651,0.10162997245788574,1301.0,baseline
1777618759.200088,0.10165286064147949,1301.0,baseline
1777618759.2001102,0.10167503356933594,1297.0,baseline
1777618759.200133,0.10169792175292969,1302.0,baseline
1777618759.200156,0.10172080993652344,1301.0,baseline
1777618759.200185,0.10174989700317383,1302.0,baseline
1777618759.200209,0.10177373886108398,1300.0,baseline
1777618759.200232,0.10179686546325684,1299.0,baseline
1777618759.200255,0.10181975364685059,1302.0,baseline
1777618759.200277,0.10184192657470703,1302.0,baseline
1777618759.2003012,0.10186600685119629,1301.0,baseline
1777618759.200324,0.10188889503479004,1300.0,baseline
1777618759.200347,0.10191178321838379,1302.0,baseline
1777618759.2003698,0.10193467140197754,1301.0,baseline
1777618759.200393,0.10195779800415039,1299.0,baseline
1777618759.200416,0.10198092460632324,1299.0,baseline
1777618759.200438,0.10200285911560059,1302.0,baseline
1777618759.20046,0.10202479362487793,1300.0,baseline
1777618759.2004821,0.10204696655273438,1299.0,baseline
1777618759.200504,0.10206890106201172,1299.0,baseline
1777618759.200526,0.10209083557128906,1302.0,baseline
1777618759.2005482,0.10211300849914551,1301.0,baseline
1777618759.20057,0.10213494300842285,1299.0,baseline
1777618759.2005918,0.1021566390991211,1299.0,baseline
1777618759.200614,0.10217881202697754,1301.0,baseline
1777618759.200636,0.10220074653625488,1301.0,baseline
1777618759.2006578,0.10222268104553223,1299.0,baseline
1777618759.200683,0.10224795341491699,1300.0,baseline
1777618759.200707,0.10227179527282715,1300.0,baseline
1777618759.2007291,0.1022939682006836,1301.0,baseline
1777618759.200751,0.10231590270996094,1301.0,baseline
1777618759.2007732,0.10233807563781738,1301.0,baseline
1777618759.200795,0.10235977172851562,1300.0,baseline
1777618759.2008169,0.10238170623779297,1300.0,baseline
1777618759.2008388,0.10240364074707031,1301.0,baseline
1777618759.200861,0.10242581367492676,1301.0,baseline
1777618759.200883,0.1024477481842041,1299.0,baseline
1777618759.2009048,0.10246968269348145,1300.0,baseline
1777618759.200928,0.1024928092956543,1302.0,baseline
1777618759.20095,0.10251474380493164,1304.0,baseline
1777618759.200972,0.10253691673278809,1303.0,baseline
1777618759.200994,0.10255885124206543,1301.0,baseline
1777618759.201016,0.10258078575134277,1298.0,baseline
1777618759.2010381,0.10260295867919922,1300.0,baseline
1777618759.20106,0.10262489318847656,1301.0,baseline
1777618759.2010822,0.10264706611633301,1300.0,baseline
1777618759.2011049,0.10266971588134766,1299.0,baseline
1777618759.2011268,0.102691650390625,1301.0,baseline
1777618759.201149,0.10271382331848145,1300.0,baseline
1777618759.201174,0.10273885726928711,1301.0,baseline
1777618759.201198,0.10276293754577637,1301.0,baseline
1777618759.20122,0.10278487205505371,1299.0,baseline
1777618759.2012422,0.10280704498291016,1302.0,baseline
1777618759.2012641,0.1028289794921875,1300.0,baseline
1777618759.2012858,0.10285067558288574,1300.0,baseline
1777618759.201309,0.1028738021850586,1301.0,baseline
1777618759.201331,0.10289573669433594,1298.0,baseline
1777618759.201353,0.10291790962219238,1301.0,baseline
1777618759.201375,0.10293984413146973,1301.0,baseline
1777618759.201397,0.10296177864074707,1298.0,baseline
1777618759.201419,0.10298395156860352,1302.0,baseline
1777618759.201441,0.10300588607788086,1298.0,baseline
1777618759.201463,0.1030278205871582,1302.0,baseline
1777618759.2014852,0.10304999351501465,1300.0,baseline
1777618759.201507,0.10307192802429199,1295.0,baseline
1777618759.201529,0.10309386253356934,1300.0,baseline
1777618759.2015512,0.10311603546142578,1303.0,baseline
1777618759.2015731,0.10313796997070312,1302.0,baseline
1777618759.2015948,0.10315966606140137,1302.0,baseline
1777618759.201617,0.10318183898925781,1302.0,baseline
1777618759.201639,0.10320377349853516,1299.0,baseline
1777618759.201664,0.10322880744934082,1298.0,baseline
1777618759.201689,0.10325384140014648,1301.0,baseline
1777618759.2017112,0.10327601432800293,1298.0,baseline
1777618759.201733,0.10329794883728027,1299.0,baseline
1777618759.2017548,0.10331964492797852,1298.0,baseline
1777618759.201777,0.10334181785583496,1296.0,baseline
1777618759.201799,0.1033637523651123,1305.0,baseline
1777618759.2018209,0.10338568687438965,1306.0,baseline
1777618759.201843,0.1034078598022461,1298.0,baseline
1777618759.201865,0.10342979431152344,1298.0,baseline
1777618759.201887,0.10345172882080078,1305.0,baseline
1777618759.20191,0.10347485542297363,1315.0,baseline
1777618759.201932,0.10349678993225098,1307.0,baseline
1777618759.2019541,0.10351896286010742,1344.0,baseline
1777618759.201976,0.10354089736938477,1301.0,baseline
1777618759.201998,0.10356283187866211,1302.0,baseline
1777618759.2020202,0.10358500480651855,1271.0,baseline
1777618759.202042,0.1036069393157959,1273.0,baseline
1777618759.2020638,0.10362863540649414,1299.0,baseline
1777618759.202087,0.10365176200866699,1308.0,baseline
1777618759.2021089,0.10367369651794434,1301.0,baseline
1777618759.202131,0.10369586944580078,1289.0,baseline
1777618759.202156,0.10372090339660645,1294.0,baseline
1777618759.2021801,0.1037449836730957,1310.0,baseline
1777618759.202202,0.10376691818237305,1323.0,baseline
1777618759.202224,0.10378885269165039,1308.0,baseline
1777618759.202246,0.10381078720092773,1302.0,baseline
1777618759.202268,0.10383272171020508,1297.0,baseline
1777618759.2022898,0.10385465621948242,1297.0,baseline
1777618759.202313,0.10387778282165527,1297.0,baseline
1777618759.202335,0.10389971733093262,1297.0,baseline
1777618759.202357,0.10392189025878906,1299.0,baseline
1777618759.202379,0.1039438247680664,1301.0,baseline
1777618759.202401,0.10396575927734375,1303.0,baseline
1777618759.202423,0.1039879322052002,1302.0,baseline
1777618759.202445,0.10400986671447754,1300.0,baseline
1777618759.202467,0.10403180122375488,1303.0,baseline
1777618759.2024891,0.10405397415161133,1315.0,baseline
1777618759.202511,0.10407590866088867,1314.0,baseline
1777618759.202533,0.10409784317016602,1310.0,baseline
1777618759.202555,0.10411977767944336,1303.0,baseline
1777618759.2025769,0.1041417121887207,1300.0,baseline
1777618759.2025988,0.10416364669799805,1300.0,baseline
1777618759.202621,0.10418581962585449,1303.0,baseline
1777618759.202646,0.10421085357666016,1306.0,baseline
1777618759.2026691,0.10423398017883301,1302.0,baseline
1777618759.202691,0.10425591468811035,1298.0,baseline
1777618759.202713,0.1042778491973877,1296.0,baseline
1777618759.2027352,0.10430002212524414,1300.0,baseline
1777618759.2027578,0.10432267189025879,1298.0,baseline
1777618759.20278,0.10434484481811523,1297.0,baseline
1777618759.202802,0.10436677932739258,1302.0,baseline
1777618759.2028239,0.10438871383666992,1310.0,baseline
1777618759.202846,0.10441088676452637,1304.0,baseline
1777618759.202868,0.10443282127380371,1303.0,baseline
1777618759.20289,0.10445475578308105,1295.0,baseline
1777618759.202912,0.1044769287109375,1291.0,baseline
1777618759.202934,0.10449886322021484,1288.0,baseline
1777618759.202965,0.10452985763549805,1302.0,baseline
1777618759.2029881,0.1045529842376709,1293.0,baseline
1777618759.20301,0.10457491874694824,1303.0,baseline
1777618759.203032,0.10459685325622559,1314.0,baseline
1777618759.2030542,0.10461902618408203,1319.0,baseline
1777618759.2030761,0.10464096069335938,1315.0,baseline
1777618759.203098,0.10466289520263672,1306.0,baseline
1777618759.2031202,0.10468506813049316,1298.0,baseline
1777618759.203145,0.10470986366271973,1305.0,baseline
1777618759.203168,0.10473275184631348,1303.0,baseline
1777618759.20319,0.10475492477416992,1315.0,baseline
1777618759.203212,0.10477685928344727,1297.0,baseline
1777618759.203234,0.10479879379272461,1279.0,baseline
1777618759.2032561,0.10482096672058105,1286.0,baseline
1777618759.203278,0.1048429012298584,1302.0,baseline
1777618759.2033,0.10486483573913574,1304.0,baseline
1777618759.2033222,0.10488700866699219,1304.0,baseline
1777618759.2033448,0.10490965843200684,1305.0,baseline
1777618759.203367,0.10493183135986328,1306.0,baseline
1777618759.203389,0.10495376586914062,1305.0,baseline
1777618759.2034109,0.10497570037841797,1302.0,baseline
1777618759.203433,0.10499787330627441,1300.0,baseline
1777618759.203455,0.10501980781555176,1298.0,baseline
1777618759.203477,0.1050417423248291,1300.0,baseline
1777618759.203499,0.10506391525268555,1301.0,baseline
1777618759.203521,0.10508584976196289,1297.0,baseline
1777618759.203543,0.10510778427124023,1302.0,baseline
1777618759.2035651,0.10512995719909668,1305.0,baseline
1777618759.203587,0.10515189170837402,1303.0,baseline
1777618759.203609,0.10517382621765137,1297.0,baseline
1777618759.203639,0.10520386695861816,1300.0,baseline
1777618759.2036622,0.10522699356079102,1301.0,baseline
1777618759.203684,0.10524892807006836,1308.0,baseline
1777618759.203707,0.10527181625366211,1302.0,baseline
1777618759.203729,0.10529375076293945,1299.0,baseline
1777618759.2037508,0.1053156852722168,1303.0,baseline
1777618759.203773,0.10533785820007324,1307.0,baseline
1777618759.203795,0.10535979270935059,1306.0,baseline
1777618759.203817,0.10538172721862793,1299.0,baseline
1777618759.203839,0.10540390014648438,1302.0,baseline
1777618759.203861,0.10542583465576172,1300.0,baseline
1777618759.203883,0.10544776916503906,1298.0,baseline
1777618759.203905,0.10546994209289551,1296.0,baseline
1777618759.203928,0.10549283027648926,1316.0,baseline
1777618759.2039502,0.1055150032043457,1311.0,baseline
1777618759.203972,0.10553693771362305,1308.0,baseline
1777618759.203994,0.10555887222290039,1302.0,baseline
1777618759.2040162,0.10558104515075684,1285.0,baseline
1777618759.204038,0.10560274124145508,1307.0,baseline
1777618759.2040598,0.10562467575073242,1298.0,baseline
1777618759.204082,0.10564684867858887,1308.0,baseline
1777618759.204104,0.10566878318786621,1303.0,baseline
1777618759.204132,0.1056969165802002,1301.0,baseline
1777618759.204156,0.10572075843811035,1325.0,baseline
1777618759.2041779,0.1057426929473877,1346.0,baseline
1777618759.2042,0.10576486587524414,1291.0,baseline
1777618759.204222,0.10578680038452148,1299.0,baseline
1777618759.204244,0.10580873489379883,1301.0,baseline
1777618759.204266,0.10583090782165527,1301.0,baseline
1777618759.204288,0.10585284233093262,1303.0,baseline
1777618759.20431,0.10587477684020996,1294.0,baseline
1777618759.204332,0.1058969497680664,1295.0,baseline
1777618759.204355,0.10591983795166016,1304.0,baseline
1777618759.2043772,0.1059420108795166,1302.0,baseline
1777618759.204399,0.10596394538879395,1302.0,baseline
1777618759.204421,0.10598587989807129,1300.0,baseline
1777618759.204443,0.10600781440734863,1302.0,baseline
1777618759.204465,0.10602974891662598,1306.0,baseline
1777618759.204488,0.10605287551879883,1299.0,baseline
1777618759.20451,0.10607481002807617,1294.0,baseline
1777618759.204532,0.10609674453735352,1292.0,baseline
1777618759.204554,0.10611891746520996,1303.0,baseline
1777618759.204576,0.1061408519744873,1308.0,baseline
1777618759.204598,0.10616278648376465,1299.0,baseline
1777618759.204622,0.1061868667602539,1298.0,baseline
1777618759.2046468,0.10621166229248047,1295.0,baseline
1777618759.204669,0.10623383522033691,1302.0,baseline
1777618759.204691,0.10625576972961426,1304.0,baseline
1777618759.2047129,0.1062777042388916,1303.0,baseline
1777618759.204736,0.10630083084106445,1303.0,baseline
1777618759.204758,0.1063227653503418,1305.0,baseline
1777618759.20478,0.10634493827819824,1303.0,baseline
1777618759.204802,0.10636687278747559,1301.0,baseline
1777618759.204824,0.10638880729675293,1302.0,baseline
1777618759.2048461,0.10641098022460938,1302.0,baseline
1777618759.204868,0.10643291473388672,1300.0,baseline
1777618759.20489,0.10645484924316406,1296.0,baseline
1777618759.2049122,0.10647702217102051,1301.0,baseline
1777618759.2049348,0.10649967193603516,1303.0,baseline
1777618759.204957,0.1065218448638916,1303.0,baseline
1777618759.204979,0.10654377937316895,1298.0,baseline
1777618759.2050009,0.10656571388244629,1299.0,baseline
1777618759.205023,0.10658788681030273,1301.0,baseline
1777618759.205045,0.10660982131958008,1300.0,baseline
1777618759.205067,0.10663175582885742,1301.0,baseline
1777618759.205089,0.10665392875671387,1302.0,baseline
1777618759.205117,0.10668182373046875,1302.0,baseline
1777618759.205141,0.10670590400695801,1305.0,baseline
1777618759.205163,0.10672783851623535,1302.0,baseline
1777618759.205185,0.1067497730255127,1305.0,baseline
1777618759.205207,0.10677194595336914,1301.0,baseline
1777618759.205229,0.10679388046264648,1302.0,baseline
1777618759.2052522,0.10681700706481934,1303.0,baseline
1777618759.205274,0.10683894157409668,1306.0,baseline
1777618759.205296,0.10686087608337402,1306.0,baseline
1777618759.205318,0.10688281059265137,1298.0,baseline
1777618759.20534,0.10690474510192871,1303.0,baseline
1777618759.2053618,0.10692667961120605,1301.0,baseline
1777618759.205384,0.1069488525390625,1303.0,baseline
1777618759.205406,0.10697078704833984,1301.0,baseline
1777618759.205428,0.10699272155761719,1302.0,baseline
1777618759.20545,0.10701489448547363,1303.0,baseline
1777618759.205472,0.10703682899475098,1305.0,baseline
1777618759.205495,0.10705995559692383,1307.0,baseline
1777618759.205517,0.10708189010620117,1302.0,baseline
1777618759.205539,0.10710382461547852,1302.0,baseline
1777618759.2055612,0.10712599754333496,1308.0,baseline
1777618759.205583,0.1071479320526123,1303.0,baseline
1777618759.205611,0.10717582702636719,1302.0,baseline
1777618759.205636,0.10720086097717285,1301.0,baseline
1777618759.2056582,0.1072230339050293,1303.0,baseline
1777618759.2056801,0.10724496841430664,1305.0,baseline
1777618759.2057018,0.10726666450500488,1304.0,baseline
1777618759.205724,0.10728883743286133,1302.0,baseline
1777618759.205746,0.10731077194213867,1302.0,baseline
1777618759.2057679,0.10733270645141602,1303.0,baseline
1777618759.20579,0.10735487937927246,1302.0,baseline
1777618759.205812,0.1073768138885498,1301.0,baseline
1777618759.205834,0.10739874839782715,1301.0,baseline
1777618759.205856,0.1074209213256836,1304.0,baseline
1777618759.205878,0.10744285583496094,1303.0,baseline
1777618759.2059,0.10746479034423828,1302.0,baseline
1777618759.2059221,0.10748696327209473,1303.0,baseline
1777618759.205944,0.10750889778137207,1303.0,baseline
1777618759.205966,0.10753083229064941,1299.0,baseline
1777618759.2059882,0.10755300521850586,1300.0,baseline
1777618759.20601,0.1075749397277832,1302.0,baseline
1777618759.2060318,0.10759663581848145,1303.0,baseline
1777618759.206054,0.10761880874633789,1304.0,baseline
1777618759.206076,0.10764074325561523,1301.0,baseline
1777618759.206104,0.10766887664794922,1302.0,baseline
1777618759.2061272,0.10769200325012207,1302.0,baseline
1777618759.2061498,0.10771465301513672,1302.0,baseline
1777618759.206172,0.10773682594299316,1303.0,baseline
1777618759.206193,0.1077578067779541,1303.0,baseline
1777618759.206215,0.10777974128723145,1303.0,baseline
1777618759.206238,0.1078028678894043,1305.0,baseline
1777618759.206259,0.10782384872436523,1304.0,baseline
1777618759.206283,0.10784792900085449,1306.0,baseline
1777618759.206316,0.10788083076477051,1305.0,baseline
1777618759.2063382,0.10790300369262695,1300.0,baseline
1777618759.206361,0.1079258918762207,1302.0,baseline
1777618759.206383,0.10794782638549805,1305.0,baseline
1777618759.2064052,0.10796999931335449,1305.0,baseline
1777618759.2064269,0.10799169540405273,1305.0,baseline
1777618759.2064488,0.10801362991333008,1304.0,baseline
1777618759.206471,0.10803580284118652,1303.0,baseline
1777618759.206493,0.10805773735046387,1303.0,baseline
1777618759.2065148,0.10807967185974121,1304.0,baseline
1777618759.206537,0.10810184478759766,1303.0,baseline
1777618759.206559,0.108123779296875,1305.0,baseline
1777618759.2065809,0.10814571380615234,1303.0,baseline
1777618759.206603,0.10816788673400879,1300.0,baseline
1777618759.206635,0.1081998348236084,1304.0,baseline
1777618759.206657,0.10822176933288574,1304.0,baseline
1777618759.206679,0.10824394226074219,1303.0,baseline
1777618759.206701,0.10826587677001953,1303.0,baseline
1777618759.206723,0.10828781127929688,1303.0,baseline
1777618759.206746,0.10831093788146973,1302.0,baseline
1777618759.206768,0.10833287239074707,1302.0,baseline
1777618759.20679,0.10835480690002441,1301.0,baseline
1777618759.206812,0.10837674140930176,1302.0,baseline
1777618759.2068338,0.1083986759185791,1302.0,baseline
1777618759.206856,0.10842084884643555,1300.0,baseline
1777618759.206878,0.10844278335571289,1300.0,baseline
1777618759.2069,0.10846471786499023,1302.0,baseline
1777618759.206923,0.10848784446716309,1301.0,baseline
1777618759.2069461,0.10851097106933594,1303.0,baseline
1777618759.206968,0.10853290557861328,1302.0,baseline
1777618759.20699,0.10855484008789062,1302.0,baseline
1777618759.2070122,0.10857701301574707,1301.0,baseline
1777618759.207034,0.10859894752502441,1302.0,baseline
1777618759.2070558,0.10862064361572266,1303.0,baseline
1777618759.207078,0.1086428165435791,1304.0,baseline
1777618759.2071,0.10866475105285645,1302.0,baseline
1777618759.207127,0.10869193077087402,1303.0,baseline
1777618759.2071512,0.10871601104736328,1303.0,baseline
1777618759.207173,0.10873794555664062,1300.0,baseline
1777618759.2071948,0.10875964164733887,1301.0,baseline
1777618759.207217,0.10878181457519531,1303.0,baseline
1777618759.2072399,0.10880470275878906,1307.0,baseline
1777618759.207262,0.10882687568664551,1303.0,baseline
1777618759.207284,0.10884881019592285,1305.0,baseline
1777618759.207306,0.1088707447052002,1302.0,baseline
1777618759.207328,0.10889291763305664,1305.0,baseline
1777618759.20735,0.10891485214233398,1308.0,baseline
1777618759.207372,0.10893678665161133,1307.0,baseline
1777618759.2073941,0.10895895957946777,1303.0,baseline
1777618759.207416,0.10898089408874512,1304.0,baseline
1777618759.207438,0.10900282859802246,1304.0,baseline
1777618759.2074602,0.1090250015258789,1303.0,baseline
1777618759.207482,0.10904693603515625,1302.0,baseline
1777618759.2075038,0.10906863212585449,1304.0,baseline
1777618759.207526,0.10909080505371094,1303.0,baseline
1777618759.207548,0.10911273956298828,1303.0,baseline
1777618759.2075698,0.10913467407226562,1303.0,baseline
1777618759.207592,0.10915684700012207,1302.0,baseline
1777618759.2076201,0.10918498039245605,1302.0,baseline
1777618759.207644,0.10920882225036621,1305.0,baseline
1777618759.207666,0.10923075675964355,1309.0,baseline
1777618759.2076879,0.1092526912689209,1308.0,baseline
1777618759.20771,0.10927486419677734,1305.0,baseline
1777618759.207732,0.10929679870605469,1306.0,baseline
1777618759.207754,0.10931873321533203,1306.0,baseline
1777618759.207776,0.10934090614318848,1303.0,baseline
1777618759.207798,0.10936284065246582,1301.0,baseline
1777618759.20782,0.10938477516174316,1303.0,baseline
1777618759.207842,0.10940694808959961,1303.0,baseline
1777618759.207864,0.10942888259887695,1302.0,baseline
1777618759.2078872,0.1094520092010498,1303.0,baseline
1777618759.207909,0.10947394371032715,1306.0,baseline
1777618759.2079308,0.10949563980102539,1304.0,baseline
1777618759.207953,0.10951781272888184,1305.0,baseline
1777618759.207975,0.10953974723815918,1304.0,baseline
1777618759.2079968,0.10956168174743652,1305.0,baseline
1777618759.208022,0.10958695411682129,1304.0,baseline
1777618759.208044,0.10960888862609863,1304.0,baseline
1777618759.208066,0.10963082313537598,1302.0,baseline
1777618759.2080882,0.10965299606323242,1304.0,baseline
1777618759.2081149,0.1096796989440918,1304.0,baseline
1777618759.208138,0.10970282554626465,1308.0,baseline
1777618759.20816,0.10972476005554199,1308.0,baseline
1777618759.208182,0.10974693298339844,1305.0,baseline
1777618759.208204,0.10976886749267578,1302.0,baseline
1777618759.208226,0.10979080200195312,1303.0,baseline
1777618759.2082481,0.10981297492980957,1305.0,baseline
1777618759.20827,0.10983490943908691,1305.0,baseline
1777618759.2082932,0.10985803604125977,1303.0,baseline
1777618759.208315,0.10987973213195801,1302.0,baseline
1777618759.2083359,0.10990071296691895,1303.0,baseline
1777618759.2083578,0.10992264747619629,1307.0,baseline
1777618759.20838,0.10994482040405273,1310.0,baseline
1777618759.208402,0.10996675491333008,1307.0,baseline
1777618759.2084239,0.10998868942260742,1304.0,baseline
1777618759.2084448,0.11000967025756836,1303.0,baseline
1777618759.208467,0.1100318431854248,1302.0,baseline
1777618759.208489,0.11005377769470215,1305.0,baseline
1777618759.20851,0.11007475852966309,1308.0,baseline
1777618759.2085319,0.11009669303894043,1304.0,baseline
1777618759.208554,0.11011886596679688,1303.0,baseline
1777618759.208576,0.11014080047607422,1303.0,baseline
1777618759.208603,0.1101677417755127,1303.0,baseline
1777618759.208628,0.11019277572631836,1310.0,baseline
1777618759.2086499,0.1102147102355957,1307.0,baseline
1777618759.208672,0.11023688316345215,1307.0,baseline
1777618759.208693,0.11025786399841309,1308.0,baseline
1777618759.208715,0.11027979850769043,1308.0,baseline
1777618759.2087371,0.11030197143554688,1306.0,baseline
1777618759.208759,0.11032390594482422,1308.0,baseline
1777618759.20878,0.11034488677978516,1306.0,baseline
1777618759.208802,0.1103668212890625,1302.0,baseline
1777618759.2088242,0.11038899421691895,1303.0,baseline
1777618759.208846,0.11041092872619629,1303.0,baseline
1777618759.208867,0.11043190956115723,1306.0,baseline
1777618759.208889,0.11045384407043457,1305.0,baseline
1777618759.2089112,0.11047601699829102,1307.0,baseline
1777618759.2089322,0.11049699783325195,1309.0,baseline
1777618759.208954,0.1105189323425293,1304.0,baseline
1777618759.2089758,0.11054062843322754,1303.0,baseline
1777618759.208998,0.11056280136108398,1305.0,baseline
1777618759.209019,0.11058378219604492,1307.0,baseline
1777618759.2090409,0.11060571670532227,1306.0,baseline
1777618759.2090628,0.11062765121459961,1302.0,baseline
1777618759.20909,0.11065483093261719,1305.0,baseline
1777618759.2091131,0.11067795753479004,1307.0,baseline
1777618759.209135,0.11069989204406738,1305.0,baseline
1777618759.2091572,0.11072206497192383,1308.0,baseline
1777618759.209179,0.11074376106262207,1307.0,baseline
1777618759.2092009,0.11076569557189941,1307.0,baseline
1777618759.2092218,0.11078667640686035,1307.0,baseline
1777618759.209244,0.1108088493347168,1308.0,baseline
1777618759.209266,0.11083078384399414,1307.0,baseline
1777618759.209288,0.11085271835327148,1304.0,baseline
1777618759.2093089,0.11087369918823242,1304.0,baseline
1777618759.209331,0.11089587211608887,1305.0,baseline
1777618759.209353,0.11091780662536621,1307.0,baseline
1777618759.209375,0.11093974113464355,1307.0,baseline
1777618759.209396,0.11096072196960449,1306.0,baseline
1777618759.209418,0.11098289489746094,1309.0,baseline
1777618759.2094421,0.1110069751739502,1308.0,baseline
1777618759.209464,0.11102890968322754,1308.0,baseline
1777618759.209486,0.11105084419250488,1303.0,baseline
1777618759.2095082,0.11107301712036133,1306.0,baseline
1777618759.2095292,0.11109399795532227,1312.0,baseline
1777618759.209551,0.11111593246459961,1310.0,baseline
1777618759.209573,0.11113786697387695,1304.0,baseline
1777618759.209601,0.11116576194763184,1301.0,baseline
1777618759.209632,0.11119675636291504,1302.0,baseline
1777618759.209654,0.11121892929077148,1302.0,baseline
1777618759.209676,0.11124086380004883,1303.0,baseline
1777618759.209697,0.11126184463500977,1310.0,baseline
1777618759.209719,0.11128377914428711,1315.0,baseline
1777618759.209741,0.11130595207214355,1313.0,baseline
1777618759.209763,0.1113278865814209,1306.0,baseline
1777618759.209784,0.11134886741638184,1305.0,baseline
1777618759.209806,0.11137080192565918,1306.0,baseline
1777618759.2098281,0.11139297485351562,1305.0,baseline
1777618759.20985,0.11141490936279297,1301.0,baseline
1777618759.209871,0.1114358901977539,1305.0,baseline
1777618759.2098932,0.11145806312561035,1309.0,baseline
1777618759.209915,0.1114797592163086,1308.0,baseline
1777618759.209936,0.11150074005126953,1306.0,baseline
1777618759.2099578,0.11152267456054688,1304.0,baseline
1777618759.20998,0.11154484748840332,1307.0,baseline
1777618759.210001,0.11156582832336426,1309.0,baseline
1777618759.210023,0.1115877628326416,1309.0,baseline
1777618759.2100449,0.11160969734191895,1306.0,baseline
1777618759.2100658,0.11163067817687988,1303.0,baseline
1777618759.210093,0.11165785789489746,1304.0,baseline
1777618759.2101161,0.11168098449707031,1302.0,baseline
1777618759.210138,0.11170291900634766,1303.0,baseline
1777618759.21016,0.111724853515625,1305.0,baseline
1777618759.2101812,0.11174607276916504,1307.0,baseline
1777618759.210203,0.11176776885986328,1308.0,baseline
1777618759.2102249,0.11178970336914062,1307.0,baseline
1777618759.2102468,0.11181163787841797,1306.0,baseline
1777618759.210268,0.11183285713195801,1309.0,baseline
1777618759.21029,0.11185479164123535,1310.0,baseline
1777618759.210312,0.1118767261505127,1307.0,baseline
1777618759.2103329,0.11189770698547363,1304.0,baseline
1777618759.210355,0.11191987991333008,1304.0,baseline
1777618759.210377,0.11194181442260742,1305.0,baseline
1777618759.210398,0.11196279525756836,1305.0,baseline
1777618759.21042,0.1119847297668457,1302.0,baseline
1777618759.210442,0.11200690269470215,1305.0,baseline
1777618759.210464,0.11202883720397949,1302.0,baseline
1777618759.210485,0.11204981803894043,1303.0,baseline
1777618759.210507,0.11207175254821777,1305.0,baseline
1777618759.210529,0.11209392547607422,1308.0,baseline
1777618759.210551,0.11211585998535156,1310.0,baseline
1777618759.210578,0.11214280128479004,1307.0,baseline
1777618759.210602,0.1121668815612793,1302.0,baseline
1777618759.210623,0.11218786239624023,1302.0,baseline
1777618759.210645,0.11220979690551758,1306.0,baseline
1777618759.210667,0.11223173141479492,1303.0,baseline
1777618759.210689,0.11225390434265137,1302.0,baseline
1777618759.21071,0.1122748851776123,1305.0,baseline
1777618759.210732,0.11229681968688965,1309.0,baseline
1777618759.2107542,0.1123189926147461,1304.0,baseline
1777618759.2107751,0.11233997344970703,1308.0,baseline
1777618759.210797,0.11236190795898438,1306.0,baseline
1777618759.210819,0.11238384246826172,1305.0,baseline
1777618759.21084,0.11240482330322266,1302.0,baseline
1777618759.2108622,0.1124269962310791,1303.0,baseline
1777618759.210884,0.11244893074035645,1305.0,baseline
1777618759.210905,0.11246991157531738,1306.0,baseline
1777618759.210927,0.11249184608459473,1308.0,baseline
1777618759.210948,0.11251282691955566,1307.0,baseline
1777618759.2109702,0.11253499984741211,1306.0,baseline
1777618759.210992,0.11255693435668945,1306.0,baseline
1777618759.2110138,0.1125786304473877,1307.0,baseline
1777618759.2110348,0.11259961128234863,1307.0,baseline
1777618759.211057,0.11262178421020508,1308.0,baseline
1777618759.211087,0.11265182495117188,1307.0,baseline
1777618759.2111092,0.11267399787902832,1302.0,baseline
1777618759.2111309,0.11269569396972656,1305.0,baseline
1777618759.2111518,0.1127166748046875,1308.0,baseline
1777618759.2111738,0.11273860931396484,1306.0,baseline
1777618759.211196,0.11276078224182129,1302.0,baseline
1777618759.211217,0.11278176307678223,1303.0,baseline
1777618759.2112389,0.11280369758605957,1302.0,baseline
1777618759.211261,0.11282587051391602,1305.0,baseline
1777618759.211283,0.11284780502319336,1307.0,baseline
1777618759.211305,0.1128697395324707,1307.0,baseline
1777618759.211326,0.11289072036743164,1306.0,baseline
1777618759.211348,0.11291289329528809,1307.0,baseline
1777618759.21137,0.11293482780456543,1306.0,baseline
1777618759.211391,0.11295580863952637,1304.0,baseline
1777618759.211413,0.11297774314880371,1308.0,baseline
1777618759.211435,0.11299991607666016,1307.0,baseline
1777618759.211457,0.1130218505859375,1306.0,baseline
1777618759.211478,0.11304283142089844,1308.0,baseline
1777618759.2115,0.11306476593017578,1307.0,baseline
1777618759.211522,0.11308693885803223,1305.0,baseline
1777618759.211543,0.11310791969299316,1302.0,baseline
1777618759.211571,0.11313581466674805,1303.0,baseline
1777618759.2115939,0.1131587028503418,1303.0,baseline
1777618759.211615,0.11317992210388184,1304.0,baseline
1777618759.211637,0.11320185661315918,1304.0,baseline
1777618759.211659,0.11322379112243652,1304.0,baseline
1777618759.2116811,0.11324596405029297,1303.0,baseline
1777618759.211702,0.1132669448852539,1304.0,baseline
1777618759.211724,0.11328887939453125,1305.0,baseline
1777618759.211746,0.1133108139038086,1304.0,baseline
1777618759.211767,0.11333179473876953,1306.0,baseline
1777618759.2117891,0.11335396766662598,1308.0,baseline
1777618759.211811,0.11337590217590332,1307.0,baseline
1777618759.211833,0.11339783668518066,1307.0,baseline
1777618759.2118552,0.11342000961303711,1305.0,baseline
1777618759.2118778,0.11344265937805176,1307.0,baseline
1777618759.2118988,0.1134636402130127,1306.0,baseline
1777618759.211921,0.11348581314086914,1306.0,baseline
1777618759.211943,0.11350774765014648,1308.0,baseline
1777618759.2119648,0.11352968215942383,1309.0,baseline
1777618759.2119858,0.11355066299438477,1307.0,baseline
1777618759.212008,0.11357283592224121,1306.0,baseline
1777618759.21203,0.11359477043151855,1309.0,baseline
1777618759.212057,0.11362195014953613,1308.0,baseline
1777618759.212081,0.11364579200744629,1302.0,baseline
1777618759.212102,0.11366677284240723,1302.0,baseline
1777618759.2121239,0.11368870735168457,1303.0,baseline
1777618759.2121458,0.11371064186096191,1303.0,baseline
1777618759.212168,0.11373281478881836,1304.0,baseline
1777618759.212189,0.1137537956237793,1306.0,baseline
1777618759.212211,0.11377573013305664,1308.0,baseline
1777618759.212233,0.11379790306091309,1305.0,baseline
1777618759.212254,0.11381888389587402,1308.0,baseline
1777618759.212276,0.11384081840515137,1306.0,baseline
1777618759.212298,0.11386275291442871,1302.0,baseline
1777618759.21232,0.11388492584228516,1302.0,baseline
1777618759.212341,0.1139059066772461,1303.0,baseline
1777618759.212363,0.11392784118652344,1303.0,baseline
1777618759.212385,0.11394977569580078,1305.0,baseline
1777618759.212406,0.11397075653076172,1307.0,baseline
1777618759.212428,0.11399292945861816,1309.0,baseline
1777618759.21245,0.11401486396789551,1307.0,baseline
1777618759.212472,0.11403679847717285,1311.0,baseline
1777618759.212493,0.11405777931213379,1307.0,baseline
1777618759.212515,0.11407995223999023,1305.0,baseline
1777618759.212537,0.11410188674926758,1305.0,baseline
1777618759.212566,0.11413073539733887,1305.0,baseline
1777618759.212588,0.11415290832519531,1302.0,baseline
1777618759.21261,0.11417484283447266,1302.0,baseline
1777618759.212631,0.1141958236694336,1305.0,baseline
1777618759.2126532,0.11421799659729004,1302.0,baseline
1777618759.2126741,0.11423897743225098,1302.0,baseline
1777618759.212696,0.11426091194152832,1303.0,baseline
1777618759.212718,0.11428284645080566,1304.0,baseline
1777618759.2127402,0.11430501937866211,1303.0,baseline
1777618759.2127612,0.11432600021362305,1302.0,baseline
1777618759.212783,0.11434793472290039,1302.0,baseline
1777618759.212805,0.11436986923217773,1301.0,baseline
1777618759.212827,0.11439180374145508,1303.0,baseline
1777618759.2128482,0.11441302299499512,1305.0,baseline
1777618759.21287,0.11443471908569336,1307.0,baseline
1777618759.212905,0.11446976661682129,1302.0,baseline
1777618759.2129269,0.11449170112609863,1302.0,baseline
1777618759.212949,0.11451387405395508,1300.0,baseline
1777618759.212971,0.11453580856323242,1304.0,baseline
1777618759.212993,0.11455774307250977,1306.0,baseline
1777618759.2130141,0.1145789623260498,1307.0,baseline
1777618759.213036,0.11460089683532715,1305.0,baseline
1777618759.213064,0.11462879180908203,1307.0,baseline
1777618759.213088,0.11465287208557129,1307.0,baseline
1777618759.21311,0.11467480659484863,1305.0,baseline
1777618759.2131321,0.11469697952270508,1307.0,baseline
1777618759.2131531,0.11471796035766602,1307.0,baseline
1777618759.213175,0.11473989486694336,1307.0,baseline
1777618759.213197,0.1147618293762207,1308.0,baseline
1777618759.2132192,0.11478400230407715,1306.0,baseline
1777618759.2132428,0.1148076057434082,1305.0,baseline
1777618759.213265,0.11482977867126465,1305.0,baseline
1777618759.2132869,0.11485171318054199,1304.0,baseline
1777618759.2133088,0.11487364768981934,1303.0,baseline
1777618759.213331,0.11489582061767578,1305.0,baseline
1777618759.213353,0.11491775512695312,1303.0,baseline
1777618759.213374,0.11493873596191406,1306.0,baseline
1777618759.213396,0.11496090888977051,1303.0,baseline
1777618759.213418,0.11498284339904785,1305.0,baseline
1777618759.21344,0.1150047779083252,1305.0,baseline
1777618759.213461,0.11502575874328613,1304.0,baseline
1777618759.213483,0.11504793167114258,1306.0,baseline
1777618759.213505,0.11506986618041992,1308.0,baseline
1777618759.213526,0.11509084701538086,1305.0,baseline
1777618759.213554,0.11511874198913574,1309.0,baseline
1777618759.2135758,0.11514067649841309,1307.0,baseline
1777618759.213598,0.11516284942626953,1306.0,baseline
1777618759.21362,0.11518478393554688,1307.0,baseline
1777618759.2136462,0.11521100997924805,1308.0,baseline
1777618759.213668,0.11523294448852539,1308.0,baseline
1777618759.21369,0.11525487899780273,1305.0,baseline
1777618759.213712,0.11527681350708008,1304.0,baseline
1777618759.2137332,0.11529803276062012,1307.0,baseline
1777618759.213755,0.11531972885131836,1308.0,baseline
1777618759.2137768,0.1153416633605957,1306.0,baseline
1777618759.2137978,0.11536264419555664,1307.0,baseline
1777618759.21382,0.11538481712341309,1307.0,baseline
1777618759.213842,0.11540675163269043,1308.0,baseline
1777618759.2138638,0.11542868614196777,1305.0,baseline
1777618759.2138848,0.11544966697692871,1307.0,baseline
1777618759.213907,0.11547183990478516,1308.0,baseline
1777618759.213929,0.1154937744140625,1307.0,baseline
1777618759.21395,0.11551475524902344,1307.0,baseline
1777618759.2139719,0.11553668975830078,1306.0,baseline
1777618759.213994,0.11555886268615723,1306.0,baseline
1777618759.214015,0.11557984352111816,1307.0,baseline
1777618759.214037,0.11560177803039551,1307.0,baseline
1777618759.2140648,0.11562967300415039,1307.0,baseline
1777618759.214088,0.11565279960632324,1305.0,baseline
1777618759.214109,0.11567378044128418,1305.0,baseline
1777618759.2141309,0.11569571495056152,1302.0,baseline
1777618759.214153,0.11571788787841797,1303.0,baseline
1777618759.214174,0.1157388687133789,1305.0,baseline
1777618759.214196,0.11576080322265625,1307.0,baseline
1777618759.214218,0.1157827377319336,1306.0,baseline
1777618759.21424,0.11580491065979004,1306.0,baseline
1777618759.214261,0.11582589149475098,1302.0,baseline
1777618759.214283,0.11584782600402832,1303.0,baseline
1777618759.214305,0.11586976051330566,1304.0,baseline
1777618759.214327,0.11589193344116211,1305.0,baseline
1777618759.214348,0.11591291427612305,1308.0,baseline
1777618759.21437,0.11593484878540039,1306.0,baseline
1777618759.214391,0.11595582962036133,1309.0,baseline
1777618759.2144132,0.11597800254821777,1306.0,baseline
1777618759.214435,0.11599993705749512,1302.0,baseline
1777618759.214457,0.11602187156677246,1303.0,baseline
1777618759.214478,0.1160428524017334,1302.0,baseline
1777618759.2145002,0.11606502532958984,1303.0,baseline
1777618759.2145221,0.11608695983886719,1307.0,baseline
1777618759.214549,0.11611390113830566,1305.0,baseline
1777618759.214572,0.11613678932189941,1306.0,baseline
1777618759.2145941,0.11615896224975586,1308.0,baseline
1777618759.214616,0.1161808967590332,1309.0,baseline
1777618759.214637,0.11620187759399414,1307.0,baseline
1777618759.214659,0.11622381210327148,1304.0,baseline
1777618759.21468,0.11624479293823242,1303.0,baseline
1777618759.2147021,0.11626696586608887,1301.0,baseline
1777618759.214724,0.11628890037536621,1302.0,baseline
1777618759.214745,0.11630988121032715,1305.0,baseline
1777618759.2147672,0.1163320541381836,1305.0,baseline
1777618759.2147892,0.11635398864746094,1302.0,baseline
1777618759.2148108,0.11637568473815918,1303.0,baseline
1777618759.214832,0.11639690399169922,1305.0,baseline
1777618759.214854,0.11641883850097656,1305.0,baseline
1777618759.214876,0.1164407730102539,1305.0,baseline
1777618759.214897,0.11646175384521484,1305.0,baseline
1777618759.2149189,0.11648368835449219,1304.0,baseline
1777618759.214941,0.11650586128234863,1300.0,baseline
1777618759.214963,0.11652779579162598,1300.0,baseline
1777618759.214984,0.11654877662658691,1303.0,baseline
1777618759.2150059,0.11657071113586426,1303.0,baseline
1777618759.215034,0.11659884452819824,1303.0,baseline
1777618759.2150578,0.1166226863861084,1303.0,baseline
1777618759.2150788,0.11664366722106934,1305.0,baseline
1777618759.215101,0.11666584014892578,1304.0,baseline
1777618759.215123,0.11668777465820312,1306.0,baseline
1777618759.215144,0.11670875549316406,1307.0,baseline
1777618759.2151659,0.1167306900024414,1306.0,baseline
1777618759.215188,0.11675286293029785,1307.0,baseline
1777618759.215209,0.11677384376525879,1305.0,baseline
1777618759.215231,0.11679577827453613,1307.0,baseline
1777618759.2152529,0.11681771278381348,1307.0,baseline
1777618759.215274,0.11683893203735352,1305.0,baseline
1777618759.215296,0.11686086654663086,1305.0,baseline
1777618759.215318,0.1168828010559082,1308.0,baseline
1777618759.2153401,0.11690497398376465,1308.0,baseline
1777618759.215362,0.11692690849304199,1307.0,baseline
1777618759.215383,0.11694788932800293,1305.0,baseline
1777618759.215405,0.11696982383728027,1303.0,baseline
1777618759.2154272,0.11699199676513672,1307.0,baseline
1777618759.2154481,0.11701297760009766,1305.0,baseline
1777618759.21547,0.117034912109375,1303.0,baseline
1777618759.215492,0.11705684661865234,1301.0,baseline
1777618759.2155142,0.11707901954650879,1303.0,baseline
1777618759.215541,0.11710572242736816,1305.0,baseline
1777618759.215564,0.11712884902954102,1307.0,baseline
1777618759.215585,0.11714982986450195,1309.0,baseline
1777618759.215607,0.1171717643737793,1304.0,baseline
1777618759.215629,0.11719393730163574,1304.0,baseline
1777618759.21565,0.11721491813659668,1305.0,baseline
1777618759.215672,0.11723685264587402,1307.0,baseline
1777618759.2156942,0.11725902557373047,1304.0,baseline
1777618759.2157152,0.1172800064086914,1306.0,baseline
1777618759.215737,0.11730194091796875,1302.0,baseline
1777618759.215759,0.1173238754272461,1303.0,baseline
1777618759.21578,0.11734485626220703,1303.0,baseline
1777618759.2158022,0.11736702919006348,1303.0,baseline
1777618759.215824,0.11738872528076172,1304.0,baseline
1777618759.2158458,0.11741065979003906,1306.0,baseline
1777618759.2158668,0.117431640625,1307.0,baseline
1777618759.215889,0.11745381355285645,1306.0,baseline
1777618759.215911,0.11747574806213379,1302.0,baseline
1777618759.215932,0.11749672889709473,1302.0,baseline
1777618759.2159538,0.11751866340637207,1304.0,baseline
1777618759.2159748,0.11753964424133301,1304.0,baseline
1777618759.215997,0.11756181716918945,1304.0,baseline
1777618759.2160242,0.11758899688720703,1303.0,baseline
1777618759.2160482,0.11761307716369629,1305.0,baseline
1777618759.21607,0.11763477325439453,1307.0,baseline
1777618759.2160919,0.11765670776367188,1306.0,baseline
1777618759.2161129,0.11767768859863281,1309.0,baseline
1777618759.216135,0.11769986152648926,1307.0,baseline
1777618759.216157,0.1177217960357666,1303.0,baseline
1777618759.2161868,0.1177515983581543,1307.0,baseline
1777618759.21621,0.11777472496032715,1306.0,baseline
1777618759.2162309,0.11779570579528809,1309.0,baseline
1777618759.2162519,0.11781668663024902,1307.0,baseline
1777618759.216274,0.11783885955810547,1307.0,baseline
1777618759.216295,0.1178598403930664,1310.0,baseline
1777618759.216317,0.11788177490234375,1308.0,baseline
1777618759.216338,0.11790275573730469,1306.0,baseline
1777618759.216359,0.11792373657226562,1309.0,baseline
1777618759.2163808,0.11794567108154297,1309.0,baseline
1777618759.2164018,0.1179666519165039,1309.0,baseline
1777618759.2164228,0.11798763275146484,1308.0,baseline
1777618759.216444,0.11800885200500488,1304.0,baseline
1777618759.216466,0.11803078651428223,1304.0,baseline
1777618759.216487,0.11805176734924316,1303.0,baseline
1777618759.216514,0.11807894706726074,1304.0,baseline
1777618759.216537,0.11810183525085449,1307.0,baseline
1777618759.216558,0.11812281608581543,1308.0,baseline
1777618759.216579,0.11814379692077637,1305.0,baseline
1777618759.2166002,0.1181650161743164,1305.0,baseline
1777618759.216622,0.11818695068359375,1302.0,baseline
1777618759.216643,0.11820793151855469,1302.0,baseline
1777618759.216664,0.11822891235351562,1302.0,baseline
1777618759.216685,0.11824989318847656,1304.0,baseline
1777618759.216707,0.1182718276977539,1303.0,baseline
1777618759.216728,0.11829280853271484,1308.0,baseline
1777618759.216749,0.11831378936767578,1308.0,baseline
1777618759.21677,0.11833477020263672,1308.0,baseline
1777618759.216792,0.11835694313049316,1306.0,baseline
1777618759.216813,0.1183779239654541,1305.0,baseline
1777618759.216834,0.11839890480041504,1307.0,baseline
1777618759.216856,0.11842083930969238,1305.0,baseline
1777618759.216877,0.11844182014465332,1305.0,baseline
1777618759.2168992,0.11846399307250977,1305.0,baseline
1777618759.216921,0.11848592758178711,1305.0,baseline
1777618759.216943,0.11850786209106445,1306.0,baseline
1777618759.2169962,0.1185610294342041,1308.0,baseline
1777618759.217022,0.11858677864074707,1307.0,baseline
1777618759.217056,0.1186208724975586,1303.0,baseline
1777618759.217077,0.11864185333251953,1305.0,baseline
1777618759.217099,0.11866378784179688,1306.0,baseline
1777618759.2171211,0.11868596076965332,1305.0,baseline
1777618759.217142,0.11870694160461426,1305.0,baseline
1777618759.217164,0.1187288761138916,1305.0,baseline
1777618759.217185,0.11874985694885254,1308.0,baseline
1777618759.217207,0.11877179145812988,1306.0,baseline
1777618759.2172291,0.11879396438598633,1308.0,baseline
1777618759.21725,0.11881494522094727,1304.0,baseline
1777618759.217272,0.11883687973022461,1304.0,baseline
1777618759.217293,0.11885786056518555,1304.0,baseline
1777618759.217314,0.11887884140014648,1306.0,baseline
1777618759.2173362,0.11890101432800293,1302.0,baseline
1777618759.217358,0.11892294883728027,1308.0,baseline
1777618759.217379,0.11894392967224121,1305.0,baseline
1777618759.2174,0.11896491050720215,1302.0,baseline
1777618759.217422,0.11898684501647949,1302.0,baseline
1777618759.217443,0.11900782585144043,1302.0,baseline
1777618759.2174652,0.11902999877929688,1303.0,baseline
1777618759.2174861,0.11905097961425781,1305.0,baseline
1777618759.21751,0.11907482147216797,1305.0,baseline
1777618759.217534,0.11909890174865723,1302.0,baseline
1777618759.217556,0.11912083625793457,1305.0,baseline
1777618759.217577,0.11914181709289551,1305.0,baseline
1777618759.217598,0.11916279792785645,1304.0,baseline
1777618759.21762,0.11918473243713379,1305.0,baseline
1777618759.217642,0.11920690536499023,1304.0,baseline
1777618759.217663,0.11922788619995117,1304.0,baseline
1777618759.217685,0.11924982070922852,1303.0,baseline
1777618759.217706,0.11927080154418945,1305.0,baseline
1777618759.217728,0.1192927360534668,1305.0,baseline
1777618759.2177489,0.11931371688842773,1305.0,baseline
1777618759.21777,0.11933493614196777,1302.0,baseline
1777618759.217792,0.11935687065124512,1303.0,baseline
1777618759.217813,0.11937785148620605,1303.0,baseline
1777618759.217834,0.11939883232116699,1303.0,baseline
1777618759.217856,0.11942076683044434,1303.0,baseline
1777618759.217878,0.11944293975830078,1301.0,baseline
1777618759.217899,0.11946392059326172,1302.0,baseline
1777618759.21792,0.11948490142822266,1305.0,baseline
1777618759.217942,0.1195068359375,1307.0,baseline
1777618759.217963,0.11952781677246094,1304.0,baseline
1777618759.217987,0.1195518970489502,1304.0,baseline
1777618759.2180119,0.11957669258117676,1301.0,baseline
1777618759.2180328,0.1195976734161377,1302.0,baseline
1777618759.218055,0.11961984634399414,1299.0,baseline
1777618759.218076,0.11964082717895508,1310.0,baseline
1777618759.218097,0.11966180801391602,1306.0,baseline
1777618759.218118,0.11968278884887695,1307.0,baseline
1777618759.21814,0.1197047233581543,1304.0,baseline
1777618759.2181609,0.11972570419311523,1306.0,baseline
1777618759.2181818,0.11974668502807617,1305.0,baseline
1777618759.218204,0.11976885795593262,1308.0,baseline
1777618759.218225,0.11978983879089355,1307.0,baseline
1777618759.218247,0.1198117733001709,1306.0,baseline
1777618759.218268,0.11983275413513184,1305.0,baseline
1777618759.218289,0.11985373497009277,1305.0,baseline
1777618759.2183108,0.11987566947937012,1303.0,baseline
1777618759.2183318,0.11989665031433105,1303.0,baseline
1777618759.2183528,0.11991763114929199,1303.0,baseline
1777618759.218375,0.11993980407714844,1305.0,baseline
1777618759.218396,0.11996078491210938,1305.0,baseline
1777618759.218417,0.11998176574707031,1305.0,baseline
1777618759.218438,0.12000274658203125,1304.0,baseline
1777618759.218462,0.12002682685852051,1305.0,baseline
1777618759.218486,0.12005090713500977,1303.0,baseline
1777618759.218507,0.1200718879699707,1303.0,baseline
1777618759.218529,0.12009382247924805,1302.0,baseline
1777618759.21855,0.12011480331420898,1303.0,baseline
1777618759.2185721,0.12013697624206543,1303.0,baseline
1777618759.2185931,0.12015795707702637,1303.0,baseline
1777618759.218614,0.1201789379119873,1303.0,baseline
1777618759.218635,0.12019991874694824,1303.0,baseline
1777618759.218657,0.12022185325622559,1300.0,baseline
1777618759.218678,0.12024283409118652,1303.0,baseline
1777618759.218699,0.12026381492614746,1302.0,baseline
1777618759.218721,0.1202857494354248,1304.0,baseline
1777618759.2187421,0.12030696868896484,1302.0,baseline
1777618759.218763,0.12032794952392578,1304.0,baseline
1777618759.218784,0.12034893035888672,1305.0,baseline
1777618759.218806,0.12037086486816406,1304.0,baseline
1777618759.218827,0.120391845703125,1304.0,baseline
1777618759.218848,0.12041282653808594,1305.0,baseline
1777618759.218869,0.12043380737304688,1302.0,baseline
1777618759.21889,0.12045478820800781,1302.0,baseline
1777618759.218912,0.12047672271728516,1302.0,baseline
1777618759.218938,0.12050294876098633,1306.0,baseline
1777618759.218961,0.12052583694458008,1308.0,baseline
1777618759.218982,0.12054681777954102,1306.0,baseline
1777618759.219004,0.12056875228881836,1305.0,baseline
1777618759.219025,0.1205897331237793,1305.0,baseline
1777618759.2190459,0.12061071395874023,1304.0,baseline
1777618759.2190678,0.12063264846801758,1304.0,baseline
1777618759.2190888,0.12065362930297852,1303.0,baseline
1777618759.2191098,0.12067461013793945,1305.0,baseline
1777618759.219132,0.1206967830657959,1304.0,baseline
1777618759.219153,0.12071776390075684,1307.0,baseline
1777618759.219174,0.12073874473571777,1307.0,baseline
1777618759.2191958,0.12076067924499512,1307.0,baseline
1777618759.2192168,0.12078166007995605,1307.0,baseline
1777618759.2192378,0.12080264091491699,1307.0,baseline
1777618759.2192588,0.12082362174987793,1303.0,baseline
1777618759.219281,0.12084579467773438,1304.0,baseline
1777618759.219302,0.12086677551269531,1303.0,baseline
1777618759.219323,0.12088775634765625,1304.0,baseline
1777618759.2193449,0.1209096908569336,1304.0,baseline
1777618759.2193658,0.12093067169189453,1304.0,baseline
1777618759.219388,0.12095284461975098,1304.0,baseline
1777618759.219414,0.12097883224487305,1303.0,baseline
1777618759.2194371,0.1210019588470459,1302.0,baseline
1777618759.219485,0.12104988098144531,1303.0,baseline
1777618759.219507,0.12107181549072266,1305.0,baseline
1777618759.219528,0.1210927963256836,1308.0,baseline
1777618759.21955,0.12111473083496094,1305.0,baseline
1777618759.2195709,0.12113571166992188,1305.0,baseline
1777618759.219593,0.12115788459777832,1304.0,baseline
1777618759.219614,0.12117886543273926,1305.0,baseline
1777618759.219635,0.1211998462677002,1308.0,baseline
1777618759.219657,0.12122178077697754,1306.0,baseline
1777618759.219678,0.12124276161193848,1306.0,baseline
1777618759.219699,0.12126374244689941,1305.0,baseline
1777618759.21972,0.12128472328186035,1306.0,baseline
1777618759.219742,0.1213068962097168,1308.0,baseline
1777618759.219763,0.12132787704467773,1303.0,baseline
1777618759.219785,0.12134981155395508,1304.0,baseline
1777618759.219806,0.12137079238891602,1303.0,baseline
1777618759.219828,0.12139272689819336,1304.0,baseline
1777618759.2198489,0.1214137077331543,1302.0,baseline
1777618759.2198699,0.12143468856811523,1302.0,baseline
1777618759.219892,0.12145686149597168,1305.0,baseline
1777618759.2199192,0.12148404121398926,1303.0,baseline
1777618759.2199419,0.1215066909790039,1305.0,baseline
1777618759.2199628,0.12152767181396484,1305.0,baseline
1777618759.219985,0.12154984474182129,1301.0,baseline
1777618759.220006,0.12157082557678223,1302.0,baseline
1777618759.220028,0.12159276008605957,1303.0,baseline
1777618759.220049,0.12161374092102051,1303.0,baseline
1777618759.22007,0.12163472175598145,1303.0,baseline
1777618759.2200918,0.12165665626525879,1303.0,baseline
1777618759.2201128,0.12167763710021973,1303.0,baseline
1777618759.2201338,0.12169861793518066,1302.0,baseline
1777618759.220156,0.12172079086303711,1305.0,baseline
1777618759.220177,0.12174177169799805,1302.0,baseline
1777618759.2201989,0.12176370620727539,1304.0,baseline
1777618759.2202199,0.12178468704223633,1304.0,baseline
1777618759.2202408,0.12180566787719727,1304.0,baseline
1777618759.220263,0.12182784080505371,1305.0,baseline
1777618759.220284,0.12184882164001465,1307.0,baseline
1777618759.220308,0.1218729019165039,1306.0,baseline
1777618759.220329,0.12189388275146484,1309.0,baseline
1777618759.220351,0.12191581726074219,1307.0,baseline
1777618759.220372,0.12193679809570312,1304.0,baseline
1777618759.220393,0.12195777893066406,1304.0,baseline
1777618759.220421,0.12198591232299805,1303.0,baseline
1777618759.2204428,0.12200760841369629,1304.0,baseline
1777618759.2204642,0.12202906608581543,1305.0,baseline
1777618759.220486,0.12205076217651367,1303.0,baseline
1777618759.220507,0.12207174301147461,1305.0,baseline
1777618759.2205288,0.12209367752075195,1305.0,baseline
1777618759.2205498,0.12211465835571289,1308.0,baseline
1777618759.2205708,0.12213563919067383,1307.0,baseline
1777618759.220593,0.12215781211853027,1306.0,baseline
1777618759.220614,0.12217879295349121,1306.0,baseline
1777618759.220636,0.12220072746276855,1306.0,baseline
1777618759.2206569,0.12222170829772949,1304.0,baseline
1777618759.2206779,0.12224268913269043,1302.0,baseline
1777618759.2206998,0.12226462364196777,1301.0,baseline
1777618759.220721,0.12228584289550781,1302.0,baseline
1777618759.220743,0.12230777740478516,1302.0,baseline
1777618759.220764,0.1223287582397461,1304.0,baseline
1777618759.220785,0.12234973907470703,1305.0,baseline
1777618759.2208068,0.12237167358398438,1303.0,baseline
1777618759.2208278,0.12239265441894531,1303.0,baseline
1777618759.2208488,0.12241363525390625,1304.0,baseline
1777618759.220871,0.1224358081817627,1304.0,baseline
1777618759.2208982,0.12246298789978027,1305.0,baseline
1777618759.220921,0.12248587608337402,1307.0,baseline
1777618759.2209432,0.12250804901123047,1307.0,baseline
1777618759.2209642,0.1225290298461914,1308.0,baseline
1777618759.2209852,0.12255001068115234,1306.0,baseline
1777618759.221007,0.12257194519042969,1302.0,baseline
1777618759.221028,0.12259292602539062,1303.0,baseline
1777618759.221049,0.12261390686035156,1303.0,baseline
1777618759.221071,0.1226358413696289,1304.0,baseline
1777618759.221092,0.12265682220458984,1306.0,baseline
1777618759.2211132,0.12267804145812988,1308.0,baseline
1777618759.2211351,0.12269997596740723,1307.0,baseline
1777618759.2211561,0.12272095680236816,1308.0,baseline
1777618759.221178,0.12274289131164551,1309.0,baseline
1777618759.221199,0.12276387214660645,1308.0,baseline
1777618759.22122,0.12278485298156738,1302.0,baseline
1777618759.2212439,0.12280869483947754,1304.0,baseline
1777618759.221266,0.12283086776733398,1308.0,baseline
1777618759.221287,0.12285184860229492,1306.0,baseline
1777618759.221309,0.12287378311157227,1307.0,baseline
1777618759.22133,0.1228947639465332,1307.0,baseline
1777618759.221351,0.12291574478149414,1305.0,baseline
1777618759.221378,0.12294292449951172,1305.0,baseline
1777618759.221401,0.12296581268310547,1305.0,baseline
1777618759.2214222,0.12298703193664551,1307.0,baseline
1777618759.2214441,0.12300896644592285,1304.0,baseline
1777618759.221465,0.12302994728088379,1305.0,baseline
1777618759.221487,0.12305188179016113,1303.0,baseline
1777618759.221508,0.12307286262512207,1308.0,baseline
1777618759.221529,0.12309384346008301,1306.0,baseline
1777618759.22155,0.12311482429504395,1307.0,baseline
1777618759.2215722,0.12313699722290039,1305.0,baseline
1777618759.2215931,0.12315797805786133,1303.0,baseline
1777618759.2216141,0.12317895889282227,1303.0,baseline
1777618759.221636,0.12320089340209961,1309.0,baseline
1777618759.221657,0.12322187423706055,1300.0,baseline
1777618759.2216792,0.12324404716491699,1301.0,baseline
1777618759.2217028,0.12326765060424805,1302.0,baseline
1777618759.2217238,0.12328863143920898,1307.0,baseline
1777618759.221745,0.12330985069274902,1308.0,baseline
1777618759.221767,0.12333178520202637,1307.0,baseline
1777618759.221788,0.1233527660369873,1306.0,baseline
1777618759.221809,0.12337374687194824,1302.0,baseline
1777618759.2218308,0.12339568138122559,1305.0,baseline
1777618759.2218518,0.12341666221618652,1307.0,baseline
1777618759.221879,0.1234438419342041,1306.0,baseline
1777618759.2219021,0.12346696853637695,1309.0,baseline
1777618759.221923,0.12348794937133789,1315.0,baseline
1777618759.221944,0.12350893020629883,1305.0,baseline
1777618759.221965,0.12352991104125977,1306.0,baseline
1777618759.221987,0.12355184555053711,1304.0,baseline
1777618759.222008,0.12357282638549805,1305.0,baseline
1777618759.222029,0.12359380722045898,1302.0,baseline
1777618759.22205,0.12361478805541992,1305.0,baseline
1777618759.2220721,0.12363696098327637,1303.0,baseline
1777618759.222094,0.12365889549255371,1303.0,baseline
1777618759.222116,0.12368083000183105,1303.0,baseline
1777618759.222139,0.1237037181854248,1306.0,baseline
1777618759.222162,0.12372684478759766,1305.0,baseline
1777618759.222184,0.123748779296875,1306.0,baseline
1777618759.222205,0.12376976013183594,1305.0,baseline
1777618759.222226,0.12379074096679688,1303.0,baseline
1777618759.222247,0.12381172180175781,1304.0,baseline
1777618759.2222688,0.12383365631103516,1301.0,baseline
1777618759.22229,0.1238548755645752,1298.0,baseline
1777618759.222311,0.12387585639953613,1297.0,baseline
1777618759.222333,0.12389779090881348,1299.0,baseline
1777618759.2223601,0.12392497062683105,1310.0,baseline
1777618759.222383,0.1239478588104248,1307.0,baseline
1777618759.222404,0.12396883964538574,1302.0,baseline
1777618759.222425,0.12398982048034668,1302.0,baseline
1777618759.2224472,0.12401199340820312,1298.0,baseline
1777618759.2224681,0.12403297424316406,1302.0,baseline
1777618759.222489,0.124053955078125,1307.0,baseline
1777618759.222511,0.12407588958740234,1306.0,baseline
1777618759.222532,0.12409687042236328,1308.0,baseline
1777618759.222553,0.12411785125732422,1308.0,baseline
1777618759.222574,0.12413883209228516,1307.0,baseline
1777618759.2225962,0.1241610050201416,1309.0,baseline
1777618759.2226171,0.12418198585510254,1307.0,baseline
1777618759.2226381,0.12420296669006348,1307.0,baseline
1777618759.22266,0.12422490119934082,1306.0,baseline
1777618759.222681,0.12424588203430176,1308.0,baseline
1777618759.2227142,0.12427902221679688,1306.0,baseline
1777618759.222736,0.12430071830749512,1308.0,baseline
1777618759.2227578,0.12432265281677246,1306.0,baseline
1777618759.2227788,0.1243436336517334,1306.0,baseline
1777618759.2227998,0.12436461448669434,1306.0,baseline
1777618759.222822,0.12438678741455078,1309.0,baseline
1777618759.2228491,0.12441396713256836,1310.0,baseline
1777618759.222871,0.1244359016418457,1308.0,baseline
1777618759.222893,0.12445783615112305,1308.0,baseline
1777618759.222914,0.12447881698608398,1305.0,baseline
1777618759.222935,0.12449979782104492,1303.0,baseline
1777618759.222956,0.12452077865600586,1303.0,baseline
1777618759.222978,0.1245429515838623,1301.0,baseline
1777618759.222999,0.12456393241882324,1302.0,baseline
1777618759.22302,0.12458491325378418,1303.0,baseline
1777618759.223041,0.12460589408874512,1303.0,baseline
1777618759.223063,0.12462782859802246,1304.0,baseline
1777618759.223084,0.1246488094329834,1302.0,baseline
1777618759.223108,0.12467288970947266,1303.0,baseline
1777618759.2231302,0.1246950626373291,1303.0,baseline
1777618759.2231512,0.12471604347229004,1305.0,baseline
1777618759.2231722,0.12473702430725098,1305.0,baseline
1777618759.2231941,0.12475895881652832,1304.0,baseline
1777618759.223215,0.12477993965148926,1303.0,baseline
1777618759.223236,0.1248009204864502,1303.0,baseline
1777618759.223258,0.12482285499572754,1304.0,baseline
1777618759.223279,0.12484383583068848,1305.0,baseline
1777618759.2233,0.12486481666564941,1304.0,baseline
1777618759.2233222,0.12488698959350586,1302.0,baseline
1777618759.223349,0.12491393089294434,1302.0,baseline
1777618759.223371,0.12493586540222168,1304.0,baseline
1777618759.223393,0.12495779991149902,1302.0,baseline
1777618759.223414,0.12497878074645996,1303.0,baseline
1777618759.223435,0.1249997615814209,1302.0,baseline
1777618759.223457,0.12502193450927734,1306.0,baseline
1777618759.223478,0.12504291534423828,1308.0,baseline
1777618759.223499,0.12506389617919922,1307.0,baseline
1777618759.223521,0.12508583068847656,1304.0,baseline
1777618759.223542,0.1251068115234375,1306.0,baseline
1777618759.223566,0.12513089179992676,1306.0,baseline
1777618759.223588,0.1251528263092041,1306.0,baseline
1777618759.223609,0.12517380714416504,1303.0,baseline
1777618759.2236302,0.12519502639770508,1305.0,baseline
1777618759.2236521,0.12521696090698242,1305.0,baseline
1777618759.223673,0.12523794174194336,1307.0,baseline
1777618759.223694,0.1252589225769043,1306.0,baseline
1777618759.223716,0.12528085708618164,1305.0,baseline
1777618759.223737,0.12530183792114258,1307.0,baseline
1777618759.223758,0.12532281875610352,1303.0,baseline
1777618759.2237802,0.12534499168395996,1305.0,baseline
1777618759.2238011,0.1253659725189209,1305.0,baseline
1777618759.223828,0.12539291381835938,1305.0,baseline
1777618759.223851,0.12541580200195312,1303.0,baseline
1777618759.2238731,0.12543797492980957,1302.0,baseline
1777618759.2238941,0.1254589557647705,1305.0,baseline
1777618759.223915,0.12547993659973145,1305.0,baseline
1777618759.223936,0.12550091743469238,1304.0,baseline
1777618759.223958,0.12552285194396973,1304.0,baseline
1777618759.223979,0.12554383277893066,1303.0,baseline
1777618759.224,0.1255648136138916,1306.0,baseline
1777618759.224022,0.12558674812316895,1306.0,baseline
1777618759.224043,0.12560772895812988,1308.0,baseline
1777618759.224064,0.12562894821166992,1307.0,baseline
1777618759.224086,0.12565088272094727,1306.0,baseline
1777618759.224108,0.1256728172302246,1305.0,baseline
1777618759.2241302,0.12569499015808105,1304.0,baseline
1777618759.2241511,0.125715970993042,1301.0,baseline
1777618759.224173,0.12573790550231934,1304.0,baseline
1777618759.224194,0.12575888633728027,1302.0,baseline
1777618759.224215,0.1257798671722412,1305.0,baseline
1777618759.224237,0.12580180168151855,1308.0,baseline
1777618759.224258,0.1258227825164795,1307.0,baseline
1777618759.224279,0.12584376335144043,1305.0,baseline
1777618759.2243059,0.1258707046508789,1302.0,baseline
1777618759.224329,0.12589383125305176,1304.0,baseline
1777618759.22435,0.1259148120880127,1305.0,baseline
1777618759.224372,0.12593674659729004,1305.0,baseline
1777618759.224393,0.12595772743225098,1305.0,baseline
1777618759.2244139,0.12597870826721191,1303.0,baseline
1777618759.224436,0.12600088119506836,1303.0,baseline
1777618759.224457,0.1260218620300293,1304.0,baseline
1777618759.224478,0.12604284286499023,1307.0,baseline
1777618759.224502,0.1260669231414795,1306.0,baseline
1777618759.224524,0.12608885765075684,1306.0,baseline
1777618759.224545,0.12610983848571777,1307.0,baseline
1777618759.224566,0.1261308193206787,1305.0,baseline
1777618759.224588,0.12615275382995605,1303.0,baseline
1777618759.2246091,0.1261739730834961,1302.0,baseline
1777618759.22463,0.12619495391845703,1303.0,baseline
1777618759.224652,0.12621688842773438,1304.0,baseline
1777618759.224673,0.1262378692626953,1304.0,baseline
1777618759.224694,0.12625885009765625,1303.0,baseline
1777618759.224716,0.1262807846069336,1303.0,baseline
1777618759.224737,0.12630176544189453,1305.0,baseline
1777618759.224758,0.12632274627685547,1308.0,baseline
1777618759.22478,0.12634491920471191,1304.0,baseline
1777618759.224807,0.1263718605041504,1305.0,baseline
1777618759.224829,0.12639379501342773,1303.0,baseline
1777618759.22485,0.12641477584838867,1302.0,baseline
1777618759.2248719,0.12643671035766602,1304.0,baseline
1777618759.2248929,0.12645769119262695,1305.0,baseline
1777618759.2249138,0.1264786720275879,1306.0,baseline
1777618759.224936,0.12650084495544434,1308.0,baseline
1777618759.224957,0.12652182579040527,1310.0,baseline
1777618759.224978,0.1265428066253662,1307.0,baseline
1777618759.225,0.12656474113464355,1302.0,baseline
1777618759.225021,0.1265857219696045,1302.0,baseline
1777618759.2250419,0.12660670280456543,1304.0,baseline
1777618759.225064,0.12662887573242188,1303.0,baseline
1777618759.225086,0.12665081024169922,1304.0,baseline
1777618759.225107,0.12667179107666016,1303.0,baseline
1777618759.225128,0.1266927719116211,1301.0,baseline
1777618759.2251499,0.12671470642089844,1305.0,baseline
1777618759.2251709,0.12673568725585938,1303.0,baseline
1777618759.225193,0.12675786018371582,1303.0,baseline
1777618759.225214,0.12677884101867676,1304.0,baseline
1777618759.225235,0.1267998218536377,1307.0,baseline
1777618759.225257,0.12682175636291504,1306.0,baseline
1777618759.225284,0.12684893608093262,1302.0,baseline
1777618759.225308,0.12687277793884277,1302.0,baseline
1777618759.225329,0.1268937587738037,1305.0,baseline
1777618759.2253509,0.12691569328308105,1305.0,baseline
1777618759.2253718,0.126936674118042,1306.0,baseline
1777618759.2253928,0.12695765495300293,1307.0,baseline
1777618759.225415,0.12697982788085938,1302.0,baseline
1777618759.225439,0.12700390815734863,1303.0,baseline
1777618759.22546,0.12702488899230957,1303.0,baseline
1777618759.225481,0.1270458698272705,1303.0,baseline
1777618759.225503,0.12706780433654785,1303.0,baseline
1777618759.225525,0.1270897388458252,1304.0,baseline
1777618759.225546,0.12711071968078613,1305.0,baseline
1777618759.2255669,0.12713170051574707,1308.0,baseline
1777618759.225589,0.12715387344360352,1303.0,baseline
1777618759.22561,0.12717485427856445,1301.0,baseline
1777618759.225631,0.1271958351135254,1303.0,baseline
1777618759.225653,0.12721776962280273,1304.0,baseline
1777618759.225674,0.12723875045776367,1304.0,baseline
1777618759.225696,0.12726092338562012,1303.0,baseline
1777618759.225717,0.12728190422058105,1307.0,baseline
1777618759.225738,0.127302885055542,1301.0,baseline
1777618759.2257652,0.12733006477355957,1304.0,baseline
1777618759.2257888,0.12735366821289062,1302.0,baseline
1777618759.2258098,0.12737464904785156,1302.0,baseline
1777618759.225832,0.127396821975708,1305.0,baseline
1777618759.225853,0.12741780281066895,1303.0,baseline
1777618759.225874,0.12743878364562988,1302.0,baseline
1777618759.225896,0.12746071815490723,1300.0,baseline
1777618759.2259169,0.12748169898986816,1301.0,baseline
1777618759.22594,0.12750482559204102,1304.0,baseline
1777618759.225975,0.12753987312316895,1305.0,baseline
1777618759.2259982,0.1275629997253418,1305.0,baseline
1777618759.226022,0.12758684158325195,1308.0,baseline
1777618759.226045,0.1276097297668457,1307.0,baseline
1777618759.226068,0.12763285636901855,1306.0,baseline
1777618759.22609,0.1276547908782959,1305.0,baseline
1777618759.226112,0.12767672538757324,1303.0,baseline
1777618759.226134,0.1276988983154297,1304.0,baseline
1777618759.226157,0.12772178649902344,1301.0,baseline
1777618759.2261791,0.12774395942687988,1306.0,baseline
1777618759.226201,0.12776589393615723,1306.0,baseline
1777618759.226223,0.12778782844543457,1305.0,baseline
1777618759.2262459,0.12781071662902832,1301.0,baseline
1777618759.226269,0.12783384323120117,1304.0,baseline
1777618759.226298,0.12786293029785156,1304.0,baseline
1777618759.226321,0.1278858184814453,1304.0,baseline
1777618759.226343,0.12790775299072266,1305.0,baseline
1777618759.226364,0.1279287338256836,1305.0,baseline
1777618759.2263858,0.12795066833496094,1308.0,baseline
1777618759.2264068,0.12797164916992188,1305.0,baseline
1777618759.2264278,0.1279926300048828,1302.0,baseline
1777618759.22645,0.12801480293273926,1306.0,baseline
1777618759.226471,0.1280357837677002,1308.0,baseline
1777618759.226492,0.12805676460266113,1309.0,baseline
1777618759.2265139,0.12807869911193848,1308.0,baseline
1777618759.2265348,0.12809967994689941,1307.0,baseline
1777618759.226557,0.12812185287475586,1306.0,baseline
1777618759.226578,0.1281428337097168,1304.0,baseline
1777618759.226599,0.12816381454467773,1303.0,baseline
1777618759.226621,0.12818574905395508,1303.0,baseline
1777618759.226642,0.12820672988891602,1303.0,baseline
1777618759.2266629,0.12822771072387695,1307.0,baseline
1777618759.226685,0.1282498836517334,1308.0,baseline
1777618759.226706,0.12827086448669434,1308.0,baseline
1777618759.226727,0.12829184532165527,1307.0,baseline
1777618759.226749,0.12831377983093262,1307.0,baseline
1777618759.2267761,0.1283409595489502,1306.0,baseline
1777618759.226799,0.12836384773254395,1305.0,baseline
1777618759.2268212,0.1283860206604004,1303.0,baseline
1777618759.2268422,0.12840700149536133,1302.0,baseline
1777618759.2268631,0.12842798233032227,1303.0,baseline
1777618759.226885,0.1284499168395996,1303.0,baseline
1777618759.226906,0.12847089767456055,1303.0,baseline
1777618759.226927,0.12849187850952148,1304.0,baseline
1777618759.2269492,0.12851405143737793,1309.0,baseline
1777618759.226975,0.1285398006439209,1308.0,baseline
1777618759.226996,0.12856078147888184,1307.0,baseline
1777618759.227017,0.12858176231384277,1304.0,baseline
1777618759.2270389,0.12860369682312012,1304.0,baseline
1777618759.22706,0.12862491607666016,1305.0,baseline
1777618759.227082,0.1286468505859375,1306.0,baseline
1777618759.227103,0.12866783142089844,1306.0,baseline
1777618759.227124,0.12868881225585938,1302.0,baseline
1777618759.227146,0.12871074676513672,1302.0,baseline
1777618759.227167,0.12873172760009766,1307.0,baseline
1777618759.2271879,0.1287527084350586,1306.0,baseline
1777618759.22721,0.12877488136291504,1309.0,baseline
1777618759.227231,0.12879586219787598,1309.0,baseline
1777618759.2272582,0.12882304191589355,1310.0,baseline
1777618759.2272818,0.1288466453552246,1309.0,baseline
1777618759.227303,0.12886786460876465,1306.0,baseline
1777618759.227325,0.128889799118042,1308.0,baseline
1777618759.227346,0.12891077995300293,1308.0,baseline
1777618759.227367,0.12893176078796387,1308.0,baseline
1777618759.2273889,0.1289536952972412,1308.0,baseline
1777618759.2274098,0.12897467613220215,1308.0,baseline
1777618759.227432,0.1289968490600586,1308.0,baseline
1777618759.227453,0.12901782989501953,1305.0,baseline
1777618759.227474,0.12903881072998047,1306.0,baseline
1777618759.227496,0.1290607452392578,1307.0,baseline
1777618759.227517,0.12908172607421875,1307.0,baseline
1777618759.2275379,0.1291027069091797,1304.0,baseline
1777618759.22756,0.12912487983703613,1305.0,baseline
1777618759.227581,0.12914586067199707,1303.0,baseline
1777618759.227602,0.129166841506958,1306.0,baseline
1777618759.227624,0.12918877601623535,1308.0,baseline
1777618759.227645,0.1292097568511963,1308.0,baseline
1777618759.2276669,0.12923169136047363,1306.0,baseline
1777618759.2276878,0.12925267219543457,1307.0,baseline
1777618759.2277088,0.1292736530303955,1304.0,baseline
1777618759.227731,0.12929582595825195,1302.0,baseline
1777618759.2277582,0.12932300567626953,1305.0,baseline
1777618759.227781,0.12934589385986328,1308.0,baseline
1777618759.227802,0.12936687469482422,1307.0,baseline
1777618759.2278242,0.12938904762268066,1304.0,baseline
1777618759.2278452,0.1294100284576416,1306.0,baseline
1777618759.2278662,0.12943100929260254,1305.0,baseline
1777618759.227888,0.12945294380187988,1305.0,baseline
1777618759.227909,0.12947392463684082,1307.0,baseline
1777618759.2279308,0.12949562072753906,1305.0,baseline
1777618759.2279522,0.1295170783996582,1303.0,baseline
1777618759.2279732,0.12953805923461914,1303.0,baseline
1777618759.227995,0.12955975532531738,1304.0,baseline
1777618759.2280161,0.12958097457885742,1304.0,baseline
1777618759.2280378,0.12960267066955566,1304.0,baseline
1777618759.2280588,0.1296236515045166,1303.0,baseline
1777618759.228081,0.12964582443237305,1303.0,baseline
1777618759.228102,0.12966680526733398,1305.0,baseline
1777618759.228123,0.12968778610229492,1304.0,baseline
1777618759.2281442,0.12970900535583496,1305.0,baseline
1777618759.2281659,0.1297307014465332,1306.0,baseline
1777618759.2281868,0.12975168228149414,1305.0,baseline
1777618759.2282088,0.12977361679077148,1308.0,baseline
1777618759.228236,0.12980079650878906,1307.0,baseline
1777618759.22826,0.12982487678527832,1305.0,baseline
1777618759.2282822,0.12984704971313477,1306.0,baseline
1777618759.2283032,0.1298680305480957,1307.0,baseline
1777618759.2283242,0.12988901138305664,1308.0,baseline
1777618759.228346,0.12991094589233398,1306.0,baseline
1777618759.228367,0.12993192672729492,1308.0,baseline
1777618759.228389,0.12995386123657227,1308.0,baseline
1777618759.22841,0.1299748420715332,1305.0,baseline
1777618759.228431,0.12999582290649414,1306.0,baseline
1777618759.2284522,0.13001704216003418,1304.0,baseline
1777618759.2284741,0.13003897666931152,1303.0,baseline
1777618759.2284951,0.13005995750427246,1303.0,baseline
1777618759.228517,0.1300818920135498,1302.0,baseline
1777618759.228538,0.13010287284851074,1302.0,baseline
1777618759.228559,0.13012385368347168,1305.0,baseline
1777618759.22858,0.13014483451843262,1306.0,baseline
1777618759.2286022,0.13016700744628906,1304.0,baseline
1777618759.2286232,0.13018798828125,1305.0,baseline
1777618759.2286441,0.13020896911621094,1305.0,baseline
1777618759.228666,0.13023090362548828,1302.0,baseline
1777618759.228687,0.13025188446044922,1303.0,baseline
1777618759.228714,0.1302788257598877,1305.0,baseline
1777618759.228738,0.13030290603637695,1305.0,baseline
1777618759.22876,0.1303248405456543,1303.0,baseline
1777618759.2287822,0.13034701347351074,1305.0,baseline
1777618759.2288032,0.13036799430847168,1304.0,baseline
1777618759.2288241,0.13038897514343262,1308.0,baseline
1777618759.228846,0.13041090965270996,1307.0,baseline
1777618759.228867,0.1304318904876709,1306.0,baseline
1777618759.228888,0.13045287132263184,1306.0,baseline
1777618759.22891,0.13047480583190918,1307.0,baseline
1777618759.2289312,0.13049602508544922,1304.0,baseline
1777618759.2289522,0.13051700592041016,1301.0,baseline
1777618759.2289732,0.1305379867553711,1302.0,baseline
1777618759.228995,0.13055992126464844,1305.0,baseline
1777618759.229016,0.13058090209960938,1307.0,baseline
1777618759.229037,0.1306018829345703,1305.0,baseline
1777618759.229059,0.13062381744384766,1304.0,baseline
1777618759.22908,0.1306447982788086,1304.0,baseline
1777618759.229101,0.13066577911376953,1305.0,baseline
1777618759.229123,0.13068795204162598,1305.0,baseline
1777618759.229144,0.13070893287658691,1306.0,baseline
1777618759.229165,0.13072991371154785,1307.0,baseline
1777618759.229187,0.1307518482208252,1307.0,baseline
1777618759.2292218,0.13078665733337402,1303.0,baseline
1777618759.229245,0.13080978393554688,1305.0,baseline
1777618759.229266,0.1308307647705078,1302.0,baseline
1777618759.2292879,0.13085269927978516,1305.0,baseline
1777618759.2293088,0.1308736801147461,1305.0,baseline
1777618759.2293298,0.13089466094970703,1307.0,baseline
1777618759.229352,0.13091683387756348,1306.0,baseline
1777618759.229373,0.13093781471252441,1308.0,baseline
1777618759.229394,0.13095879554748535,1307.0,baseline
1777618759.229416,0.1309807300567627,1306.0,baseline
1777618759.2294369,0.13100171089172363,1305.0,baseline
1777618759.2294579,0.13102269172668457,1304.0,baseline
1777618759.22948,0.13104486465454102,1304.0,baseline
1777618759.229501,0.13106584548950195,1304.0,baseline
1777618759.229523,0.1310877799987793,1305.0,baseline
1777618759.2295449,0.13110971450805664,1305.0,baseline
1777618759.2295659,0.13113069534301758,1308.0,baseline
1777618759.229588,0.13115286827087402,1307.0,baseline
1777618759.229609,0.13117384910583496,1306.0,baseline
1777618759.229631,0.1311957836151123,1303.0,baseline
1777618759.229652,0.13121676445007324,1307.0,baseline
1777618759.229673,0.13123774528503418,1305.0,baseline
1777618759.229701,0.13126587867736816,1304.0,baseline
1777618759.229725,0.13128972053527832,1306.0,baseline
1777618759.2297459,0.13131070137023926,1307.0,baseline
1777618759.2297668,0.1313316822052002,1303.0,baseline
1777618759.229789,0.13135385513305664,1303.0,baseline
1777618759.22981,0.13137483596801758,1303.0,baseline
1777618759.229832,0.13139677047729492,1303.0,baseline
1777618759.229853,0.13141775131225586,1303.0,baseline
1777618759.2298748,0.1314396858215332,1303.0,baseline
1777618759.2298958,0.13146066665649414,1306.0,baseline
1777618759.2299168,0.13148164749145508,1303.0,baseline
1777618759.229939,0.13150382041931152,1305.0,baseline
1777618759.22996,0.13152480125427246,1305.0,baseline
1777618759.229982,0.1315467357635498,1305.0,baseline
1777618759.2300029,0.13156771659851074,1302.0,baseline
1777618759.2300239,0.13158869743347168,1300.0,baseline
1777618759.2300448,0.13160967826843262,1303.0,baseline
1777618759.230067,0.13163185119628906,1303.0,baseline
1777618759.230088,0.13165283203125,1304.0,baseline
1777618759.230112,0.13167691230773926,1306.0,baseline
1777618759.230133,0.1316978931427002,1307.0,baseline
1777618759.230154,0.13171887397766113,1302.0,baseline
1777618759.230176,0.13174080848693848,1303.0,baseline
1777618759.230203,0.13176774978637695,1302.0,baseline
1777618759.230228,0.13179278373718262,1304.0,baseline
1777618759.230249,0.13181376457214355,1302.0,baseline
1777618759.23027,0.1318347454071045,1304.0,baseline
1777618759.230292,0.13185691833496094,1305.0,baseline
1777618759.230313,0.13187789916992188,1304.0,baseline
1777618759.230334,0.1318988800048828,1308.0,baseline
1777618759.230355,0.13191986083984375,1302.0,baseline
1777618759.230377,0.1319417953491211,1300.0,baseline
1777618759.230398,0.13196277618408203,1302.0,baseline
1777618759.230419,0.13198375701904297,1301.0,baseline
1777618759.2304409,0.1320056915283203,1304.0,baseline
1777618759.2304618,0.13202667236328125,1303.0,baseline
1777618759.230483,0.1320478916168213,1302.0,baseline
1777618759.230505,0.13206982612609863,1302.0,baseline
1777618759.230526,0.13209080696105957,1302.0,baseline
1777618759.230547,0.1321117877960205,1304.0,baseline
1777618759.230568,0.13213276863098145,1306.0,baseline
1777618759.2305899,0.1321547031402588,1305.0,baseline
1777618759.2306108,0.13217568397521973,1306.0,baseline
1777618759.2306318,0.13219666481018066,1305.0,baseline
1777618759.230654,0.1322188377380371,1304.0,baseline
1777618759.2306812,0.1322460174560547,1306.0,baseline
1777618759.230706,0.13227081298828125,1306.0,baseline
1777618759.230727,0.1322917938232422,1303.0,baseline
1777618759.230748,0.13231277465820312,1306.0,baseline
1777618759.2307699,0.13233470916748047,1309.0,baseline
1777618759.2307909,0.1323556900024414,1308.0,baseline
1777618759.2308118,0.13237667083740234,1307.0,baseline
1777618759.230834,0.1323988437652588,1306.0,baseline
1777618759.230855,0.13241982460021973,1305.0,baseline
1777618759.230876,0.13244080543518066,1305.0,baseline
1777618759.230898,0.132462739944458,1304.0,baseline
1777618759.230925,0.13248991966247559,1304.0,baseline
1777618759.230947,0.13251185417175293,1307.0,baseline
1777618759.2309701,0.13253498077392578,1305.0,baseline
1777618759.2309928,0.13255763053894043,1303.0,baseline
1777618759.231016,0.13258075714111328,1304.0,baseline
1777618759.231039,0.13260388374328613,1307.0,baseline
1777618759.231062,0.13262677192687988,1307.0,baseline
1777618759.231085,0.13264989852905273,1305.0,baseline
1777618759.231107,0.13267183303833008,1303.0,baseline
1777618759.2311292,0.13269400596618652,1302.0,baseline
1777618759.231151,0.13271594047546387,1304.0,baseline
1777618759.231173,0.1327378749847412,1304.0,baseline
1777618759.231201,0.1327657699584961,1303.0,baseline
1777618759.2312262,0.13279104232788086,1306.0,baseline
1777618759.2312489,0.1328136920928955,1305.0,baseline
1777618759.231273,0.13283777236938477,1305.0,baseline
1777618759.231296,0.13286089897155762,1308.0,baseline
1777618759.231319,0.13288378715515137,1307.0,baseline
1777618759.2313411,0.1329059600830078,1305.0,baseline
1777618759.2313652,0.13293004035949707,1305.0,baseline
1777618759.231393,0.13295793533325195,1303.0,baseline
1777618759.231416,0.1329808235168457,1303.0,baseline
1777618759.2314382,0.13300299644470215,1302.0,baseline
1777618759.2314591,0.13302397727966309,1308.0,baseline
1777618759.231481,0.13304591178894043,1307.0,baseline
1777618759.231502,0.13306689262390137,1305.0,baseline
1777618759.231523,0.1330878734588623,1303.0,baseline
1777618759.231545,0.13310980796813965,1305.0,baseline
1777618759.2315662,0.1331310272216797,1305.0,baseline
1777618759.2315881,0.13315296173095703,1305.0,baseline
1777618759.231609,0.13317394256591797,1306.0,baseline
1777618759.231631,0.1331958770751953,1304.0,baseline
1777618759.231652,0.13321685791015625,1305.0,baseline
1777618759.231673,0.1332378387451172,1307.0,baseline
1777618759.2317,0.13326478004455566,1305.0,baseline
1777618759.231724,0.13328886032104492,1308.0,baseline
1777618759.231745,0.13330984115600586,1303.0,baseline
1777618759.231767,0.1333317756652832,1303.0,baseline
1777618759.231788,0.13335275650024414,1303.0,baseline
1777618759.2318091,0.13337397575378418,1302.0,baseline
1777618759.231831,0.13339591026306152,1302.0,baseline
1777618759.231852,0.13341689109802246,1301.0,baseline
1777618759.231874,0.1334388256072998,1307.0,baseline
1777618759.231895,0.13345980644226074,1306.0,baseline
1777618759.2319171,0.1334819793701172,1304.0,baseline
1777618759.2319381,0.13350296020507812,1305.0,baseline
1777618759.231959,0.13352394104003906,1302.0,baseline
1777618759.231981,0.1335458755493164,1304.0,baseline
1777618759.2320042,0.13356900215148926,1303.0,baseline
1777618759.232026,0.1335909366607666,1304.0,baseline
1777618759.232047,0.13361191749572754,1303.0,baseline
1777618759.232068,0.13363289833068848,1306.0,baseline
1777618759.23209,0.13365483283996582,1302.0,baseline
1777618759.2321112,0.13367605209350586,1305.0,baseline
1777618759.2321322,0.1336970329284668,1305.0,baseline
1777618759.2321532,0.13371801376342773,1308.0,baseline
1777618759.232175,0.13373994827270508,1308.0,baseline
1777618759.232202,0.13376688957214355,1309.0,baseline
1777618759.232227,0.13379192352294922,1305.0,baseline
1777618759.232248,0.13381290435791016,1302.0,baseline
1777618759.232269,0.1338338851928711,1303.0,baseline
1777618759.232291,0.13385581970214844,1305.0,baseline
1777618759.232312,0.13387680053710938,1303.0,baseline
1777618759.232333,0.1338977813720703,1301.0,baseline
1777618759.232355,0.13391995429992676,1302.0,baseline
1777618759.232376,0.1339409351348877,1303.0,baseline
1777618759.232397,0.13396191596984863,1306.0,baseline
1777618759.232419,0.13398385047912598,1305.0,baseline
1777618759.23244,0.13400483131408691,1307.0,baseline
1777618759.232461,0.13402581214904785,1306.0,baseline
1777618759.2324831,0.1340479850769043,1306.0,baseline
1777618759.2325041,0.13406896591186523,1302.0,baseline
1777618759.23254,0.13410472869873047,1305.0,baseline
1777618759.2325618,0.1341266632080078,1302.0,baseline
1777618759.2325828,0.13414764404296875,1305.0,baseline
1777618759.232605,0.1341698169708252,1307.0,baseline
1777618759.232626,0.13419079780578613,1306.0,baseline
1777618759.232648,0.13421273231506348,1304.0,baseline
1777618759.2326689,0.13423371315002441,1303.0,baseline
1777618759.232696,0.134260892868042,1305.0,baseline
1777618759.2327209,0.13428568840026855,1305.0,baseline
1777618759.2327418,0.1343066692352295,1308.0,baseline
1777618759.232764,0.13432884216308594,1307.0,baseline
1777618759.232785,0.13434982299804688,1303.0,baseline
1777618759.232806,0.1343708038330078,1304.0,baseline
1777618759.232828,0.13439273834228516,1304.0,baseline
1777618759.232849,0.1344137191772461,1305.0,baseline
1777618759.2328699,0.13443470001220703,1304.0,baseline
1777618759.2328918,0.13445663452148438,1302.0,baseline
1777618759.2329128,0.1344776153564453,1301.0,baseline
1777618759.232935,0.13449978828430176,1302.0,baseline
1777618759.232956,0.1345207691192627,1301.0,baseline
1777618759.232977,0.13454174995422363,1301.0,baseline
1777618759.2329988,0.13456368446350098,1304.0,baseline
1777618759.2330198,0.13458466529846191,1305.0,baseline
1777618759.2330408,0.13460564613342285,1307.0,baseline
1777618759.233063,0.1346278190612793,1305.0,baseline
1777618759.233084,0.13464879989624023,1305.0,baseline
1777618759.233105,0.13466978073120117,1302.0,baseline
1777618759.2331269,0.13469171524047852,1306.0,baseline
1777618759.2331479,0.13471269607543945,1307.0,baseline
1777618759.233175,0.13473987579345703,1305.0,baseline
1777618759.2332,0.1347649097442627,1306.0,baseline
1777618759.233221,0.13478589057922363,1307.0,baseline
1777618759.233242,0.13480687141418457,1308.0,baseline
1777618759.2332642,0.13482904434204102,1305.0,baseline
1777618759.2332852,0.13485002517700195,1305.0,baseline
1777618759.2333062,0.1348710060119629,1303.0,baseline
1777618759.233328,0.13489294052124023,1302.0,baseline
1777618759.233349,0.13491392135620117,1305.0,baseline
1777618759.23337,0.1349349021911621,1304.0,baseline
1777618759.233391,0.13495588302612305,1306.0,baseline
1777618759.2334132,0.1349780559539795,1305.0,baseline
1777618759.2334342,0.13499903678894043,1304.0,baseline
1777618759.2334552,0.13502001762390137,1306.0,baseline
1777618759.233477,0.1350419521331787,1305.0,baseline
1777618759.233498,0.13506293296813965,1304.0,baseline
1777618759.23352,0.135084867477417,1305.0,baseline
1777618759.233541,0.13510584831237793,1307.0,baseline
1777618759.2335622,0.13512706756591797,1307.0,baseline
1777618759.2335832,0.1351480484008789,1305.0,baseline
1777618759.2336051,0.13516998291015625,1305.0,baseline
1777618759.233631,0.13519573211669922,1304.0,baseline
1777618759.233674,0.1352388858795166,1304.0,baseline
1777618759.233706,0.1352708339691162,1305.0,baseline
1777618759.23373,0.13529491424560547,1304.0,baseline
1777618759.233752,0.1353168487548828,1305.0,baseline
1777618759.2337742,0.13533902168273926,1306.0,baseline
1777618759.2337952,0.1353600025177002,1304.0,baseline
1777618759.233817,0.13538193702697754,1302.0,baseline
1777618759.233838,0.13540291786193848,1308.0,baseline
1777618759.23386,0.13542485237121582,1306.0,baseline
1777618759.233881,0.13544583320617676,1306.0,baseline
1777618759.2339041,0.1354689598083496,1307.0,baseline
1777618759.2339258,0.13549065589904785,1305.0,baseline
1777618759.233948,0.1355128288269043,1305.0,baseline
1777618759.2339709,0.13553571701049805,1303.0,baseline
1777618759.2339919,0.13555669784545898,1305.0,baseline
1777618759.234014,0.13557887077331543,1304.0,baseline
1777618759.234035,0.13559985160827637,1303.0,baseline
1777618759.234056,0.1356208324432373,1304.0,baseline
1777618759.234078,0.13564276695251465,1308.0,baseline
1777618759.234099,0.13566374778747559,1302.0,baseline
1777618759.23412,0.13568472862243652,1300.0,baseline
1777618759.234142,0.13570690155029297,1303.0,baseline
1777618759.234163,0.1357278823852539,1303.0,baseline
1777618759.23419,0.13575482368469238,1305.0,baseline
1777618759.234213,0.13577795028686523,1306.0,baseline
1777618759.2342348,0.13579964637756348,1308.0,baseline
1777618759.2342558,0.13582062721252441,1309.0,baseline
1777618759.234278,0.13584280014038086,1308.0,baseline
1777618759.234299,0.1358637809753418,1305.0,baseline
1777618759.23432,0.13588476181030273,1304.0,baseline
1777618759.2343419,0.13590669631958008,1305.0,baseline
1777618759.2343628,0.13592767715454102,1305.0,baseline
1777618759.234385,0.13594985008239746,1303.0,baseline
1777618759.234406,0.1359708309173584,1303.0,baseline
1777618759.234428,0.13599276542663574,1303.0,baseline
1777618759.234449,0.13601374626159668,1305.0,baseline
1777618759.23447,0.13603472709655762,1302.0,baseline
1777618759.2344918,0.13605666160583496,1304.0,baseline
1777618759.2345128,0.1360776424407959,1305.0,baseline
1777618759.234535,0.13609981536865234,1303.0,baseline
1777618759.234556,0.13612079620361328,1306.0,baseline
1777618759.234577,0.13614177703857422,1307.0,baseline
1777618759.2345989,0.13616371154785156,1308.0,baseline
1777618759.2346199,0.1361846923828125,1305.0,baseline
1777618759.2346408,0.13620567321777344,1304.0,baseline
1777618759.234669,0.13623380661010742,1305.0,baseline
1777618759.234693,0.13625788688659668,1302.0,baseline
1777618759.234714,0.13627886772155762,1303.0,baseline
1777618759.2347362,0.13630104064941406,1302.0,baseline
1777618759.2347572,0.136322021484375,1305.0,baseline
1777618759.2347782,0.13634300231933594,1308.0,baseline
1777618759.2348,0.13636493682861328,1303.0,baseline
1777618759.234821,0.13638591766357422,1305.0,baseline
1777618759.234842,0.13640689849853516,1306.0,baseline
1777618759.2348642,0.1364290714263916,1307.0,baseline
1777618759.2348852,0.13645005226135254,1304.0,baseline
1777618759.234907,0.13647174835205078,1306.0,baseline
1777618759.23493,0.13649487495422363,1306.0,baseline
1777618759.234952,0.13651680946350098,1307.0,baseline
1777618759.2349749,0.13653969764709473,1307.0,baseline
1777618759.234997,0.13656187057495117,1306.0,baseline
1777618759.23502,0.13658475875854492,1309.0,baseline
1777618759.2350411,0.13660597801208496,1308.0,baseline
1777618759.235063,0.1366279125213623,1306.0,baseline
1777618759.235084,0.13664889335632324,1303.0,baseline
1777618759.235106,0.13667082786560059,1306.0,baseline
1777618759.235127,0.13669180870056152,1306.0,baseline
1777618759.2351491,0.13671398162841797,1308.0,baseline
1777618759.235175,0.13673973083496094,1309.0,baseline
1777618759.235199,0.1367638111114502,1307.0,baseline
1777618759.23522,0.13678479194641113,1303.0,baseline
1777618759.235242,0.13680672645568848,1303.0,baseline
1777618759.2352629,0.13682770729064941,1308.0,baseline
1777618759.2352839,0.13684868812561035,1303.0,baseline
1777618759.235306,0.1368708610534668,1303.0,baseline
1777618759.23533,0.13689494132995605,1305.0,baseline
1777618759.235351,0.136915922164917,1306.0,baseline
1777618759.235372,0.13693690299987793,1305.0,baseline
1777618759.235394,0.13695883750915527,1302.0,baseline
1777618759.235415,0.1369798183441162,1302.0,baseline
1777618759.235436,0.13700079917907715,1304.0,baseline
1777618759.2354581,0.1370229721069336,1301.0,baseline
1777618759.235479,0.13704395294189453,1301.0,baseline
1777618759.2355,0.13706493377685547,1303.0,baseline
1777618759.235521,0.1370859146118164,1302.0,baseline
1777618759.235543,0.13710784912109375,1306.0,baseline
1777618759.235564,0.1371288299560547,1306.0,baseline
1777618759.235585,0.13714981079101562,1306.0,baseline
1777618759.2356071,0.13717198371887207,1306.0,baseline
1777618759.2356281,0.137192964553833,1307.0,baseline
1777618759.2356522,0.13721704483032227,1306.0,baseline
1777618759.2356758,0.13724064826965332,1305.0,baseline
1777618759.2356968,0.13726162910461426,1304.0,baseline
1777618759.235719,0.1372838020324707,1305.0,baseline
1777618759.23574,0.13730478286743164,1307.0,baseline
1777618759.235761,0.13732576370239258,1306.0,baseline
1777618759.235785,0.13734984397888184,1308.0,baseline
1777618759.235807,0.13737177848815918,1305.0,baseline
1777618759.235845,0.13740992546081543,1305.0,baseline
1777618759.2358668,0.13743162155151367,1306.0,baseline
1777618759.2358882,0.1374530792236328,1305.0,baseline
1777618759.23591,0.13747477531433105,1302.0,baseline
1777618759.235931,0.137495756149292,1300.0,baseline
1777618759.2359529,0.13751769065856934,1304.0,baseline
1777618759.2359738,0.13753867149353027,1306.0,baseline
1777618759.2359948,0.1375596523284912,1308.0,baseline
1777618759.236017,0.13758182525634766,1307.0,baseline
1777618759.236038,0.1376028060913086,1305.0,baseline
1777618759.236059,0.13762378692626953,1302.0,baseline
1777618759.2360802,0.13764500617980957,1303.0,baseline
1777618759.2361019,0.1376667022705078,1303.0,baseline
1777618759.2361228,0.13768768310546875,1303.0,baseline
1777618759.23615,0.13771486282348633,1306.0,baseline
1777618759.236175,0.137739896774292,1305.0,baseline
1777618759.2361972,0.13776206970214844,1302.0,baseline
1777618759.2362182,0.13778305053710938,1300.0,baseline
1777618759.2362392,0.1378040313720703,1303.0,baseline
1777618759.2362628,0.13782763481140137,1301.0,baseline
1777618759.236285,0.1378498077392578,1302.0,baseline
1777618759.236306,0.13787078857421875,1302.0,baseline
1777618759.236327,0.1378917694091797,1302.0,baseline
1777618759.2363489,0.13791370391845703,1300.0,baseline
1777618759.2363698,0.13793468475341797,1305.0,baseline
1777618759.236392,0.13795685768127441,1303.0,baseline
1777618759.236413,0.13797783851623535,1303.0,baseline
1777618759.236434,0.1379988193511963,1305.0,baseline
1777618759.236456,0.13802075386047363,1306.0,baseline
1777618759.236477,0.13804173469543457,1302.0,baseline
1777618759.2364988,0.13806366920471191,1300.0,baseline
1777618759.23652,0.13808488845825195,1302.0,baseline
1777618759.236541,0.1381058692932129,1302.0,baseline
1777618759.236563,0.13812780380249023,1300.0,baseline
1777618759.236584,0.13814878463745117,1302.0,baseline
1777618759.236605,0.1381697654724121,1301.0,baseline
1777618759.236626,0.13819074630737305,1303.0,baseline
1777618759.236654,0.13821887969970703,1300.0,baseline
1777618759.236678,0.1382427215576172,1301.0,baseline
1777618759.2366989,0.13826370239257812,1305.0,baseline
1777618759.23672,0.13828492164611816,1305.0,baseline
1777618759.2367418,0.1383066177368164,1304.0,baseline
1777618759.2367628,0.13832759857177734,1302.0,baseline
1777618759.2367842,0.13834905624389648,1305.0,baseline
1777618759.2368052,0.13837003707885742,1303.0,baseline
1777618759.236827,0.13839173316955566,1303.0,baseline
1777618759.236848,0.1384129524230957,1303.0,baseline
1777618759.236869,0.13843393325805664,1304.0,baseline
1777618759.23689,0.13845491409301758,1303.0,baseline
1777618759.236911,0.13847589492797852,1305.0,baseline
1777618759.2369332,0.13849806785583496,1303.0,baseline
1777618759.2369542,0.1385190486907959,1302.0,baseline
1777618759.2369752,0.13854002952575684,1303.0,baseline
1777618759.2369962,0.13856101036071777,1303.0,baseline
1777618759.237018,0.13858294486999512,1307.0,baseline
1777618759.237039,0.13860392570495605,1303.0,baseline
1777618759.23706,0.138624906539917,1302.0,baseline
1777618759.237081,0.13864588737487793,1303.0,baseline
1777618759.237102,0.13866686820983887,1302.0,baseline
1777618759.23713,0.13869476318359375,1303.0,baseline
1777618759.237154,0.138718843460083,1304.0,baseline
1777618759.237175,0.13873982429504395,1305.0,baseline
1777618759.2371972,0.1387619972229004,1309.0,baseline
1777618759.2372181,0.13878297805786133,1310.0,baseline
1777618759.2372391,0.13880395889282227,1307.0,baseline
1777618759.237261,0.1388258934020996,1307.0,baseline
1777618759.237282,0.13884687423706055,1305.0,baseline
1777618759.237303,0.13886785507202148,1302.0,baseline
1777618759.237325,0.13888978958129883,1304.0,baseline
1777618759.237346,0.13891077041625977,1302.0,baseline
1777618759.2373672,0.1389319896697998,1303.0,baseline
1777618759.2373881,0.13895297050476074,1303.0,baseline
1777618759.23741,0.13897490501403809,1304.0,baseline
1777618759.237431,0.13899588584899902,1302.0,baseline
1777618759.237452,0.13901686668395996,1303.0,baseline
1777618759.237473,0.1390378475189209,1305.0,baseline
1777618759.237495,0.13905978202819824,1303.0,baseline
1777618759.237516,0.13908076286315918,1304.0,baseline
1777618759.237537,0.13910174369812012,1304.0,baseline
1777618759.2375581,0.13912296295166016,1304.0,baseline
1777618759.237579,0.1391439437866211,1306.0,baseline
1777618759.2376032,0.13916802406311035,1305.0,baseline
1777618759.2376268,0.1391916275024414,1305.0,baseline
1777618759.2376478,0.13921260833740234,1307.0,baseline
1777618759.23767,0.1392347812652588,1303.0,baseline
1777618759.237691,0.13925576210021973,1305.0,baseline
1777618759.237712,0.13927674293518066,1304.0,baseline
1777618759.2377331,0.1392979621887207,1304.0,baseline
1777618759.2377548,0.13931965827941895,1307.0,baseline
1777618759.2377758,0.13934063911437988,1304.0,baseline
1777618759.237797,0.13936185836791992,1307.0,baseline
1777618759.237819,0.13938379287719727,1302.0,baseline
1777618759.23784,0.1394047737121582,1304.0,baseline
1777618759.2378612,0.13942599296569824,1308.0,baseline
1777618759.2378829,0.13944768905639648,1306.0,baseline
1777618759.2379038,0.13946866989135742,1304.0,baseline
1777618759.237926,0.13949084281921387,1305.0,baseline
1777618759.237947,0.1395118236541748,1305.0,baseline
1777618759.237968,0.13953280448913574,1303.0,baseline
1777618759.2379892,0.13955402374267578,1305.0,baseline
1777618759.238011,0.13957571983337402,1309.0,baseline
1777618759.2380319,0.13959670066833496,1309.0,baseline
1777618759.238053,0.139617919921875,1308.0,baseline
1777618759.23808,0.13964486122131348,1305.0,baseline
1777618759.238104,0.13966894149780273,1303.0,baseline
1777618759.238125,0.13968992233276367,1303.0,baseline
1777618759.238147,0.13971185684204102,1302.0,baseline
1777618759.238168,0.13973283767700195,1302.0,baseline
1777618759.238189,0.1397538185119629,1301.0,baseline
1777618759.23821,0.13977479934692383,1304.0,baseline
1777618759.2382321,0.13979697227478027,1305.0,baseline
1777618759.238253,0.1398179531097412,1308.0,baseline
1777618759.238274,0.13983893394470215,1308.0,baseline
1777618759.238296,0.1398608684539795,1308.0,baseline
1777618759.238317,0.13988184928894043,1308.0,baseline
1777618759.238338,0.13990283012390137,1307.0,baseline
1777618759.2383602,0.1399250030517578,1308.0,baseline
1777618759.2383811,0.13994598388671875,1308.0,baseline
1777618759.2384021,0.1399669647216797,1310.0,baseline
1777618759.238424,0.13998889923095703,1308.0,baseline
1777618759.238445,0.14000988006591797,1306.0,baseline
1777618759.238466,0.1400308609008789,1301.0,baseline
1777618759.238488,0.14005279541015625,1300.0,baseline
1777618759.238509,0.1400737762451172,1301.0,baseline
1777618759.2385302,0.14009499549865723,1304.0,baseline
1777618759.238552,0.14011693000793457,1303.0,baseline
1777618759.238579,0.14014387130737305,1303.0,baseline
1777618759.238601,0.1401658058166504,1303.0,baseline
1777618759.238623,0.14018774032592773,1305.0,baseline
1777618759.238644,0.14020872116088867,1308.0,baseline
1777618759.2386649,0.1402297019958496,1305.0,baseline
1777618759.238687,0.14025187492370605,1302.0,baseline
1777618759.238708,0.140272855758667,1305.0,baseline
1777618759.238729,0.14029383659362793,1308.0,baseline
1777618759.23875,0.14031481742858887,1307.0,baseline
1777618759.238771,0.1403357982635498,1304.0,baseline
1777618759.238793,0.14035773277282715,1305.0,baseline
1777618759.2388139,0.14037871360778809,1305.0,baseline
1777618759.2388349,0.14039969444274902,1305.0,baseline
1777618759.2388558,0.14042067527770996,1309.0,baseline
1777618759.238878,0.1404428482055664,1308.0,baseline
1777618759.238899,0.14046382904052734,1307.0,baseline
1777618759.23892,0.14048480987548828,1302.0,baseline
1777618759.238941,0.14050579071044922,1305.0,baseline
1777618759.238963,0.14052772521972656,1304.0,baseline
1777618759.2389839,0.1405487060546875,1303.0,baseline
1777618759.2390049,0.14056968688964844,1303.0,baseline
1777618759.239027,0.14059185981750488,1302.0,baseline
1777618759.239054,0.14061880111694336,1302.0,baseline
1777618759.2390919,0.1406567096710205,1302.0,baseline
1777618759.239114,0.14067888259887695,1303.0,baseline
1777618759.239135,0.1406998634338379,1303.0,baseline
1777618759.239156,0.14072084426879883,1303.0,baseline
1777618759.239178,0.14074277877807617,1303.0,baseline
1777618759.239199,0.1407637596130371,1303.0,baseline
1777618759.23922,0.14078474044799805,1305.0,baseline
1777618759.239242,0.1408069133758545,1303.0,baseline
1777618759.239263,0.14082789421081543,1305.0,baseline
1777618759.239284,0.14084887504577637,1304.0,baseline
1777618759.239306,0.1408708095550537,1303.0,baseline
1777618759.239327,0.14089179039001465,1303.0,baseline
1777618759.239349,0.140913724899292,1304.0,baseline
1777618759.2393699,0.14093470573425293,1304.0,baseline
1777618759.239391,0.14095592498779297,1305.0,baseline
1777618759.239412,0.1409769058227539,1307.0,baseline
1777618759.239434,0.14099884033203125,1305.0,baseline
1777618759.239455,0.1410198211669922,1304.0,baseline
1777618759.239476,0.14104080200195312,1303.0,baseline
1777618759.239498,0.14106273651123047,1307.0,baseline
1777618759.239522,0.14108681678771973,1305.0,baseline
1777618759.239549,0.1411137580871582,1305.0,baseline
1777618759.239572,0.14113688468933105,1304.0,baseline
1777618759.239594,0.1411588191986084,1303.0,baseline
1777618759.239615,0.14117980003356934,1304.0,baseline
1777618759.239636,0.14120078086853027,1309.0,baseline
1777618759.239657,0.1412217617034912,1306.0,baseline
1777618759.2396789,0.14124369621276855,1303.0,baseline
1777618759.2397,0.1412649154663086,1305.0,baseline
1777618759.239721,0.14128589630126953,1305.0,baseline
1777618759.239743,0.14130783081054688,1304.0,baseline
1777618759.239764,0.1413288116455078,1306.0,baseline
1777618759.239785,0.14134979248046875,1306.0,baseline
1777618759.239807,0.1413717269897461,1307.0,baseline
1777618759.2398279,0.14139270782470703,1305.0,baseline
1777618759.2398489,0.14141368865966797,1302.0,baseline
1777618759.239871,0.14143586158752441,1302.0,baseline
1777618759.239892,0.14145684242248535,1305.0,baseline
1777618759.239913,0.1414778232574463,1307.0,baseline
1777618759.239935,0.14149975776672363,1307.0,baseline
1777618759.239956,0.14152073860168457,1306.0,baseline
1777618759.23998,0.14154481887817383,1309.0,baseline
1777618759.240001,0.14156579971313477,1309.0,baseline
1777618759.240028,0.14159274101257324,1309.0,baseline
1777618759.2400498,0.14161467552185059,1306.0,baseline
1777618759.240072,0.14163684844970703,1304.0,baseline
1777618759.240094,0.14165878295898438,1304.0,baseline
1777618759.240115,0.1416797637939453,1305.0,baseline
1777618759.240136,0.14170074462890625,1299.0,baseline
1777618759.2401578,0.1417226791381836,1305.0,baseline
1777618759.240179,0.14174389839172363,1310.0,baseline
1777618759.2402,0.14176487922668457,1305.0,baseline
1777618759.240221,0.1417858600616455,1304.0,baseline
1777618759.240243,0.14180779457092285,1307.0,baseline
1777618759.240264,0.1418287754058838,1308.0,baseline
1777618759.240285,0.14184975624084473,1307.0,baseline
1777618759.2403069,0.14187169075012207,1307.0,baseline
1777618759.2403278,0.141892671585083,1307.0,baseline
1777618759.2403488,0.14191365242004395,1308.0,baseline
1777618759.240371,0.1419358253479004,1307.0,baseline
1777618759.240392,0.14195680618286133,1308.0,baseline
1777618759.240413,0.14197778701782227,1311.0,baseline
1777618759.240435,0.1419997215270996,1307.0,baseline
1777618759.2404559,0.14202070236206055,1308.0,baseline
1777618759.240478,0.142042875289917,1301.0,baseline
1777618759.240499,0.14206385612487793,1302.0,baseline
1777618759.240526,0.1420907974243164,1297.0,baseline
1777618759.2405481,0.14211297035217285,1297.0,baseline
1777618759.24057,0.1421349048614502,1304.0,baseline
1777618759.240591,0.14215588569641113,1310.0,baseline
1777618759.240612,0.14217686653137207,1311.0,baseline
1777618759.240633,0.142197847366333,1311.0,baseline
1777618759.2406552,0.14222002029418945,1308.0,baseline
1777618759.2406762,0.1422410011291504,1305.0,baseline
1777618759.240698,0.14226293563842773,1302.0,baseline
1777618759.240719,0.14228391647338867,1304.0,baseline
1777618759.240741,0.14230585098266602,1307.0,baseline
1777618759.240762,0.14232683181762695,1307.0,baseline
1777618759.2407832,0.142348051071167,1306.0,baseline
1777618759.2408051,0.14236998558044434,1305.0,baseline
1777618759.2408261,0.14239096641540527,1302.0,baseline
1777618759.2408478,0.14241266250610352,1307.0,baseline
1777618759.240869,0.14243388175964355,1303.0,baseline
1777618759.24089,0.1424548625946045,1301.0,baseline
1777618759.240912,0.14247679710388184,1303.0,baseline
1777618759.2409332,0.14249801635742188,1301.0,baseline
1777618759.2409542,0.1425189971923828,1309.0,baseline
1777618759.2409759,0.14254069328308105,1308.0,baseline
1777618759.241003,0.14256787300109863,1308.0,baseline
1777618759.241025,0.14258980751037598,1305.0,baseline
1777618759.2410471,0.14261198043823242,1305.0,baseline
1777618759.2410681,0.14263296127319336,1303.0,baseline
1777618759.24109,0.1426548957824707,1307.0,baseline
1777618759.241111,0.14267587661743164,1306.0,baseline
1777618759.241132,0.14269685745239258,1308.0,baseline
1777618759.241154,0.14271879196166992,1308.0,baseline
1777618759.241175,0.14273977279663086,1307.0,baseline
1777618759.241214,0.14277887344360352,1305.0,baseline
1777618759.241236,0.14280080795288086,1300.0,baseline
1777618759.241258,0.1428227424621582,1302.0,baseline
1777618759.241279,0.14284372329711914,1303.0,baseline
1777618759.241301,0.14286589622497559,1305.0,baseline
1777618759.241322,0.14288687705993652,1308.0,baseline
1777618759.241343,0.14290785789489746,1301.0,baseline
1777618759.241365,0.1429297924041748,1298.0,baseline
1777618759.241386,0.14295077323913574,1305.0,baseline
1777618759.241408,0.1429729461669922,1306.0,baseline
1777618759.241429,0.14299392700195312,1303.0,baseline
1777618759.24145,0.14301490783691406,1303.0,baseline
1777618759.241472,0.1430368423461914,1309.0,baseline
1777618759.241493,0.14305782318115234,1309.0,baseline
1777618759.2415202,0.14308500289916992,1295.0,baseline
1777618759.2415428,0.14310765266418457,1303.0,baseline
1777618759.241565,0.14312982559204102,1308.0,baseline
1777618759.241587,0.14315176010131836,1308.0,baseline
1777618759.241608,0.1431727409362793,1308.0,baseline
1777618759.2416298,0.14319467544555664,1307.0,baseline
1777618759.241651,0.14321589469909668,1308.0,baseline
1777618759.241672,0.14323687553405762,1308.0,baseline
1777618759.241694,0.14325881004333496,1307.0,baseline
1777618759.241715,0.1432797908782959,1305.0,baseline
1777618759.241736,0.14330077171325684,1307.0,baseline
1777618759.2417579,0.14332270622253418,1304.0,baseline
1777618759.2417789,0.14334368705749512,1307.0,baseline
1777618759.2417998,0.14336466789245605,1306.0,baseline
1777618759.241822,0.1433868408203125,1306.0,baseline
1777618759.241846,0.14341092109680176,1306.0,baseline
1777618759.241867,0.1434319019317627,1305.0,baseline
1777618759.241888,0.14345288276672363,1305.0,baseline
1777618759.24191,0.14347481727600098,1309.0,baseline
1777618759.241931,0.14349579811096191,1304.0,baseline
1777618759.241952,0.14351677894592285,1299.0,baseline
1777618759.241974,0.1435389518737793,1305.0,baseline
1777618759.2420008,0.14356565475463867,1312.0,baseline
1777618759.242024,0.14358878135681152,1308.0,baseline
1777618759.2420459,0.14361071586608887,1304.0,baseline
1777618759.2420669,0.1436316967010498,1303.0,baseline
1777618759.242089,0.14365386962890625,1302.0,baseline
1777618759.24211,0.1436748504638672,1303.0,baseline
1777618759.242132,0.14369678497314453,1305.0,baseline
1777618759.242153,0.14371776580810547,1307.0,baseline
1777618759.242174,0.1437387466430664,1303.0,baseline
1777618759.242196,0.14376091957092285,1305.0,baseline
1777618759.242217,0.1437819004058838,1305.0,baseline
1777618759.242238,0.14380288124084473,1302.0,baseline
1777618759.24226,0.14382481575012207,1307.0,baseline
1777618759.242281,0.143845796585083,1309.0,baseline
1777618759.242302,0.14386677742004395,1309.0,baseline
1777618759.2423239,0.1438887119293213,1307.0,baseline
1777618759.2423549,0.1439197063446045,1308.0,baseline
1777618759.242377,0.14394187927246094,1308.0,baseline
1777618759.242399,0.14396381378173828,1305.0,baseline
1777618759.24242,0.14398479461669922,1308.0,baseline
1777618759.242442,0.14400672912597656,1308.0,baseline
1777618759.2424629,0.1440277099609375,1307.0,baseline
1777618759.2424908,0.14405560493469238,1303.0,baseline
1777618759.2425148,0.14407968521118164,1302.0,baseline
1777618759.242537,0.14410185813903809,1303.0,baseline
1777618759.242558,0.14412283897399902,1306.0,baseline
1777618759.242579,0.14414381980895996,1306.0,baseline
1777618759.242601,0.1441657543182373,1307.0,baseline
1777618759.242622,0.14418673515319824,1308.0,baseline
1777618759.2426429,0.14420771598815918,1308.0,baseline
1777618759.242665,0.14422988891601562,1305.0,baseline
1777618759.242686,0.14425086975097656,1305.0,baseline
1777618759.242707,0.1442718505859375,1307.0,baseline
1777618759.242728,0.14429283142089844,1309.0,baseline
1777618759.24275,0.14431476593017578,1308.0,baseline
1777618759.242771,0.14433574676513672,1304.0,baseline
1777618759.242792,0.14435672760009766,1307.0,baseline
1777618759.242814,0.1443789005279541,1305.0,baseline
1777618759.242835,0.14439988136291504,1303.0,baseline
1777618759.242856,0.14442086219787598,1302.0,baseline
1777618759.242878,0.14444279670715332,1302.0,baseline
1777618759.242899,0.14446377754211426,1303.0,baseline
1777618759.24292,0.1444847583770752,1306.0,baseline
1777618759.2429419,0.14450669288635254,1306.0,baseline
1777618759.2429628,0.14452767372131348,1307.0,baseline
1777618759.242989,0.14455389976501465,1309.0,baseline
1777618759.24301,0.14457488059997559,1306.0,baseline
1777618759.243031,0.14459586143493652,1306.0,baseline
1777618759.243053,0.14461779594421387,1307.0,baseline
1777618759.243074,0.1446387767791748,1307.0,baseline
1777618759.243095,0.14465975761413574,1308.0,baseline
1777618759.2431161,0.14468097686767578,1308.0,baseline
1777618759.243138,0.14470291137695312,1305.0,baseline
1777618759.243159,0.14472389221191406,1305.0,baseline
1777618759.24318,0.144744873046875,1308.0,baseline
1777618759.243202,0.14476680755615234,1309.0,baseline
1777618759.243223,0.14478778839111328,1307.0,baseline
1777618759.243247,0.14481186866760254,1308.0,baseline
1777618759.243268,0.14483284950256348,1308.0,baseline
1777618759.2432902,0.14485502243041992,1308.0,baseline
1777618759.2433112,0.14487600326538086,1305.0,baseline
1777618759.2433321,0.1448969841003418,1306.0,baseline
1777618759.243354,0.14491891860961914,1307.0,baseline
1777618759.243375,0.14493989944458008,1309.0,baseline
1777618759.243396,0.14496088027954102,1311.0,baseline
1777618759.243417,0.14498186111450195,1308.0,baseline
1777618759.243438,0.1450028419494629,1309.0,baseline
1777618759.243466,0.14503073692321777,1308.0,baseline
1777618759.2434912,0.14505600929260254,1308.0,baseline
1777618759.2435122,0.14507699012756348,1309.0,baseline
1777618759.2435331,0.14509797096252441,1309.0,baseline
1777618759.243555,0.14511990547180176,1309.0,baseline
1777618759.243576,0.1451408863067627,1308.0,baseline
1777618759.243597,0.14516186714172363,1307.0,baseline
1777618759.243619,0.14518380165100098,1308.0,baseline
1777618759.24364,0.14520478248596191,1312.0,baseline
1777618759.243667,0.1452317237854004,1312.0,baseline
1777618759.2436879,0.14525270462036133,1308.0,baseline
1777618759.2437088,0.14527368545532227,1306.0,baseline
1777618759.243733,0.14529776573181152,1308.0,baseline
1777618759.243755,0.14531993865966797,1306.0,baseline
1777618759.243776,0.1453409194946289,1308.0,baseline
1777618759.243797,0.14536190032958984,1307.0,baseline
1777618759.243818,0.14538288116455078,1304.0,baseline
1777618759.24384,0.14540481567382812,1305.0,baseline
1777618759.243861,0.14542579650878906,1307.0,baseline
1777618759.243882,0.14544677734375,1310.0,baseline
1777618759.243904,0.14546895027160645,1308.0,baseline
1777618759.243925,0.14548993110656738,1301.0,baseline
1777618759.243952,0.14551687240600586,1299.0,baseline
1777618759.2439759,0.14554071426391602,1303.0,baseline
1777618759.2439969,0.14556169509887695,1312.0,baseline
1777618759.244019,0.1455838680267334,1311.0,baseline
1777618759.24404,0.14560484886169434,1312.0,baseline
1777618759.244061,0.14562582969665527,1315.0,baseline
1777618759.244083,0.14564776420593262,1311.0,baseline
1777618759.244104,0.14566874504089355,1311.0,baseline
1777618759.244125,0.1456897258758545,1312.0,baseline
1777618759.244147,0.14571189880371094,1309.0,baseline
1777618759.244168,0.14573287963867188,1303.0,baseline
1777618759.244192,0.14575672149658203,1308.0,baseline
1777618759.244213,0.14577794075012207,1309.0,baseline
1777618759.244235,0.14579987525939941,1310.0,baseline
1777618759.244256,0.14582085609436035,1312.0,baseline
1777618759.244277,0.1458418369293213,1305.0,baseline
1777618759.244299,0.14586377143859863,1304.0,baseline
1777618759.24432,0.14588475227355957,1302.0,baseline
1777618759.244341,0.1459057331085205,1308.0,baseline
1777618759.244363,0.14592790603637695,1306.0,baseline
1777618759.244384,0.1459488868713379,1301.0,baseline
1777618759.244405,0.14596986770629883,1300.0,baseline
1777618759.244427,0.14599180221557617,1302.0,baseline
1777618759.244454,0.14601874351501465,1306.0,baseline
1777618759.244477,0.1460418701171875,1308.0,baseline
1777618759.244498,0.14606285095214844,1308.0,baseline
1777618759.24452,0.14608478546142578,1308.0,baseline
1777618759.244541,0.14610576629638672,1305.0,baseline
1777618759.244562,0.14612674713134766,1307.0,baseline
1777618759.2445838,0.146148681640625,1305.0,baseline
1777618759.2446048,0.14616966247558594,1306.0,baseline
1777618759.2446258,0.14619064331054688,1308.0,baseline
1777618759.244648,0.14621281623840332,1308.0,baseline
1777618759.244669,0.14623379707336426,1311.0,baseline
1777618759.24469,0.1462547779083252,1314.0,baseline
1777618759.2447119,0.14627671241760254,1314.0,baseline
1777618759.2447329,0.14629769325256348,1324.0,baseline
1777618759.244755,0.14631986618041992,1313.0,baseline
1777618759.244776,0.14634084701538086,1300.0,baseline
1777618759.244797,0.1463618278503418,1296.0,baseline
1777618759.244818,0.14638280868530273,1301.0,baseline
1777618759.24484,0.14640474319458008,1306.0,baseline
1777618759.244861,0.14642572402954102,1303.0,baseline
1777618759.244883,0.14644789695739746,1307.0,baseline
1777618759.244904,0.1464688777923584,1309.0,baseline
1777618759.244931,0.14649581909179688,1307.0,baseline
1777618759.2449548,0.14651966094970703,1308.0,baseline
1777618759.244977,0.14654183387756348,1308.0,baseline
1777618759.244998,0.14656281471252441,1310.0,baseline
1777618759.245019,0.14658379554748535,1308.0,baseline
1777618759.245041,0.1466057300567627,1308.0,baseline
1777618759.2450619,0.14662671089172363,1305.0,baseline
1777618759.2450838,0.14664864540100098,1308.0,baseline
1777618759.2451048,0.14666962623596191,1305.0,baseline
1777618759.2451258,0.14669060707092285,1308.0,baseline
1777618759.245148,0.1467127799987793,1309.0,baseline
1777618759.245169,0.14673376083374023,1311.0,baseline
1777618759.2451909,0.14675569534301758,1310.0,baseline
1777618759.2452118,0.14677667617797852,1309.0,baseline
1777618759.2452328,0.14679765701293945,1309.0,baseline
1777618759.2452538,0.1468186378479004,1308.0,baseline
1777618759.245276,0.14684081077575684,1306.0,baseline
1777618759.245297,0.14686179161071777,1302.0,baseline
1777618759.245318,0.1468827724456787,1302.0,baseline
1777618759.2453399,0.14690470695495605,1304.0,baseline
1777618759.2453609,0.146925687789917,1303.0,baseline
1777618759.2453818,0.14694666862487793,1305.0,baseline
1777618759.245409,0.1469738483428955,1306.0,baseline
1777618759.245434,0.14699888229370117,1303.0,baseline
1777618759.245455,0.1470198631286621,1311.0,baseline
1777618759.245476,0.14704084396362305,1312.0,baseline
1777618759.2454982,0.1470630168914795,1308.0,baseline
1777618759.2455192,0.14708399772644043,1307.0,baseline
1777618759.2455401,0.14710497856140137,1306.0,baseline
1777618759.245562,0.1471269130706787,1302.0,baseline
1777618759.245583,0.14714789390563965,1301.0,baseline
1777618759.245617,0.14718174934387207,1305.0,baseline
1777618759.2456388,0.14720368385314941,1306.0,baseline
1777618759.245661,0.14722585678100586,1308.0,baseline
1777618759.245682,0.1472468376159668,1308.0,baseline
1777618759.245703,0.14726781845092773,1306.0,baseline
1777618759.245724,0.14728879928588867,1306.0,baseline
1777618759.245746,0.14731073379516602,1300.0,baseline
1777618759.2457669,0.14733171463012695,1302.0,baseline
1777618759.2457879,0.1473526954650879,1306.0,baseline
1777618759.24581,0.14737486839294434,1308.0,baseline
1777618759.245831,0.14739584922790527,1308.0,baseline
1777618759.245852,0.1474168300628662,1313.0,baseline
1777618759.245873,0.14743781089782715,1309.0,baseline
1777618759.245895,0.1474597454071045,1311.0,baseline
1777618759.245922,0.14748692512512207,1309.0,baseline
1777618759.2459462,0.14751100540161133,1311.0,baseline
1777618759.2459679,0.14753270149230957,1309.0,baseline
1777618759.245989,0.1475539207458496,1309.0,baseline
1777618759.2460108,0.14757561683654785,1305.0,baseline
1777618759.2460318,0.1475965976715088,1309.0,baseline
1777618759.2460532,0.14761805534362793,1308.0,baseline
1777618759.246075,0.14763975143432617,1307.0,baseline
1777618759.246096,0.1476607322692871,1305.0,baseline
1777618759.246117,0.14768195152282715,1305.0,baseline
1777618759.2461388,0.1477036476135254,1303.0,baseline
1777618759.2461598,0.14772462844848633,1302.0,baseline
1777618759.246181,0.14774584770202637,1313.0,baseline
1777618759.246203,0.1477677822113037,1310.0,baseline
1777618759.246224,0.14778876304626465,1308.0,baseline
1777618759.2462459,0.147810697555542,1313.0,baseline
1777618759.2462668,0.14783167839050293,1314.0,baseline
1777618759.2462878,0.14785265922546387,1306.0,baseline
1777618759.24631,0.1478748321533203,1302.0,baseline
1777618759.246331,0.14789581298828125,1303.0,baseline
1777618759.246352,0.1479167938232422,1301.0,baseline
1777618759.2463732,0.14793801307678223,1302.0,baseline
1777618759.2464,0.1479649543762207,1302.0,baseline
1777618759.2464252,0.14798998832702637,1304.0,baseline
1777618759.2464461,0.1480109691619873,1305.0,baseline
1777618759.246467,0.14803194999694824,1305.0,baseline
1777618759.246489,0.14805388450622559,1304.0,baseline
1777618759.24651,0.14807486534118652,1312.0,baseline
1777618759.246531,0.14809584617614746,1308.0,baseline
1777618759.2465532,0.1481180191040039,1308.0,baseline
1777618759.2465742,0.14813899993896484,1309.0,baseline
1777618759.2465951,0.14815998077392578,1309.0,baseline
1777618759.246617,0.14818191528320312,1308.0,baseline
1777618759.246638,0.14820289611816406,1308.0,baseline
1777618759.246659,0.148223876953125,1310.0,baseline
1777618759.24668,0.14824485778808594,1308.0,baseline
1777618759.2467022,0.14826703071594238,1310.0,baseline
1777618759.2467232,0.14828801155090332,1311.0,baseline
1777618759.2467442,0.14830899238586426,1308.0,baseline
1777618759.246766,0.1483309268951416,1306.0,baseline
1777618759.246787,0.14835190773010254,1310.0,baseline
1777618759.246808,0.14837288856506348,1309.0,baseline
1777618759.246829,0.14839386940002441,1306.0,baseline
1777618759.246851,0.14841580390930176,1309.0,baseline
1777618759.246878,0.14844274520874023,1310.0,baseline
1777618759.246902,0.1484668254852295,1308.0,baseline
1777618759.246924,0.14848875999450684,1307.0,baseline
1777618759.2469451,0.14850997924804688,1308.0,baseline
1777618759.2469661,0.1485309600830078,1307.0,baseline
1777618759.2469912,0.14855599403381348,1307.0,baseline
1777618759.2470121,0.14857697486877441,1308.0,baseline
1777618759.247033,0.14859795570373535,1307.0,baseline
1777618759.247055,0.1486198902130127,1308.0,baseline
1777618759.247076,0.14864087104797363,1309.0,baseline
1777618759.247097,0.14866185188293457,1306.0,baseline
1777618759.247118,0.1486828327178955,1305.0,baseline
1777618759.247139,0.14870381355285645,1306.0,baseline
1777618759.2471611,0.1487259864807129,1311.0,baseline
1777618759.2471821,0.14874696731567383,1310.0,baseline
1777618759.247203,0.14876794815063477,1310.0,baseline
1777618759.247225,0.1487898826599121,1308.0,baseline
1777618759.247246,0.14881086349487305,1307.0,baseline
1777618759.2472682,0.1488330364227295,1306.0,baseline
1777618759.2472892,0.14885401725769043,1306.0,baseline
1777618759.2473102,0.14887499809265137,1308.0,baseline
1777618759.247332,0.1488969326019287,1310.0,baseline
1777618759.247353,0.14891791343688965,1308.0,baseline
1777618759.24738,0.14894485473632812,1308.0,baseline
1777618759.247404,0.14896893501281738,1307.0,baseline
1777618759.247425,0.14898991584777832,1305.0,baseline
1777618759.247446,0.14901089668273926,1301.0,baseline
1777618759.247468,0.1490328311920166,1309.0,baseline
1777618759.247489,0.14905381202697754,1310.0,baseline
1777618759.24751,0.14907479286193848,1316.0,baseline
1777618759.247531,0.14909577369689941,1317.0,baseline
1777618759.247553,0.14911794662475586,1312.0,baseline
1777618759.247574,0.1491389274597168,1303.0,baseline
1777618759.247595,0.14915990829467773,1305.0,baseline
1777618759.247617,0.14918184280395508,1302.0,baseline
1777618759.247638,0.14920282363891602,1307.0,baseline
1777618759.247659,0.14922380447387695,1306.0,baseline
1777618759.24768,0.1492447853088379,1308.0,baseline
1777618759.247701,0.14926576614379883,1307.0,baseline
1777618759.247723,0.14928793907165527,1306.0,baseline
1777618759.247744,0.1493089199066162,1302.0,baseline
1777618759.247765,0.14932990074157715,1301.0,baseline
1777618759.247787,0.1493518352508545,1301.0,baseline
1777618759.247808,0.14937281608581543,1276.0,baseline
1777618759.247829,0.14939379692077637,1302.0,baseline
1777618759.2478561,0.14942097663879395,1324.0,baseline
1777618759.247883,0.14944791793823242,1326.0,baseline
1777618759.247905,0.14946985244750977,1318.0,baseline
1777618759.247927,0.1494917869567871,1314.0,baseline
1777618759.247948,0.14951276779174805,1312.0,baseline
1777618759.247969,0.14953374862670898,1309.0,baseline
1777618759.247991,0.14955592155456543,1309.0,baseline
1777618759.248012,0.14957690238952637,1307.0,baseline
1777618759.248033,0.1495978832244873,1308.0,baseline
1777618759.248054,0.14961886405944824,1309.0,baseline
1777618759.248076,0.14964079856872559,1311.0,baseline
1777618759.248097,0.14966177940368652,1312.0,baseline
1777618759.248118,0.14968276023864746,1308.0,baseline
1777618759.248139,0.1497037410736084,1305.0,baseline
1777618759.248161,0.14972591400146484,1307.0,baseline
1777618759.248182,0.14974689483642578,1308.0,baseline
1777618759.248203,0.14976787567138672,1309.0,baseline
1777618759.248225,0.14978981018066406,1308.0,baseline
1777618759.248246,0.149810791015625,1308.0,baseline
1777618759.248267,0.14983177185058594,1309.0,baseline
1777618759.248289,0.14985394477844238,1312.0,baseline
1777618759.24831,0.14987492561340332,1312.0,baseline
1777618759.248331,0.14989590644836426,1310.0,baseline
1777618759.2483578,0.14992260932922363,1312.0,baseline
1777618759.2483819,0.1499466896057129,1309.0,baseline
1777618759.248404,0.14996886253356934,1311.0,baseline
1777618759.248425,0.14998984336853027,1313.0,baseline
1777618759.248447,0.15001177787780762,1310.0,baseline
1777618759.248468,0.15003275871276855,1307.0,baseline
1777618759.248489,0.1500537395477295,1307.0,baseline
1777618759.248511,0.15007591247558594,1309.0,baseline
1777618759.248532,0.15009689331054688,1312.0,baseline
1777618759.248553,0.1501178741455078,1312.0,baseline
1777618759.248574,0.15013885498046875,1314.0,baseline
1777618759.248596,0.1501607894897461,1315.0,baseline
1777618759.248617,0.15018177032470703,1309.0,baseline
1777618759.248638,0.15020275115966797,1312.0,baseline
1777618759.248659,0.1502237319946289,1308.0,baseline
1777618759.248681,0.15024590492248535,1306.0,baseline
1777618759.248702,0.1502668857574463,1309.0,baseline
1777618759.248723,0.15028786659240723,1310.0,baseline
1777618759.248745,0.15030980110168457,1312.0,baseline
1777618759.248767,0.15033173561096191,1312.0,baseline
1777618759.24879,0.15035486221313477,1311.0,baseline
1777618759.2488132,0.15037798881530762,1306.0,baseline
1777618759.248839,0.15040373802185059,1307.0,baseline
1777618759.248873,0.1504378318786621,1305.0,baseline
1777618759.248895,0.15045976638793945,1310.0,baseline
1777618759.248917,0.1504819393157959,1312.0,baseline
1777618759.248939,0.15050387382507324,1311.0,baseline
1777618759.2489622,0.1505270004272461,1311.0,baseline
1777618759.248984,0.15054893493652344,1312.0,baseline
1777618759.249006,0.15057086944580078,1312.0,baseline
1777618759.2490282,0.15059304237365723,1307.0,baseline
1777618759.2490509,0.15061569213867188,1307.0,baseline
1777618759.249075,0.15063977241516113,1309.0,baseline
1777618759.249098,0.15066289901733398,1309.0,baseline
1777618759.249121,0.15068578720092773,1311.0,baseline
1777618759.2491431,0.15070796012878418,1311.0,baseline
1777618759.249166,0.15073084831237793,1313.0,baseline
1777618759.2491891,0.15075397491455078,1311.0,baseline
1777618759.2492118,0.15077662467956543,1312.0,baseline
1777618759.249234,0.15079879760742188,1311.0,baseline
1777618759.249255,0.1508197784423828,1310.0,baseline
1777618759.2492769,0.15084171295166016,1308.0,baseline
1777618759.249299,0.1508638858795166,1309.0,baseline
1777618759.249321,0.15088582038879395,1308.0,baseline
1777618759.249347,0.15091180801391602,1308.0,baseline
1777618759.249373,0.15093779563903809,1310.0,baseline
1777618759.249396,0.15096092224121094,1311.0,baseline
1777618759.249419,0.1509838104248047,1312.0,baseline
1777618759.249442,0.15100693702697754,1311.0,baseline
1777618759.249464,0.15102887153625488,1312.0,baseline
1777618759.249486,0.15105080604553223,1311.0,baseline
1777618759.2495072,0.15107202529907227,1310.0,baseline
1777618759.2495291,0.1510939598083496,1312.0,baseline
1777618759.24955,0.15111494064331055,1311.0,baseline
1777618759.249571,0.15113592147827148,1313.0,baseline
1777618759.249593,0.15115785598754883,1311.0,baseline
1777618759.249614,0.15117883682250977,1311.0,baseline
1777618759.249635,0.1511998176574707,1312.0,baseline
1777618759.249656,0.15122079849243164,1309.0,baseline
1777618759.249677,0.15124177932739258,1311.0,baseline
1777618759.249699,0.15126395225524902,1311.0,baseline
1777618759.24972,0.15128493309020996,1312.0,baseline
1777618759.249741,0.1513059139251709,1313.0,baseline
1777618759.249762,0.15132689476013184,1312.0,baseline
1777618759.249784,0.15134882926940918,1312.0,baseline
1777618759.249805,0.15136981010437012,1312.0,baseline
1777618759.249832,0.1513967514038086,1313.0,baseline
1777618759.249855,0.15141987800598145,1311.0,baseline
1777618759.249876,0.15144085884094238,1311.0,baseline
1777618759.249897,0.15146183967590332,1310.0,baseline
1777618759.249919,0.15148377418518066,1308.0,baseline
1777618759.24994,0.1515047550201416,1310.0,baseline
1777618759.249961,0.15152573585510254,1310.0,baseline
1777618759.2499819,0.15154671669006348,1311.0,baseline
1777618759.2500029,0.15156769752502441,1308.0,baseline
1777618759.250025,0.15158987045288086,1310.0,baseline
1777618759.250046,0.1516108512878418,1311.0,baseline
1777618759.250067,0.15163183212280273,1311.0,baseline
1777618759.250088,0.15165281295776367,1312.0,baseline
1777618759.25011,0.15167474746704102,1311.0,baseline
1777618759.250131,0.15169572830200195,1309.0,baseline
1777618759.2501519,0.1517167091369629,1308.0,baseline
1777618759.2501729,0.15173768997192383,1310.0,baseline
1777618759.250195,0.15175986289978027,1313.0,baseline
1777618759.250216,0.1517808437347412,1315.0,baseline
1777618759.250238,0.15180277824401855,1315.0,baseline
1777618759.2502599,0.1518247127532959,1312.0,baseline
1777618759.250283,0.15184783935546875,1311.0,baseline
1777618759.250324,0.15188884735107422,1310.0,baseline
1777618759.2503512,0.1519160270690918,1309.0,baseline
1777618759.2503738,0.15193867683410645,1311.0,baseline
1777618759.250396,0.1519608497619629,1311.0,baseline
1777618759.250418,0.15198278427124023,1311.0,baseline
1777618759.250439,0.15200376510620117,1310.0,baseline
1777618759.2504609,0.15202569961547852,1310.0,baseline
1777618759.250483,0.15204787254333496,1309.0,baseline
1777618759.250504,0.1520688533782959,1308.0,baseline
1777618759.250525,0.15208983421325684,1309.0,baseline
1777618759.250547,0.15211176872253418,1311.0,baseline
1777618759.2505689,0.15213370323181152,1312.0,baseline
1777618759.2505898,0.15215468406677246,1310.0,baseline
1777618759.2506108,0.1521756649017334,1312.0,baseline
1777618759.250633,0.15219783782958984,1310.0,baseline
1777618759.250655,0.1522197723388672,1313.0,baseline
1777618759.250677,0.15224194526672363,1310.0,baseline
1777618759.2507,0.15226483345031738,1311.0,baseline
1777618759.2507231,0.15228796005249023,1311.0,baseline
1777618759.250745,0.15230989456176758,1309.0,baseline
1777618759.2507699,0.15233469009399414,1311.0,baseline
1777618759.250792,0.15235686302185059,1313.0,baseline
1777618759.250814,0.15237879753112793,1311.0,baseline
1777618759.2508428,0.15240764617919922,1309.0,baseline
1777618759.250867,0.15243172645568848,1311.0,baseline
1777618759.250889,0.15245389938354492,1311.0,baseline
1777618759.250911,0.15247583389282227,1312.0,baseline
1777618759.250933,0.1524977684020996,1311.0,baseline
1777618759.250954,0.15251874923706055,1311.0,baseline
1777618759.250975,0.15253973007202148,1312.0,baseline
1777618759.250997,0.15256190299987793,1311.0,baseline
1777618759.251018,0.15258288383483887,1309.0,baseline
1777618759.251039,0.1526038646697998,1309.0,baseline
1777618759.25106,0.15262484550476074,1310.0,baseline
1777618759.251104,0.15266895294189453,1312.0,baseline
1777618759.251125,0.15268993377685547,1312.0,baseline
1777618759.251146,0.1527109146118164,1311.0,baseline
1777618759.251175,0.1527397632598877,1311.0,baseline
1777618759.251196,0.15276074409484863,1311.0,baseline
1777618759.2512178,0.15278267860412598,1307.0,baseline
1777618759.2512388,0.15280365943908691,1311.0,baseline
1777618759.251261,0.15282583236694336,1310.0,baseline
1777618759.251282,0.1528468132019043,1308.0,baseline
1777618759.251304,0.15286874771118164,1303.0,baseline
1777618759.2513258,0.15289068222045898,1308.0,baseline
1777618759.251353,0.15291786193847656,1312.0,baseline
1777618759.251374,0.1529388427734375,1315.0,baseline
1777618759.2514088,0.15297365188598633,1312.0,baseline
1777618759.2514298,0.15299463272094727,1313.0,baseline
1777618759.251452,0.1530168056488037,1311.0,baseline
1777618759.251473,0.15303778648376465,1311.0,baseline
1777618759.251494,0.15305876731872559,1311.0,baseline
1777618759.2515159,0.15308070182800293,1313.0,baseline
1777618759.2515368,0.15310168266296387,1312.0,baseline
1777618759.251559,0.1531238555908203,1312.0,baseline
1777618759.25158,0.15314483642578125,1309.0,baseline
1777618759.251601,0.1531658172607422,1305.0,baseline
1777618759.251623,0.15318775177001953,1312.0,baseline
1777618759.251644,0.15320873260498047,1312.0,baseline
1777618759.2516649,0.1532297134399414,1311.0,baseline
1777618759.2516868,0.15325164794921875,1307.0,baseline
1777618759.2517078,0.1532726287841797,1307.0,baseline
1777618759.251729,0.15329384803771973,1308.0,baseline
1777618759.251751,0.15331578254699707,1311.0,baseline
1777618759.251772,0.153336763381958,1314.0,baseline
1777618759.251793,0.15335774421691895,1313.0,baseline
1777618759.2518148,0.1533796787261963,1311.0,baseline
1777618759.251842,0.15340685844421387,1309.0,baseline
1777618759.2518651,0.15342998504638672,1308.0,baseline
1777618759.251887,0.15345191955566406,1311.0,baseline
1777618759.251908,0.153472900390625,1313.0,baseline
1777618759.25193,0.15349483489990234,1311.0,baseline
1777618759.2519512,0.15351605415344238,1308.0,baseline
1777618759.2519722,0.15353703498840332,1310.0,baseline
1777618759.2519941,0.15355896949768066,1312.0,baseline
1777618759.252015,0.1535799503326416,1311.0,baseline
1777618759.252036,0.15360093116760254,1313.0,baseline
1777618759.252058,0.15362286567687988,1312.0,baseline
1777618759.252079,0.15364384651184082,1312.0,baseline
1777618759.2521,0.15366482734680176,1311.0,baseline
1777618759.2521222,0.1536870002746582,1311.0,baseline
1777618759.2521448,0.15370965003967285,1311.0,baseline
1777618759.252167,0.1537318229675293,1313.0,baseline
1777618759.252191,0.15375590324401855,1312.0,baseline
1777618759.252226,0.15379095077514648,1311.0,baseline
1777618759.252248,0.15381288528442383,1312.0,baseline
1777618759.252269,0.15383386611938477,1313.0,baseline
1777618759.252291,0.1538558006286621,1312.0,baseline
1777618759.252314,0.15387892723083496,1311.0,baseline
1777618759.252347,0.15391182899475098,1312.0,baseline
1777618759.2523699,0.15393471717834473,1311.0,baseline
1777618759.252393,0.15395784378051758,1311.0,baseline
1777618759.252416,0.15398073196411133,1310.0,baseline
1777618759.252438,0.15400290489196777,1310.0,baseline
1777618759.25246,0.15402483940124512,1312.0,baseline
1777618759.252482,0.15404677391052246,1309.0,baseline
1777618759.2525032,0.1540679931640625,1311.0,baseline
1777618759.252525,0.15408992767333984,1312.0,baseline
1777618759.252547,0.1541118621826172,1313.0,baseline
1777618759.252568,0.15413284301757812,1312.0,baseline
1777618759.2525902,0.15415501594543457,1313.0,baseline
1777618759.2526112,0.1541759967803955,1312.0,baseline
1777618759.252633,0.15419793128967285,1312.0,baseline
1777618759.252654,0.1542189121246338,1313.0,baseline
1777618759.252675,0.15423989295959473,1316.0,baseline
1777618759.252697,0.15426182746887207,1313.0,baseline
1777618759.252718,0.154282808303833,1312.0,baseline
1777618759.2527392,0.15430402755737305,1313.0,baseline
1777618759.2527611,0.1543259620666504,1310.0,baseline
1777618759.252782,0.15434694290161133,1312.0,baseline
1777618759.252803,0.15436792373657227,1311.0,baseline
1777618759.252831,0.15439581871032715,1313.0,baseline
1777618759.252853,0.1544177532196045,1312.0,baseline
1777618759.252874,0.15443873405456543,1311.0,baseline
1777618759.252896,0.15446090698242188,1310.0,baseline
1777618759.252917,0.1544818878173828,1310.0,baseline
1777618759.252938,0.15450286865234375,1311.0,baseline
1777618759.25296,0.1545248031616211,1311.0,baseline
1777618759.252981,0.15454578399658203,1310.0,baseline
1777618759.253002,0.15456676483154297,1308.0,baseline
1777618759.253024,0.15458893775939941,1308.0,baseline
1777618759.253045,0.15460991859436035,1309.0,baseline
1777618759.253067,0.1546318531036377,1312.0,baseline
1777618759.253088,0.15465283393859863,1309.0,baseline
1777618759.253109,0.15467381477355957,1311.0,baseline
1777618759.253131,0.15469574928283691,1311.0,baseline
1777618759.253154,0.15471887588500977,1312.0,baseline
1777618759.253176,0.1547408103942871,1313.0,baseline
1777618759.253197,0.15476179122924805,1312.0,baseline
1777618759.253218,0.15478277206420898,1311.0,baseline
1777618759.25324,0.15480494499206543,1309.0,baseline
1777618759.253261,0.15482592582702637,1312.0,baseline
1777618759.253282,0.1548469066619873,1312.0,baseline
1777618759.253309,0.15487384796142578,1312.0,baseline
1777618759.253334,0.15489888191223145,1310.0,baseline
1777618759.253355,0.15491986274719238,1310.0,baseline
1777618759.253377,0.15494179725646973,1309.0,baseline
1777618759.253398,0.15496277809143066,1309.0,baseline
1777618759.253419,0.1549837589263916,1310.0,baseline
1777618759.25344,0.15500473976135254,1308.0,baseline
1777618759.253462,0.15502691268920898,1315.0,baseline
1777618759.253483,0.15504789352416992,1312.0,baseline
1777618759.253505,0.15506982803344727,1312.0,baseline
1777618759.253526,0.1550908088684082,1311.0,baseline
1777618759.253547,0.15511178970336914,1308.0,baseline
1777618759.2535691,0.15513396263122559,1309.0,baseline
1777618759.25359,0.15515494346618652,1309.0,baseline
1777618759.253611,0.15517592430114746,1311.0,baseline
1777618759.253633,0.1551978588104248,1312.0,baseline
1777618759.253654,0.15521883964538574,1312.0,baseline
1777618759.253676,0.15524077415466309,1313.0,baseline
1777618759.253697,0.15526175498962402,1312.0,baseline
1777618759.253719,0.15528392791748047,1312.0,baseline
1777618759.25374,0.1553049087524414,1313.0,baseline
1777618759.253761,0.15532588958740234,1311.0,baseline
1777618759.253788,0.15535283088684082,1311.0,baseline
1777618759.253812,0.15537691116333008,1312.0,baseline
1777618759.253833,0.15539789199829102,1310.0,baseline
1777618759.253855,0.15541982650756836,1311.0,baseline
1777618759.253876,0.1554408073425293,1309.0,baseline
1777618759.253898,0.15546274185180664,1310.0,baseline
1777618759.253919,0.15548372268676758,1311.0,baseline
1777618759.2539399,0.15550470352172852,1311.0,baseline
1777618759.253962,0.15552687644958496,1310.0,baseline
1777618759.253983,0.1555478572845459,1309.0,baseline
1777618759.254004,0.15556883811950684,1309.0,baseline
1777618759.254026,0.15559077262878418,1310.0,baseline
1777618759.254047,0.15561175346374512,1313.0,baseline
1777618759.254068,0.15563273429870605,1312.0,baseline
1777618759.25409,0.1556549072265625,1312.0,baseline
1777618759.254111,0.15567588806152344,1312.0,baseline
1777618759.254132,0.15569686889648438,1312.0,baseline
1777618759.254154,0.15571880340576172,1312.0,baseline
1777618759.254175,0.15573978424072266,1312.0,baseline
1777618759.254196,0.1557607650756836,1307.0,baseline
1777618759.254218,0.15578293800354004,1311.0,baseline
1777618759.254239,0.15580391883850098,1311.0,baseline
1777618759.254261,0.15582585334777832,1311.0,baseline
1777618759.254289,0.1558537483215332,1311.0,baseline
1777618759.254312,0.15587687492370605,1312.0,baseline
1777618759.254333,0.155897855758667,1310.0,baseline
1777618759.254355,0.15591979026794434,1313.0,baseline
1777618759.254376,0.15594077110290527,1314.0,baseline
1777618759.254397,0.1559617519378662,1314.0,baseline
1777618759.2544188,0.15598368644714355,1311.0,baseline
1777618759.2544398,0.1560046672821045,1312.0,baseline
1777618759.2544608,0.15602564811706543,1312.0,baseline
1777618759.254483,0.15604782104492188,1312.0,baseline
1777618759.254504,0.1560688018798828,1311.0,baseline
1777618759.254525,0.15608978271484375,1311.0,baseline
1777618759.2545469,0.1561117172241211,1309.0,baseline
1777618759.2545679,0.15613269805908203,1312.0,baseline
1777618759.25459,0.15615487098693848,1309.0,baseline
1777618759.254612,0.15617680549621582,1312.0,baseline
1777618759.254633,0.15619778633117676,1309.0,baseline
1777618759.254655,0.1562197208404541,1311.0,baseline
1777618759.2546759,0.15624070167541504,1312.0,baseline
1777618759.254698,0.15626287460327148,1311.0,baseline
1777618759.254719,0.15628385543823242,1311.0,baseline
1777618759.25474,0.15630483627319336,1312.0,baseline
1777618759.2547681,0.15633296966552734,1312.0,baseline
1777618759.254792,0.1563568115234375,1311.0,baseline
1777618759.254813,0.15637779235839844,1311.0,baseline
1777618759.254835,0.15639972686767578,1311.0,baseline
1777618759.2548559,0.15642070770263672,1312.0,baseline
1777618759.2548769,0.15644168853759766,1312.0,baseline
1777618759.254899,0.1564638614654541,1310.0,baseline
1777618759.25492,0.15648484230041504,1310.0,baseline
1777618759.254941,0.15650582313537598,1308.0,baseline
1777618759.254963,0.15652775764465332,1311.0,baseline
1777618759.254984,0.15654873847961426,1309.0,baseline
1777618759.255005,0.1565697193145752,1312.0,baseline
1777618759.255027,0.15659189224243164,1311.0,baseline
1777618759.255048,0.15661287307739258,1311.0,baseline
1777618759.25507,0.15663480758666992,1310.0,baseline
1777618759.255091,0.15665578842163086,1311.0,baseline
1777618759.255113,0.1566777229309082,1311.0,baseline
1777618759.2551339,0.15669870376586914,1309.0,baseline
1777618759.2551548,0.15671968460083008,1306.0,baseline
1777618759.2551758,0.15674066543579102,1309.0,baseline
1777618759.255198,0.15676283836364746,1311.0,baseline
1777618759.255219,0.1567838191986084,1310.0,baseline
1777618759.2552462,0.15681099891662598,1310.0,baseline
1777618759.255269,0.15683388710021973,1309.0,baseline
1777618759.255291,0.15685582160949707,1309.0,baseline
1777618759.255312,0.156876802444458,1309.0,baseline
1777618759.255334,0.15689873695373535,1310.0,baseline
1777618759.255355,0.1569197177886963,1311.0,baseline
1777618759.2553759,0.15694069862365723,1310.0,baseline
1777618759.2553978,0.15696263313293457,1308.0,baseline
1777618759.2554188,0.1569836139678955,1308.0,baseline
1777618759.255441,0.15700578689575195,1311.0,baseline
1777618759.255462,0.1570267677307129,1311.0,baseline
1777618759.2554932,0.1570580005645752,1311.0,baseline
1777618759.2555149,0.15707969665527344,1311.0,baseline
1777618759.2555368,0.15710163116455078,1310.0,baseline
1777618759.2555578,0.15712261199951172,1308.0,baseline
1777618759.25558,0.15714478492736816,1311.0,baseline
1777618759.255601,0.1571657657623291,1311.0,baseline
1777618759.255622,0.15718674659729004,1310.0,baseline
1777618759.2556438,0.15720868110656738,1310.0,baseline
1777618759.2556648,0.15722966194152832,1312.0,baseline
1777618759.255687,0.15725183486938477,1309.0,baseline
1777618759.255708,0.1572728157043457,1309.0,baseline
1777618759.255729,0.15729379653930664,1311.0,baseline
1777618759.255757,0.15732192993164062,1313.0,baseline
1777618759.25578,0.15734481811523438,1314.0,baseline
1777618759.2558012,0.15736603736877441,1311.0,baseline
1777618759.2558231,0.15738797187805176,1311.0,baseline
1777618759.255844,0.1574089527130127,1312.0,baseline
1777618759.255866,0.15743088722229004,1309.0,baseline
1777618759.255887,0.15745186805725098,1306.0,baseline
1777618759.255908,0.15747284889221191,1310.0,baseline
1777618759.255929,0.15749382972717285,1307.0,baseline
1777618759.2559512,0.1575160026550293,1307.0,baseline
1777618759.2559721,0.15753698348999023,1310.0,baseline
1777618759.255994,0.15755891799926758,1312.0,baseline
1777618759.256015,0.15757989883422852,1313.0,baseline
1777618759.256036,0.15760087966918945,1313.0,baseline
1777618759.2560582,0.1576230525970459,1313.0,baseline
1777618759.2560792,0.15764403343200684,1309.0,baseline
1777618759.2561002,0.15766501426696777,1310.0,baseline
1777618759.256122,0.15768694877624512,1311.0,baseline
1777618759.256143,0.15770792961120605,1310.0,baseline
1777618759.256164,0.157728910446167,1311.0,baseline
1777618759.256186,0.15775084495544434,1310.0,baseline
1777618759.256207,0.15777182579040527,1312.0,baseline
1777618759.256234,0.15779876708984375,1313.0,baseline
1777618759.256259,0.15782380104064941,1311.0,baseline
1777618759.25628,0.15784478187561035,1311.0,baseline
1777618759.2563012,0.1578660011291504,1311.0,baseline
1777618759.256323,0.15788793563842773,1311.0,baseline
1777618759.256344,0.15790891647338867,1310.0,baseline
1777618759.256365,0.1579298973083496,1308.0,baseline
1777618759.256387,0.15795183181762695,1308.0,baseline
1777618759.256408,0.1579728126525879,1309.0,baseline
1777618759.256432,0.15799689292907715,1308.0,baseline
1777618759.256453,0.15801787376403809,1305.0,baseline
1777618759.256475,0.15803980827331543,1310.0,baseline
1777618759.2564962,0.15806102752685547,1309.0,baseline
1777618759.256518,0.1580827236175537,1312.0,baseline
1777618759.2565389,0.15810370445251465,1309.0,baseline
1777618759.2565608,0.158125638961792,1308.0,baseline
1777618759.2565818,0.15814661979675293,1309.0,baseline
1777618759.256604,0.15816879272460938,1311.0,baseline
1777618759.256625,0.1581897735595703,1310.0,baseline
1777618759.2566469,0.15821170806884766,1311.0,baseline
1777618759.2566679,0.1582326889038086,1311.0,baseline
1777618759.2566888,0.15825366973876953,1310.0,baseline
1777618759.256711,0.15827584266662598,1308.0,baseline
1777618759.256738,0.15830278396606445,1309.0,baseline
1777618759.256761,0.1583259105682373,1308.0,baseline
1777618759.256782,0.15834689140319824,1306.0,baseline
1777618759.256803,0.15836787223815918,1310.0,baseline
1777618759.256825,0.15838980674743652,1310.0,baseline
1777618759.2568462,0.15841102600097656,1308.0,baseline
1777618759.2568681,0.1584329605102539,1307.0,baseline
1777618759.256889,0.15845394134521484,1309.0,baseline
1777618759.25691,0.15847492218017578,1309.0,baseline
1777618759.256932,0.15849685668945312,1307.0,baseline
1777618759.256953,0.15851783752441406,1309.0,baseline
1777618759.2569752,0.1585400104522705,1308.0,baseline
1777618759.2569962,0.15856099128723145,1311.0,baseline
1777618759.257018,0.1585829257965088,1312.0,baseline
1777618759.257039,0.15860390663146973,1308.0,baseline
1777618759.25706,0.15862488746643066,1312.0,baseline
1777618759.2570822,0.1586470603942871,1309.0,baseline
1777618759.2571032,0.15866804122924805,1309.0,baseline
1777618759.2571251,0.1586899757385254,1308.0,baseline
1777618759.2571461,0.15871095657348633,1308.0,baseline
1777618759.2571678,0.15873265266418457,1311.0,baseline
1777618759.257189,0.1587538719177246,1309.0,baseline
1777618759.2572129,0.15877771377563477,1309.0,baseline
1777618759.257239,0.15880393981933594,1308.0,baseline
1777618759.25726,0.15882492065429688,1307.0,baseline
1777618759.257281,0.1588459014892578,1307.0,baseline
1777618759.257303,0.15886783599853516,1308.0,baseline
1777618759.257324,0.1588888168334961,1310.0,baseline
1777618759.2573462,0.15891098976135254,1308.0,baseline
1777618759.2573671,0.15893197059631348,1307.0,baseline
1777618759.257388,0.15895295143127441,1311.0,baseline
1777618759.25741,0.15897488594055176,1313.0,baseline
1777618759.257432,0.1589968204498291,1312.0,baseline
1777618759.257453,0.15901780128479004,1308.0,baseline
1777618759.257474,0.15903878211975098,1309.0,baseline
1777618759.257496,0.15906095504760742,1313.0,baseline
1777618759.257518,0.15908288955688477,1313.0,baseline
1777618759.257539,0.1591038703918457,1312.0,baseline
1777618759.25756,0.15912485122680664,1309.0,baseline
1777618759.2575822,0.15914702415466309,1311.0,baseline
1777618759.2576032,0.15916800498962402,1309.0,baseline
1777618759.257625,0.15918993949890137,1307.0,baseline
1777618759.257646,0.1592109203338623,1308.0,baseline
1777618759.257667,0.15923190116882324,1309.0,baseline
1777618759.257694,0.15925884246826172,1309.0,baseline
1777618759.257717,0.15928173065185547,1311.0,baseline
1777618759.2577379,0.1593027114868164,1312.0,baseline
1777618759.25776,0.15932488441467285,1312.0,baseline
1777618759.257781,0.1593458652496338,1312.0,baseline
1777618759.257802,0.15936684608459473,1310.0,baseline
1777618759.257824,0.15938878059387207,1310.0,baseline
1777618759.257845,0.159409761428833,1310.0,baseline
1777618759.257867,0.15943193435668945,1308.0,baseline
1777618759.257888,0.1594529151916504,1308.0,baseline
1777618759.257909,0.15947389602661133,1309.0,baseline
1777618759.257931,0.15949583053588867,1309.0,baseline
1777618759.257952,0.1595168113708496,1308.0,baseline
1777618759.257974,0.15953874588012695,1308.0,baseline
1777618759.257995,0.1595597267150879,1311.0,baseline
1777618759.258016,0.15958094596862793,1311.0,baseline
1777618759.258038,0.15960288047790527,1312.0,baseline
1777618759.258059,0.1596238613128662,1311.0,baseline
1777618759.25808,0.15964484214782715,1310.0,baseline
1777618759.258101,0.15966582298278809,1312.0,baseline
1777618759.258123,0.15968775749206543,1309.0,baseline
1777618759.258145,0.15970993041992188,1310.0,baseline
1777618759.258167,0.15973186492919922,1308.0,baseline
1777618759.2581959,0.1597607135772705,1309.0,baseline
1777618759.2582211,0.15978598594665527,1309.0,baseline
1777618759.258243,0.15980792045593262,1307.0,baseline
1777618759.258265,0.15982985496520996,1309.0,baseline
1777618759.2582889,0.15985369682312012,1312.0,baseline
1777618759.2583108,0.15987563133239746,1310.0,baseline
1777618759.258333,0.1598978042602539,1308.0,baseline
1777618759.258355,0.15991973876953125,1310.0,baseline
1777618759.258377,0.1599419116973877,1309.0,baseline
1777618759.258399,0.15996384620666504,1310.0,baseline
1777618759.25842,0.15998482704162598,1315.0,baseline
1777618759.258441,0.16000580787658691,1313.0,baseline
1777618759.258462,0.16002678871154785,1309.0,baseline
1777618759.258484,0.1600487232208252,1311.0,baseline
1777618759.2585049,0.16006970405578613,1309.0,baseline
1777618759.2585258,0.16009068489074707,1308.0,baseline
1777618759.258548,0.16011285781860352,1306.0,baseline
1777618759.258569,0.16013383865356445,1308.0,baseline
1777618759.25859,0.1601548194885254,1308.0,baseline
1777618759.258612,0.16017675399780273,1311.0,baseline
1777618759.258633,0.16019773483276367,1306.0,baseline
1777618759.2586539,0.1602187156677246,1312.0,baseline
1777618759.258681,0.1602458953857422,1307.0,baseline
1777618759.258705,0.16026973724365234,1308.0,baseline
1777618759.258726,0.16029071807861328,1309.0,baseline
1777618759.25876,0.1603248119354248,1305.0,baseline
1777618759.258782,0.16034674644470215,1307.0,baseline
1777618759.258804,0.1603689193725586,1309.0,baseline
1777618759.258825,0.16038990020751953,1311.0,baseline
1777618759.258846,0.16041088104248047,1313.0,baseline
1777618759.258867,0.1604318618774414,1306.0,baseline
1777618759.258889,0.16045379638671875,1306.0,baseline
1777618759.25891,0.1604747772216797,1312.0,baseline
1777618759.258931,0.16049575805664062,1312.0,baseline
1777618759.2589529,0.16051769256591797,1305.0,baseline
1777618759.2589738,0.1605386734008789,1304.0,baseline
1777618759.258995,0.16055989265441895,1305.0,baseline
1777618759.259017,0.1605818271636963,1308.0,baseline
1777618759.259038,0.16060280799865723,1312.0,baseline
1777618759.259059,0.16062378883361816,1312.0,baseline
1777618759.259081,0.1606457233428955,1313.0,baseline
1777618759.2591019,0.16066670417785645,1311.0,baseline
1777618759.259124,0.1606888771057129,1308.0,baseline
1777618759.259145,0.16070985794067383,1307.0,baseline
1777618759.2591722,0.1607370376586914,1306.0,baseline
1777618759.2591949,0.16075968742370605,1311.0,baseline
1777618759.2592158,0.160780668258667,1312.0,baseline
1777618759.2592409,0.16080570220947266,1312.0,baseline
1777618759.2592618,0.1608266830444336,1312.0,baseline
1777618759.2592828,0.16084766387939453,1307.0,baseline
1777618759.259304,0.16086888313293457,1308.0,baseline
1777618759.259326,0.16089081764221191,1312.0,baseline
1777618759.259347,0.16091179847717285,1312.0,baseline
1777618759.259368,0.1609327793121338,1313.0,baseline
1777618759.2593899,0.16095471382141113,1312.0,baseline
1777618759.259412,0.16097688674926758,1314.0,baseline
1777618759.259433,0.16099786758422852,1312.0,baseline
1777618759.259454,0.16101884841918945,1310.0,baseline
1777618759.259476,0.1610407829284668,1311.0,baseline
1777618759.259497,0.16106176376342773,1311.0,baseline
1777618759.2595189,0.16108369827270508,1309.0,baseline
1777618759.25954,0.16110491752624512,1308.0,baseline
1777618759.259561,0.16112589836120605,1308.0,baseline
1777618759.259583,0.1611478328704834,1308.0,baseline
1777618759.259604,0.16116881370544434,1306.0,baseline
1777618759.259625,0.16118979454040527,1311.0,baseline
1777618759.259646,0.1612107753753662,1310.0,baseline
1777618759.259674,0.1612389087677002,1307.0,baseline
1777618759.259698,0.16126275062561035,1307.0,baseline
1777618759.2597198,0.1612846851348877,1307.0,baseline
1777618759.2597408,0.16130566596984863,1308.0,baseline
1777618759.259763,0.16132783889770508,1311.0,baseline
1777618759.259784,0.16134881973266602,1313.0,baseline
1777618759.259806,0.16137075424194336,1309.0,baseline
1777618759.259827,0.1613917350769043,1307.0,baseline
1777618759.2598479,0.16141271591186523,1306.0,baseline
1777618759.25987,0.16143488883972168,1305.0,baseline
1777618759.259891,0.16145586967468262,1308.0,baseline
1777618759.259912,0.16147685050964355,1312.0,baseline
1777618759.259935,0.1614997386932373,1311.0,baseline
1777618759.259957,0.16152191162109375,1312.0,baseline
1777618759.259979,0.1615438461303711,1311.0,baseline
1777618759.260001,0.16156578063964844,1310.0,baseline
1777618759.260022,0.16158676147460938,1309.0,baseline
1777618759.260044,0.16160893440246582,1308.0,baseline
1777618759.260065,0.16162991523742676,1305.0,baseline
1777618759.260086,0.1616508960723877,1306.0,baseline
1777618759.260108,0.16167283058166504,1311.0,baseline
1777618759.260129,0.16169381141662598,1311.0,baseline
1777618759.260156,0.16172075271606445,1310.0,baseline
1777618759.26018,0.1617448329925537,1312.0,baseline
1777618759.260202,0.16176676750183105,1311.0,baseline
1777618759.260223,0.161787748336792,1311.0,baseline
1777618759.260244,0.16180872917175293,1309.0,baseline
1777618759.260266,0.16183090209960938,1311.0,baseline
1777618759.260287,0.1618518829345703,1311.0,baseline
1777618759.260313,0.16187787055969238,1307.0,baseline
1777618759.260334,0.16189885139465332,1306.0,baseline
1777618759.2603562,0.16192102432250977,1309.0,baseline
1777618759.2603772,0.1619420051574707,1309.0,baseline
1777618759.2603981,0.16196298599243164,1311.0,baseline
1777618759.26042,0.16198492050170898,1311.0,baseline
1777618759.260441,0.16200590133666992,1311.0,baseline
1777618759.260463,0.16202783584594727,1310.0,baseline
1777618759.260484,0.1620488166809082,1311.0,baseline
1777618759.2605052,0.16207003593444824,1311.0,baseline
1777618759.2605271,0.16209197044372559,1312.0,baseline
1777618759.260548,0.16211295127868652,1311.0,baseline
1777618759.260569,0.16213393211364746,1309.0,baseline
1777618759.260591,0.1621558666229248,1308.0,baseline
1777618759.260612,0.16217684745788574,1307.0,baseline
1777618759.260639,0.16220378875732422,1308.0,baseline
1777618759.260662,0.16222691535949707,1308.0,baseline
1777618759.260684,0.16224884986877441,1312.0,baseline
1777618759.260705,0.16226983070373535,1312.0,baseline
1777618759.260727,0.1622917652130127,1310.0,baseline
1777618759.2607481,0.16231298446655273,1309.0,baseline
1777618759.2607691,0.16233396530151367,1309.0,baseline
1777618759.260791,0.16235589981079102,1311.0,baseline
1777618759.260812,0.16237688064575195,1311.0,baseline
1777618759.260833,0.1623978614807129,1309.0,baseline
1777618759.260854,0.16241884231567383,1307.0,baseline
1777618759.260876,0.16244077682495117,1308.0,baseline
1777618759.260897,0.1624617576599121,1308.0,baseline
1777618759.260918,0.16248273849487305,1309.0,baseline
1777618759.26094,0.1625049114227295,1311.0,baseline
1777618759.260961,0.16252589225769043,1308.0,baseline
1777618759.260982,0.16254687309265137,1309.0,baseline
1777618759.261003,0.1625678539276123,1309.0,baseline
1777618759.261025,0.16258978843688965,1307.0,baseline
1777618759.261046,0.16261076927185059,1311.0,baseline
1777618759.261067,0.16263175010681152,1306.0,baseline
1777618759.261089,0.16265392303466797,1306.0,baseline
1777618759.26111,0.1626749038696289,1307.0,baseline
1777618759.261137,0.16270184516906738,1309.0,baseline
1777618759.261162,0.16272687911987305,1310.0,baseline
1777618759.261183,0.16274785995483398,1312.0,baseline
1777618759.261205,0.16276979446411133,1312.0,baseline
1777618759.261226,0.16279077529907227,1311.0,baseline
1777618759.261247,0.1628117561340332,1308.0,baseline
1777618759.261268,0.16283273696899414,1309.0,baseline
1777618759.26129,0.16285490989685059,1308.0,baseline
1777618759.261311,0.16287589073181152,1309.0,baseline
1777618759.261333,0.16289782524108887,1308.0,baseline
1777618759.261354,0.1629188060760498,1310.0,baseline
1777618759.261375,0.16293978691101074,1311.0,baseline
1777618759.261397,0.16296172142028809,1309.0,baseline
1777618759.2614179,0.16298270225524902,1307.0,baseline
1777618759.261439,0.16300392150878906,1307.0,baseline
1777618759.261461,0.1630258560180664,1309.0,baseline
1777618759.261482,0.16304683685302734,1308.0,baseline
1777618759.261503,0.16306781768798828,1305.0,baseline
1777618759.261525,0.16308975219726562,1305.0,baseline
1777618759.261549,0.16311383247375488,1304.0,baseline
1777618759.2615712,0.16313600540161133,1306.0,baseline
1777618759.2615921,0.16315698623657227,1311.0,baseline
1777618759.2616189,0.16318368911743164,1309.0,baseline
1777618759.2616441,0.1632089614868164,1309.0,baseline
1777618759.261665,0.16322994232177734,1310.0,baseline
1777618759.261686,0.16325092315673828,1307.0,baseline
1777618759.261708,0.16327285766601562,1308.0,baseline
1777618759.261729,0.16329383850097656,1309.0,baseline
1777618759.26175,0.1633148193359375,1312.0,baseline
1777618759.261772,0.16333675384521484,1311.0,baseline
1777618759.2617931,0.16335797309875488,1307.0,baseline
1777618759.261814,0.16337895393371582,1306.0,baseline
1777618759.261836,0.16340088844299316,1310.0,baseline
1777618759.261857,0.1634218692779541,1308.0,baseline
1777618759.261879,0.16344380378723145,1311.0,baseline
1777618759.2619,0.16346478462219238,1309.0,baseline
1777618759.261921,0.16348576545715332,1308.0,baseline
1777618759.261942,0.16350674629211426,1309.0,baseline
1777618759.261964,0.1635289192199707,1305.0,baseline
1777618759.261985,0.16354990005493164,1310.0,baseline
1777618759.2620149,0.16357970237731934,1311.0,baseline
1777618759.2620401,0.1636049747467041,1309.0,baseline
1777618759.262061,0.16362595558166504,1308.0,baseline
1777618759.262083,0.16364789009094238,1309.0,baseline
1777618759.262104,0.16366887092590332,1306.0,baseline
1777618759.262132,0.1636967658996582,1308.0,baseline
1777618759.262155,0.16371989250183105,1311.0,baseline
1777618759.262177,0.1637418270111084,1307.0,baseline
1777618759.262198,0.16376280784606934,1308.0,baseline
1777618759.262219,0.16378378868103027,1308.0,baseline
1777618759.2622411,0.16380596160888672,1309.0,baseline
1777618759.262262,0.16382694244384766,1305.0,baseline
1777618759.262283,0.1638479232788086,1305.0,baseline
1777618759.262305,0.16386985778808594,1306.0,baseline
1777618759.262326,0.16389083862304688,1308.0,baseline
1777618759.262347,0.1639118194580078,1310.0,baseline
1777618759.262369,0.16393375396728516,1311.0,baseline
1777618759.26239,0.1639547348022461,1308.0,baseline
1777618759.262412,0.16397690773010254,1307.0,baseline
1777618759.262433,0.16399788856506348,1310.0,baseline
1777618759.262455,0.16401982307434082,1311.0,baseline
1777618759.262476,0.16404080390930176,1311.0,baseline
1777618759.2625,0.16406488418579102,1311.0,baseline
1777618759.262521,0.16408586502075195,1309.0,baseline
1777618759.2625432,0.1641080379486084,1307.0,baseline
1777618759.2625642,0.16412901878356934,1306.0,baseline
1777618759.262586,0.16415095329284668,1306.0,baseline
1777618759.262613,0.16417789459228516,1306.0,baseline
1777618759.262638,0.16420292854309082,1307.0,baseline
1777618759.262659,0.16422390937805176,1310.0,baseline
1777618759.26268,0.1642448902130127,1307.0,baseline
1777618759.262701,0.16426587104797363,1305.0,baseline
1777618759.262723,0.16428780555725098,1308.0,baseline
1777618759.262744,0.16430878639221191,1308.0,baseline
1777618759.2627652,0.16433000564575195,1309.0,baseline
1777618759.262787,0.1643519401550293,1309.0,baseline
1777618759.262808,0.16437292098999023,1310.0,baseline
1777618759.262829,0.16439390182495117,1308.0,baseline
1777618759.262851,0.16441583633422852,1308.0,baseline
1777618759.262872,0.16443681716918945,1309.0,baseline
1777618759.262893,0.1644577980041504,1309.0,baseline
1777618759.2629151,0.16447997093200684,1307.0,baseline
1777618759.262936,0.16450095176696777,1307.0,baseline
1777618759.2629602,0.16452503204345703,1308.0,baseline
1777618759.2629812,0.16454601287841797,1309.0,baseline
1777618759.2630022,0.1645669937133789,1309.0,baseline
1777618759.263024,0.16458892822265625,1310.0,baseline
1777618759.263045,0.1646099090576172,1311.0,baseline
1777618759.263066,0.16463088989257812,1308.0,baseline
1777618759.263093,0.1646578311920166,1308.0,baseline
1777618759.263117,0.16468191146850586,1307.0,baseline
1777618759.263139,0.1647038459777832,1309.0,baseline
1777618759.26316,0.16472482681274414,1308.0,baseline
1777618759.2631822,0.16474699974060059,1308.0,baseline
1777618759.2632031,0.16476798057556152,1309.0,baseline
1777618759.263225,0.16478991508483887,1308.0,baseline
1777618759.263246,0.1648108959197998,1308.0,baseline
1777618759.263267,0.16483187675476074,1307.0,baseline
1777618759.263289,0.16485381126403809,1308.0,baseline
1777618759.2633102,0.16487503051757812,1309.0,baseline
1777618759.2633312,0.16489601135253906,1308.0,baseline
1777618759.263353,0.1649179458618164,1307.0,baseline
1777618759.263374,0.16493892669677734,1306.0,baseline
1777618759.263396,0.1649608612060547,1308.0,baseline
1777618759.263417,0.16498184204101562,1308.0,baseline
1777618759.2634392,0.16500401496887207,1308.0,baseline
1777618759.2634602,0.165024995803833,1308.0,baseline
1777618759.263482,0.16504693031311035,1310.0,baseline
1777618759.263503,0.1650679111480713,1309.0,baseline
1777618759.263524,0.16508889198303223,1306.0,baseline
1777618759.2635462,0.16511106491088867,1309.0,baseline
1777618759.2635672,0.1651320457458496,1307.0,baseline
1777618759.263592,0.16515684127807617,1308.0,baseline
1777618759.263614,0.16517877578735352,1309.0,baseline
1777618759.2636359,0.16520071029663086,1308.0,baseline
1777618759.2636569,0.1652216911315918,1308.0,baseline
1777618759.263679,0.16524386405944824,1308.0,baseline
1777618759.2637,0.16526484489440918,1307.0,baseline
1777618759.263722,0.16528677940368652,1305.0,baseline
1777618759.263743,0.16530776023864746,1308.0,baseline
1777618759.263764,0.1653287410736084,1309.0,baseline
1777618759.263785,0.16534972190856934,1308.0,baseline
1777618759.263807,0.16537189483642578,1306.0,baseline
1777618759.263828,0.16539287567138672,1309.0,baseline
1777618759.263849,0.16541385650634766,1310.0,baseline
1777618759.263871,0.165435791015625,1310.0,baseline
1777618759.263892,0.16545677185058594,1312.0,baseline
1777618759.263913,0.16547775268554688,1309.0,baseline
1777618759.263934,0.1654987335205078,1308.0,baseline
1777618759.263956,0.16552090644836426,1307.0,baseline
1777618759.263977,0.1655418872833252,1308.0,baseline
1777618759.263998,0.16556286811828613,1307.0,baseline
1777618759.26402,0.16558480262756348,1308.0,baseline
1777618759.264041,0.16560578346252441,1308.0,baseline
1777618759.2640681,0.165632963180542,1309.0,baseline
1777618759.2640908,0.16565561294555664,1306.0,baseline
1777618759.264113,0.16567778587341309,1309.0,baseline
1777618759.264134,0.16569876670837402,1307.0,baseline
1777618759.264155,0.16571974754333496,1305.0,baseline
1777618759.2641761,0.165740966796875,1304.0,baseline
1777618759.2641978,0.16576266288757324,1307.0,baseline
1777618759.2642188,0.16578364372253418,1308.0,baseline
1777618759.26424,0.16580486297607422,1307.0,baseline
1777618759.264262,0.16582679748535156,1308.0,baseline
1777618759.264283,0.1658477783203125,1308.0,baseline
1777618759.2643042,0.16586899757385254,1311.0,baseline
1777618759.2643259,0.16589069366455078,1308.0,baseline
1777618759.2643468,0.16591167449951172,1307.0,baseline
1777618759.264368,0.16593289375305176,1308.0,baseline
1777618759.26439,0.1659548282623291,1306.0,baseline
1777618759.264411,0.16597580909729004,1306.0,baseline
1777618759.2644322,0.16599702835083008,1305.0,baseline
1777618759.264454,0.16601872444152832,1305.0,baseline
1777618759.2644749,0.16603970527648926,1307.0,baseline
1777618759.264496,0.1660609245300293,1307.0,baseline
1777618759.2645178,0.16608262062072754,1308.0,baseline
1777618759.264545,0.16610980033874512,1305.0,baseline
1777618759.264569,0.16613388061523438,1304.0,baseline
1777618759.26459,0.1661548614501953,1307.0,baseline
1777618759.264611,0.16617584228515625,1309.0,baseline
1777618759.2646332,0.1661980152130127,1307.0,baseline
1777618759.2646542,0.16621899604797363,1310.0,baseline
1777618759.264676,0.16624093055725098,1311.0,baseline
1777618759.264697,0.16626191139221191,1308.0,baseline
1777618759.264718,0.16628289222717285,1306.0,baseline
1777618759.26474,0.1663048267364502,1308.0,baseline
1777618759.264761,0.16632580757141113,1306.0,baseline
1777618759.2647822,0.16634702682495117,1305.0,baseline
1777618759.2648041,0.16636896133422852,1308.0,baseline
1777618759.264828,0.16639280319213867,1308.0,baseline
1777618759.264849,0.1664137840270996,1310.0,baseline
1777618759.264871,0.16643571853637695,1311.0,baseline
1777618759.2648919,0.1664566993713379,1309.0,baseline
1777618759.2649128,0.16647768020629883,1307.0,baseline
1777618759.264935,0.16649985313415527,1305.0,baseline
1777618759.264956,0.1665208339691162,1308.0,baseline
1777618759.264977,0.16654181480407715,1310.0,baseline
1777618759.264999,0.1665637493133545,1311.0,baseline
1777618759.26502,0.16658473014831543,1312.0,baseline
1777618759.265049,0.16661381721496582,1308.0,baseline
1777618759.2650712,0.16663599014282227,1309.0,baseline
1777618759.2650921,0.1666569709777832,1308.0,baseline
1777618759.265114,0.16667890548706055,1306.0,baseline
1777618759.265135,0.16669988632202148,1306.0,baseline
1777618759.265156,0.16672086715698242,1308.0,baseline
1777618759.2651782,0.16674304008483887,1309.0,baseline
1777618759.2651992,0.1667640209197998,1294.0,baseline
1777618759.265221,0.16678595542907715,1302.0,baseline
1777618759.265242,0.16680693626403809,1303.0,baseline
1777618759.265276,0.1668407917022705,1304.0,baseline
1777618759.265297,0.16686177253723145,1308.0,baseline
1777618759.2653189,0.1668837070465088,1315.0,baseline
1777618759.265341,0.16690587997436523,1302.0,baseline
1777618759.265362,0.16692686080932617,1302.0,baseline
1777618759.265383,0.1669478416442871,1322.0,baseline
1777618759.265405,0.16696977615356445,1315.0,baseline
1777618759.265426,0.1669907569885254,1324.0,baseline
1777618759.265447,0.16701173782348633,1326.0,baseline
1777618759.265468,0.16703271865844727,1305.0,baseline
1777618759.2654898,0.1670546531677246,1301.0,baseline
1777618759.2655108,0.16707563400268555,1302.0,baseline
1777618759.265538,0.16710281372070312,1306.0,baseline
1777618759.265561,0.16712594032287598,1311.0,baseline
1777618759.265582,0.16714692115783691,1306.0,baseline
1777618759.265604,0.16716885566711426,1303.0,baseline
1777618759.265625,0.1671898365020752,1302.0,baseline
1777618759.265646,0.16721081733703613,1307.0,baseline
1777618759.2656682,0.16723299026489258,1310.0,baseline
1777618759.2656891,0.16725397109985352,1303.0,baseline
1777618759.26571,0.16727495193481445,1301.0,baseline
1777618759.265731,0.1672959327697754,1308.0,baseline
1777618759.265755,0.16731977462768555,1308.0,baseline
1777618759.2657769,0.1673417091369629,1307.0,baseline
1777618759.2657979,0.16736268997192383,1309.0,baseline
1777618759.2658188,0.16738367080688477,1311.0,baseline
1777618759.265841,0.1674058437347412,1310.0,baseline
1777618759.265862,0.16742682456970215,1307.0,baseline
1777618759.265883,0.16744780540466309,1303.0,baseline
1777618759.2659042,0.16746902465820312,1302.0,baseline
1777618759.265926,0.16749072074890137,1302.0,baseline
1777618759.2659469,0.1675117015838623,1303.0,baseline
1777618759.265968,0.16753292083740234,1302.0,baseline
1777618759.2659898,0.16755461692810059,1306.0,baseline
1777618759.266017,0.16758179664611816,1308.0,baseline
1777618759.26604,0.16760492324829102,1303.0,baseline
1777618759.266062,0.16762685775756836,1308.0,baseline
1777618759.266083,0.1676478385925293,1303.0,baseline
1777618759.266104,0.16766881942749023,1306.0,baseline
1777618759.266125,0.16768980026245117,1306.0,baseline
1777618759.2661471,0.16771197319030762,1305.0,baseline
1777618759.266168,0.16773295402526855,1308.0,baseline
1777618759.266189,0.1677539348602295,1308.0,baseline
1777618759.266211,0.16777586936950684,1309.0,baseline
1777618759.2662349,0.167799711227417,1308.0,baseline
1777618759.2662559,0.16782069206237793,1305.0,baseline
1777618759.266277,0.16784191131591797,1303.0,baseline
1777618759.266298,0.1678628921508789,1305.0,baseline
1777618759.266319,0.16788387298583984,1304.0,baseline
1777618759.2663412,0.1679060459136963,1303.0,baseline
1777618759.2663622,0.16792702674865723,1303.0,baseline
1777618759.2663832,0.16794800758361816,1302.0,baseline
1777618759.266405,0.1679699420928955,1304.0,baseline
1777618759.266426,0.16799092292785645,1305.0,baseline
1777618759.266447,0.16801190376281738,1307.0,baseline
1777618759.266469,0.16803383827209473,1308.0,baseline
1777618759.2664902,0.16805505752563477,1309.0,baseline
1777618759.266519,0.16808390617370605,1312.0,baseline
1777618759.266541,0.1681058406829834,1312.0,baseline
1777618759.266562,0.16812682151794434,1310.0,baseline
1777618759.266583,0.16814780235290527,1309.0,baseline
1777618759.2666051,0.16816997528076172,1309.0,baseline
1777618759.2666261,0.16819095611572266,1328.0,baseline
1777618759.266648,0.168212890625,1311.0,baseline
1777618759.266669,0.16823387145996094,1310.0,baseline
1777618759.266693,0.1682579517364502,1314.0,baseline
1777618759.2667148,0.16827964782714844,1311.0,baseline
1777618759.266736,0.16830086708068848,1303.0,baseline
1777618759.266757,0.16832184791564941,1302.0,baseline
1777618759.2667782,0.16834306716918945,1304.0,baseline
1777618759.2668002,0.1683650016784668,1308.0,baseline
1777618759.2668211,0.16838598251342773,1289.0,baseline
1777618759.2668428,0.16840767860412598,1303.0,baseline
1777618759.266864,0.16842889785766602,1296.0,baseline
1777618759.266885,0.16844987869262695,1290.0,baseline
1777618759.266908,0.1684727668762207,1300.0,baseline
1777618759.2669299,0.16849470138549805,1300.0,baseline
1777618759.266965,0.16852974891662598,1307.0,baseline
1777618759.266988,0.16855287551879883,1312.0,baseline
1777618759.2670138,0.1685786247253418,1313.0,baseline
1777618759.267036,0.16860079765319824,1311.0,baseline
1777618759.267058,0.16862273216247559,1312.0,baseline
1777618759.2670789,0.16864371299743652,1311.0,baseline
1777618759.2671008,0.16866564750671387,1311.0,baseline
1777618759.267122,0.1686868667602539,1305.0,baseline
1777618759.267143,0.16870784759521484,1302.0,baseline
1777618759.267165,0.1687297821044922,1307.0,baseline
1777618759.267186,0.16875076293945312,1312.0,baseline
1777618759.2672079,0.16877269744873047,1309.0,baseline
1777618759.2672288,0.1687936782836914,1308.0,baseline
1777618759.267251,0.16881585121154785,1311.0,baseline
1777618759.267272,0.1688368320465088,1309.0,baseline
1777618759.267294,0.16885876655578613,1308.0,baseline
1777618759.267315,0.16887974739074707,1308.0,baseline
1777618759.2673368,0.16890168190002441,1302.0,baseline
1777618759.267358,0.16892290115356445,1302.0,baseline
1777618759.267379,0.1689438819885254,1300.0,baseline
1777618759.267401,0.16896581649780273,1301.0,baseline
1777618759.267422,0.16898679733276367,1297.0,baseline
1777618759.267443,0.1690077781677246,1300.0,baseline
1777618759.2674649,0.16902971267700195,1305.0,baseline
1777618759.267492,0.16905689239501953,1306.0,baseline
1777618759.267516,0.1690807342529297,1307.0,baseline
1777618759.2675369,0.16910171508789062,1305.0,baseline
1777618759.2675579,0.16912269592285156,1307.0,baseline
1777618759.2675798,0.1691446304321289,1312.0,baseline
1777618759.267601,0.16916584968566895,1370.0,baseline
1777618759.267623,0.1691877841949463,1355.0,baseline
1777618759.267644,0.16920876502990723,1325.0,baseline
1777618759.267665,0.16922974586486816,1311.0,baseline
1777618759.2676868,0.1692516803741455,1310.0,baseline
1777618759.2677078,0.16927266120910645,1302.0,baseline
1777618759.26773,0.1692948341369629,1299.0,baseline
1777618759.267751,0.16931581497192383,1299.0,baseline
1777618759.267772,0.16933679580688477,1304.0,baseline
1777618759.267793,0.1693577766418457,1307.0,baseline
1777618759.2678149,0.16937971115112305,1302.0,baseline
1777618759.2678359,0.16940069198608398,1303.0,baseline
1777618759.2678568,0.16942167282104492,1302.0,baseline
1777618759.267879,0.16944384574890137,1312.0,baseline
1777618759.2679,0.1694648265838623,1302.0,baseline
1777618759.267921,0.16948580741882324,1298.0,baseline
1777618759.267943,0.16950774192810059,1300.0,baseline
1777618759.26797,0.16953492164611816,1298.0,baseline
1777618759.2679942,0.16955900192260742,1299.0,baseline
1777618759.268016,0.16958093643188477,1297.0,baseline
1777618759.268037,0.1696019172668457,1296.0,baseline
1777618759.268058,0.16962289810180664,1311.0,baseline
1777618759.268079,0.16964387893676758,1313.0,baseline
1777618759.2681012,0.16966605186462402,1308.0,baseline
1777618759.2681222,0.16968703269958496,1308.0,baseline
1777618759.2681432,0.1697080135345459,1311.0,baseline
1777618759.268165,0.16972994804382324,1307.0,baseline
1777618759.268186,0.16975092887878418,1309.0,baseline
1777618759.268207,0.16977190971374512,1308.0,baseline
1777618759.268228,0.16979289054870605,1310.0,baseline
1777618759.2682502,0.1698150634765625,1310.0,baseline
1777618759.2682712,0.16983604431152344,1311.0,baseline
1777618759.2682922,0.16985702514648438,1311.0,baseline
1777618759.2683141,0.16987895965576172,1308.0,baseline
1777618759.268336,0.16990089416503906,1300.0,baseline
1777618759.268358,0.1699228286743164,1299.0,baseline
1777618759.26838,0.16994476318359375,1304.0,baseline
1777618759.2684019,0.1699666976928711,1306.0,baseline
1777618759.268425,0.16998982429504395,1306.0,baseline
1777618759.268447,0.1700117588043213,1309.0,baseline
1777618759.268472,0.17003679275512695,1309.0,baseline
1777618759.2684941,0.1700589656829834,1307.0,baseline
1777618759.268524,0.1700887680053711,1306.0,baseline
1777618759.268546,0.17011094093322754,1306.0,baseline
1777618759.268568,0.17013287544250488,1305.0,baseline
1777618759.268589,0.17015385627746582,1305.0,baseline
1777618759.268611,0.17017579078674316,1309.0,baseline
1777618759.2686322,0.1701970100402832,1312.0,baseline
1777618759.2686532,0.17021799087524414,1313.0,baseline
1777618759.268675,0.17023992538452148,1313.0,baseline
1777618759.268696,0.17026090621948242,1329.0,baseline
1777618759.268717,0.17028188705444336,1303.0,baseline
1777618759.268739,0.1703038215637207,1304.0,baseline
1777618759.26876,0.17032480239868164,1295.0,baseline
1777618759.268781,0.17034578323364258,1298.0,baseline
1777618759.2688031,0.17036795616149902,1302.0,baseline
1777618759.268824,0.17038893699645996,1309.0,baseline
1777618759.268845,0.1704099178314209,1302.0,baseline
1777618759.268867,0.17043185234069824,1301.0,baseline
1777618759.268888,0.17045283317565918,1299.0,baseline
1777618759.268933,0.17049789428710938,1299.0,baseline
1777618759.268954,0.1705188751220703,1302.0,baseline
1777618759.2689788,0.17054367065429688,1307.0,baseline
1777618759.269002,0.17056679725646973,1309.0,baseline
1777618759.269023,0.17058777809143066,1308.0,baseline
1777618759.269044,0.1706087589263916,1308.0,baseline
1777618759.269066,0.17063093185424805,1309.0,baseline
1777618759.269087,0.17065191268920898,1304.0,baseline
1777618759.269109,0.17067384719848633,1311.0,baseline
1777618759.26913,0.17069482803344727,1304.0,baseline
1777618759.269151,0.1707158088684082,1302.0,baseline
1777618759.269172,0.17073678970336914,1300.0,baseline
1777618759.269194,0.17075872421264648,1302.0,baseline
1777618759.2692149,0.17077970504760742,1304.0,baseline
1777618759.269237,0.17080187797546387,1305.0,baseline
1777618759.269259,0.1708238124847412,1303.0,baseline
1777618759.269281,0.17084574699401855,1302.0,baseline
1777618759.269303,0.170867919921875,1304.0,baseline
1777618759.269324,0.17088890075683594,1304.0,baseline
1777618759.269345,0.17090988159179688,1304.0,baseline
1777618759.269367,0.17093181610107422,1306.0,baseline
1777618759.2693892,0.17095398902893066,1302.0,baseline
1777618759.2694101,0.1709749698638916,1304.0,baseline
1777618759.269432,0.17099690437316895,1307.0,baseline
1777618759.269456,0.1710207462310791,1305.0,baseline
1777618759.2694788,0.17104363441467285,1304.0,baseline
1777618759.269501,0.1710658073425293,1309.0,baseline
1777618759.269522,0.17108678817749023,1303.0,baseline
1777618759.269543,0.17110776901245117,1296.0,baseline
1777618759.2695649,0.17112970352172852,1305.0,baseline
1777618759.2695858,0.17115068435668945,1314.0,baseline
1777618759.269608,0.1711728572845459,1319.0,baseline
1777618759.269629,0.17119383811950684,1309.0,baseline
1777618759.26965,0.17121481895446777,1308.0,baseline
1777618759.269672,0.17123675346374512,1309.0,baseline
1777618759.269693,0.17125773429870605,1308.0,baseline
1777618759.2697139,0.171278715133667,1309.0,baseline
1777618759.269736,0.17130088806152344,1315.0,baseline
1777618759.269757,0.17132186889648438,1311.0,baseline
1777618759.269778,0.1713428497314453,1313.0,baseline
1777618759.2698,0.17136478424072266,1310.0,baseline
1777618759.269821,0.1713857650756836,1311.0,baseline
1777618759.2698429,0.17140769958496094,1304.0,baseline
1777618759.2698638,0.17142868041992188,1299.0,baseline
1777618759.2698848,0.1714496612548828,1302.0,baseline
1777618759.269907,0.17147183418273926,1307.0,baseline
1777618759.269931,0.17149591445922852,1307.0,baseline
1777618759.2699552,0.17151999473571777,1308.0,baseline
1777618759.2699761,0.1715409755706787,1311.0,baseline
1777618759.2699971,0.17156195640563965,1306.0,baseline
1777618759.270019,0.171583890914917,1308.0,baseline
1777618759.27004,0.17160487174987793,1305.0,baseline
1777618759.270061,0.17162585258483887,1308.0,baseline
1777618759.270082,0.1716468334197998,1309.0,baseline
1777618759.270103,0.17166781425476074,1309.0,baseline
1777618759.2701252,0.1716899871826172,1308.0,baseline
1777618759.2701461,0.17171096801757812,1308.0,baseline
1777618759.270167,0.17173194885253906,1308.0,baseline
1777618759.270189,0.1717538833618164,1306.0,baseline
1777618759.27021,0.17177486419677734,1312.0,baseline
1777618759.270231,0.17179584503173828,1312.0,baseline
1777618759.270253,0.17181777954101562,1309.0,baseline
1777618759.2702742,0.17183899879455566,1309.0,baseline
1777618759.2702951,0.1718599796295166,1311.0,baseline
1777618759.270317,0.17188191413879395,1310.0,baseline
1777618759.270338,0.17190289497375488,1311.0,baseline
1777618759.270359,0.17192387580871582,1311.0,baseline
1777618759.270381,0.17194581031799316,1308.0,baseline
1777618759.270408,0.17197275161743164,1308.0,baseline
1777618759.270433,0.1719977855682373,1307.0,baseline
1777618759.270454,0.17201876640319824,1308.0,baseline
1777618759.270475,0.17203974723815918,1309.0,baseline
1777618759.270497,0.17206192016601562,1309.0,baseline
1777618759.270518,0.17208290100097656,1310.0,baseline
1777618759.270539,0.1721038818359375,1308.0,baseline
1777618759.270561,0.17212581634521484,1309.0,baseline
1777618759.270582,0.17214679718017578,1308.0,baseline
1777618759.270603,0.17216777801513672,1308.0,baseline
1777618759.270625,0.17218995094299316,1309.0,baseline
1777618759.270646,0.1722109317779541,1308.0,baseline
1777618759.270667,0.17223191261291504,1308.0,baseline
1777618759.270689,0.17225384712219238,1311.0,baseline
1777618759.27071,0.17227482795715332,1311.0,baseline
1777618759.270731,0.17229580879211426,1309.0,baseline
1777618759.270753,0.1723177433013916,1309.0,baseline
1777618759.2707741,0.17233896255493164,1307.0,baseline
1777618759.270795,0.17235994338989258,1307.0,baseline
1777618759.270817,0.17238187789916992,1310.0,baseline
1777618759.270838,0.17240285873413086,1307.0,baseline
1777618759.270859,0.1724238395690918,1307.0,baseline
1777618759.27088,0.17244482040405273,1307.0,baseline
1777618759.2709079,0.17247271537780762,1308.0,baseline
1777618759.270931,0.17249584197998047,1310.0,baseline
1777618759.270953,0.1725177764892578,1309.0,baseline
1777618759.270974,0.17253875732421875,1309.0,baseline
1777618759.270995,0.1725597381591797,1311.0,baseline
1777618759.271016,0.17258071899414062,1313.0,baseline
1777618759.271038,0.17260289192199707,1312.0,baseline
1777618759.271059,0.172623872756958,1309.0,baseline
1777618759.271081,0.17264580726623535,1306.0,baseline
1777618759.271102,0.1726667881011963,1308.0,baseline
1777618759.271123,0.17268776893615723,1310.0,baseline
1777618759.271144,0.17270874977111816,1309.0,baseline
1777618759.2711658,0.1727306842803955,1311.0,baseline
1777618759.2711868,0.17275166511535645,1308.0,baseline
1777618759.271208,0.17277288436889648,1306.0,baseline
1777618759.27123,0.17279481887817383,1305.0,baseline
1777618759.271251,0.17281579971313477,1307.0,baseline
1777618759.271273,0.1728377342224121,1309.0,baseline
1777618759.271295,0.17285990715026855,1309.0,baseline
1777618759.271318,0.1728827953338623,1308.0,baseline
1777618759.2713401,0.17290496826171875,1308.0,baseline
1777618759.271362,0.1729269027709961,1307.0,baseline
1777618759.27139,0.17295479774475098,1311.0,baseline
1777618759.271415,0.17297983169555664,1312.0,baseline
1777618759.2714372,0.17300200462341309,1311.0,baseline
1777618759.27146,0.17302489280700684,1308.0,baseline
1777618759.2714822,0.17304706573486328,1309.0,baseline
1777618759.271504,0.17306876182556152,1308.0,baseline
1777618759.2715259,0.17309069633483887,1311.0,baseline
1777618759.2715468,0.1731116771697998,1309.0,baseline
1777618759.2715678,0.17313265800476074,1308.0,baseline
1777618759.271589,0.17315387725830078,1309.0,baseline
1777618759.271611,0.17317581176757812,1309.0,baseline
1777618759.271632,0.17319679260253906,1309.0,baseline
1777618759.2716532,0.1732180118560791,1307.0,baseline
1777618759.2716742,0.17323899269104004,1307.0,baseline
1777618759.2716959,0.17326068878173828,1309.0,baseline
1777618759.271717,0.17328190803527832,1307.0,baseline
1777618759.271738,0.17330288887023926,1305.0,baseline
1777618759.27176,0.1733248233795166,1306.0,baseline
1777618759.2717812,0.17334604263305664,1310.0,baseline
1777618759.2718148,0.17337965965270996,1311.0,baseline
1777618759.271837,0.1734018325805664,1309.0,baseline
1777618759.271858,0.17342281341552734,1312.0,baseline
1777618759.2718852,0.17344999313354492,1312.0,baseline
1777618759.2719092,0.17347407341003418,1313.0,baseline
1777618759.2719302,0.17349505424499512,1310.0,baseline
1777618759.271952,0.17351675033569336,1308.0,baseline
1777618759.2719731,0.1735379695892334,1307.0,baseline
1777618759.271994,0.17355895042419434,1308.0,baseline
1777618759.272015,0.17357993125915527,1308.0,baseline
1777618759.272036,0.1736009120941162,1308.0,baseline
1777618759.272058,0.17362284660339355,1308.0,baseline
1777618759.272079,0.1736438274383545,1308.0,baseline
1777618759.2721002,0.17366504669189453,1309.0,baseline
1777618759.2721221,0.17368698120117188,1307.0,baseline
1777618759.2721431,0.1737079620361328,1307.0,baseline
1777618759.272164,0.17372894287109375,1304.0,baseline
1777618759.272186,0.1737508773803711,1307.0,baseline
1777618759.272207,0.17377185821533203,1311.0,baseline
1777618759.272228,0.17379283905029297,1312.0,baseline
1777618759.2722502,0.17381501197814941,1308.0,baseline
1777618759.2722712,0.17383599281311035,1308.0,baseline
1777618759.272293,0.1738579273223877,1309.0,baseline
1777618759.272314,0.17387890815734863,1310.0,baseline
1777618759.272335,0.17389988899230957,1308.0,baseline
1777618759.2723572,0.17392206192016602,1307.0,baseline
1777618759.272384,0.1739487648010254,1307.0,baseline
1777618759.272407,0.17397189140319824,1308.0,baseline
1777618759.272429,0.17399382591247559,1308.0,baseline
1777618759.27245,0.17401480674743652,1308.0,baseline
1777618759.272471,0.17403578758239746,1306.0,baseline
1777618759.2724931,0.1740579605102539,1306.0,baseline
1777618759.272514,0.17407894134521484,1306.0,baseline
1777618759.272535,0.17409992218017578,1310.0,baseline
1777618759.272557,0.17412185668945312,1309.0,baseline
1777618759.272578,0.17414283752441406,1308.0,baseline
1777618759.272599,0.174163818359375,1311.0,baseline
1777618759.27262,0.17418479919433594,1311.0,baseline
1777618759.2726421,0.17420697212219238,1311.0,baseline
1777618759.272663,0.17422795295715332,1313.0,baseline
1777618759.272684,0.17424893379211426,1311.0,baseline
1777618759.272706,0.1742708683013916,1307.0,baseline
1777618759.272727,0.17429184913635254,1308.0,baseline
1777618759.272748,0.17431282997131348,1311.0,baseline
1777618759.2727702,0.17433500289916992,1311.0,baseline
1777618759.2727911,0.17435598373413086,1311.0,baseline
1777618759.2728121,0.1743769645690918,1308.0,baseline
1777618759.272833,0.17439794540405273,1310.0,baseline
1777618759.272861,0.17442584037780762,1311.0,baseline
1777618759.272885,0.17444992065429688,1310.0,baseline
1777618759.272907,0.17447185516357422,1308.0,baseline
1777618759.272928,0.17449283599853516,1308.0,baseline
1777618759.272949,0.1745138168334961,1308.0,baseline
1777618759.272971,0.17453575134277344,1308.0,baseline
1777618759.272992,0.17455673217773438,1310.0,baseline
1777618759.2730129,0.1745777130126953,1309.0,baseline
1777618759.273035,0.17459988594055176,1308.0,baseline
1777618759.273056,0.1746208667755127,1309.0,baseline
1777618759.273078,0.17464280128479004,1308.0,baseline
1777618759.273099,0.17466378211975098,1311.0,baseline
1777618759.273121,0.17468595504760742,1310.0,baseline
1777618759.273142,0.17470693588256836,1310.0,baseline
1777618759.273164,0.1747288703918457,1309.0,baseline
1777618759.273185,0.17474985122680664,1308.0,baseline
1777618759.273207,0.17477178573608398,1307.0,baseline
1777618759.273228,0.17479276657104492,1308.0,baseline
1777618759.2732532,0.1748180389404297,1311.0,baseline
1777618759.2732742,0.17483901977539062,1312.0,baseline
1777618759.2732959,0.17486071586608887,1310.0,baseline
1777618759.273317,0.1748819351196289,1308.0,baseline
1777618759.273344,0.17490887641906738,1307.0,baseline
1777618759.273369,0.17493391036987305,1304.0,baseline
1777618759.27339,0.17495489120483398,1310.0,baseline
1777618759.273412,0.17497682571411133,1308.0,baseline
1777618759.273433,0.17499780654907227,1305.0,baseline
1777618759.2734542,0.1750190258026123,1310.0,baseline
1777618759.2734761,0.17504096031188965,1308.0,baseline
1777618759.273497,0.17506194114685059,1307.0,baseline
1777618759.273519,0.17508387565612793,1308.0,baseline
1777618759.27354,0.17510485649108887,1310.0,baseline
1777618759.273561,0.1751258373260498,1311.0,baseline
1777618759.2735832,0.17514801025390625,1311.0,baseline
1777618759.2736042,0.1751689910888672,1310.0,baseline
1777618759.2736251,0.17518997192382812,1308.0,baseline
1777618759.273647,0.17521190643310547,1308.0,baseline
1777618759.273668,0.1752328872680664,1307.0,baseline
1777618759.273689,0.17525386810302734,1308.0,baseline
1777618759.27371,0.17527484893798828,1309.0,baseline
1777618759.273731,0.17529582977294922,1309.0,baseline
1777618759.2737532,0.17531800270080566,1309.0,baseline
1777618759.2737741,0.1753389835357666,1307.0,baseline
1777618759.2737951,0.17535996437072754,1307.0,baseline
1777618759.273817,0.17538189888000488,1305.0,baseline
1777618759.273844,0.17540884017944336,1307.0,baseline
1777618759.273868,0.17543292045593262,1306.0,baseline
1777618759.273889,0.17545390129089355,1305.0,baseline
1777618759.273911,0.1754758358001709,1308.0,baseline
1777618759.273932,0.17549681663513184,1307.0,baseline
1777618759.273953,0.17551779747009277,1307.0,baseline
1777618759.2739751,0.17553997039794922,1308.0,baseline
1777618759.273996,0.17556095123291016,1306.0,baseline
1777618759.274017,0.1755819320678711,1307.0,baseline
1777618759.274039,0.17560386657714844,1307.0,baseline
1777618759.27406,0.17562484741210938,1309.0,baseline
1777618759.274081,0.1756458282470703,1309.0,baseline
1777618759.274103,0.17566776275634766,1309.0,baseline
1777618759.2741241,0.1756889820098877,1310.0,baseline
1777618759.274146,0.17571091651916504,1312.0,baseline
1777618759.274167,0.17573189735412598,1313.0,baseline
1777618759.274188,0.17575287818908691,1308.0,baseline
1777618759.27421,0.17577481269836426,1311.0,baseline
1777618759.274231,0.1757957935333252,1310.0,baseline
1777618759.274252,0.17581677436828613,1308.0,baseline
1777618759.274274,0.17583894729614258,1309.0,baseline
1777618759.274295,0.17585992813110352,1309.0,baseline
1777618759.274322,0.175886869430542,1309.0,baseline
1777618759.274345,0.17590975761413574,1308.0,baseline
1777618759.274366,0.17593073844909668,1308.0,baseline
1777618759.274388,0.17595291137695312,1306.0,baseline
1777618759.274409,0.17597389221191406,1308.0,baseline
1777618759.274431,0.1759958267211914,1309.0,baseline
1777618759.274452,0.17601680755615234,1307.0,baseline
1777618759.274473,0.17603778839111328,1308.0,baseline
1777618759.274495,0.17605972290039062,1308.0,baseline
1777618759.2745159,0.17608070373535156,1308.0,baseline
1777618759.2745368,0.1761016845703125,1308.0,baseline
1777618759.274559,0.17612385749816895,1308.0,baseline
1777618759.27458,0.17614483833312988,1309.0,baseline
1777618759.274601,0.17616581916809082,1307.0,baseline
1777618759.274623,0.17618775367736816,1308.0,baseline
1777618759.274647,0.17621183395385742,1305.0,baseline
1777618759.274668,0.17623281478881836,1308.0,baseline
1777618759.274689,0.1762537956237793,1308.0,baseline
1777618759.2747111,0.17627596855163574,1310.0,baseline
1777618759.274732,0.17629694938659668,1310.0,baseline
1777618759.274753,0.17631793022155762,1307.0,baseline
1777618759.274775,0.17633986473083496,1305.0,baseline
1777618759.274796,0.1763608455657959,1307.0,baseline
1777618759.2748249,0.1763896942138672,1308.0,baseline
1777618759.274847,0.17641186714172363,1309.0,baseline
1777618759.274868,0.17643284797668457,1309.0,baseline
1777618759.274889,0.1764538288116455,1311.0,baseline
1777618759.27491,0.17647480964660645,1310.0,baseline
1777618759.274932,0.1764967441558838,1308.0,baseline
1777618759.274953,0.17651772499084473,1309.0,baseline
1777618759.2749739,0.17653870582580566,1309.0,baseline
1777618759.274996,0.1765608787536621,1309.0,baseline
1777618759.275017,0.17658185958862305,1309.0,baseline
1777618759.275038,0.17660284042358398,1311.0,baseline
1777618759.275069,0.1766338348388672,1309.0,baseline
1777618759.27509,0.17665481567382812,1308.0,baseline
1777618759.275112,0.17667675018310547,1309.0,baseline
1777618759.275133,0.1766977310180664,1309.0,baseline
1777618759.2751548,0.17671966552734375,1307.0,baseline
1777618759.275176,0.1767408847808838,1309.0,baseline
1777618759.275198,0.17676281929016113,1308.0,baseline
1777618759.275219,0.17678380012512207,1309.0,baseline
1777618759.275241,0.17680573463439941,1309.0,baseline
1777618759.2752619,0.17682671546936035,1310.0,baseline
1777618759.2752829,0.1768476963043213,1312.0,baseline
1777618759.275311,0.17687582969665527,1308.0,baseline
1777618759.275334,0.17689871788024902,1309.0,baseline
1777618759.2753549,0.17691969871520996,1309.0,baseline
1777618759.275376,0.17694091796875,1309.0,baseline
1777618759.2753978,0.17696261405944824,1307.0,baseline
1777618759.275419,0.17698383331298828,1308.0,baseline
1777618759.2754402,0.17700505256652832,1307.0,baseline
1777618759.2754612,0.17702603340148926,1308.0,baseline
1777618759.275483,0.1770477294921875,1306.0,baseline
1777618759.275504,0.17706894874572754,1310.0,baseline
1777618759.2755258,0.17709064483642578,1307.0,baseline
1777618759.2755468,0.17711162567138672,1308.0,baseline
1777618759.2755709,0.17713570594787598,1308.0,baseline
1777618759.275593,0.17715787887573242,1309.0,baseline
1777618759.275614,0.17717885971069336,1310.0,baseline
1777618759.275635,0.1771998405456543,1308.0,baseline
1777618759.275657,0.17722177505493164,1308.0,baseline
1777618759.275678,0.17724275588989258,1307.0,baseline
1777618759.275699,0.17726373672485352,1309.0,baseline
1777618759.27572,0.17728471755981445,1306.0,baseline
1777618759.275742,0.1773068904876709,1307.0,baseline
1777618759.275763,0.17732787132263184,1306.0,baseline
1777618759.27579,0.1773548126220703,1306.0,baseline
1777618759.275813,0.17737793922424316,1307.0,baseline
1777618759.275834,0.1773989200592041,1308.0,baseline
1777618759.275855,0.17741990089416504,1309.0,baseline
1777618759.275876,0.17744088172912598,1305.0,baseline
1777618759.2758982,0.17746305465698242,1306.0,baseline
1777618759.2759192,0.17748403549194336,1306.0,baseline
1777618759.2759402,0.1775050163269043,1305.0,baseline
1777618759.275962,0.17752695083618164,1307.0,baseline
1777618759.275983,0.17754793167114258,1307.0,baseline
1777618759.276004,0.17756891250610352,1308.0,baseline
1777618759.276026,0.17759084701538086,1308.0,baseline
1777618759.2760499,0.17761468887329102,1308.0,baseline
1777618759.2760708,0.17763566970825195,1308.0,baseline
1777618759.2760918,0.1776566505432129,1309.0,baseline
1777618759.2761128,0.17767763137817383,1310.0,baseline
1777618759.276135,0.17769980430603027,1312.0,baseline
1777618759.276156,0.1777207851409912,1309.0,baseline
1777618759.276177,0.17774176597595215,1309.0,baseline
1777618759.2761989,0.1777637004852295,1309.0,baseline
1777618759.2762198,0.17778468132019043,1308.0,baseline
1777618759.2762408,0.17780566215515137,1308.0,baseline
1777618759.2762618,0.1778266429901123,1310.0,baseline
1777618759.2762911,0.1778559684753418,1308.0,baseline
1777618759.276313,0.17787790298461914,1309.0,baseline
1777618759.276334,0.17789888381958008,1309.0,baseline
1777618759.276356,0.17792081832885742,1307.0,baseline
1777618759.2763772,0.17794203758239746,1307.0,baseline
1777618759.2763982,0.1779630184173584,1310.0,baseline
1777618759.2764192,0.17798399925231934,1309.0,baseline
1777618759.2764401,0.17800498008728027,1309.0,baseline
1777618759.276462,0.17802691459655762,1306.0,baseline
1777618759.276483,0.17804789543151855,1307.0,baseline
1777618759.276504,0.1780688762664795,1308.0,baseline
1777618759.276526,0.17809081077575684,1308.0,baseline
1777618759.276547,0.17811179161071777,1307.0,baseline
1777618759.2765691,0.17813396453857422,1306.0,baseline
1777618759.27659,0.17815494537353516,1305.0,baseline
1777618759.276611,0.1781759262084961,1307.0,baseline
1777618759.276633,0.17819786071777344,1309.0,baseline
1777618759.276654,0.17821884155273438,1308.0,baseline
1777618759.276675,0.1782398223876953,1312.0,baseline
1777618759.2766972,0.17826199531555176,1309.0,baseline
1777618759.2767181,0.1782829761505127,1309.0,baseline
1777618759.2767391,0.17830395698547363,1308.0,baseline
1777618759.276767,0.17833185195922852,1307.0,baseline
1777618759.276791,0.17835593223571777,1307.0,baseline
1777618759.276813,0.17837786674499512,1308.0,baseline
1777618759.276834,0.17839884757995605,1308.0,baseline
1777618759.276855,0.178419828414917,1309.0,baseline
1777618759.276876,0.17844080924987793,1307.0,baseline
1777618759.2768981,0.17846298217773438,1308.0,baseline
1777618759.2769191,0.1784839630126953,1308.0,baseline
1777618759.27694,0.17850494384765625,1308.0,baseline
1777618759.2769668,0.17853164672851562,1306.0,baseline
1777618759.2769878,0.17855262756347656,1306.0,baseline
1777618759.277009,0.1785738468170166,1308.0,baseline
1777618759.277031,0.17859578132629395,1311.0,baseline
1777618759.277052,0.17861676216125488,1309.0,baseline
1777618759.2770739,0.17863869667053223,1306.0,baseline
1777618759.2770948,0.17865967750549316,1306.0,baseline
1777618759.2771158,0.1786806583404541,1308.0,baseline
1777618759.277138,0.17870283126831055,1308.0,baseline
1777618759.277159,0.17872381210327148,1307.0,baseline
1777618759.277181,0.17874574661254883,1308.0,baseline
1777618759.277202,0.17876672744750977,1308.0,baseline
1777618759.2772229,0.1787877082824707,1309.0,baseline
1777618759.27725,0.17881488800048828,1308.0,baseline
1777618759.2772732,0.17883801460266113,1310.0,baseline
1777618759.2772942,0.17885899543762207,1307.0,baseline
1777618759.2773151,0.178879976272583,1307.0,baseline
1777618759.277337,0.17890191078186035,1307.0,baseline
1777618759.277358,0.1789228916168213,1309.0,baseline
1777618759.277379,0.17894387245178223,1307.0,baseline
1777618759.2774,0.17896485328674316,1308.0,baseline
1777618759.2774222,0.1789870262145996,1307.0,baseline
1777618759.2774458,0.17901062965393066,1306.0,baseline
1777618759.2774668,0.1790316104888916,1305.0,baseline
1777618759.2774882,0.17905306816101074,1304.0,baseline
1777618759.27751,0.17907476425170898,1308.0,baseline
1777618759.277531,0.17909574508666992,1310.0,baseline
1777618759.2775521,0.17911696434020996,1309.0,baseline
1777618759.2775738,0.1791386604309082,1308.0,baseline
1777618759.2775948,0.17915964126586914,1306.0,baseline
1777618759.277616,0.17918086051940918,1309.0,baseline
1777618759.277637,0.17920184135437012,1308.0,baseline
1777618759.277659,0.17922377586364746,1309.0,baseline
1777618759.2776802,0.1792449951171875,1305.0,baseline
1777618759.2777011,0.17926597595214844,1305.0,baseline
1777618759.2777221,0.17928695678710938,1309.0,baseline
1777618759.27775,0.17931485176086426,1308.0,baseline
1777618759.277775,0.17933988571166992,1310.0,baseline
1777618759.277796,0.17936086654663086,1311.0,baseline
1777618759.277817,0.1793818473815918,1309.0,baseline
1777618759.277838,0.17940282821655273,1306.0,baseline
1777618759.2778602,0.17942500114440918,1306.0,baseline
1777618759.2778811,0.17944598197937012,1308.0,baseline
1777618759.277903,0.17946791648864746,1305.0,baseline
1777618759.277924,0.1794888973236084,1306.0,baseline
1777618759.277945,0.17950987815856934,1308.0,baseline
1777618759.277966,0.17953085899353027,1308.0,baseline
1777618759.2779882,0.17955303192138672,1307.0,baseline
1777618759.2780092,0.17957401275634766,1307.0,baseline
1777618759.2780302,0.1795949935913086,1308.0,baseline
1777618759.278052,0.17961692810058594,1309.0,baseline
1777618759.278073,0.17963790893554688,1308.0,baseline
1777618759.278095,0.17965984344482422,1309.0,baseline
1777618759.278116,0.17968082427978516,1311.0,baseline
1777618759.2781372,0.1797020435333252,1311.0,baseline
1777618759.2781591,0.17972397804260254,1311.0,baseline
1777618759.2781801,0.17974495887756348,1309.0,baseline
1777618759.278202,0.17976689338684082,1307.0,baseline
1777618759.278229,0.1797938346862793,1308.0,baseline
1777618759.278253,0.17981791496276855,1304.0,baseline
1777618759.278275,0.1798398494720459,1305.0,baseline
1777618759.278309,0.17987394332885742,1310.0,baseline
1777618759.27833,0.17989492416381836,1309.0,baseline
1777618759.2783518,0.1799166202545166,1309.0,baseline
1777618759.278373,0.17993783950805664,1308.0,baseline
1777618759.2783942,0.17995905876159668,1305.0,baseline
1777618759.278416,0.17998075485229492,1305.0,baseline
1777618759.2784371,0.18000197410583496,1306.0,baseline
1777618759.2784588,0.1800236701965332,1308.0,baseline
1777618759.2784798,0.18004465103149414,1308.0,baseline
1777618759.278501,0.18006587028503418,1308.0,baseline
1777618759.278523,0.18008780479431152,1309.0,baseline
1777618759.278544,0.18010878562927246,1311.0,baseline
1777618759.2785652,0.1801300048828125,1311.0,baseline
1777618759.2785869,0.18015170097351074,1307.0,baseline
1777618759.2786078,0.18017268180847168,1307.0,baseline
1777618759.278629,0.18019390106201172,1309.0,baseline
1777618759.278651,0.18021583557128906,1311.0,baseline
1777618759.278672,0.18023681640625,1307.0,baseline
1777618759.2786932,0.18025803565979004,1307.0,baseline
1777618759.278715,0.18027973175048828,1311.0,baseline
1777618759.278742,0.18030691146850586,1314.0,baseline
1777618759.278765,0.1803297996520996,1312.0,baseline
1777618759.2787871,0.18035197257995605,1311.0,baseline
1777618759.278808,0.180372953414917,1309.0,baseline
1777618759.278829,0.18039393424987793,1305.0,baseline
1777618759.27885,0.18041491508483887,1304.0,baseline
1777618759.278872,0.1804368495941162,1305.0,baseline
1777618759.278893,0.18045783042907715,1307.0,baseline
1777618759.278914,0.18047881126403809,1306.0,baseline
1777618759.2789361,0.18050098419189453,1307.0,baseline
1777618759.2789571,0.18052196502685547,1307.0,baseline
1777618759.278978,0.1805429458618164,1307.0,baseline
1777618759.278999,0.18056392669677734,1305.0,baseline
1777618759.279021,0.1805858612060547,1305.0,baseline
1777618759.279042,0.18060684204101562,1307.0,baseline
1777618759.2790642,0.18062901496887207,1308.0,baseline
1777618759.2790852,0.180649995803833,1307.0,baseline
1777618759.2791061,0.18067097663879395,1308.0,baseline
1777618759.2791271,0.18069195747375488,1310.0,baseline
1777618759.279149,0.18071389198303223,1310.0,baseline
1777618759.27917,0.18073487281799316,1309.0,baseline
1777618759.279192,0.1807568073272705,1308.0,baseline
1777618759.279216,0.18078088760375977,1308.0,baseline
1777618759.27924,0.18080472946166992,1307.0,baseline
1777618759.2792609,0.18082571029663086,1308.0,baseline
1777618759.279283,0.1808478832244873,1307.0,baseline
1777618759.279304,0.18086886405944824,1308.0,baseline
1777618759.279325,0.18088984489440918,1308.0,baseline
1777618759.279347,0.18091177940368652,1306.0,baseline
1777618759.279368,0.18093276023864746,1308.0,baseline
1777618759.279389,0.1809537410736084,1307.0,baseline
1777618759.2794108,0.18097567558288574,1307.0,baseline
1777618759.2794318,0.18099665641784668,1306.0,baseline
1777618759.279454,0.18101882934570312,1307.0,baseline
1777618759.279475,0.18103981018066406,1306.0,baseline
1777618759.279496,0.181060791015625,1308.0,baseline
1777618759.279518,0.18108272552490234,1307.0,baseline
1777618759.2795389,0.18110370635986328,1309.0,baseline
1777618759.279561,0.18112587928771973,1311.0,baseline
1777618759.279583,0.18114781379699707,1311.0,baseline
1777618759.279604,0.181168794631958,1307.0,baseline
1777618759.279625,0.18118977546691895,1306.0,baseline
1777618759.279646,0.18121075630187988,1307.0,baseline
1777618759.279667,0.18123173713684082,1308.0,baseline
1777618759.279694,0.1812589168548584,1306.0,baseline
1777618759.2797189,0.18128371238708496,1304.0,baseline
1777618759.2797399,0.1813046932220459,1303.0,baseline
1777618759.2797608,0.18132567405700684,1306.0,baseline
1777618759.2797818,0.18134665489196777,1310.0,baseline
1777618759.279804,0.18136882781982422,1310.0,baseline
1777618759.279825,0.18138980865478516,1311.0,baseline
1777618759.279846,0.1814107894897461,1310.0,baseline
1777618759.279868,0.18143272399902344,1307.0,baseline
1777618759.2798889,0.18145370483398438,1306.0,baseline
1777618759.2799098,0.1814746856689453,1308.0,baseline
1777618759.279932,0.18149685859680176,1309.0,baseline
1777618759.279953,0.1815178394317627,1308.0,baseline
1777618759.279974,0.18153882026672363,1309.0,baseline
1777618759.279996,0.18156075477600098,1309.0,baseline
1777618759.280017,0.18158173561096191,1309.0,baseline
1777618759.2800379,0.18160271644592285,1306.0,baseline
1777618759.2800598,0.1816246509552002,1305.0,baseline
1777618759.2800808,0.18164563179016113,1306.0,baseline
1777618759.2801018,0.18166661262512207,1308.0,baseline
1777618759.280124,0.18168878555297852,1308.0,baseline
1777618759.280145,0.18170976638793945,1308.0,baseline
1777618759.280169,0.1817338466644287,1308.0,baseline
1777618759.280193,0.18175792694091797,1308.0,baseline
1777618759.280214,0.1817789077758789,1309.0,baseline
1777618759.280236,0.18180084228515625,1307.0,baseline
1777618759.280257,0.1818218231201172,1309.0,baseline
1777618759.280278,0.18184280395507812,1306.0,baseline
1777618759.280299,0.18186378479003906,1309.0,baseline
1777618759.2803211,0.1818859577178955,1306.0,baseline
1777618759.280342,0.18190693855285645,1308.0,baseline
1777618759.280363,0.18192791938781738,1308.0,baseline
1777618759.280385,0.18194985389709473,1309.0,baseline
1777618759.280406,0.18197083473205566,1308.0,baseline
1777618759.280427,0.1819918155670166,1307.0,baseline
1777618759.280448,0.18201279640197754,1311.0,baseline
1777618759.2804701,0.18203496932983398,1311.0,baseline
1777618759.280491,0.18205595016479492,1311.0,baseline
1777618759.280512,0.18207693099975586,1309.0,baseline
1777618759.280534,0.1820988655090332,1307.0,baseline
1777618759.280555,0.18211984634399414,1305.0,baseline
1777618759.280577,0.18214178085327148,1306.0,baseline
1777618759.280598,0.18216276168823242,1308.0,baseline
1777618759.280619,0.18218374252319336,1308.0,baseline
1777618759.280643,0.18220782279968262,1307.0,baseline
1777618759.2806668,0.18223166465759277,1306.0,baseline
1777618759.280689,0.18225383758544922,1307.0,baseline
1777618759.28071,0.18227481842041016,1308.0,baseline
1777618759.280731,0.1822957992553711,1308.0,baseline
1777618759.2807522,0.18231701850891113,1307.0,baseline
1777618759.2807739,0.18233871459960938,1307.0,baseline
1777618759.2807949,0.1823596954345703,1308.0,baseline
1777618759.280816,0.18238091468811035,1307.0,baseline
1777618759.2808378,0.1824026107788086,1308.0,baseline
1777618759.280859,0.18242383003234863,1307.0,baseline
1777618759.2808802,0.18244504928588867,1307.0,baseline
1777618759.280902,0.18246674537658691,1308.0,baseline
1777618759.280923,0.18248772621154785,1305.0,baseline
1777618759.280944,0.1825089454650879,1308.0,baseline
1777618759.2809658,0.18253064155578613,1311.0,baseline
1777618759.2809868,0.18255162239074707,1308.0,baseline
1777618759.281009,0.18257379531860352,1305.0,baseline
1777618759.28103,0.18259477615356445,1307.0,baseline
1777618759.281051,0.1826157569885254,1307.0,baseline
1777618759.2810729,0.18263769149780273,1306.0,baseline
1777618759.2810938,0.18265867233276367,1305.0,baseline
1777618759.281118,0.18268275260925293,1307.0,baseline
1777618759.281142,0.1827068328857422,1306.0,baseline
1777618759.281163,0.18272781372070312,1305.0,baseline
1777618759.281185,0.18274974822998047,1306.0,baseline
1777618759.2812061,0.1827709674835205,1307.0,baseline
1777618759.281228,0.18279290199279785,1306.0,baseline
1777618759.281249,0.1828138828277588,1304.0,baseline
1777618759.281271,0.18283581733703613,1307.0,baseline
1777618759.281292,0.18285679817199707,1308.0,baseline
1777618759.281313,0.182877779006958,1305.0,baseline
1777618759.281335,0.18289995193481445,1308.0,baseline
1777618759.281356,0.1829209327697754,1305.0,baseline
1777618759.281377,0.18294191360473633,1307.0,baseline
1777618759.281399,0.18296384811401367,1304.0,baseline
1777618759.28142,0.1829848289489746,1309.0,baseline
1777618759.281441,0.18300580978393555,1307.0,baseline
1777618759.2814631,0.183027982711792,1307.0,baseline
1777618759.2814841,0.18304896354675293,1306.0,baseline
1777618759.281506,0.18307089805603027,1306.0,baseline
1777618759.281536,0.18310093879699707,1307.0,baseline
1777618759.281558,0.18312287330627441,1306.0,baseline
1777618759.281579,0.18314385414123535,1302.0,baseline
1777618759.281603,0.1831679344177246,1303.0,baseline
1777618759.281627,0.18319177627563477,1309.0,baseline
1777618759.2816489,0.1832137107849121,1311.0,baseline
1777618759.2816699,0.18323469161987305,1308.0,baseline
1777618759.2816918,0.1832566261291504,1307.0,baseline
1777618759.281713,0.18327784538269043,1309.0,baseline
1777618759.281735,0.18329977989196777,1308.0,baseline
1777618759.281756,0.1833207607269287,1310.0,baseline
1777618759.281777,0.18334174156188965,1309.0,baseline
1777618759.281798,0.18336272239685059,1307.0,baseline
1777618759.2818198,0.18338465690612793,1308.0,baseline
1777618759.2818408,0.18340563774108887,1305.0,baseline
1777618759.281863,0.1834278106689453,1305.0,baseline
1777618759.281884,0.18344879150390625,1307.0,baseline
1777618759.281905,0.1834697723388672,1306.0,baseline
1777618759.2819269,0.18349170684814453,1306.0,baseline
1777618759.2819479,0.18351268768310547,1309.0,baseline
1777618759.2819688,0.1835336685180664,1310.0,baseline
1777618759.281991,0.18355584144592285,1308.0,baseline
1777618759.282012,0.1835768222808838,1308.0,baseline
1777618759.282034,0.18359875679016113,1308.0,baseline
1777618759.282055,0.18361973762512207,1309.0,baseline
1777618759.282078,0.18364286422729492,1309.0,baseline
1777618759.282103,0.18366789817810059,1307.0,baseline
1777618759.282124,0.18368887901306152,1309.0,baseline
1777618759.282145,0.18370985984802246,1309.0,baseline
1777618759.282167,0.1837317943572998,1306.0,baseline
1777618759.282188,0.18375277519226074,1310.0,baseline
1777618759.282209,0.18377375602722168,1311.0,baseline
1777618759.282231,0.18379592895507812,1308.0,baseline
1777618759.282252,0.18381690979003906,1305.0,baseline
1777618759.282273,0.183837890625,1308.0,baseline
1777618759.282294,0.18385887145996094,1307.0,baseline
1777618759.282316,0.18388080596923828,1305.0,baseline
1777618759.282337,0.18390178680419922,1306.0,baseline
1777618759.282358,0.18392276763916016,1305.0,baseline
1777618759.28238,0.1839449405670166,1306.0,baseline
1777618759.282401,0.18396592140197754,1307.0,baseline
1777618759.282422,0.18398690223693848,1308.0,baseline
1777618759.282444,0.18400883674621582,1308.0,baseline
1777618759.282465,0.18402981758117676,1308.0,baseline
1777618759.282486,0.1840507984161377,1310.0,baseline
1777618759.2825081,0.18407297134399414,1310.0,baseline
1777618759.282529,0.18409395217895508,1309.0,baseline
1777618759.2825532,0.18411803245544434,1308.0,baseline
1777618759.2825768,0.1841416358947754,1309.0,baseline
1777618759.2825978,0.18416261672973633,1310.0,baseline
1777618759.28262,0.18418478965759277,1309.0,baseline
1777618759.282641,0.1842057704925537,1310.0,baseline
1777618759.282662,0.18422675132751465,1312.0,baseline
1777618759.2826838,0.184248685836792,1308.0,baseline
1777618759.2827048,0.18426966667175293,1307.0,baseline
1777618759.2827258,0.18429064750671387,1305.0,baseline
1777618759.282748,0.1843128204345703,1308.0,baseline
1777618759.282769,0.18433380126953125,1306.0,baseline
1777618759.282791,0.1843557357788086,1306.0,baseline
1777618759.2828119,0.18437671661376953,1307.0,baseline
1777618759.2828338,0.18439865112304688,1308.0,baseline
1777618759.2828548,0.1844196319580078,1310.0,baseline
1777618759.282877,0.18444180488586426,1308.0,baseline
1777618759.282898,0.1844627857208252,1305.0,baseline
1777618759.28292,0.18448472023010254,1305.0,baseline
1777618759.2829409,0.18450570106506348,1308.0,baseline
1777618759.282963,0.18452787399291992,1307.0,baseline
1777618759.282984,0.18454885482788086,1308.0,baseline
1777618759.283006,0.1845707893371582,1308.0,baseline
1777618759.28303,0.18459486961364746,1305.0,baseline
1777618759.283055,0.18461990356445312,1304.0,baseline
1777618759.283076,0.18464088439941406,1306.0,baseline
1777618759.2830982,0.1846630573272705,1306.0,baseline
1777618759.2831192,0.18468403816223145,1308.0,baseline
1777618759.2831411,0.1847059726715088,1308.0,baseline
1777618759.283162,0.18472695350646973,1308.0,baseline
1777618759.283184,0.18474888801574707,1307.0,baseline
1777618759.283205,0.184769868850708,1307.0,baseline
1777618759.283227,0.18479180335998535,1306.0,baseline
1777618759.2832482,0.1848130226135254,1306.0,baseline
1777618759.28327,0.18483471870422363,1307.0,baseline
1777618759.2832909,0.18485569953918457,1308.0,baseline
1777618759.283312,0.1848769187927246,1308.0,baseline
1777618759.283335,0.18489980697631836,1309.0,baseline
1777618759.283361,0.18492579460144043,1308.0,baseline
1777618759.283413,0.18497776985168457,1307.0,baseline
1777618759.283438,0.18500280380249023,1309.0,baseline
1777618759.283471,0.18503594398498535,1308.0,baseline
1777618759.283494,0.1850588321685791,1308.0,baseline
1777618759.283517,0.18508172035217285,1307.0,baseline
1777618759.283539,0.1851038932800293,1308.0,baseline
1777618759.283561,0.18512582778930664,1308.0,baseline
1777618759.283586,0.1851508617401123,1307.0,baseline
1777618759.283607,0.18517184257507324,1305.0,baseline
1777618759.283628,0.18519282341003418,1302.0,baseline
1777618759.2836502,0.18521499633789062,1302.0,baseline
1777618759.283672,0.18523693084716797,1304.0,baseline
1777618759.283694,0.1852588653564453,1306.0,baseline
1777618759.283715,0.18527984619140625,1308.0,baseline
1777618759.283736,0.1853008270263672,1309.0,baseline
1777618759.2837582,0.18532299995422363,1306.0,baseline
1777618759.2837791,0.18534398078918457,1307.0,baseline
1777618759.283801,0.18536591529846191,1304.0,baseline
1777618759.283822,0.18538689613342285,1306.0,baseline
1777618759.283844,0.1854088306427002,1306.0,baseline
1777618759.2838662,0.18543100357055664,1304.0,baseline
1777618759.2838871,0.18545198440551758,1308.0,baseline
1777618759.2839081,0.18547296524047852,1307.0,baseline
1777618759.28393,0.18549489974975586,1307.0,baseline
1777618759.283951,0.1855158805847168,1308.0,baseline
1777618759.2839732,0.18553805351257324,1307.0,baseline
1777618759.283995,0.18555974960327148,1307.0,baseline
1777618759.2840161,0.18558096885681152,1308.0,baseline
1777618759.2840378,0.18560266494750977,1306.0,baseline
1777618759.284064,0.18562889099121094,1307.0,baseline
1777618759.284085,0.18564987182617188,1307.0,baseline
1777618759.284107,0.18567180633544922,1305.0,baseline
1777618759.284128,0.18569278717041016,1304.0,baseline
1777618759.284149,0.1857137680053711,1302.0,baseline
1777618759.284171,0.18573594093322754,1304.0,baseline
1777618759.284193,0.18575787544250488,1307.0,baseline
1777618759.284215,0.18577980995178223,1305.0,baseline
1777618759.2842371,0.18580198287963867,1308.0,baseline
1777618759.2842581,0.1858229637145996,1305.0,baseline
1777618759.284279,0.18584394454956055,1305.0,baseline
1777618759.284301,0.1858658790588379,1304.0,baseline
1777618759.284323,0.18588781356811523,1304.0,baseline
1777618759.284344,0.18590879440307617,1307.0,baseline
1777618759.2843661,0.18593096733093262,1307.0,baseline
1777618759.284387,0.18595194816589355,1307.0,baseline
1777618759.284409,0.1859738826751709,1306.0,baseline
1777618759.2844312,0.18599605560302734,1305.0,baseline
1777618759.2844532,0.1860179901123047,1309.0,baseline
1777618759.2844748,0.18603968620300293,1307.0,baseline
1777618759.2844968,0.18606162071228027,1307.0,baseline
1777618759.284519,0.18608379364013672,1309.0,baseline
1777618759.2845461,0.1861109733581543,1306.0,baseline
1777618759.284568,0.18613290786743164,1305.0,baseline
1777618759.284589,0.18615388870239258,1308.0,baseline
1777618759.28461,0.18617486953735352,1304.0,baseline
1777618759.284632,0.18619680404663086,1309.0,baseline
1777618759.284653,0.1862177848815918,1308.0,baseline
1777618759.284674,0.18623876571655273,1307.0,baseline
1777618759.2846951,0.18625998497009277,1308.0,baseline
1777618759.284717,0.18628191947937012,1308.0,baseline
1777618759.284738,0.18630290031433105,1308.0,baseline
1777618759.284759,0.186323881149292,1307.0,baseline
1777618759.284781,0.18634581565856934,1305.0,baseline
1777618759.284802,0.18636679649353027,1304.0,baseline
1777618759.284839,0.18640375137329102,1306.0,baseline
1777618759.2848608,0.18642568588256836,1307.0,baseline
1777618759.2848818,0.1864466667175293,1308.0,baseline
1777618759.284904,0.18646883964538574,1308.0,baseline
1777618759.284925,0.18648982048034668,1307.0,baseline
1777618759.284946,0.18651080131530762,1307.0,baseline
1777618759.284968,0.18653273582458496,1307.0,baseline
1777618759.2849889,0.1865537166595459,1308.0,baseline
1777618759.285011,0.18657588958740234,1308.0,baseline
1777618759.285035,0.1865997314453125,1307.0,baseline
1777618759.285057,0.18662190437316895,1308.0,baseline
1777618759.285078,0.18664288520812988,1306.0,baseline
1777618759.2851021,0.18666696548461914,1304.0,baseline
1777618759.285125,0.1866898536682129,1306.0,baseline
1777618759.285147,0.18671178817749023,1304.0,baseline
1777618759.2851698,0.18673467636108398,1305.0,baseline
1777618759.285192,0.18675684928894043,1305.0,baseline
1777618759.285213,0.18677783012390137,1306.0,baseline
1777618759.285235,0.1867997646331787,1308.0,baseline
1777618759.285256,0.18682074546813965,1307.0,baseline
1777618759.285277,0.18684172630310059,1307.0,baseline
1777618759.2852979,0.18686270713806152,1307.0,baseline
1777618759.2853189,0.18688368797302246,1308.0,baseline
1777618759.285341,0.1869058609008789,1309.0,baseline
1777618759.285362,0.18692684173583984,1309.0,baseline
1777618759.285384,0.1869487762451172,1305.0,baseline
1777618759.285405,0.18696975708007812,1305.0,baseline
1777618759.2854269,0.18699169158935547,1306.0,baseline
1777618759.285449,0.18701386451721191,1306.0,baseline
1777618759.28547,0.18703484535217285,1304.0,baseline
1777618759.285493,0.1870577335357666,1304.0,baseline
1777618759.285516,0.18708086013793945,1302.0,baseline
1777618759.285538,0.1871027946472168,1304.0,baseline
1777618759.285559,0.18712377548217773,1307.0,baseline
1777618759.285581,0.18714594841003418,1304.0,baseline
1777618759.285602,0.18716692924499512,1303.0,baseline
1777618759.285623,0.18718791007995605,1306.0,baseline
1777618759.285645,0.1872098445892334,1307.0,baseline
1777618759.285666,0.18723082542419434,1307.0,baseline
1777618759.285687,0.18725180625915527,1304.0,baseline
1777618759.2857091,0.18727397918701172,1302.0,baseline
1777618759.2857301,0.18729496002197266,1304.0,baseline
1777618759.285751,0.1873159408569336,1305.0,baseline
1777618759.285773,0.18733787536621094,1306.0,baseline
1777618759.2857962,0.1873610019683838,1307.0,baseline
1777618759.285818,0.18738293647766113,1305.0,baseline
1777618759.2858398,0.18740463256835938,1306.0,baseline
1777618759.285862,0.18742680549621582,1307.0,baseline
1777618759.285884,0.18744874000549316,1308.0,baseline
1777618759.2859058,0.1874706745147705,1305.0,baseline
1777618759.285928,0.18749284744262695,1305.0,baseline
1777618759.28595,0.1875147819519043,1304.0,baseline
1777618759.285971,0.18753576278686523,1306.0,baseline
1777618759.285996,0.1875607967376709,1308.0,baseline
1777618759.2860181,0.18758296966552734,1309.0,baseline
1777618759.286039,0.18760395050048828,1308.0,baseline
1777618759.28606,0.18762493133544922,1309.0,baseline
1777618759.286082,0.18764686584472656,1310.0,baseline
1777618759.286103,0.1876678466796875,1308.0,baseline
1777618759.286124,0.18768882751464844,1309.0,baseline
1777618759.2861462,0.18771100044250488,1310.0,baseline
1777618759.2861671,0.18773198127746582,1306.0,baseline
1777618759.286189,0.18775391578674316,1306.0,baseline
1777618759.28621,0.1877748966217041,1306.0,baseline
1777618759.286231,0.18779587745666504,1307.0,baseline
1777618759.286253,0.18781781196594238,1307.0,baseline
1777618759.286274,0.18783879280090332,1306.0,baseline
1777618759.286295,0.18785977363586426,1308.0,baseline
1777618759.286317,0.1878819465637207,1307.0,baseline
1777618759.286338,0.18790292739868164,1306.0,baseline
1777618759.286359,0.18792390823364258,1307.0,baseline
1777618759.286381,0.18794584274291992,1308.0,baseline
1777618759.286402,0.18796682357788086,1307.0,baseline
1777618759.286423,0.1879878044128418,1308.0,baseline
1777618759.286444,0.18800878524780273,1309.0,baseline
1777618759.2864718,0.18803668022155762,1308.0,baseline
1777618759.286495,0.18805980682373047,1308.0,baseline
1777618759.286516,0.1880807876586914,1308.0,baseline
1777618759.286537,0.18810176849365234,1309.0,baseline
1777618759.286558,0.18812274932861328,1309.0,baseline
1777618759.28658,0.18814492225646973,1306.0,baseline
1777618759.286601,0.18816590309143066,1308.0,baseline
1777618759.286622,0.1881868839263916,1308.0,baseline
1777618759.286644,0.18820881843566895,1307.0,baseline
1777618759.286665,0.18822979927062988,1309.0,baseline
1777618759.286686,0.18825078010559082,1306.0,baseline
1777618759.286707,0.18827176094055176,1304.0,baseline
1777618759.2867289,0.1882936954498291,1305.0,baseline
1777618759.2867498,0.18831467628479004,1308.0,baseline
1777618759.286771,0.18833589553833008,1308.0,baseline
1777618759.286793,0.18835783004760742,1306.0,baseline
1777618759.286814,0.18837881088256836,1307.0,baseline
1777618759.286835,0.1883997917175293,1305.0,baseline
1777618759.286857,0.18842172622680664,1307.0,baseline
1777618759.2868779,0.18844270706176758,1306.0,baseline
1777618759.2869,0.18846487998962402,1308.0,baseline
1777618759.286921,0.18848586082458496,1307.0,baseline
1777618759.286946,0.18851089477539062,1306.0,baseline
1777618759.286968,0.18853282928466797,1308.0,baseline
1777618759.286989,0.1885538101196289,1309.0,baseline
1777618759.28701,0.18857479095458984,1307.0,baseline
1777618759.287031,0.18859577178955078,1307.0,baseline
1777618759.287053,0.18861794471740723,1306.0,baseline
1777618759.287074,0.18863892555236816,1307.0,baseline
1777618759.287095,0.1886599063873291,1306.0,baseline
1777618759.287117,0.18868184089660645,1308.0,baseline
1777618759.287138,0.18870282173156738,1306.0,baseline
1777618759.287159,0.18872380256652832,1308.0,baseline
1777618759.2871811,0.18874597549438477,1307.0,baseline
1777618759.2872021,0.1887669563293457,1307.0,baseline
1777618759.287224,0.18878889083862305,1307.0,baseline
1777618759.287245,0.18880987167358398,1309.0,baseline
1777618759.287266,0.18883085250854492,1311.0,baseline
1777618759.287287,0.18885183334350586,1307.0,baseline
1777618759.2873092,0.1888740062713623,1308.0,baseline
1777618759.2873302,0.18889498710632324,1307.0,baseline
1777618759.2873511,0.18891596794128418,1307.0,baseline
1777618759.287373,0.18893790245056152,1305.0,baseline
1777618759.287394,0.18895888328552246,1306.0,baseline
1777618759.287422,0.18898677825927734,1307.0,baseline
1777618759.2874439,0.1890087127685547,1305.0,baseline
1777618759.287466,0.18903088569641113,1302.0,baseline
1777618759.287487,0.18905186653137207,1302.0,baseline
1777618759.287508,0.189072847366333,1302.0,baseline
1777618759.287529,0.18909382820129395,1304.0,baseline
1777618759.287551,0.1891157627105713,1305.0,baseline
1777618759.287572,0.18913674354553223,1306.0,baseline
1777618759.287593,0.18915772438049316,1306.0,baseline
1777618759.2876139,0.1891787052154541,1307.0,baseline
1777618759.287636,0.18920087814331055,1305.0,baseline
1777618759.287657,0.18922185897827148,1303.0,baseline
1777618759.287678,0.18924283981323242,1306.0,baseline
1777618759.2877,0.18926477432250977,1308.0,baseline
1777618759.287721,0.1892857551574707,1307.0,baseline
1777618759.287742,0.18930673599243164,1306.0,baseline
1777618759.2877629,0.18932771682739258,1304.0,baseline
1777618759.287785,0.18934988975524902,1303.0,baseline
1777618759.287812,0.1893768310546875,1306.0,baseline
1777618759.2878342,0.18939900398254395,1305.0,baseline
1777618759.2878551,0.18941998481750488,1303.0,baseline
1777618759.287877,0.18944191932678223,1307.0,baseline
1777618759.2879019,0.1894667148590088,1308.0,baseline
1777618759.287924,0.18948888778686523,1307.0,baseline
1777618759.287945,0.18950986862182617,1308.0,baseline
1777618759.287967,0.18953180313110352,1308.0,baseline
1777618759.287988,0.18955278396606445,1308.0,baseline
1777618759.288009,0.1895737648010254,1307.0,baseline
1777618759.28803,0.18959474563598633,1308.0,baseline
1777618759.288052,0.18961691856384277,1306.0,baseline
1777618759.288086,0.1896507740020752,1304.0,baseline
1777618759.288108,0.18967294692993164,1305.0,baseline
1777618759.288129,0.18969392776489258,1303.0,baseline
1777618759.28815,0.18971490859985352,1304.0,baseline
1777618759.288172,0.18973684310913086,1305.0,baseline
1777618759.288193,0.1897578239440918,1306.0,baseline
1777618759.288214,0.18977880477905273,1308.0,baseline
1777618759.288235,0.18979978561401367,1307.0,baseline
1777618759.288256,0.1898207664489746,1306.0,baseline
1777618759.288278,0.18984293937683105,1307.0,baseline
1777618759.288299,0.189863920211792,1307.0,baseline
1777618759.28832,0.18988490104675293,1305.0,baseline
1777618759.288342,0.18990683555603027,1305.0,baseline
1777618759.288363,0.1899278163909912,1306.0,baseline
1777618759.28839,0.1899547576904297,1308.0,baseline
1777618759.2884128,0.18997764587402344,1305.0,baseline
1777618759.288435,0.18999981880187988,1305.0,baseline
1777618759.288456,0.19002079963684082,1306.0,baseline
1777618759.288477,0.19004178047180176,1307.0,baseline
1777618759.2884989,0.1900637149810791,1307.0,baseline
1777618759.2885199,0.19008469581604004,1308.0,baseline
1777618759.288542,0.19010686874389648,1306.0,baseline
1777618759.288563,0.19012784957885742,1304.0,baseline
1777618759.288584,0.19014883041381836,1309.0,baseline
1777618759.288605,0.1901698112487793,1308.0,baseline
1777618759.288627,0.19019174575805664,1306.0,baseline
1777618759.288648,0.19021272659301758,1305.0,baseline
1777618759.2886689,0.19023370742797852,1306.0,baseline
1777618759.2886899,0.19025468826293945,1307.0,baseline
1777618759.288712,0.1902768611907959,1306.0,baseline
1777618759.288733,0.19029784202575684,1306.0,baseline
1777618759.288754,0.19031882286071777,1306.0,baseline
1777618759.288776,0.19034075736999512,1306.0,baseline
1777618759.288797,0.19036173820495605,1306.0,baseline
1777618759.288818,0.190382719039917,1304.0,baseline
1777618759.2888398,0.19040465354919434,1309.0,baseline
1777618759.288867,0.19043183326721191,1308.0,baseline
1777618759.2888901,0.19045495986938477,1305.0,baseline
1777618759.288911,0.1904759407043457,1300.0,baseline
1777618759.288933,0.19049787521362305,1304.0,baseline
1777618759.288954,0.19051885604858398,1306.0,baseline
1777618759.288975,0.19053983688354492,1308.0,baseline
1777618759.2889972,0.19056200981140137,1309.0,baseline
1777618759.2890182,0.1905829906463623,1307.0,baseline
1777618759.2890391,0.19060397148132324,1309.0,baseline
1777618759.289061,0.19062590599060059,1307.0,baseline
1777618759.289082,0.19064688682556152,1305.0,baseline
1777618759.289103,0.19066786766052246,1303.0,baseline
1777618759.289124,0.1906888484954834,1303.0,baseline
1777618759.2891462,0.19071102142333984,1307.0,baseline
1777618759.2891672,0.19073200225830078,1307.0,baseline
1777618759.289189,0.19075393676757812,1310.0,baseline
1777618759.28921,0.19077491760253906,1307.0,baseline
1777618759.2892318,0.1907966136932373,1307.0,baseline
1777618759.2892532,0.19081807136535645,1308.0,baseline
1777618759.2892742,0.19083905220031738,1307.0,baseline
1777618759.289296,0.19086074829101562,1308.0,baseline
1777618759.2893171,0.19088196754455566,1308.0,baseline
1777618759.289346,0.19091081619262695,1307.0,baseline
1777618759.28937,0.1909348964691162,1308.0,baseline
1777618759.289393,0.19095778465270996,1308.0,baseline
1777618759.2894158,0.1909806728363037,1305.0,baseline
1777618759.289439,0.19100379943847656,1302.0,baseline
1777618759.289462,0.19102692604064941,1305.0,baseline
1777618759.289484,0.19104886054992676,1309.0,baseline
1777618759.289505,0.1910698413848877,1308.0,baseline
1777618759.289526,0.19109082221984863,1306.0,baseline
1777618759.289548,0.19111275672912598,1306.0,baseline
1777618759.2895691,0.19113397598266602,1304.0,baseline
1777618759.289591,0.19115591049194336,1304.0,baseline
1777618759.289612,0.1911768913269043,1308.0,baseline
1777618759.289633,0.19119787216186523,1304.0,baseline
1777618759.289654,0.19121885299682617,1303.0,baseline
1777618759.289676,0.19124078750610352,1303.0,baseline
1777618759.289697,0.19126176834106445,1306.0,baseline
1777618759.289718,0.1912827491760254,1308.0,baseline
1777618759.28974,0.19130492210388184,1307.0,baseline
1777618759.289761,0.19132590293884277,1307.0,baseline
1777618759.289782,0.1913468837738037,1312.0,baseline
1777618759.289804,0.19136881828308105,1313.0,baseline
1777618759.289825,0.191389799118042,1309.0,baseline
1777618759.2898529,0.19141769409179688,1307.0,baseline
1777618759.289875,0.19143986701965332,1309.0,baseline
1777618759.289897,0.19146180152893066,1303.0,baseline
1777618759.289918,0.1914827823638916,1312.0,baseline
1777618759.289939,0.19150376319885254,1304.0,baseline
1777618759.28996,0.19152474403381348,1300.0,baseline
1777618759.2899818,0.19154667854309082,1308.0,baseline
1777618759.290003,0.19156789779663086,1309.0,baseline
1777618759.290024,0.1915888786315918,1308.0,baseline
1777618759.290046,0.19161081314086914,1309.0,baseline
1777618759.290067,0.19163179397583008,1307.0,baseline
1777618759.290089,0.19165372848510742,1305.0,baseline
1777618759.2901099,0.19167470932006836,1302.0,baseline
1777618759.2901309,0.1916956901550293,1304.0,baseline
1777618759.2901518,0.19171667098999023,1310.0,baseline
1777618759.290174,0.19173884391784668,1311.0,baseline
1777618759.290195,0.19175982475280762,1311.0,baseline
1777618759.290216,0.19178080558776855,1311.0,baseline
1777618759.290238,0.1918027400970459,1307.0,baseline
1777618759.290259,0.19182372093200684,1307.0,baseline
1777618759.2902799,0.19184470176696777,1300.0,baseline
1777618759.290302,0.19186687469482422,1298.0,baseline
1777618759.290329,0.1918938159942627,1304.0,baseline
1777618759.290352,0.19191694259643555,1301.0,baseline
1777618759.290373,0.19193792343139648,1303.0,baseline
1777618759.2903948,0.19195961952209473,1302.0,baseline
1777618759.2904162,0.19198107719421387,1302.0,baseline
1777618759.2904372,0.1920020580291748,1302.0,baseline
1777618759.290459,0.19202375411987305,1305.0,baseline
1777618759.2904801,0.19204497337341309,1305.0,baseline
1777618759.290504,0.19206881523132324,1302.0,baseline
1777618759.290526,0.19209074974060059,1304.0,baseline
1777618759.290547,0.19211173057556152,1304.0,baseline
1777618759.2905679,0.19213271141052246,1308.0,baseline
1777618759.2905889,0.1921536922454834,1309.0,baseline
1777618759.290611,0.19217586517333984,1310.0,baseline
1777618759.290632,0.19219684600830078,1306.0,baseline
1777618759.290653,0.19221782684326172,1305.0,baseline
1777618759.290675,0.19223976135253906,1305.0,baseline
1777618759.290696,0.1922607421875,1307.0,baseline
1777618759.290717,0.19228172302246094,1306.0,baseline
1777618759.290739,0.19230389595031738,1305.0,baseline
1777618759.29076,0.19232487678527832,1306.0,baseline
1777618759.290781,0.19234585762023926,1308.0,baseline
1777618759.290808,0.19237279891967773,1307.0,baseline
1777618759.290831,0.19239592552185059,1310.0,baseline
1777618759.290852,0.19241690635681152,1307.0,baseline
1777618759.290874,0.19243884086608887,1303.0,baseline
1777618759.290895,0.1924598217010498,1303.0,baseline
1777618759.2909162,0.19248104095458984,1308.0,baseline
1777618759.2909381,0.1925029754638672,1309.0,baseline
1777618759.2909591,0.19252395629882812,1307.0,baseline
1777618759.29098,0.19254493713378906,1305.0,baseline
1777618759.291002,0.1925668716430664,1308.0,baseline
1777618759.291023,0.19258785247802734,1307.0,baseline
1777618759.291044,0.19260883331298828,1302.0,baseline
1777618759.291065,0.19262981414794922,1302.0,baseline
1777618759.2910862,0.19265103340148926,1304.0,baseline
1777618759.2911081,0.1926729679107666,1305.0,baseline
1777618759.291129,0.19269394874572754,1308.0,baseline
1777618759.29115,0.19271492958068848,1308.0,baseline
1777618759.291172,0.19273686408996582,1305.0,baseline
1777618759.291193,0.19275784492492676,1304.0,baseline
1777618759.291214,0.1927788257598877,1302.0,baseline
1777618759.291235,0.19279980659484863,1303.0,baseline
1777618759.2912571,0.19282197952270508,1305.0,baseline
1777618759.291284,0.19284892082214355,1307.0,baseline
1777618759.291308,0.1928727626800537,1307.0,baseline
1777618759.29134,0.19290494918823242,1307.0,baseline
1777618759.291362,0.19292688369750977,1306.0,baseline
1777618759.291383,0.1929478645324707,1305.0,baseline
1777618759.291405,0.19296979904174805,1303.0,baseline
1777618759.291426,0.19299077987670898,1301.0,baseline
1777618759.291447,0.19301176071166992,1299.0,baseline
1777618759.291469,0.19303393363952637,1290.0,baseline
1777618759.29149,0.1930549144744873,1311.0,baseline
1777618759.291511,0.19307589530944824,1304.0,baseline
1777618759.291533,0.19309782981872559,1307.0,baseline
1777618759.291554,0.19311881065368652,1325.0,baseline
1777618759.291575,0.19313979148864746,1328.0,baseline
1777618759.2915971,0.1931619644165039,1344.0,baseline
1777618759.291618,0.19318294525146484,1318.0,baseline
1777618759.29164,0.1932048797607422,1302.0,baseline
1777618759.291661,0.19322586059570312,1298.0,baseline
1777618759.291682,0.19324684143066406,1295.0,baseline
1777618759.291703,0.193267822265625,1299.0,baseline
1777618759.2917252,0.19328999519348145,1298.0,baseline
1777618759.2917461,0.19331097602844238,1303.0,baseline
1777618759.2917671,0.19333195686340332,1303.0,baseline
1777618759.291796,0.1933608055114746,1295.0,baseline
1777618759.291818,0.19338274002075195,1287.0,baseline
1777618759.291839,0.1934037208557129,1295.0,baseline
1777618759.2918599,0.19342470169067383,1305.0,baseline
1777618759.291882,0.19344687461853027,1313.0,baseline
1777618759.291906,0.19347095489501953,1299.0,baseline
1777618759.291927,0.19349193572998047,1286.0,baseline
1777618759.291949,0.1935138702392578,1343.0,baseline
1777618759.29197,0.19353485107421875,1326.0,baseline
1777618759.291991,0.1935558319091797,1300.0,baseline
1777618759.292012,0.19357681274414062,1330.0,baseline
1777618759.2920341,0.19359898567199707,1350.0,baseline
1777618759.2920551,0.193619966506958,1331.0,baseline
1777618759.292077,0.19364190101623535,1299.0,baseline
1777618759.292098,0.1936628818511963,1348.0,baseline
1777618759.29212,0.19368481636047363,1346.0,baseline
1777618759.292141,0.19370579719543457,1319.0,baseline
1777618759.2921631,0.19372797012329102,1293.0,baseline
1777618759.292184,0.19374895095825195,1299.0,baseline
1777618759.292206,0.1937708854675293,1307.0,baseline
1777618759.292227,0.19379186630249023,1312.0,baseline
1777618759.292248,0.19381284713745117,1290.0,baseline
1777618759.2922728,0.19383764266967773,1343.0,baseline
1777618759.292297,0.193861722946167,1362.0,baseline
1777618759.2923179,0.19388270378112793,1319.0,baseline
1777618759.2923388,0.19390368461608887,1294.0,baseline
1777618759.292361,0.1939258575439453,1290.0,baseline
1777618759.292382,0.19394683837890625,1283.0,baseline
1777618759.292404,0.1939687728881836,1288.0,baseline
1777618759.292425,0.19398975372314453,1287.0,baseline
1777618759.292446,0.19401073455810547,1279.0,baseline
1777618759.292468,0.19403290748596191,1275.0,baseline
1777618759.292489,0.19405388832092285,1334.0,baseline
1777618759.29251,0.1940748691558838,1329.0,baseline
1777618759.292531,0.19409584999084473,1322.0,baseline
1777618759.292553,0.19411778450012207,1323.0,baseline
1777618759.292574,0.194138765335083,1365.0,baseline
1777618759.292595,0.19415974617004395,1326.0,baseline
1777618759.292616,0.19418072700500488,1282.0,baseline
1777618759.292638,0.19420289993286133,1259.0,baseline
1777618759.292659,0.19422388076782227,1323.0,baseline
1777618759.29268,0.1942448616027832,1507.0,baseline
1777618759.292701,0.19426584243774414,1438.0,baseline
1777618759.292723,0.19428777694702148,1369.0,baseline
1777618759.2927501,0.19431495666503906,1347.0,baseline
1777618759.292774,0.19433879852294922,1217.0,baseline
1777618759.292796,0.19436073303222656,1206.0,baseline
1777618759.2928169,0.1943817138671875,1269.0,baseline
1777618759.2928379,0.19440269470214844,1286.0,baseline
1777618759.2928598,0.19442462921142578,1292.0,baseline
1777618759.292881,0.19444584846496582,1294.0,baseline
1777618759.292902,0.19446682929992676,1301.0,baseline
1777618759.292924,0.1944887638092041,1305.0,baseline
1777618759.292945,0.19450974464416504,1305.0,baseline
1777618759.292966,0.19453072547912598,1310.0,baseline
1777618759.2929878,0.19455265998840332,1308.0,baseline
1777618759.2930088,0.19457364082336426,1309.0,baseline
1777618759.293031,0.1945958137512207,1305.0,baseline
1777618759.293052,0.19461679458618164,1307.0,baseline
1777618759.293073,0.19463777542114258,1310.0,baseline
1777618759.293094,0.19465875625610352,1301.0,baseline
1777618759.2931159,0.19468069076538086,1308.0,baseline
1777618759.2931368,0.1947016716003418,1312.0,baseline
1777618759.293159,0.19472384452819824,1312.0,baseline
1777618759.29318,0.19474482536315918,1310.0,baseline
1777618759.293201,0.19476580619812012,1310.0,baseline
1777618759.293229,0.1947939395904541,1310.0,baseline
1777618759.2932532,0.19481801986694336,1309.0,baseline
1777618759.2932742,0.1948390007019043,1310.0,baseline
1777618759.293296,0.19486093521118164,1311.0,baseline
1777618759.293317,0.19488191604614258,1312.0,baseline
1777618759.2933388,0.19490361213684082,1319.0,baseline
1777618759.2933602,0.19492506980895996,1319.0,baseline
1777618759.2933812,0.1949460506439209,1326.0,baseline
1777618759.293408,0.19497275352478027,1309.0,baseline
1777618759.29343,0.19499492645263672,1300.0,baseline
1777618759.293451,0.19501590728759766,1301.0,baseline
1777618759.293472,0.1950368881225586,1305.0,baseline
1777618759.293493,0.19505786895751953,1307.0,baseline
1777618759.293515,0.19507980346679688,1313.0,baseline
1777618759.293536,0.1951007843017578,1312.0,baseline
1777618759.293557,0.19512176513671875,1315.0,baseline
1777618759.293579,0.1951439380645752,1313.0,baseline
1777618759.2936,0.19516491889953613,1309.0,baseline
1777618759.293621,0.19518589973449707,1303.0,baseline
1777618759.293642,0.195206880569458,1305.0,baseline
1777618759.293663,0.19522786140441895,1314.0,baseline
1777618759.293685,0.1952497959136963,1318.0,baseline
1777618759.293706,0.19527077674865723,1328.0,baseline
1777618759.2937331,0.1952979564666748,1297.0,baseline
1777618759.293758,0.19532275199890137,1288.0,baseline
1777618759.2937799,0.1953446865081787,1285.0,baseline
1777618759.293801,0.19536590576171875,1291.0,baseline
1777618759.293822,0.1953868865966797,1285.0,baseline
1777618759.293843,0.19540786743164062,1283.0,baseline
1777618759.293865,0.19542980194091797,1282.0,baseline
1777618759.293886,0.1954507827758789,1281.0,baseline
1777618759.293907,0.19547176361083984,1299.0,baseline
1777618759.2939289,0.1954936981201172,1315.0,baseline
1777618759.2939498,0.19551467895507812,1315.0,baseline
1777618759.2939782,0.1955430507659912,1312.0,baseline
1777618759.2940001,0.19556498527526855,1312.0,baseline
1777618759.2940211,0.1955859661102295,1313.0,baseline
1777618759.2940428,0.19560766220092773,1313.0,baseline
1777618759.294064,0.19562888145446777,1310.0,baseline
1777618759.294085,0.1956498622894287,1304.0,baseline
1777618759.294106,0.19567084312438965,1307.0,baseline
1777618759.2941282,0.1956930160522461,1305.0,baseline
1777618759.2941492,0.19571399688720703,1309.0,baseline
1777618759.2941709,0.19573569297790527,1310.0,baseline
1777618759.294192,0.1957569122314453,1311.0,baseline
1777618759.294219,0.1957838535308838,1311.0,baseline
1777618759.294243,0.19580793380737305,1311.0,baseline
1777618759.294265,0.1958298683166504,1309.0,baseline
1777618759.294286,0.19585084915161133,1312.0,baseline
1777618759.294307,0.19587182998657227,1313.0,baseline
1777618759.294328,0.1958928108215332,1312.0,baseline
1777618759.294349,0.19591379165649414,1309.0,baseline
1777618759.29437,0.19593477249145508,1311.0,baseline
1777618759.294392,0.19595694541931152,1308.0,baseline
1777618759.294413,0.19597792625427246,1310.0,baseline
1777618759.294434,0.1959989070892334,1308.0,baseline
1777618759.294455,0.19601988792419434,1309.0,baseline
1777618759.294477,0.19604182243347168,1311.0,baseline
1777618759.294498,0.19606280326843262,1310.0,baseline
1777618759.294519,0.19608378410339355,1309.0,baseline
1777618759.29454,0.1961047649383545,1307.0,baseline
1777618759.294562,0.19612693786621094,1308.0,baseline
1777618759.294592,0.19615674018859863,1310.0,baseline
1777618759.294614,0.19617891311645508,1311.0,baseline
1777618759.294635,0.19619989395141602,1311.0,baseline
1777618759.294657,0.19622182846069336,1311.0,baseline
1777618759.294678,0.1962428092956543,1309.0,baseline
1777618759.294705,0.19626975059509277,1309.0,baseline
1777618759.294729,0.19629383087158203,1309.0,baseline
1777618759.29475,0.19631481170654297,1310.0,baseline
1777618759.294772,0.1963367462158203,1310.0,baseline
1777618759.294793,0.19635772705078125,1311.0,baseline
1777618759.2948139,0.1963787078857422,1308.0,baseline
1777618759.2948349,0.19639968872070312,1309.0,baseline
1777618759.294857,0.19642186164855957,1310.0,baseline
1777618759.294878,0.1964428424835205,1309.0,baseline
1777618759.2949,0.19646477699279785,1311.0,baseline
1777618759.294921,0.1964857578277588,1310.0,baseline
1777618759.294942,0.19650673866271973,1308.0,baseline
1777618759.294963,0.19652771949768066,1308.0,baseline
1777618759.294985,0.1965498924255371,1311.0,baseline
1777618759.295006,0.19657087326049805,1314.0,baseline
1777618759.295027,0.19659185409545898,1309.0,baseline
1777618759.295048,0.19661283493041992,1310.0,baseline
1777618759.29507,0.19663476943969727,1311.0,baseline
1777618759.295091,0.1966557502746582,1312.0,baseline
1777618759.295112,0.19667673110961914,1311.0,baseline
1777618759.2951329,0.19669771194458008,1310.0,baseline
1777618759.295157,0.19672179222106934,1311.0,baseline
1777618759.295178,0.19674277305603027,1311.0,baseline
1777618759.2952058,0.19677066802978516,1308.0,baseline
1777618759.29523,0.19679474830627441,1308.0,baseline
1777618759.295251,0.19681572914123535,1309.0,baseline
1777618759.295273,0.1968379020690918,1308.0,baseline
1777618759.295294,0.19685888290405273,1308.0,baseline
1777618759.295315,0.19687986373901367,1307.0,baseline
1777618759.295337,0.19690179824829102,1309.0,baseline
1777618759.295358,0.19692277908325195,1311.0,baseline
1777618759.295379,0.1969437599182129,1311.0,baseline
1777618759.2954009,0.19696569442749023,1309.0,baseline
1777618759.2954218,0.19698667526245117,1309.0,baseline
1777618759.295443,0.1970078945159912,1312.0,baseline
1777618759.295465,0.19702982902526855,1309.0,baseline
1777618759.295486,0.1970508098602295,1308.0,baseline
1777618759.295507,0.19707179069519043,1308.0,baseline
1777618759.295529,0.19709372520446777,1310.0,baseline
1777618759.2955499,0.1971147060394287,1311.0,baseline
1777618759.2955709,0.19713568687438965,1310.0,baseline
1777618759.295593,0.1971578598022461,1308.0,baseline
1777618759.295614,0.19717884063720703,1309.0,baseline
1777618759.295638,0.1972029209136963,1308.0,baseline
1777618759.295659,0.19722390174865723,1306.0,baseline
1777618759.295686,0.1972508430480957,1309.0,baseline
1777618759.295711,0.19727587699890137,1311.0,baseline
1777618759.295732,0.1972968578338623,1312.0,baseline
1777618759.295753,0.19731783866882324,1310.0,baseline
1777618759.295775,0.19733977317810059,1307.0,baseline
1777618759.295796,0.19736075401306152,1309.0,baseline
1777618759.295817,0.19738173484802246,1309.0,baseline
1777618759.2958379,0.1974027156829834,1308.0,baseline
1777618759.29586,0.19742488861083984,1303.0,baseline
1777618759.295881,0.19744586944580078,1309.0,baseline
1777618759.295902,0.19746685028076172,1305.0,baseline
1777618759.295924,0.19748878479003906,1308.0,baseline
1777618759.295945,0.197509765625,1305.0,baseline
1777618759.295966,0.19753074645996094,1305.0,baseline
1777618759.295988,0.19755291938781738,1302.0,baseline
1777618759.296009,0.19757390022277832,1303.0,baseline
1777618759.29603,0.19759488105773926,1305.0,baseline
1777618759.296052,0.1976168155670166,1305.0,baseline
1777618759.296073,0.19763779640197754,1307.0,baseline
1777618759.296094,0.19765877723693848,1310.0,baseline
1777618759.2961159,0.19768071174621582,1310.0,baseline
1777618759.2961369,0.19770169258117676,1309.0,baseline
1777618759.2961578,0.1977226734161377,1314.0,baseline
1777618759.2961862,0.19775104522705078,1314.0,baseline
1777618759.296211,0.19777584075927734,1315.0,baseline
1777618759.296232,0.19779682159423828,1313.0,baseline
1777618759.296253,0.19781780242919922,1315.0,baseline
1777618759.296275,0.19783973693847656,1314.0,baseline
1777618759.296296,0.1978607177734375,1312.0,baseline
1777618759.2963169,0.19788169860839844,1313.0,baseline
1777618759.296339,0.19790387153625488,1313.0,baseline
1777618759.29636,0.19792485237121582,1312.0,baseline
1777618759.296381,0.19794583320617676,1313.0,baseline
1777618759.296403,0.1979677677154541,1311.0,baseline
1777618759.296424,0.19798874855041504,1313.0,baseline
1777618759.296445,0.19800972938537598,1311.0,baseline
1777618759.2964668,0.19803166389465332,1311.0,baseline
1777618759.296488,0.19805288314819336,1308.0,baseline
1777618759.296509,0.1980738639831543,1311.0,baseline
1777618759.296531,0.19809579849243164,1310.0,baseline
1777618759.296552,0.19811677932739258,1312.0,baseline
1777618759.296573,0.19813776016235352,1311.0,baseline
1777618759.2965949,0.19815969467163086,1312.0,baseline
1777618759.2966158,0.1981806755065918,1310.0,baseline
1777618759.2966368,0.19820165634155273,1311.0,baseline
1777618759.296664,0.1982288360595703,1312.0,baseline
1777618759.2966888,0.19825363159179688,1311.0,baseline
1777618759.2967098,0.1982746124267578,1310.0,baseline
1777618759.296732,0.19829678535461426,1307.0,baseline
1777618759.296753,0.1983177661895752,1307.0,baseline
1777618759.2967749,0.19833970069885254,1310.0,baseline
1777618759.2967958,0.19836068153381348,1312.0,baseline
1777618759.2968168,0.19838166236877441,1312.0,baseline
1777618759.296839,0.19840383529663086,1312.0,baseline
1777618759.29686,0.1984248161315918,1312.0,baseline
1777618759.296882,0.19844675064086914,1313.0,baseline
1777618759.296903,0.19846773147583008,1310.0,baseline
1777618759.2969239,0.19848871231079102,1314.0,baseline
1777618759.2969458,0.19851064682006836,1314.0,baseline
1777618759.296967,0.1985318660736084,1311.0,baseline
1777618759.296989,0.19855380058288574,1308.0,baseline
1777618759.29701,0.19857478141784668,1309.0,baseline
1777618759.297031,0.19859576225280762,1312.0,baseline
1777618759.2970529,0.19861769676208496,1310.0,baseline
1777618759.2970738,0.1986386775970459,1311.0,baseline
1777618759.297096,0.19866085052490234,1308.0,baseline
1777618759.297117,0.19868183135986328,1310.0,baseline
1777618759.297138,0.19870281219482422,1312.0,baseline
1777618759.2971652,0.1987299919128418,1312.0,baseline
1777618759.29719,0.19875478744506836,1311.0,baseline
1777618759.297211,0.1987757682800293,1311.0,baseline
1777618759.297232,0.19879674911499023,1312.0,baseline
1777618759.2972538,0.19881868362426758,1307.0,baseline
1777618759.2972748,0.19883966445922852,1312.0,baseline
1777618759.2972958,0.19886064529418945,1311.0,baseline
1777618759.297317,0.1988818645477295,1310.0,baseline
1777618759.297339,0.19890379905700684,1310.0,baseline
1777618759.29736,0.19892477989196777,1313.0,baseline
1777618759.2973819,0.19894671440124512,1314.0,baseline
1777618759.2974029,0.19896769523620605,1313.0,baseline
1777618759.2974238,0.198988676071167,1313.0,baseline
1777618759.2974458,0.19901061058044434,1314.0,baseline
1777618759.297467,0.19903182983398438,1314.0,baseline
1777618759.297488,0.1990528106689453,1311.0,baseline
1777618759.29751,0.19907474517822266,1313.0,baseline
1777618759.297531,0.1990957260131836,1315.0,baseline
1777618759.2975519,0.19911670684814453,1311.0,baseline
1777618759.297573,0.19913792610168457,1312.0,baseline
1777618759.2975948,0.1991596221923828,1312.0,baseline
1777618759.2976158,0.19918060302734375,1315.0,baseline
1777618759.297643,0.19920778274536133,1314.0,baseline
1777618759.297666,0.19923090934753418,1314.0,baseline
1777618759.297688,0.19925284385681152,1315.0,baseline
1777618759.297709,0.19927382469177246,1314.0,baseline
1777618759.29773,0.1992948055267334,1312.0,baseline
1777618759.297751,0.19931578636169434,1311.0,baseline
1777618759.2977731,0.19933795928955078,1314.0,baseline
1777618759.297794,0.19935894012451172,1313.0,baseline
1777618759.297815,0.19937992095947266,1318.0,baseline
1777618759.2978501,0.19941496849060059,1316.0,baseline
1777618759.2978718,0.19943666458129883,1315.0,baseline
1777618759.297894,0.19945883750915527,1317.0,baseline
1777618759.297915,0.1994798183441162,1317.0,baseline
1777618759.297936,0.19950079917907715,1314.0,baseline
1777618759.297958,0.1995227336883545,1315.0,baseline
1777618759.2979789,0.19954371452331543,1315.0,baseline
1777618759.2979999,0.19956469535827637,1313.0,baseline
1777618759.2980218,0.1995866298675537,1314.0,baseline
1777618759.2980428,0.19960761070251465,1313.0,baseline
1777618759.298065,0.1996297836303711,1313.0,baseline
1777618759.298086,0.19965076446533203,1316.0,baseline
1777618759.298107,0.19967174530029297,1314.0,baseline
1777618759.298134,0.19969892501831055,1316.0,baseline
1777618759.2981582,0.1997230052947998,1316.0,baseline
1777618759.2981791,0.19974398612976074,1314.0,baseline
1777618759.298201,0.19976592063903809,1315.0,baseline
1777618759.298222,0.19978690147399902,1313.0,baseline
1777618759.298243,0.19980788230895996,1315.0,baseline
1777618759.298265,0.1998298168182373,1316.0,baseline
1777618759.298286,0.19985079765319824,1316.0,baseline
1777618759.2983081,0.1998729705810547,1315.0,baseline
1777618759.298329,0.19989395141601562,1314.0,baseline
1777618759.29835,0.19991493225097656,1316.0,baseline
1777618759.298372,0.1999368667602539,1319.0,baseline
1777618759.298393,0.19995784759521484,1321.0,baseline
1777618759.298414,0.19997882843017578,1318.0,baseline
1777618759.2984362,0.20000100135803223,1317.0,baseline
1777618759.2984571,0.20002198219299316,1316.0,baseline
1777618759.298479,0.2000439167022705,1315.0,baseline
1777618759.2985,0.20006489753723145,1316.0,baseline
1777618759.298521,0.20008587837219238,1314.0,baseline
1777618759.298542,0.20010685920715332,1315.0,baseline
1777618759.2985642,0.20012903213500977,1315.0,baseline
1777618759.2985852,0.2001500129699707,1316.0,baseline
1777618759.298607,0.20017194747924805,1315.0,baseline
1777618759.298634,0.20019888877868652,1317.0,baseline
1777618759.2986581,0.20022296905517578,1316.0,baseline
1777618759.298679,0.20024394989013672,1319.0,baseline
1777618759.298701,0.20026588439941406,1321.0,baseline
1777618759.298722,0.200286865234375,1316.0,baseline
1777618759.298743,0.20030784606933594,1315.0,baseline
1777618759.298765,0.20032978057861328,1314.0,baseline
1777618759.2987862,0.20035099983215332,1318.0,baseline
1777618759.298808,0.20037293434143066,1318.0,baseline
1777618759.298829,0.2003939151763916,1317.0,baseline
1777618759.29885,0.20041489601135254,1321.0,baseline
1777618759.298872,0.20043683052062988,1320.0,baseline
1777618759.298893,0.20045781135559082,1317.0,baseline
1777618759.298914,0.20047879219055176,1316.0,baseline
1777618759.2989361,0.2005009651184082,1315.0,baseline
1777618759.298957,0.20052194595336914,1314.0,baseline
1777618759.298978,0.20054292678833008,1317.0,baseline
1777618759.299,0.20056486129760742,1321.0,baseline
1777618759.299021,0.20058584213256836,1322.0,baseline
1777618759.299042,0.2006068229675293,1323.0,baseline
1777618759.2990642,0.20062899589538574,1323.0,baseline
1777618759.2990851,0.20064997673034668,1324.0,baseline
1777618759.2991118,0.20067667961120605,1324.0,baseline
1777618759.299138,0.20070290565490723,1322.0,baseline
1777618759.299159,0.20072388648986816,1322.0,baseline
1777618759.29918,0.2007448673248291,1319.0,baseline
1777618759.299201,0.20076584815979004,1322.0,baseline
1777618759.299223,0.20078778266906738,1317.0,baseline
1777618759.299244,0.20080876350402832,1319.0,baseline
1777618759.299266,0.20083093643188477,1320.0,baseline
1777618759.299287,0.2008519172668457,1321.0,baseline
1777618759.299308,0.20087289810180664,1323.0,baseline
1777618759.29933,0.20089483261108398,1320.0,baseline
1777618759.299354,0.20091891288757324,1321.0,baseline
1777618759.299377,0.200941801071167,1318.0,baseline
1777618759.2993999,0.20096468925476074,1319.0,baseline
1777618759.299432,0.20099687576293945,1315.0,baseline
1777618759.299455,0.2010197639465332,1320.0,baseline
1777618759.299476,0.20104074478149414,1320.0,baseline
1777618759.299498,0.20106291770935059,1320.0,baseline
1777618759.29952,0.20108485221862793,1325.0,baseline
1777618759.299541,0.20110583305358887,1325.0,baseline
1777618759.299563,0.2011277675628662,1325.0,baseline
1777618759.299584,0.20114874839782715,1322.0,baseline
1777618759.2996109,0.20117568969726562,1322.0,baseline
1777618759.299636,0.2012007236480713,1321.0,baseline
1777618759.299658,0.20122289657592773,1322.0,baseline
1777618759.299679,0.20124387741088867,1326.0,baseline
1777618759.2997,0.2012648582458496,1323.0,baseline
1777618759.299721,0.20128583908081055,1322.0,baseline
1777618759.299743,0.2013077735900879,1321.0,baseline
1777618759.299764,0.20132875442504883,1325.0,baseline
1777618759.299785,0.20134973526000977,1327.0,baseline
1777618759.299807,0.2013719081878662,1328.0,baseline
1777618759.299828,0.20139288902282715,1327.0,baseline
1777618759.299849,0.20141386985778809,1325.0,baseline
1777618759.299871,0.20143580436706543,1326.0,baseline
1777618759.299892,0.20145678520202637,1324.0,baseline
1777618759.299913,0.2014777660369873,1324.0,baseline
1777618759.2999349,0.20149970054626465,1325.0,baseline
1777618759.299956,0.2015209197998047,1323.0,baseline
1777618759.299977,0.20154190063476562,1325.0,baseline
1777618759.299999,0.20156383514404297,1323.0,baseline
1777618759.30002,0.2015848159790039,1327.0,baseline
1777618759.300041,0.20160579681396484,1323.0,baseline
1777618759.300063,0.2016277313232422,1326.0,baseline
1777618759.3000839,0.20164871215820312,1327.0,baseline
1777618759.3001118,0.201676607131958,1323.0,baseline
1777618759.3001359,0.20170068740844727,1321.0,baseline
1777618759.3001568,0.2017216682434082,1324.0,baseline
1777618759.300179,0.20174384117126465,1327.0,baseline
1777618759.3002,0.20176482200622559,1327.0,baseline
1777618759.300222,0.20178675651550293,1330.0,baseline
1777618759.300243,0.20180773735046387,1330.0,baseline
1777618759.300265,0.2018299102783203,1328.0,baseline
1777618759.300286,0.20185089111328125,1328.0,baseline
1777618759.300308,0.2018728256225586,1329.0,baseline
1777618759.300329,0.20189380645751953,1329.0,baseline
1777618759.30035,0.20191478729248047,1326.0,baseline
1777618759.300372,0.2019367218017578,1327.0,baseline
1777618759.3003929,0.20195770263671875,1326.0,baseline
1777618759.300415,0.2019798755645752,1326.0,baseline
1777618759.300436,0.20200085639953613,1328.0,baseline
1777618759.300457,0.20202183723449707,1327.0,baseline
1777618759.300479,0.20204377174377441,1331.0,baseline
1777618759.3005,0.20206475257873535,1328.0,baseline
1777618759.300522,0.2020869255065918,1330.0,baseline
1777618759.300543,0.20210790634155273,1328.0,baseline
1777618759.300564,0.20212888717651367,1327.0,baseline
1777618759.300589,0.20215392112731934,1323.0,baseline
1777618759.3006132,0.2021780014038086,1328.0,baseline
1777618759.3006341,0.20219898223876953,1328.0,baseline
1777618759.300656,0.20222091674804688,1328.0,baseline
1777618759.3006778,0.20224261283874512,1331.0,baseline
1777618759.300699,0.20226383209228516,1328.0,baseline
1777618759.3007202,0.2022850513458252,1328.0,baseline
1777618759.300742,0.20230674743652344,1329.0,baseline
1777618759.300763,0.20232772827148438,1328.0,baseline
1777618759.3007848,0.20234966278076172,1326.0,baseline
1777618759.3008058,0.20237064361572266,1327.0,baseline
1777618759.3008268,0.2023916244506836,1330.0,baseline
1777618759.300849,0.20241379737854004,1330.0,baseline
1777618759.300871,0.20243573188781738,1331.0,baseline
1777618759.3008919,0.20245671272277832,1328.0,baseline
1777618759.3009129,0.20247769355773926,1329.0,baseline
1777618759.300935,0.2024998664855957,1333.0,baseline
1777618759.300956,0.20252084732055664,1328.0,baseline
1777618759.300978,0.20254278182983398,1330.0,baseline
1777618759.300999,0.20256376266479492,1329.0,baseline
1777618759.3010209,0.20258569717407227,1328.0,baseline
1777618759.3010418,0.2026066780090332,1330.0,baseline
1777618759.301066,0.20263075828552246,1330.0,baseline
1777618759.301091,0.20265579223632812,1329.0,baseline
1777618759.301122,0.20268678665161133,1331.0,baseline
1777618759.3011441,0.20270895957946777,1335.0,baseline
1777618759.301166,0.20273089408874512,1343.0,baseline
1777618759.301187,0.20275187492370605,1352.0,baseline
1777618759.301209,0.2027738094329834,1352.0,baseline
1777618759.3012302,0.20279502868652344,1349.0,baseline
1777618759.3012521,0.20281696319580078,1351.0,baseline
1777618759.301273,0.20283794403076172,1352.0,baseline
1777618759.301295,0.20285987854003906,1350.0,baseline
1777618759.3013172,0.2028820514678955,1351.0,baseline
1777618759.3013382,0.20290303230285645,1350.0,baseline
1777618759.3013592,0.20292401313781738,1352.0,baseline
1777618759.301381,0.20294594764709473,1354.0,baseline
1777618759.301402,0.20296692848205566,1353.0,baseline
1777618759.301424,0.202988862991333,1353.0,baseline
1777618759.301445,0.20300984382629395,1353.0,baseline
1777618759.301467,0.2030317783355713,1349.0,baseline
1777618759.3014882,0.20305299758911133,1353.0,baseline
1777618759.3015099,0.20307469367980957,1348.0,baseline
1777618759.3015308,0.2030956745147705,1350.0,baseline
1777618759.3015559,0.20312070846557617,1350.0,baseline
1777618759.301579,0.20314383506774902,1350.0,baseline
1777618759.301601,0.20316576957702637,1353.0,baseline
1777618759.301622,0.2031867504119873,1356.0,baseline
1777618759.301643,0.20320773124694824,1355.0,baseline
1777618759.301665,0.2032299041748047,1356.0,baseline
1777618759.301686,0.20325088500976562,1355.0,baseline
1777618759.301707,0.20327186584472656,1353.0,baseline
1777618759.301729,0.2032938003540039,1351.0,baseline
1777618759.30175,0.20331478118896484,1349.0,baseline
1777618759.301772,0.2033369541168213,1350.0,baseline
1777618759.301793,0.20335793495178223,1349.0,baseline
1777618759.301814,0.20337891578674316,1350.0,baseline
1777618759.301837,0.20340180397033691,1351.0,baseline
1777618759.3018591,0.20342397689819336,1355.0,baseline
1777618759.301881,0.2034459114074707,1356.0,baseline
1777618759.301902,0.20346689224243164,1356.0,baseline
1777618759.301924,0.20348882675170898,1354.0,baseline
1777618759.301945,0.20350980758666992,1357.0,baseline
1777618759.3019671,0.20353198051452637,1354.0,baseline
1777618759.3019881,0.2035529613494873,1338.0,baseline
1777618759.302009,0.20357394218444824,1332.0,baseline
1777618759.302033,0.2035977840423584,1334.0,baseline
1777618759.302057,0.20362186431884766,1335.0,baseline
1777618759.302078,0.2036428451538086,1347.0,baseline
1777618759.3021,0.20366477966308594,1356.0,baseline
1777618759.302121,0.20368576049804688,1357.0,baseline
1777618759.302142,0.2037067413330078,1359.0,baseline
1777618759.302164,0.20372891426086426,1357.0,baseline
1777618759.302185,0.2037498950958252,1353.0,baseline
1777618759.302206,0.20377087593078613,1350.0,baseline
1777618759.302227,0.20379185676574707,1354.0,baseline
1777618759.302249,0.20381379127502441,1355.0,baseline
1777618759.30227,0.20383477210998535,1352.0,baseline
1777618759.302291,0.2038557529449463,1355.0,baseline
1777618759.3023129,0.20387768745422363,1356.0,baseline
1777618759.302334,0.20389890670776367,1356.0,baseline
1777618759.302355,0.2039198875427246,1351.0,baseline
1777618759.302377,0.20394182205200195,1354.0,baseline
1777618759.302398,0.2039628028869629,1351.0,baseline
1777618759.302419,0.20398378372192383,1352.0,baseline
1777618759.302441,0.20400571823120117,1351.0,baseline
1777618759.3024619,0.2040266990661621,1352.0,baseline
1777618759.3024828,0.20404767990112305,1349.0,baseline
1777618759.30251,0.20407485961914062,1352.0,baseline
1777618759.302536,0.2041008472442627,1351.0,baseline
1777618759.302557,0.20412182807922363,1354.0,baseline
1777618759.302578,0.20414280891418457,1354.0,baseline
1777618759.3026,0.20416474342346191,1352.0,baseline
1777618759.302621,0.20418572425842285,1350.0,baseline
1777618759.3026419,0.2042067050933838,1347.0,baseline
1777618759.302664,0.20422887802124023,1350.0,baseline
1777618759.302685,0.20424985885620117,1350.0,baseline
1777618759.302706,0.2042708396911621,1350.0,baseline
1777618759.302728,0.20429277420043945,1350.0,baseline
1777618759.302749,0.2043137550354004,1355.0,baseline
1777618759.30277,0.20433473587036133,1356.0,baseline
1777618759.3027918,0.20435667037963867,1353.0,baseline
1777618759.3028128,0.2043776512145996,1354.0,baseline
1777618759.302835,0.20439982414245605,1354.0,baseline
1777618759.302856,0.204420804977417,1353.0,baseline
1777618759.302877,0.20444178581237793,1356.0,baseline
1777618759.302898,0.20446276664733887,1355.0,baseline
1777618759.3029199,0.2044847011566162,1354.0,baseline
1777618759.3029408,0.20450568199157715,1353.0,baseline
1777618759.3029618,0.20452666282653809,1354.0,baseline
1777618759.302984,0.20454883575439453,1355.0,baseline
1777618759.3030112,0.2045760154724121,1355.0,baseline
1777618759.303033,0.20459794998168945,1356.0,baseline
1777618759.303054,0.2046189308166504,1356.0,baseline
1777618759.303076,0.20464086532592773,1354.0,baseline
1777618759.303097,0.20466184616088867,1356.0,baseline
1777618759.3031192,0.20468401908874512,1354.0,baseline
1777618759.3031402,0.20470499992370605,1358.0,baseline
1777618759.3031611,0.204725980758667,1354.0,baseline
1777618759.3031821,0.20474696159362793,1358.0,baseline
1777618759.303204,0.20476889610290527,1359.0,baseline
1777618759.303225,0.2047898769378662,1360.0,baseline
1777618759.303246,0.20481085777282715,1359.0,baseline
1777618759.3032682,0.2048330307006836,1356.0,baseline
1777618759.3032892,0.20485401153564453,1355.0,baseline
1777618759.3033102,0.20487499237060547,1355.0,baseline
1777618759.3033311,0.2048959732055664,1357.0,baseline
1777618759.303353,0.20491790771484375,1357.0,baseline
1777618759.303374,0.2049388885498047,1357.0,baseline
1777618759.303395,0.20495986938476562,1359.0,baseline
1777618759.303416,0.20498085021972656,1359.0,baseline
1777618759.3034382,0.205003023147583,1358.0,baseline
1777618759.3034592,0.20502400398254395,1355.0,baseline
1777618759.3034859,0.20505070686340332,1356.0,baseline
1777618759.3035111,0.20507597923278809,1358.0,baseline
1777618759.3035321,0.20509696006774902,1356.0,baseline
1777618759.303553,0.20511794090270996,1353.0,baseline
1777618759.303574,0.2051389217376709,1349.0,baseline
1777618759.303596,0.20516085624694824,1354.0,baseline
1777618759.303617,0.20518183708190918,1357.0,baseline
1777618759.303638,0.20520281791687012,1355.0,baseline
1777618759.303659,0.20522379875183105,1357.0,baseline
1777618759.3036811,0.2052459716796875,1361.0,baseline
1777618759.303702,0.20526695251464844,1361.0,baseline
1777618759.303723,0.20528793334960938,1358.0,baseline
1777618759.303744,0.2053089141845703,1357.0,baseline
1777618759.303766,0.20533084869384766,1359.0,baseline
1777618759.303787,0.2053518295288086,1356.0,baseline
1777618759.303808,0.20537281036376953,1361.0,baseline
1777618759.303829,0.20539379119873047,1358.0,baseline
1777618759.30385,0.2054147720336914,1361.0,baseline
1777618759.303872,0.20543694496154785,1360.0,baseline
1777618759.303893,0.2054579257965088,1357.0,baseline
1777618759.303915,0.20547986030578613,1355.0,baseline
1777618759.303936,0.20550084114074707,1358.0,baseline
1777618759.303963,0.20552778244018555,1356.0,baseline
1777618759.303987,0.2055518627166748,1358.0,baseline
1777618759.304008,0.20557284355163574,1357.0,baseline
1777618759.30403,0.20559477806091309,1357.0,baseline
1777618759.304051,0.20561575889587402,1357.0,baseline
1777618759.304072,0.20563673973083496,1356.0,baseline
1777618759.304093,0.2056577205657959,1353.0,baseline
1777618759.304115,0.20567989349365234,1356.0,baseline
1777618759.304136,0.20570087432861328,1356.0,baseline
1777618759.304157,0.20572185516357422,1355.0,baseline
1777618759.304179,0.20574378967285156,1357.0,baseline
1777618759.3042,0.2057647705078125,1358.0,baseline
1777618759.304221,0.20578575134277344,1359.0,baseline
1777618759.304242,0.20580673217773438,1355.0,baseline
1777618759.3042638,0.20582866668701172,1358.0,baseline
1777618759.3042848,0.20584964752197266,1353.0,baseline
1777618759.304306,0.2058708667755127,1358.0,baseline
1777618759.304328,0.20589280128479004,1355.0,baseline
1777618759.304363,0.20592784881591797,1357.0,baseline
1777618759.304385,0.2059497833251953,1356.0,baseline
1777618759.304406,0.20597076416015625,1355.0,baseline
1777618759.304428,0.2059929370880127,1358.0,baseline
1777618759.304449,0.20601391792297363,1360.0,baseline
1777618759.304476,0.2060408592224121,1359.0,baseline
1777618759.3044999,0.20606470108032227,1360.0,baseline
1777618759.304522,0.2060868740081787,1356.0,baseline
1777618759.304543,0.20610785484313965,1356.0,baseline
1777618759.304564,0.20612883567810059,1356.0,baseline
1777618759.304586,0.20615077018737793,1357.0,baseline
1777618759.304608,0.20617294311523438,1357.0,baseline
1777618759.304629,0.2061939239501953,1357.0,baseline
1777618759.30465,0.20621490478515625,1356.0,baseline
1777618759.304672,0.2062368392944336,1355.0,baseline
1777618759.304693,0.20625782012939453,1357.0,baseline
1777618759.304714,0.20627880096435547,1359.0,baseline
1777618759.304736,0.2063007354736328,1361.0,baseline
1777618759.3047569,0.20632171630859375,1361.0,baseline
1777618759.304779,0.2063438892364502,1361.0,baseline
1777618759.3048,0.20636487007141113,1358.0,baseline
1777618759.304821,0.20638585090637207,1355.0,baseline
1777618759.304843,0.20640778541564941,1356.0,baseline
1777618759.304864,0.20642876625061035,1357.0,baseline
1777618759.304885,0.2064497470855713,1361.0,baseline
1777618759.304907,0.20647192001342773,1359.0,baseline
1777618759.304928,0.20649290084838867,1359.0,baseline
1777618759.3049548,0.20651960372924805,1360.0,baseline
1777618759.3049788,0.2065436840057373,1361.0,baseline
1777618759.305001,0.20656585693359375,1358.0,baseline
1777618759.305022,0.2065868377685547,1356.0,baseline
1777618759.305043,0.20660781860351562,1357.0,baseline
1777618759.305065,0.20662975311279297,1359.0,baseline
1777618759.305086,0.2066507339477539,1357.0,baseline
1777618759.3051069,0.20667171478271484,1358.0,baseline
1777618759.305129,0.2066938877105713,1356.0,baseline
1777618759.30515,0.20671486854553223,1356.0,baseline
1777618759.305171,0.20673584938049316,1354.0,baseline
1777618759.305192,0.2067568302154541,1357.0,baseline
1777618759.305214,0.20677876472473145,1355.0,baseline
1777618759.305235,0.20679974555969238,1356.0,baseline
1777618759.305256,0.20682072639465332,1356.0,baseline
1777618759.3052769,0.20684170722961426,1353.0,baseline
1777618759.305299,0.2068638801574707,1357.0,baseline
1777618759.30532,0.20688486099243164,1361.0,baseline
1777618759.305342,0.20690679550170898,1356.0,baseline
1777618759.305363,0.20692777633666992,1354.0,baseline
1777618759.3053849,0.20694971084594727,1355.0,baseline
1777618759.3054059,0.2069706916809082,1357.0,baseline
1777618759.3054268,0.20699167251586914,1314.0,baseline
1777618759.3054552,0.20702004432678223,1361.0,baseline
1777618759.30548,0.2070448398590088,1363.0,baseline
1777618759.305501,0.20706582069396973,1358.0,baseline
1777618759.305522,0.20708680152893066,1357.0,baseline
1777618759.305544,0.207108736038208,1356.0,baseline
1777618759.3055649,0.20712971687316895,1357.0,baseline
1777618759.3055859,0.20715069770812988,1358.0,baseline
1777618759.3056068,0.20717167854309082,1361.0,baseline
1777618759.305629,0.20719385147094727,1356.0,baseline
1777618759.30565,0.2072148323059082,1355.0,baseline
1777618759.305672,0.20723676681518555,1355.0,baseline
1777618759.305693,0.20725774765014648,1355.0,baseline
1777618759.3057148,0.20727968215942383,1355.0,baseline
1777618759.3057358,0.20730066299438477,1356.0,baseline
1777618759.305758,0.2073228359222412,1355.0,baseline
1777618759.305779,0.20734381675720215,1356.0,baseline
1777618759.305801,0.2073657512664795,1358.0,baseline
1777618759.305822,0.20738673210144043,1356.0,baseline
1777618759.3058429,0.20740771293640137,1354.0,baseline
1777618759.305865,0.2074298858642578,1354.0,baseline
1777618759.3058891,0.20745396614074707,1354.0,baseline
1777618759.30591,0.207474946975708,1358.0,baseline
1777618759.3059368,0.20750164985656738,1355.0,baseline
1777618759.305961,0.20752573013305664,1355.0,baseline
1777618759.305983,0.20754790306091309,1354.0,baseline
1777618759.306004,0.20756888389587402,1356.0,baseline
1777618759.306025,0.20758986473083496,1355.0,baseline
1777618759.306047,0.2076117992401123,1357.0,baseline
1777618759.306068,0.20763278007507324,1356.0,baseline
1777618759.306089,0.20765376091003418,1356.0,baseline
1777618759.3061109,0.20767569541931152,1355.0,baseline
1777618759.306132,0.20769691467285156,1358.0,baseline
1777618759.306153,0.2077178955078125,1355.0,baseline
1777618759.306175,0.20773983001708984,1357.0,baseline
1777618759.306196,0.20776081085205078,1356.0,baseline
1777618759.306218,0.20778274536132812,1357.0,baseline
1777618759.306239,0.20780372619628906,1356.0,baseline
1777618759.3062599,0.20782470703125,1356.0,baseline
1777618759.3062809,0.20784568786621094,1358.0,baseline
1777618759.306303,0.20786786079406738,1356.0,baseline
1777618759.306324,0.20788884162902832,1356.0,baseline
1777618759.306346,0.20791077613830566,1357.0,baseline
1777618759.306367,0.2079317569732666,1356.0,baseline
1777618759.306388,0.20795273780822754,1355.0,baseline
1777618759.306415,0.20797991752624512,1356.0,baseline
1777618759.306439,0.20800375938415527,1357.0,baseline
1777618759.3064609,0.20802569389343262,1357.0,baseline
1777618759.3064818,0.20804667472839355,1358.0,baseline
1777618759.3065028,0.2080676555633545,1355.0,baseline
1777618759.306525,0.20808982849121094,1353.0,baseline
1777618759.306546,0.20811080932617188,1355.0,baseline
1777618759.306567,0.2081317901611328,1357.0,baseline
1777618759.306588,0.20815277099609375,1355.0,baseline
1777618759.306609,0.2081737518310547,1357.0,baseline
1777618759.3066308,0.20819568634033203,1356.0,baseline
1777618759.3066518,0.20821666717529297,1355.0,baseline
1777618759.3066728,0.2082376480102539,1357.0,baseline
1777618759.306695,0.20825982093811035,1357.0,baseline
1777618759.306716,0.2082808017730713,1357.0,baseline
1777618759.306738,0.20830273628234863,1354.0,baseline
1777618759.3067589,0.20832371711730957,1355.0,baseline
1777618759.3067799,0.2083446979522705,1355.0,baseline
1777618759.306802,0.20836687088012695,1356.0,baseline
1777618759.3068259,0.2083907127380371,1358.0,baseline
1777618759.306848,0.20841288566589355,1356.0,baseline
1777618759.30687,0.2084348201751709,1359.0,baseline
1777618759.306892,0.20845675468444824,1357.0,baseline
1777618759.3069272,0.20849204063415527,1356.0,baseline
1777618759.3069491,0.20851397514343262,1356.0,baseline
1777618759.3069708,0.20853567123413086,1354.0,baseline
1777618759.306992,0.2085568904876709,1355.0,baseline
1777618759.307013,0.20857787132263184,1355.0,baseline
1777618759.307034,0.20859885215759277,1355.0,baseline
1777618759.3070562,0.20862102508544922,1356.0,baseline
1777618759.3070772,0.20864200592041016,1355.0,baseline
1777618759.3070989,0.2086637020111084,1355.0,baseline
1777618759.30712,0.20868492126464844,1356.0,baseline
1777618759.307141,0.20870590209960938,1357.0,baseline
1777618759.307162,0.2087268829345703,1356.0,baseline
1777618759.3071842,0.20874905586242676,1358.0,baseline
1777618759.3072052,0.2087700366973877,1358.0,baseline
1777618759.3072262,0.20879101753234863,1359.0,baseline
1777618759.307248,0.20881295204162598,1355.0,baseline
1777618759.307269,0.20883393287658691,1357.0,baseline
1777618759.3072908,0.20885562896728516,1352.0,baseline
1777618759.307312,0.2088768482208252,1355.0,baseline
1777618759.3073332,0.20889806747436523,1355.0,baseline
1777618759.3073542,0.20891904830932617,1355.0,baseline
1777618759.3073761,0.20894098281860352,1355.0,baseline
1777618759.307403,0.208967924118042,1357.0,baseline
1777618759.3074272,0.20899200439453125,1357.0,baseline
1777618759.3074481,0.2090129852294922,1357.0,baseline
1777618759.3074691,0.20903396606445312,1357.0,baseline
1777618759.30749,0.20905494689941406,1357.0,baseline
1777618759.307512,0.2090768814086914,1356.0,baseline
1777618759.307533,0.20909786224365234,1356.0,baseline
1777618759.307554,0.20911884307861328,1357.0,baseline
1777618759.307575,0.20913982391357422,1355.0,baseline
1777618759.3075972,0.20916199684143066,1357.0,baseline
1777618759.307629,0.20919394493103027,1356.0,baseline
1777618759.307651,0.20921587944030762,1356.0,baseline
1777618759.307672,0.20923686027526855,1356.0,baseline
1777618759.307693,0.2092578411102295,1355.0,baseline
1777618759.3077152,0.20928001403808594,1354.0,baseline
1777618759.3077362,0.20930099487304688,1355.0,baseline
1777618759.3077602,0.20932507514953613,1355.0,baseline
1777618759.3077812,0.20934605598449707,1354.0,baseline
1777618759.307803,0.2093677520751953,1357.0,baseline
1777618759.3078241,0.20938897132873535,1358.0,baseline
1777618759.3078458,0.2094106674194336,1358.0,baseline
1777618759.3078668,0.20943164825439453,1356.0,baseline
1777618759.307894,0.2094588279724121,1355.0,baseline
1777618759.307917,0.20948195457458496,1356.0,baseline
1777618759.307938,0.2095029354095459,1351.0,baseline
1777618759.307959,0.20952391624450684,1355.0,baseline
1777618759.307981,0.20954585075378418,1356.0,baseline
1777618759.308002,0.20956683158874512,1355.0,baseline
1777618759.308023,0.20958781242370605,1355.0,baseline
1777618759.308044,0.209608793258667,1355.0,baseline
1777618759.3080661,0.20963096618652344,1353.0,baseline
1777618759.308087,0.20965194702148438,1356.0,baseline
1777618759.308108,0.2096729278564453,1357.0,baseline
1777618759.30813,0.20969486236572266,1357.0,baseline
1777618759.308151,0.2097158432006836,1355.0,baseline
1777618759.308172,0.20973682403564453,1356.0,baseline
1777618759.308193,0.20975780487060547,1357.0,baseline
1777618759.308214,0.2097787857055664,1356.0,baseline
1777618759.308238,0.20980286598205566,1358.0,baseline
1777618759.308259,0.2098238468170166,1357.0,baseline
1777618759.3082812,0.20984601974487305,1358.0,baseline
1777618759.3083022,0.20986700057983398,1356.0,baseline
1777618759.3083231,0.20988798141479492,1359.0,baseline
1777618759.308345,0.20990991592407227,1356.0,baseline
1777618759.3083708,0.20993566513061523,1358.0,baseline
1777618759.308396,0.2099609375,1356.0,baseline
1777618759.308417,0.20998191833496094,1353.0,baseline
1777618759.308439,0.21000385284423828,1349.0,baseline
1777618759.30846,0.21002483367919922,1354.0,baseline
1777618759.308481,0.21004581451416016,1355.0,baseline
1777618759.3085032,0.2100679874420166,1357.0,baseline
1777618759.3085241,0.21008896827697754,1355.0,baseline
1777618759.308545,0.21010994911193848,1352.0,baseline
1777618759.308567,0.21013188362121582,1353.0,baseline
1777618759.308588,0.21015286445617676,1352.0,baseline
1777618759.308609,0.2101738452911377,1353.0,baseline
1777618759.308631,0.21019577980041504,1351.0,baseline
1777618759.308652,0.21021676063537598,1352.0,baseline
1777618759.308673,0.21023774147033691,1353.0,baseline
1777618759.3086941,0.21025896072387695,1354.0,baseline
1777618759.308716,0.2102808952331543,1354.0,baseline
1777618759.308738,0.21030282974243164,1353.0,baseline
1777618759.308759,0.21032381057739258,1355.0,baseline
1777618759.3087811,0.21034598350524902,1356.0,baseline
1777618759.3088021,0.21036696434020996,1357.0,baseline
1777618759.308824,0.2103888988494873,1355.0,baseline
1777618759.308846,0.21041083335876465,1357.0,baseline
1777618759.308876,0.21044087409973145,1356.0,baseline
1777618759.308897,0.21046185493469238,1356.0,baseline
1777618759.308919,0.21048378944396973,1356.0,baseline
1777618759.30894,0.21050477027893066,1355.0,baseline
1777618759.308961,0.2105257511138916,1353.0,baseline
1777618759.3089821,0.21054697036743164,1354.0,baseline
1777618759.309004,0.21056890487670898,1352.0,baseline
1777618759.309025,0.21058988571166992,1354.0,baseline
1777618759.309047,0.21061182022094727,1355.0,baseline
1777618759.309068,0.2106328010559082,1354.0,baseline
1777618759.309089,0.21065378189086914,1352.0,baseline
1777618759.309111,0.21067595481872559,1354.0,baseline
1777618759.309132,0.21069693565368652,1354.0,baseline
1777618759.309154,0.21071887016296387,1353.0,baseline
1777618759.3091772,0.21074199676513672,1358.0,baseline
1777618759.309199,0.21076393127441406,1356.0,baseline
1777618759.309222,0.2107868194580078,1357.0,baseline
1777618759.3092449,0.21080970764160156,1357.0,baseline
1777618759.3092659,0.2108306884765625,1353.0,baseline
1777618759.309288,0.21085286140441895,1352.0,baseline
1777618759.309309,0.21087384223937988,1355.0,baseline
1777618759.309336,0.21090078353881836,1354.0,baseline
1777618759.30936,0.21092486381530762,1353.0,baseline
1777618759.309382,0.21094679832458496,1354.0,baseline
1777618759.309403,0.2109677791595459,1355.0,baseline
1777618759.309429,0.21099376678466797,1351.0,baseline
1777618759.30945,0.2110147476196289,1354.0,baseline
1777618759.309472,0.21103692054748535,1356.0,baseline
1777618759.309493,0.2110579013824463,1355.0,baseline
1777618759.309515,0.21107983589172363,1353.0,baseline
1777618759.309536,0.21110081672668457,1355.0,baseline
1777618759.309557,0.2111217975616455,1355.0,baseline
1777618759.309578,0.21114277839660645,1354.0,baseline
1777618759.3096,0.2111649513244629,1354.0,baseline
1777618759.309621,0.21118593215942383,1356.0,baseline
1777618759.309643,0.21120786666870117,1355.0,baseline
1777618759.309664,0.2112288475036621,1355.0,baseline
1777618759.309686,0.21125078201293945,1353.0,baseline
1777618759.309707,0.2112717628479004,1353.0,baseline
1777618759.309728,0.21129274368286133,1351.0,baseline
1777618759.309749,0.21131372451782227,1354.0,baseline
1777618759.309771,0.2113358974456787,1355.0,baseline
1777618759.309792,0.21135687828063965,1351.0,baseline
1777618759.309814,0.211378812789917,1353.0,baseline
1777618759.309841,0.21140575408935547,1351.0,baseline
1777618759.3098629,0.2114276885986328,1352.0,baseline
1777618759.309885,0.21144986152648926,1351.0,baseline
1777618759.309906,0.2114708423614502,1352.0,baseline
1777618759.309928,0.21149277687072754,1352.0,baseline
1777618759.309949,0.21151375770568848,1356.0,baseline
1777618759.30997,0.21153473854064941,1358.0,baseline
1777618759.3099918,0.21155667304992676,1359.0,baseline
1777618759.3100128,0.2115776538848877,1354.0,baseline
1777618759.310035,0.21159982681274414,1353.0,baseline
1777618759.310056,0.21162080764770508,1357.0,baseline
1777618759.310078,0.21164274215698242,1356.0,baseline
1777618759.310099,0.21166372299194336,1355.0,baseline
1777618759.3101199,0.2116847038269043,1356.0,baseline
1777618759.310142,0.21170687675476074,1354.0,baseline
1777618759.310163,0.21172785758972168,1355.0,baseline
1777618759.310185,0.21174979209899902,1354.0,baseline
1777618759.310206,0.21177077293395996,1355.0,baseline
1777618759.310227,0.2117917537689209,1354.0,baseline
1777618759.3102489,0.21181368827819824,1351.0,baseline
1777618759.31027,0.21183490753173828,1353.0,baseline
1777618759.310291,0.21185588836669922,1353.0,baseline
1777618759.3103192,0.2118840217590332,1353.0,baseline
1777618759.310343,0.21190786361694336,1354.0,baseline
1777618759.310364,0.2119288444519043,1353.0,baseline
1777618759.310386,0.21195077896118164,1355.0,baseline
1777618759.310407,0.21197175979614258,1351.0,baseline
1777618759.3104289,0.21199369430541992,1351.0,baseline
1777618759.3104498,0.21201467514038086,1350.0,baseline
1777618759.3104708,0.2120356559753418,1352.0,baseline
1777618759.310493,0.21205782890319824,1352.0,baseline
1777618759.310514,0.21207880973815918,1353.0,baseline
1777618759.310536,0.21210074424743652,1355.0,baseline
1777618759.31056,0.21212482452392578,1355.0,baseline
1777618759.310581,0.21214580535888672,1355.0,baseline
1777618759.310603,0.21216773986816406,1350.0,baseline
1777618759.310624,0.212188720703125,1350.0,baseline
1777618759.310646,0.21221089363098145,1351.0,baseline
1777618759.310667,0.21223187446594238,1353.0,baseline
1777618759.310689,0.21225380897521973,1351.0,baseline
1777618759.31071,0.21227478981018066,1354.0,baseline
1777618759.310731,0.2122957706451416,1353.0,baseline
1777618759.310753,0.21231794357299805,1354.0,baseline
1777618759.310774,0.21233892440795898,1353.0,baseline
1777618759.3108008,0.21236562728881836,1354.0,baseline
1777618759.310824,0.2123887538909912,1355.0,baseline
1777618759.310845,0.21240973472595215,1355.0,baseline
1777618759.3108668,0.2124316692352295,1354.0,baseline
1777618759.310899,0.2124638557434082,1354.0,baseline
1777618759.310921,0.21248579025268555,1354.0,baseline
1777618759.310942,0.21250677108764648,1354.0,baseline
1777618759.3109639,0.21252870559692383,1352.0,baseline
1777618759.3109848,0.21254968643188477,1354.0,baseline
1777618759.311006,0.2125709056854248,1350.0,baseline
1777618759.3110342,0.2125990390777588,1350.0,baseline
1777618759.311056,0.21262073516845703,1351.0,baseline
1777618759.311077,0.21264195442199707,1351.0,baseline
1777618759.3110988,0.2126636505126953,1351.0,baseline
1777618759.3111198,0.21268463134765625,1354.0,baseline
1777618759.311142,0.2127068042755127,1353.0,baseline
1777618759.311163,0.21272778511047363,1353.0,baseline
1777618759.311184,0.21274876594543457,1354.0,baseline
1777618759.3112051,0.2127699851989746,1349.0,baseline
1777618759.3112268,0.21279168128967285,1350.0,baseline
1777618759.3112488,0.2128136157989502,1352.0,baseline
1777618759.31127,0.21283483505249023,1351.0,baseline
1777618759.311292,0.21285676956176758,1354.0,baseline
1777618759.311318,0.21288275718688965,1351.0,baseline
1777618759.31134,0.2129049301147461,1352.0,baseline
1777618759.311362,0.21292686462402344,1348.0,baseline
1777618759.311384,0.21294879913330078,1350.0,baseline
1777618759.311405,0.21296977996826172,1353.0,baseline
1777618759.311427,0.21299195289611816,1356.0,baseline
1777618759.311448,0.2130129337310791,1352.0,baseline
1777618759.311469,0.21303391456604004,1349.0,baseline
1777618759.311491,0.21305584907531738,1349.0,baseline
1777618759.311512,0.21307682991027832,1350.0,baseline
1777618759.3115342,0.21309900283813477,1354.0,baseline
1777618759.3115551,0.2131199836730957,1355.0,baseline
1777618759.3115761,0.21314096450805664,1352.0,baseline
1777618759.311598,0.21316289901733398,1352.0,baseline
1777618759.311619,0.21318387985229492,1353.0,baseline
1777618759.311641,0.21320581436157227,1353.0,baseline
1777618759.3116622,0.2132270336151123,1350.0,baseline
1777618759.3116832,0.21324801445007324,1349.0,baseline
1777618759.3117042,0.21326899528503418,1350.0,baseline
1777618759.311726,0.21329092979431152,1349.0,baseline
1777618759.311747,0.21331191062927246,1350.0,baseline
1777618759.311768,0.2133328914642334,1350.0,baseline
1777618759.311796,0.21336078643798828,1349.0,baseline
1777618759.311819,0.21338391304016113,1350.0,baseline
1777618759.31184,0.21340489387512207,1349.0,baseline
1777618759.311862,0.21342682838439941,1351.0,baseline
1777618759.311883,0.21344780921936035,1352.0,baseline
1777618759.311904,0.2134687900543213,1354.0,baseline
1777618759.311925,0.21348977088928223,1351.0,baseline
1777618759.311947,0.21351194381713867,1352.0,baseline
1777618759.3119712,0.21353602409362793,1349.0,baseline
1777618759.3119922,0.21355700492858887,1350.0,baseline
1777618759.312014,0.2135789394378662,1349.0,baseline
1777618759.312035,0.21359992027282715,1349.0,baseline
1777618759.312056,0.21362090110778809,1350.0,baseline
1777618759.312078,0.21364283561706543,1351.0,baseline
1777618759.3121002,0.21366500854492188,1353.0,baseline
1777618759.3121212,0.2136859893798828,1353.0,baseline
1777618759.312143,0.21370792388916016,1352.0,baseline
1777618759.312164,0.2137289047241211,1349.0,baseline
1777618759.312185,0.21374988555908203,1351.0,baseline
1777618759.312206,0.21377086639404297,1354.0,baseline
1777618759.3122282,0.21379303932189941,1350.0,baseline
1777618759.3122492,0.21381402015686035,1350.0,baseline
1777618759.312276,0.21384072303771973,1351.0,baseline
1777618759.312299,0.21386384963989258,1352.0,baseline
1777618759.31232,0.21388483047485352,1352.0,baseline
1777618759.312342,0.21390676498413086,1350.0,baseline
1777618759.312363,0.2139277458190918,1352.0,baseline
1777618759.312384,0.21394872665405273,1349.0,baseline
1777618759.312406,0.21397089958190918,1350.0,baseline
1777618759.312427,0.21399188041687012,1350.0,baseline
1777618759.3124511,0.21401596069335938,1354.0,baseline
1777618759.312472,0.2140369415283203,1354.0,baseline
1777618759.312494,0.21405887603759766,1351.0,baseline
1777618759.312515,0.2140798568725586,1353.0,baseline
1777618759.312536,0.21410083770751953,1354.0,baseline
1777618759.3125582,0.21412301063537598,1353.0,baseline
1777618759.3125792,0.21414399147033691,1351.0,baseline
1777618759.3126001,0.21416497230529785,1352.0,baseline
1777618759.312622,0.2141869068145752,1349.0,baseline
1777618759.312643,0.21420788764953613,1350.0,baseline
1777618759.312664,0.21422886848449707,1351.0,baseline
1777618759.312686,0.21425080299377441,1349.0,baseline
1777618759.3127072,0.21427202224731445,1350.0,baseline
1777618759.3127291,0.2142939567565918,1348.0,baseline
1777618759.31275,0.21431493759155273,1348.0,baseline
1777618759.312777,0.2143418788909912,1347.0,baseline
1777618759.3128011,0.21436595916748047,1349.0,baseline
1777618759.312822,0.2143869400024414,1352.0,baseline
1777618759.312844,0.21440887451171875,1354.0,baseline
1777618759.312865,0.2144298553466797,1354.0,baseline
1777618759.312886,0.21445083618164062,1349.0,baseline
1777618759.312911,0.2144758701324463,1349.0,baseline
1777618759.312932,0.21449685096740723,1349.0,baseline
1777618759.3129542,0.21451902389526367,1350.0,baseline
1777618759.3129752,0.2145400047302246,1350.0,baseline
1777618759.3129961,0.21456098556518555,1351.0,baseline
1777618759.313018,0.2145829200744629,1350.0,baseline
1777618759.313039,0.21460390090942383,1350.0,baseline
1777618759.3130612,0.21462607383728027,1349.0,baseline
1777618759.3130822,0.2146470546722412,1350.0,baseline
1777618759.313104,0.21466875076293945,1348.0,baseline
1777618759.3131251,0.2146899700164795,1347.0,baseline
1777618759.313146,0.21471095085144043,1349.0,baseline
1777618759.313167,0.21473193168640137,1349.0,baseline
1777618759.313189,0.2147538661956787,1350.0,baseline
1777618759.31321,0.21477484703063965,1350.0,baseline
1777618759.313232,0.214796781539917,1352.0,baseline
1777618759.3132591,0.21482396125793457,1352.0,baseline
1777618759.313282,0.21484684944152832,1350.0,baseline
1777618759.313304,0.21486878395080566,1351.0,baseline
1777618759.3133252,0.2148900032043457,1349.0,baseline
1777618759.3133461,0.21491098403930664,1347.0,baseline
1777618759.313371,0.2149357795715332,1348.0,baseline
1777618759.3133922,0.21495699882507324,1349.0,baseline
1777618759.3134131,0.21497797966003418,1352.0,baseline
1777618759.3134348,0.21499967575073242,1351.0,baseline
1777618759.313456,0.21502089500427246,1350.0,baseline
1777618759.313477,0.2150418758392334,1352.0,baseline
1777618759.313499,0.21506381034851074,1353.0,baseline
1777618759.3135202,0.21508502960205078,1351.0,baseline
1777618759.313542,0.21510672569274902,1351.0,baseline
1777618759.3135629,0.21512770652770996,1351.0,baseline
1777618759.3135848,0.2151496410369873,1350.0,baseline
1777618759.3136058,0.21517062187194824,1348.0,baseline
1777618759.3136268,0.21519160270690918,1350.0,baseline
1777618759.313649,0.21521377563476562,1350.0,baseline
1777618759.31367,0.21523475646972656,1350.0,baseline
1777618759.3136919,0.2152566909790039,1348.0,baseline
1777618759.3137128,0.21527767181396484,1350.0,baseline
1777618759.31374,0.21530485153198242,1349.0,baseline
1777618759.313764,0.21532893180847168,1350.0,baseline
1777618759.313786,0.21535086631774902,1350.0,baseline
1777618759.313807,0.21537184715270996,1348.0,baseline
1777618759.313828,0.2153928279876709,1349.0,baseline
1777618759.3138502,0.21541500091552734,1349.0,baseline
1777618759.3138711,0.21543598175048828,1350.0,baseline
1777618759.3138921,0.21545696258544922,1349.0,baseline
1777618759.313914,0.21547889709472656,1351.0,baseline
1777618759.313935,0.2154998779296875,1350.0,baseline
1777618759.313956,0.21552085876464844,1348.0,baseline
1777618759.313977,0.21554183959960938,1348.0,baseline
1777618759.313998,0.2155628204345703,1349.0,baseline
1777618759.3140202,0.21558499336242676,1352.0,baseline
1777618759.3140411,0.2156059741973877,1348.0,baseline
1777618759.314062,0.21562695503234863,1347.0,baseline
1777618759.314084,0.21564888954162598,1347.0,baseline
1777618759.314105,0.21566987037658691,1349.0,baseline
1777618759.3141382,0.21570301055908203,1347.0,baseline
1777618759.3141592,0.21572399139404297,1349.0,baseline
1777618759.314181,0.2157459259033203,1349.0,baseline
1777618759.314202,0.21576690673828125,1348.0,baseline
1777618759.3142242,0.2157890796661377,1350.0,baseline
1777618759.3142521,0.21581697463989258,1347.0,baseline
1777618759.314276,0.21584081649780273,1349.0,baseline
1777618759.3142972,0.21586203575134277,1341.0,baseline
1777618759.314322,0.21588683128356934,1343.0,baseline
1777618759.314343,0.21590781211853027,1336.0,baseline
1777618759.314364,0.2159287929534912,1331.0,baseline
1777618759.314386,0.21595072746276855,1331.0,baseline
1777618759.3144069,0.2159717082977295,1328.0,baseline
1777618759.3144279,0.21599268913269043,1329.0,baseline
1777618759.31445,0.21601486206054688,1330.0,baseline
1777618759.314471,0.2160358428955078,1328.0,baseline
1777618759.314492,0.21605682373046875,1330.0,baseline
1777618759.314514,0.2160787582397461,1328.0,baseline
1777618759.314535,0.21609973907470703,1330.0,baseline
1777618759.3145568,0.21612167358398438,1329.0,baseline
1777618759.3145778,0.2161426544189453,1328.0,baseline
1777618759.3145988,0.21616363525390625,1327.0,baseline
1777618759.314621,0.2161858081817627,1329.0,baseline
1777618759.314643,0.21620774269104004,1329.0,baseline
1777618759.314665,0.21622991561889648,1328.0,baseline
1777618759.314686,0.21625089645385742,1329.0,baseline
1777618759.314708,0.21627283096313477,1329.0,baseline
1777618759.3147352,0.21630001068115234,1327.0,baseline
1777618759.314759,0.2163238525390625,1327.0,baseline
1777618759.31478,0.21634483337402344,1328.0,baseline
1777618759.314802,0.21636676788330078,1328.0,baseline
1777618759.314823,0.21638774871826172,1330.0,baseline
1777618759.314844,0.21640872955322266,1330.0,baseline
1777618759.3148658,0.2164306640625,1329.0,baseline
1777618759.3148868,0.21645164489746094,1327.0,baseline
1777618759.3149078,0.21647262573242188,1327.0,baseline
1777618759.31493,0.21649479866027832,1330.0,baseline
1777618759.314951,0.21651577949523926,1330.0,baseline
1777618759.3149729,0.2165377140045166,1329.0,baseline
1777618759.3149939,0.21655869483947754,1328.0,baseline
1777618759.3150148,0.21657967567443848,1326.0,baseline
1777618759.315037,0.21660184860229492,1327.0,baseline
1777618759.315058,0.21662282943725586,1329.0,baseline
1777618759.31508,0.2166447639465332,1330.0,baseline
1777618759.315101,0.21666574478149414,1329.0,baseline
1777618759.315122,0.21668672561645508,1329.0,baseline
1777618759.3151429,0.21670770645141602,1331.0,baseline
1777618759.3151639,0.21672868728637695,1329.0,baseline
1777618759.315186,0.2167508602142334,1329.0,baseline
1777618759.315213,0.21677780151367188,1328.0,baseline
1777618759.315236,0.21680092811584473,1327.0,baseline
1777618759.315258,0.21682286262512207,1329.0,baseline
1777618759.315279,0.216843843460083,1328.0,baseline
1777618759.3153,0.21686482429504395,1329.0,baseline
1777618759.3153222,0.2168869972229004,1330.0,baseline
1777618759.3153431,0.21690797805786133,1328.0,baseline
1777618759.315365,0.21692991256713867,1327.0,baseline
1777618759.315386,0.2169508934020996,1328.0,baseline
1777618759.315407,0.21697187423706055,1330.0,baseline
1777618759.315428,0.21699285507202148,1333.0,baseline
1777618759.3154502,0.21701502799987793,1329.0,baseline
1777618759.3154712,0.21703600883483887,1330.0,baseline
1777618759.315493,0.2170579433441162,1331.0,baseline
1777618759.315514,0.21707892417907715,1329.0,baseline
1777618759.3155358,0.2171006202697754,1329.0,baseline
1777618759.315557,0.21712183952331543,1328.0,baseline
1777618759.3155782,0.21714305877685547,1327.0,baseline
1777618759.3156,0.2171647548675537,1325.0,baseline
1777618759.3156211,0.21718597412109375,1326.0,baseline
1777618759.315642,0.2172069549560547,1341.0,baseline
1777618759.3156638,0.21722865104675293,1343.0,baseline
1777618759.315685,0.21724987030029297,1347.0,baseline
1777618759.315712,0.21727681159973145,1347.0,baseline
1777618759.315736,0.2173008918762207,1348.0,baseline
1777618759.315758,0.21732282638549805,1350.0,baseline
1777618759.315779,0.21734380722045898,1350.0,baseline
1777618759.3158,0.21736478805541992,1351.0,baseline
1777618759.3158212,0.21738600730895996,1349.0,baseline
1777618759.315843,0.2174079418182373,1351.0,baseline
1777618759.315864,0.21742892265319824,1347.0,baseline
1777618759.315885,0.21744990348815918,1348.0,baseline
1777618759.315906,0.21747088432312012,1346.0,baseline
1777618759.315928,0.21749281883239746,1338.0,baseline
1777618759.315949,0.2175137996673584,1331.0,baseline
1777618759.31597,0.21753478050231934,1327.0,baseline
1777618759.315991,0.21755576133728027,1327.0,baseline
1777618759.316013,0.21757793426513672,1327.0,baseline
1777618759.316034,0.21759891510009766,1328.0,baseline
1777618759.316055,0.2176198959350586,1328.0,baseline
1777618759.316076,0.21764087677001953,1331.0,baseline
1777618759.316098,0.21766281127929688,1329.0,baseline
1777618759.316119,0.2176837921142578,1328.0,baseline
1777618759.31614,0.21770477294921875,1330.0,baseline
1777618759.316162,0.2177269458770752,1330.0,baseline
1777618759.3161888,0.21775364875793457,1330.0,baseline
1777618759.316213,0.21777772903442383,1330.0,baseline
1777618759.316235,0.21779990196228027,1329.0,baseline
1777618759.316257,0.21782183647155762,1330.0,baseline
1777618759.3162801,0.21784496307373047,1328.0,baseline
1777618759.316303,0.21786785125732422,1330.0,baseline
1777618759.316326,0.21789073944091797,1328.0,baseline
1777618759.316349,0.21791386604309082,1328.0,baseline
1777618759.316372,0.21793675422668457,1329.0,baseline
1777618759.316395,0.21795988082885742,1331.0,baseline
1777618759.316418,0.21798276901245117,1328.0,baseline
1777618759.316441,0.21800589561462402,1327.0,baseline
1777618759.316462,0.21802687644958496,1328.0,baseline
1777618759.3164842,0.2180490493774414,1327.0,baseline
1777618759.3165052,0.21807003021240234,1328.0,baseline
1777618759.3165271,0.2180919647216797,1327.0,baseline
1777618759.316548,0.21811294555664062,1327.0,baseline
1777618759.31657,0.21813488006591797,1328.0,baseline
1777618759.316591,0.2181558609008789,1329.0,baseline
1777618759.316612,0.21817684173583984,1329.0,baseline
1777618759.3166342,0.2181990146636963,1328.0,baseline
1777618759.3166552,0.21821999549865723,1327.0,baseline
1777618759.316677,0.21824193000793457,1329.0,baseline
1777618759.316704,0.21826887130737305,1329.0,baseline
1777618759.316726,0.2182908058166504,1328.0,baseline
1777618759.316747,0.21831178665161133,1329.0,baseline
1777618759.3167691,0.21833395957946777,1330.0,baseline
1777618759.31679,0.2183549404144287,1330.0,baseline
1777618759.316812,0.21837687492370605,1328.0,baseline
1777618759.316833,0.218397855758667,1327.0,baseline
1777618759.316854,0.21841883659362793,1328.0,baseline
1777618759.316876,0.21844077110290527,1328.0,baseline
1777618759.316897,0.2184617519378662,1329.0,baseline
1777618759.316919,0.21848392486572266,1328.0,baseline
1777618759.316942,0.2185068130493164,1328.0,baseline
1777618759.3169641,0.21852898597717285,1330.0,baseline
1777618759.3169868,0.2185516357421875,1329.0,baseline
1777618759.31701,0.21857476234436035,1329.0,baseline
1777618759.317033,0.2185978889465332,1329.0,baseline
1777618759.317054,0.21861886978149414,1329.0,baseline
1777618759.317076,0.21864080429077148,1328.0,baseline
1777618759.317097,0.21866178512573242,1330.0,baseline
1777618759.317119,0.21868371963500977,1329.0,baseline
1777618759.3171399,0.2187047004699707,1328.0,baseline
1777618759.3171608,0.21872568130493164,1327.0,baseline
1777618759.317185,0.2187497615814209,1327.0,baseline
1777618759.317207,0.21877193450927734,1328.0,baseline
1777618759.317229,0.2187938690185547,1329.0,baseline
1777618759.31725,0.21881484985351562,1329.0,baseline
1777618759.317272,0.21883678436279297,1330.0,baseline
1777618759.3172932,0.218858003616333,1328.0,baseline
1777618759.3173141,0.21887898445129395,1330.0,baseline
1777618759.317336,0.2189009189605713,1328.0,baseline
1777618759.317357,0.21892189979553223,1328.0,baseline
1777618759.317379,0.21894383430480957,1327.0,baseline
1777618759.3174112,0.21897602081298828,1327.0,baseline
1777618759.317433,0.21899795532226562,1327.0,baseline
1777618759.317454,0.21901893615722656,1327.0,baseline
1777618759.317476,0.2190408706665039,1329.0,baseline
1777618759.317497,0.21906185150146484,1327.0,baseline
1777618759.3175192,0.2190840244293213,1330.0,baseline
1777618759.3175402,0.21910500526428223,1327.0,baseline
1777618759.317562,0.21912693977355957,1327.0,baseline
1777618759.317583,0.2191479206085205,1325.0,baseline
1777618759.317604,0.21916890144348145,1326.0,baseline
1777618759.317626,0.2191908359527588,1329.0,baseline
1777618759.317648,0.21921277046203613,1328.0,baseline
1777618759.317672,0.2192368507385254,1326.0,baseline
1777618759.317694,0.21925878524780273,1327.0,baseline
1777618759.317715,0.21927976608276367,1329.0,baseline
1777618759.3177369,0.21930170059204102,1330.0,baseline
1777618759.3177578,0.21932268142700195,1328.0,baseline
1777618759.31778,0.2193448543548584,1328.0,baseline
1777618759.317801,0.21936583518981934,1328.0,baseline
1777618759.317823,0.21938776969909668,1326.0,baseline
1777618759.317844,0.21940875053405762,1327.0,baseline
1777618759.317866,0.21943092346191406,1328.0,baseline
1777618759.317887,0.219451904296875,1330.0,baseline
1777618759.317908,0.21947288513183594,1330.0,baseline
1777618759.31793,0.21949481964111328,1328.0,baseline
1777618759.317951,0.21951580047607422,1328.0,baseline
1777618759.317973,0.21953773498535156,1328.0,baseline
1777618759.3179939,0.2195587158203125,1327.0,baseline
1777618759.3180149,0.21957969665527344,1327.0,baseline
1777618759.318037,0.21960186958312988,1327.0,baseline
1777618759.318058,0.21962285041809082,1329.0,baseline
1777618759.31808,0.21964478492736816,1330.0,baseline
1777618759.318101,0.2196657657623291,1327.0,baseline
1777618759.318122,0.21968674659729004,1327.0,baseline
1777618759.318146,0.2197108268737793,1326.0,baseline
1777618759.3181682,0.21973299980163574,1327.0,baseline
1777618759.31819,0.21975493431091309,1327.0,baseline
1777618759.318211,0.21977591514587402,1325.0,baseline
1777618759.318232,0.21979689598083496,1324.0,baseline
1777618759.318254,0.2198188304901123,1326.0,baseline
1777618759.318275,0.21983981132507324,1328.0,baseline
1777618759.318296,0.21986079216003418,1329.0,baseline
1777618759.3183181,0.21988296508789062,1329.0,baseline
1777618759.318339,0.21990394592285156,1328.0,baseline
1777618759.318361,0.2199258804321289,1326.0,baseline
1777618759.318382,0.21994686126708984,1328.0,baseline
1777618759.3184042,0.2199690341949463,1328.0,baseline
1777618759.3184252,0.21999001502990723,1330.0,baseline
1777618759.318447,0.22001194953918457,1328.0,baseline
1777618759.318468,0.2200329303741455,1328.0,baseline
1777618759.318489,0.22005391120910645,1327.0,baseline
1777618759.318511,0.2200758457183838,1327.0,baseline
1777618759.318532,0.22009682655334473,1332.0,baseline
1777618759.318553,0.22011780738830566,1329.0,baseline
1777618759.3185751,0.2201399803161621,1327.0,baseline
1777618759.3185961,0.22016096115112305,1328.0,baseline
1777618759.318621,0.2201857566833496,1330.0,baseline
1777618759.3186429,0.22020769119262695,1328.0,baseline
1777618759.3186638,0.2202286720275879,1327.0,baseline
1777618759.318686,0.22025084495544434,1326.0,baseline
1777618759.318707,0.22027182579040527,1328.0,baseline
1777618759.318728,0.2202928066253662,1328.0,baseline
1777618759.31875,0.22031474113464355,1327.0,baseline
1777618759.318771,0.2203357219696045,1328.0,baseline
1777618759.318793,0.22035789489746094,1327.0,baseline
1777618759.318814,0.22037887573242188,1329.0,baseline
1777618759.318836,0.22040081024169922,1327.0,baseline
1777618759.318857,0.22042179107666016,1327.0,baseline
1777618759.318879,0.2204437255859375,1325.0,baseline
1777618759.3188999,0.22046470642089844,1327.0,baseline
1777618759.318922,0.22048687934875488,1330.0,baseline
1777618759.318943,0.22050786018371582,1327.0,baseline
1777618759.318965,0.22052979469299316,1327.0,baseline
1777618759.318986,0.2205507755279541,1327.0,baseline
1777618759.319008,0.22057294845581055,1339.0,baseline
1777618759.319031,0.2205958366394043,1333.0,baseline
1777618759.3190541,0.22061896324157715,1330.0,baseline
1777618759.319075,0.22063994407653809,1327.0,baseline
1777618759.319103,0.22066783905029297,1326.0,baseline
1777618759.3191261,0.22069096565246582,1326.0,baseline
1777618759.319147,0.22071194648742676,1327.0,baseline
1777618759.319169,0.2207338809967041,1327.0,baseline
1777618759.31919,0.22075486183166504,1328.0,baseline
1777618759.319211,0.22077584266662598,1329.0,baseline
1777618759.319233,0.22079777717590332,1329.0,baseline
1777618759.319254,0.22081875801086426,1328.0,baseline
1777618759.319276,0.2208409309387207,1328.0,baseline
1777618759.319297,0.22086191177368164,1328.0,baseline
1777618759.319319,0.22088384628295898,1328.0,baseline
1777618759.31934,0.22090482711791992,1327.0,baseline
1777618759.3193622,0.22092700004577637,1324.0,baseline
1777618759.3193831,0.2209479808807373,1326.0,baseline
1777618759.319405,0.22096991539001465,1325.0,baseline
1777618759.3194308,0.22099566459655762,1329.0,baseline
1777618759.3194518,0.22101664543151855,1327.0,baseline
1777618759.319474,0.221038818359375,1327.0,baseline
1777618759.319495,0.22105979919433594,1327.0,baseline
1777618759.319517,0.22108173370361328,1327.0,baseline
1777618759.3195379,0.22110271453857422,1327.0,baseline
1777618759.31956,0.22112488746643066,1327.0,baseline
1777618759.319587,0.22115182876586914,1327.0,baseline
1777618759.3196108,0.2211756706237793,1326.0,baseline
1777618759.319633,0.22119784355163574,1327.0,baseline
1777618759.319654,0.22121882438659668,1325.0,baseline
1777618759.319676,0.22124075889587402,1325.0,baseline
1777618759.319697,0.22126173973083496,1327.0,baseline
1777618759.3197188,0.2212836742401123,1327.0,baseline
1777618759.3197398,0.22130465507507324,1327.0,baseline
1777618759.319762,0.2213268280029297,1327.0,baseline
1777618759.319783,0.22134780883789062,1326.0,baseline
1777618759.319805,0.22136974334716797,1323.0,baseline
1777618759.319826,0.2213907241821289,1324.0,baseline
1777618759.3198469,0.22141170501708984,1326.0,baseline
1777618759.319869,0.2214338779449463,1326.0,baseline
1777618759.31989,0.22145485877990723,1328.0,baseline
1777618759.319914,0.22147893905639648,1325.0,baseline
1777618759.319936,0.22150087356567383,1326.0,baseline
1777618759.319957,0.22152185440063477,1327.0,baseline
1777618759.319978,0.2215428352355957,1324.0,baseline
1777618759.32,0.22156476974487305,1328.0,baseline
1777618759.320021,0.22158575057983398,1328.0,baseline
1777618759.320043,0.22160792350769043,1330.0,baseline
1777618759.3200698,0.2216346263885498,1329.0,baseline
1777618759.320093,0.22165775299072266,1328.0,baseline
1777618759.320114,0.2216787338256836,1326.0,baseline
1777618759.3201349,0.22169971466064453,1326.0,baseline
1777618759.3201568,0.22172164916992188,1324.0,baseline
1777618759.320178,0.22174286842346191,1325.0,baseline
1777618759.3202,0.22176480293273926,1328.0,baseline
1777618759.320221,0.2217857837677002,1327.0,baseline
1777618759.320243,0.22180771827697754,1330.0,baseline
1777618759.3202639,0.22182869911193848,1328.0,baseline
1777618759.320286,0.22185087203979492,1325.0,baseline
1777618759.320307,0.22187185287475586,1327.0,baseline
1777618759.320328,0.2218928337097168,1326.0,baseline
1777618759.320349,0.22191381454467773,1324.0,baseline
1777618759.320371,0.22193574905395508,1325.0,baseline
1777618759.320392,0.22195672988891602,1328.0,baseline
1777618759.3204129,0.22197771072387695,1328.0,baseline
1777618759.320435,0.2219998836517334,1330.0,baseline
1777618759.320456,0.22202086448669434,1327.0,baseline
1777618759.320478,0.22204279899597168,1327.0,baseline
1777618759.320499,0.22206377983093262,1325.0,baseline
1777618759.32052,0.22208476066589355,1327.0,baseline
1777618759.3205419,0.2221066951751709,1330.0,baseline
1777618759.320566,0.22213077545166016,1326.0,baseline
1777618759.320589,0.222153902053833,1328.0,baseline
1777618759.32061,0.22217488288879395,1326.0,baseline
1777618759.320632,0.2221968173980713,1328.0,baseline
1777618759.3206642,0.22222900390625,1325.0,baseline
1777618759.320686,0.22225093841552734,1325.0,baseline
1777618759.320708,0.2222728729248047,1325.0,baseline
1777618759.320729,0.22229385375976562,1324.0,baseline
1777618759.32075,0.22231483459472656,1325.0,baseline
1777618759.3207722,0.222337007522583,1324.0,baseline
1777618759.3207932,0.22235798835754395,1327.0,baseline
1777618759.320815,0.2223799228668213,1328.0,baseline
1777618759.320836,0.22240090370178223,1326.0,baseline
1777618759.320858,0.22242283821105957,1323.0,baseline
1777618759.3208792,0.2224440574645996,1321.0,baseline
1777618759.3209002,0.22246503829956055,1322.0,baseline
1777618759.3209221,0.2224869728088379,1322.0,baseline
1777618759.320943,0.22250795364379883,1326.0,baseline
1777618759.320964,0.22252893447875977,1326.0,baseline
1777618759.320986,0.2225508689880371,1327.0,baseline
1777618759.321007,0.22257184982299805,1326.0,baseline
1777618759.321028,0.22259283065795898,1325.0,baseline
1777618759.321057,0.22262191772460938,1324.0,baseline
1777618759.3210812,0.22264599800109863,1323.0,baseline
1777618759.321103,0.22266793251037598,1324.0,baseline
1777618759.321124,0.22268891334533691,1323.0,baseline
1777618759.321145,0.22270989418029785,1325.0,baseline
1777618759.321166,0.2227308750152588,1326.0,baseline
1777618759.3211882,0.22275304794311523,1324.0,baseline
1777618759.3212092,0.22277402877807617,1324.0,baseline
1777618759.3212311,0.22279596328735352,1325.0,baseline
1777618759.321252,0.22281694412231445,1328.0,baseline
1777618759.321273,0.2228379249572754,1327.0,baseline
1777618759.321295,0.22285985946655273,1326.0,baseline
1777618759.321316,0.22288084030151367,1324.0,baseline
1777618759.321337,0.2229018211364746,1327.0,baseline
1777618759.3213592,0.22292399406433105,1327.0,baseline
1777618759.3213801,0.222944974899292,1324.0,baseline
1777618759.321402,0.22296690940856934,1324.0,baseline
1777618759.321423,0.22298789024353027,1327.0,baseline
1777618759.321444,0.2230088710784912,1328.0,baseline
1777618759.3214662,0.22303104400634766,1326.0,baseline
1777618759.3214872,0.2230520248413086,1324.0,baseline
1777618759.3215091,0.22307395935058594,1323.0,baseline
1777618759.321536,0.22310090065002441,1322.0,baseline
1777618759.321559,0.22312378883361816,1326.0,baseline
1777618759.3215811,0.2231459617614746,1324.0,baseline
1777618759.321602,0.22316694259643555,1324.0,baseline
1777618759.321623,0.22318792343139648,1323.0,baseline
1777618759.321645,0.22320985794067383,1325.0,baseline
1777618759.321666,0.22323083877563477,1328.0,baseline
1777618759.321687,0.2232518196105957,1326.0,baseline
1777618759.3217092,0.22327399253845215,1326.0,baseline
1777618759.3217301,0.22329497337341309,1324.0,baseline
1777618759.321752,0.22331690788269043,1326.0,baseline
1777618759.3217762,0.2233409881591797,1325.0,baseline
1777618759.3217971,0.22336196899414062,1327.0,baseline
1777618759.321818,0.22338294982910156,1324.0,baseline
1777618759.32184,0.2234048843383789,1322.0,baseline
1777618759.321861,0.22342586517333984,1327.0,baseline
1777618759.321882,0.22344684600830078,1323.0,baseline
1777618759.3219042,0.22346901893615723,1323.0,baseline
1777618759.3219252,0.22348999977111816,1322.0,baseline
1777618759.3219469,0.2235116958618164,1324.0,baseline
1777618759.321968,0.22353291511535645,1324.0,baseline
1777618759.321989,0.22355389595031738,1324.0,baseline
1777618759.322011,0.22357583045959473,1323.0,baseline
1777618759.3220391,0.2236039638519287,1326.0,baseline
1777618759.322062,0.22362685203552246,1326.0,baseline
1777618759.322083,0.2236478328704834,1325.0,baseline
1777618759.322104,0.22366881370544434,1327.0,baseline
1777618759.3221262,0.22369098663330078,1320.0,baseline
1777618759.3221471,0.22371196746826172,1319.0,baseline
1777618759.322169,0.22373390197753906,1323.0,baseline
1777618759.32219,0.2237548828125,1324.0,baseline
1777618759.322212,0.22377681732177734,1324.0,baseline
1777618759.3222332,0.22379803657531738,1322.0,baseline
1777618759.3222542,0.22381901741027832,1323.0,baseline
1777618759.322276,0.22384095191955566,1322.0,baseline
1777618759.322297,0.2238619327545166,1323.0,baseline
1777618759.322319,0.22388386726379395,1323.0,baseline
1777618759.32234,0.22390484809875488,1324.0,baseline
1777618759.322361,0.22392582893371582,1327.0,baseline
1777618759.3223832,0.22394800186157227,1326.0,baseline
1777618759.3224041,0.2239689826965332,1326.0,baseline
1777618759.3224251,0.22398996353149414,1325.0,baseline
1777618759.322447,0.22401189804077148,1323.0,baseline
1777618759.322468,0.22403287887573242,1323.0,baseline
1777618759.322489,0.22405385971069336,1324.0,baseline
1777618759.3225138,0.22407865524291992,1323.0,baseline
1777618759.322536,0.22410082817077637,1319.0,baseline
1777618759.322557,0.2241218090057373,1324.0,baseline
1777618759.322578,0.22414278984069824,1325.0,baseline
1777618759.3226,0.22416472434997559,1325.0,baseline
1777618759.3226209,0.22418570518493652,1324.0,baseline
1777618759.3226418,0.22420668601989746,1324.0,baseline
1777618759.322664,0.2242288589477539,1327.0,baseline
1777618759.322685,0.22424983978271484,1325.0,baseline
1777618759.322706,0.22427082061767578,1323.0,baseline
1777618759.322727,0.22429180145263672,1322.0,baseline
1777618759.322749,0.22431373596191406,1322.0,baseline
1777618759.3227699,0.224334716796875,1323.0,baseline
1777618759.3227909,0.22435569763183594,1323.0,baseline
1777618759.322813,0.22437787055969238,1325.0,baseline
1777618759.322834,0.22439885139465332,1324.0,baseline
1777618759.322855,0.22441983222961426,1325.0,baseline
1777618759.322876,0.2244408130645752,1325.0,baseline
1777618759.322898,0.22446274757385254,1326.0,baseline
1777618759.322919,0.22448372840881348,1323.0,baseline
1777618759.3229399,0.22450470924377441,1324.0,baseline
1777618759.3229618,0.22452664375305176,1324.0,baseline
1777618759.322989,0.22455382347106934,1322.0,baseline
1777618759.3230138,0.2245786190032959,1325.0,baseline
1777618759.3230348,0.22459959983825684,1325.0,baseline
1777618759.3230562,0.22462105751037598,1324.0,baseline
1777618759.323078,0.22464275360107422,1326.0,baseline
1777618759.323099,0.22466373443603516,1327.0,baseline
1777618759.32312,0.2246849536895752,1327.0,baseline
1777618759.3231418,0.22470664978027344,1323.0,baseline
1777618759.3231628,0.22472763061523438,1327.0,baseline
1777618759.323184,0.22474884986877441,1325.0,baseline
1777618759.323206,0.22477078437805176,1326.0,baseline
1777618759.323227,0.2247917652130127,1324.0,baseline
1777618759.3232481,0.22481298446655273,1324.0,baseline
1777618759.3232698,0.22483468055725098,1324.0,baseline
1777618759.3232908,0.22485566139221191,1325.0,baseline
1777618759.323312,0.22487688064575195,1326.0,baseline
1777618759.323334,0.2248988151550293,1323.0,baseline
1777618759.323355,0.22491979598999023,1325.0,baseline
1777618759.3233762,0.22494101524353027,1325.0,baseline
1777618759.3233979,0.22496271133422852,1326.0,baseline
1777618759.3234189,0.22498369216918945,1322.0,baseline
1777618759.3234408,0.2250056266784668,1324.0,baseline
1777618759.323467,0.22503185272216797,1323.0,baseline
1777618759.323492,0.22505688667297363,1323.0,baseline
1777618759.3235142,0.22507905960083008,1323.0,baseline
1777618759.3235352,0.22510004043579102,1322.0,baseline
1777618759.3235571,0.22512197494506836,1321.0,baseline
1777618759.3235781,0.2251429557800293,1320.0,baseline
1777618759.323599,0.22516393661499023,1321.0,baseline
1777618759.323621,0.22518587112426758,1323.0,baseline
1777618759.3236449,0.22520971298217773,1324.0,baseline
1777618759.3236659,0.22523069381713867,1325.0,baseline
1777618759.323688,0.22525286674499512,1319.0,baseline
1777618759.323709,0.22527384757995605,1318.0,baseline
1777618759.32373,0.225294828414917,1318.0,baseline
1777618759.323752,0.22531676292419434,1321.0,baseline
1777618759.323773,0.22533774375915527,1325.0,baseline
1777618759.323794,0.2253587245941162,1324.0,baseline
1777618759.3238149,0.22537970542907715,1324.0,baseline
1777618759.323837,0.2254018783569336,1324.0,baseline
1777618759.323858,0.22542285919189453,1327.0,baseline
1777618759.3238888,0.22545361518859863,1326.0,baseline
1777618759.323911,0.22547578811645508,1327.0,baseline
1777618759.323932,0.22549676895141602,1324.0,baseline
1777618759.3239539,0.22551870346069336,1323.0,baseline
1777618759.323981,0.22554588317871094,1326.0,baseline
1777618759.3240058,0.2255706787109375,1324.0,baseline
1777618759.3240268,0.22559165954589844,1326.0,baseline
1777618759.3240478,0.22561264038085938,1323.0,baseline
1777618759.32407,0.22563481330871582,1325.0,baseline
1777618759.324091,0.22565579414367676,1326.0,baseline
1777618759.324113,0.2256777286529541,1323.0,baseline
1777618759.3241339,0.22569870948791504,1324.0,baseline
1777618759.3241558,0.22572064399719238,1324.0,baseline
1777618759.3241768,0.22574162483215332,1324.0,baseline
1777618759.324199,0.22576379776000977,1325.0,baseline
1777618759.32422,0.2257847785949707,1327.0,baseline
1777618759.324241,0.22580575942993164,1324.0,baseline
1777618759.3242629,0.22582769393920898,1325.0,baseline
1777618759.3242838,0.22584867477416992,1326.0,baseline
1777618759.3243048,0.22586965560913086,1325.0,baseline
1777618759.324327,0.2258918285369873,1323.0,baseline
1777618759.324348,0.22591280937194824,1323.0,baseline
1777618759.324369,0.22593379020690918,1324.0,baseline
1777618759.324391,0.22595572471618652,1320.0,baseline
1777618759.3244119,0.22597670555114746,1323.0,baseline
1777618759.3244338,0.2259986400604248,1325.0,baseline
1777618759.324461,0.22602581977844238,1323.0,baseline
1777618759.324485,0.22604990005493164,1322.0,baseline
1777618759.324506,0.22607088088989258,1319.0,baseline
1777618759.3245282,0.22609305381774902,1319.0,baseline
1777618759.3245492,0.22611403465270996,1323.0,baseline
1777618759.324571,0.2261357307434082,1323.0,baseline
1777618759.324592,0.22615694999694824,1322.0,baseline
1777618759.3246138,0.22617864608764648,1324.0,baseline
1777618759.3246348,0.22619962692260742,1324.0,baseline
1777618759.324656,0.22622084617614746,1326.0,baseline
1777618759.324678,0.2262427806854248,1325.0,baseline
1777618759.324699,0.22626376152038574,1326.0,baseline
1777618759.3247201,0.22628498077392578,1323.0,baseline
1777618759.3247418,0.22630667686462402,1322.0,baseline
1777618759.3247628,0.22632765769958496,1320.0,baseline
1777618759.324785,0.2263498306274414,1320.0,baseline
1777618759.324806,0.22637081146240234,1319.0,baseline
1777618759.324827,0.22639179229736328,1323.0,baseline
1777618759.324849,0.22641372680664062,1324.0,baseline
1777618759.3248699,0.22643470764160156,1321.0,baseline
1777618759.3248909,0.2264556884765625,1322.0,baseline
1777618759.3249128,0.22647762298583984,1319.0,baseline
1777618759.324934,0.22649884223937988,1324.0,baseline
1777618759.324961,0.22652578353881836,1323.0,baseline
1777618759.324985,0.22654986381530762,1323.0,baseline
1777618759.3250072,0.22657203674316406,1319.0,baseline
1777618759.3250282,0.226593017578125,1321.0,baseline
1777618759.3250492,0.22661399841308594,1324.0,baseline
1777618759.325071,0.22663593292236328,1320.0,baseline
1777618759.325092,0.22665691375732422,1322.0,baseline
1777618759.325114,0.22667884826660156,1324.0,baseline
1777618759.325135,0.2266998291015625,1323.0,baseline
1777618759.3251572,0.22672200202941895,1323.0,baseline
1777618759.3251781,0.22674298286437988,1323.0,baseline
1777618759.3251991,0.22676396369934082,1319.0,baseline
1777618759.325221,0.22678589820861816,1322.0,baseline
1777618759.325242,0.2268068790435791,1322.0,baseline
1777618759.325263,0.22682785987854004,1324.0,baseline
1777618759.3252852,0.22685003280639648,1326.0,baseline
1777618759.3253062,0.22687101364135742,1320.0,baseline
1777618759.3253272,0.22689199447631836,1321.0,baseline
1777618759.325349,0.2269139289855957,1323.0,baseline
1777618759.32537,0.22693490982055664,1326.0,baseline
1777618759.325391,0.22695589065551758,1323.0,baseline
1777618759.3254132,0.22697806358337402,1321.0,baseline
1777618759.32544,0.2270047664642334,1320.0,baseline
1777618759.325464,0.22702884674072266,1317.0,baseline
1777618759.3254862,0.2270510196685791,1319.0,baseline
1777618759.3255098,0.22707462310791016,1317.0,baseline
1777618759.3255308,0.2270956039428711,1322.0,baseline
1777618759.325553,0.22711777687072754,1320.0,baseline
1777618759.325574,0.22713875770568848,1319.0,baseline
1777618759.3255959,0.22716069221496582,1321.0,baseline
1777618759.3256168,0.22718167304992676,1319.0,baseline
1777618759.3256378,0.2272026538848877,1320.0,baseline
1777618759.32566,0.22722482681274414,1321.0,baseline
1777618759.325681,0.22724580764770508,1322.0,baseline
1777618759.325703,0.22726774215698242,1319.0,baseline
1777618759.325724,0.22728872299194336,1321.0,baseline
1777618759.3257449,0.2273097038269043,1322.0,baseline
1777618759.3257668,0.22733163833618164,1323.0,baseline
1777618759.325788,0.22735285758972168,1320.0,baseline
1777618759.32581,0.22737479209899902,1320.0,baseline
1777618759.325831,0.22739577293395996,1324.0,baseline
1777618759.325852,0.2274167537689209,1324.0,baseline
1777618759.3258739,0.22743868827819824,1322.0,baseline
1777618759.3258948,0.22745966911315918,1322.0,baseline
1777618759.3259158,0.22748064994812012,1319.0,baseline
1777618759.325944,0.2275087833404541,1321.0,baseline
1777618759.325969,0.22753381729125977,1319.0,baseline
1777618759.32599,0.2275547981262207,1318.0,baseline
1777618759.326011,0.22757577896118164,1323.0,baseline
1777618759.3260329,0.22759771347045898,1323.0,baseline
1777618759.3260539,0.22761869430541992,1322.0,baseline
1777618759.3260758,0.22764062881469727,1319.0,baseline
1777618759.326097,0.2276618480682373,1320.0,baseline
1777618759.326118,0.22768282890319824,1319.0,baseline
1777618759.32614,0.22770476341247559,1322.0,baseline
1777618759.326161,0.22772574424743652,1319.0,baseline
1777618759.326182,0.22774672508239746,1323.0,baseline
1777618759.3262029,0.2277677059173584,1323.0,baseline
1777618759.3262248,0.22778964042663574,1322.0,baseline
1777618759.3262458,0.22781062126159668,1321.0,baseline
1777618759.326268,0.22783279418945312,1321.0,baseline
1777618759.326289,0.22785377502441406,1321.0,baseline
1777618759.32631,0.227874755859375,1321.0,baseline
1777618759.3263319,0.22789669036865234,1320.0,baseline
1777618759.3263528,0.22791767120361328,1322.0,baseline
1777618759.3263738,0.22793865203857422,1323.0,baseline
1777618759.326396,0.22796082496643066,1322.0,baseline
1777618759.326423,0.22798776626586914,1319.0,baseline
1777618759.3264482,0.2280130386352539,1319.0,baseline
1777618759.3264692,0.22803401947021484,1318.0,baseline
1777618759.3264909,0.22805571556091309,1318.0,baseline
1777618759.3265128,0.22807765007019043,1317.0,baseline
1777618759.3265338,0.22809863090515137,1319.0,baseline
1777618759.326556,0.2281208038330078,1321.0,baseline
1777618759.326577,0.22814178466796875,1318.0,baseline
1777618759.326598,0.2281627655029297,1318.0,baseline
1777618759.3266199,0.22818470001220703,1317.0,baseline
1777618759.3266408,0.22820568084716797,1322.0,baseline
1777618759.326663,0.22822785377502441,1318.0,baseline
1777618759.326684,0.22824883460998535,1319.0,baseline
1777618759.326706,0.2282707691192627,1318.0,baseline
1777618759.326727,0.22829174995422363,1317.0,baseline
1777618759.326748,0.22831273078918457,1321.0,baseline
1777618759.3267698,0.22833466529846191,1319.0,baseline
1777618759.3267908,0.22835564613342285,1321.0,baseline
1777618759.3268118,0.2283766269683838,1319.0,baseline
1777618759.326834,0.22839879989624023,1322.0,baseline
1777618759.326855,0.22841978073120117,1324.0,baseline
1777618759.3268769,0.22844171524047852,1323.0,baseline
1777618759.326904,0.2284688949584961,1319.0,baseline
1777618759.326926,0.22849082946777344,1316.0,baseline
1777618759.326951,0.2285158634185791,1317.0,baseline
1777618759.326972,0.22853684425354004,1316.0,baseline
1777618759.326993,0.22855782508850098,1323.0,baseline
1777618759.327015,0.22857975959777832,1324.0,baseline
1777618759.327036,0.22860074043273926,1324.0,baseline
1777618759.327057,0.2286217212677002,1324.0,baseline
1777618759.3270788,0.22864365577697754,1323.0,baseline
1777618759.3270998,0.22866463661193848,1324.0,baseline
1777618759.32713,0.22869491577148438,1322.0,baseline
1777618759.327152,0.22871685028076172,1320.0,baseline
1777618759.327174,0.22873878479003906,1319.0,baseline
1777618759.327196,0.2287607192993164,1319.0,baseline
1777618759.3272169,0.22878170013427734,1320.0,baseline
1777618759.3272378,0.22880268096923828,1317.0,baseline
1777618759.32726,0.22882485389709473,1321.0,baseline
1777618759.327281,0.22884583473205566,1319.0,baseline
1777618759.327303,0.228867769241333,1318.0,baseline
1777618759.327324,0.22888875007629395,1316.0,baseline
1777618759.3273458,0.2289106845855713,1316.0,baseline
1777618759.3273668,0.22893166542053223,1319.0,baseline
1777618759.327389,0.22895383834838867,1319.0,baseline
1777618759.3274162,0.22898101806640625,1323.0,baseline
1777618759.3274398,0.2290046215057373,1325.0,baseline
1777618759.327462,0.22902679443359375,1324.0,baseline
1777618759.327483,0.2290477752685547,1323.0,baseline
1777618759.327504,0.22906875610351562,1320.0,baseline
1777618759.3275259,0.22909069061279297,1317.0,baseline
1777618759.3275468,0.2291116714477539,1320.0,baseline
1777618759.327569,0.22913384437561035,1319.0,baseline
1777618759.32759,0.2291548252105713,1315.0,baseline
1777618759.327612,0.22917675971984863,1318.0,baseline
1777618759.327633,0.22919774055480957,1317.0,baseline
1777618759.3276548,0.22921967506408691,1319.0,baseline
1777618759.3276758,0.22924065589904785,1318.0,baseline
1777618759.327698,0.2292628288269043,1320.0,baseline
1777618759.327719,0.22928380966186523,1322.0,baseline
1777618759.32774,0.22930479049682617,1318.0,baseline
1777618759.327762,0.22932672500610352,1320.0,baseline
1777618759.3277829,0.22934770584106445,1321.0,baseline
1777618759.327805,0.2293698787689209,1323.0,baseline
1777618759.327826,0.22939085960388184,1324.0,baseline
1777618759.327848,0.22941279411315918,1320.0,baseline
1777618759.327869,0.22943377494812012,1322.0,baseline
1777618759.327896,0.2294609546661377,1322.0,baseline
1777618759.327921,0.22948575019836426,1324.0,baseline
1777618759.327942,0.2295067310333252,1320.0,baseline
1777618759.3279638,0.22952866554260254,1320.0,baseline
1777618759.3279848,0.22954964637756348,1322.0,baseline
1777618759.328007,0.22957181930541992,1319.0,baseline
1777618759.328028,0.22959280014038086,1319.0,baseline
1777618759.32805,0.2296147346496582,1317.0,baseline
1777618759.3280709,0.22963571548461914,1318.0,baseline
1777618759.3280919,0.22965669631958008,1316.0,baseline
1777618759.328114,0.22967886924743652,1322.0,baseline
1777618759.328135,0.22969985008239746,1321.0,baseline
1777618759.328157,0.2297217845916748,1320.0,baseline
1777618759.328178,0.22974276542663574,1319.0,baseline
1777618759.3281999,0.22976469993591309,1319.0,baseline
1777618759.328222,0.22978687286376953,1319.0,baseline
1777618759.328243,0.22980785369873047,1317.0,baseline
1777618759.328265,0.2298297882080078,1318.0,baseline
1777618759.328286,0.22985076904296875,1320.0,baseline
1777618759.32831,0.229874849319458,1323.0,baseline
1777618759.328331,0.22989583015441895,1320.0,baseline
1777618759.328353,0.2299177646636963,1319.0,baseline
1777618759.328374,0.22993874549865723,1324.0,baseline
1777618759.3284018,0.2299666404724121,1319.0,baseline
1777618759.328426,0.22999072074890137,1320.0,baseline
1777618759.328448,0.2300128936767578,1318.0,baseline
1777618759.328469,0.23003387451171875,1319.0,baseline
1777618759.328491,0.2300558090209961,1321.0,baseline
1777618759.328513,0.23007774353027344,1320.0,baseline
1777618759.3285341,0.23009896278381348,1324.0,baseline
1777618759.328556,0.23012089729309082,1324.0,baseline
1777618759.328577,0.23014187812805176,1321.0,baseline
1777618759.328599,0.2301638126373291,1320.0,baseline
1777618759.32862,0.23018479347229004,1322.0,baseline
1777618759.328641,0.23020577430725098,1319.0,baseline
1777618759.328663,0.23022794723510742,1319.0,baseline
1777618759.328684,0.23024892807006836,1317.0,baseline
1777618759.328705,0.2302699089050293,1317.0,baseline
1777618759.328727,0.23029184341430664,1322.0,baseline
1777618759.328748,0.23031282424926758,1320.0,baseline
1777618759.3287702,0.23033499717712402,1324.0,baseline
1777618759.3287911,0.23035597801208496,1318.0,baseline
1777618759.328813,0.2303779125213623,1317.0,baseline
1777618759.328834,0.23039889335632324,1321.0,baseline
1777618759.328856,0.23042082786560059,1322.0,baseline
1777618759.328883,0.23044776916503906,1321.0,baseline
1777618759.328907,0.23047184944152832,1322.0,baseline
1777618759.328929,0.23049378395080566,1324.0,baseline
1777618759.32895,0.2305147647857666,1322.0,baseline
1777618759.328972,0.23053693771362305,1322.0,baseline
1777618759.328993,0.23055791854858398,1323.0,baseline
1777618759.329014,0.23057889938354492,1324.0,baseline
1777618759.329036,0.23060083389282227,1323.0,baseline
1777618759.329057,0.2306218147277832,1323.0,baseline
1777618759.3290792,0.23064398765563965,1324.0,baseline
1777618759.329101,0.230665922164917,1322.0,baseline
1777618759.329123,0.23068785667419434,1321.0,baseline
1777618759.329144,0.23070883750915527,1317.0,baseline
1777618759.3291662,0.23073101043701172,1317.0,baseline
1777618759.3291872,0.23075199127197266,1320.0,baseline
1777618759.329209,0.23077392578125,1319.0,baseline
1777618759.32923,0.23079490661621094,1317.0,baseline
1777618759.329254,0.2308187484741211,1321.0,baseline
1777618759.329275,0.23083972930908203,1323.0,baseline
1777618759.3292968,0.23086166381835938,1321.0,baseline
1777618759.3293178,0.2308826446533203,1324.0,baseline
1777618759.3293388,0.23090362548828125,1324.0,baseline
1777618759.329367,0.23093175888061523,1322.0,baseline
1777618759.329391,0.2309558391571045,1323.0,baseline
1777618759.3294148,0.23097968101501465,1322.0,baseline
1777618759.3294358,0.23100066184997559,1321.0,baseline
1777618759.329458,0.23102283477783203,1321.0,baseline
1777618759.329479,0.23104381561279297,1320.0,baseline
1777618759.329501,0.2310657501220703,1321.0,baseline
1777618759.3295228,0.23108768463134766,1322.0,baseline
1777618759.3295438,0.2311086654663086,1321.0,baseline
1777618759.3295648,0.23112964630126953,1322.0,baseline
1777618759.329587,0.23115181922912598,1324.0,baseline
1777618759.329608,0.23117280006408691,1323.0,baseline
1777618759.32963,0.23119473457336426,1321.0,baseline
1777618759.3296509,0.2312157154083252,1321.0,baseline
1777618759.3296719,0.23123669624328613,1322.0,baseline
1777618759.329694,0.23125886917114258,1320.0,baseline
1777618759.329718,0.23128294944763184,1318.0,baseline
1777618759.329739,0.23130393028259277,1323.0,baseline
1777618759.32976,0.2313249111175537,1322.0,baseline
1777618759.329782,0.23134684562683105,1322.0,baseline
1777618759.329803,0.231367826461792,1318.0,baseline
1777618759.329824,0.23138880729675293,1318.0,baseline
1777618759.329845,0.23140978813171387,1319.0,baseline
1777618759.3298728,0.23143768310546875,1319.0,baseline
1777618759.3298979,0.23146271705627441,1321.0,baseline
1777618759.3299189,0.23148369789123535,1319.0,baseline
1777618759.329941,0.2315058708190918,1319.0,baseline
1777618759.329962,0.23152685165405273,1319.0,baseline
1777618759.329983,0.23154783248901367,1321.0,baseline
1777618759.330005,0.23156976699829102,1317.0,baseline
1777618759.330026,0.23159074783325195,1322.0,baseline
1777618759.330047,0.2316117286682129,1324.0,baseline
1777618759.330069,0.23163390159606934,1323.0,baseline
1777618759.33009,0.23165488243103027,1318.0,baseline
1777618759.330112,0.23167681694030762,1317.0,baseline
1777618759.330133,0.23169779777526855,1318.0,baseline
1777618759.330154,0.2317187786102295,1317.0,baseline
1777618759.330176,0.23174095153808594,1318.0,baseline
1777618759.330197,0.23176193237304688,1320.0,baseline
1777618759.330219,0.23178386688232422,1321.0,baseline
1777618759.33024,0.23180484771728516,1321.0,baseline
1777618759.330262,0.2318267822265625,1320.0,baseline
1777618759.330283,0.23184776306152344,1318.0,baseline
1777618759.330305,0.23186993598937988,1319.0,baseline
1777618759.330326,0.23189091682434082,1319.0,baseline
1777618759.3303528,0.2319176197052002,1319.0,baseline
1777618759.330378,0.23194289207458496,1320.0,baseline
1777618759.330409,0.23197388648986816,1319.0,baseline
1777618759.330431,0.2319958209991455,1320.0,baseline
1777618759.330453,0.23201775550842285,1322.0,baseline
1777618759.330475,0.2320399284362793,1320.0,baseline
1777618759.330496,0.23206090927124023,1318.0,baseline
1777618759.330518,0.23208284378051758,1320.0,baseline
1777618759.330539,0.23210382461547852,1320.0,baseline
1777618759.330561,0.23212575912475586,1318.0,baseline
1777618759.330582,0.2321467399597168,1317.0,baseline
1777618759.3306031,0.23216795921325684,1317.0,baseline
1777618759.330625,0.23218989372253418,1316.0,baseline
1777618759.330646,0.23221087455749512,1316.0,baseline
1777618759.33067,0.23223495483398438,1320.0,baseline
1777618759.330692,0.23225688934326172,1320.0,baseline
1777618759.330713,0.23227787017822266,1321.0,baseline
1777618759.3307352,0.2323000431060791,1317.0,baseline
1777618759.3307562,0.23232102394104004,1322.0,baseline
1777618759.3307781,0.23234295845031738,1318.0,baseline
1777618759.330799,0.23236393928527832,1317.0,baseline
1777618759.330821,0.23238587379455566,1317.0,baseline
1777618759.330843,0.232407808303833,1317.0,baseline
1777618759.330869,0.23243379592895508,1319.0,baseline
1777618759.3308952,0.23246002197265625,1319.0,baseline
1777618759.3309171,0.2324819564819336,1318.0,baseline
1777618759.330938,0.23250293731689453,1316.0,baseline
1777618759.3309598,0.23252463340759277,1317.0,baseline
1777618759.330981,0.2325458526611328,1317.0,baseline
1777618759.331003,0.23256778717041016,1317.0,baseline
1777618759.331024,0.2325887680053711,1322.0,baseline
1777618759.3310452,0.23260998725891113,1321.0,baseline
1777618759.3310668,0.23263168334960938,1319.0,baseline
1777618759.3310878,0.2326526641845703,1319.0,baseline
1777618759.33111,0.23267483711242676,1321.0,baseline
1777618759.331131,0.2326958179473877,1321.0,baseline
1777618759.331152,0.23271679878234863,1320.0,baseline
1777618759.331174,0.23273873329162598,1325.0,baseline
1777618759.3311949,0.23275971412658691,1321.0,baseline
1777618759.3312159,0.23278069496154785,1322.0,baseline
1777618759.3312378,0.2328026294708252,1319.0,baseline
1777618759.3312588,0.23282361030578613,1317.0,baseline
1777618759.3312798,0.23284459114074707,1315.0,baseline
1777618759.331302,0.23286676406860352,1316.0,baseline
1777618759.331323,0.23288774490356445,1318.0,baseline
1777618759.33135,0.23291492462158203,1320.0,baseline
1777618759.3313742,0.2329390048980713,1322.0,baseline
1777618759.331396,0.23296093940734863,1319.0,baseline
1777618759.331417,0.23298192024230957,1318.0,baseline
1777618759.331438,0.2330029010772705,1317.0,baseline
1777618759.33146,0.23302483558654785,1319.0,baseline
1777618759.331481,0.2330458164215088,1322.0,baseline
1777618759.3315032,0.23306798934936523,1320.0,baseline
1777618759.3315241,0.23308897018432617,1318.0,baseline
1777618759.331546,0.23311090469360352,1316.0,baseline
1777618759.331567,0.23313188552856445,1316.0,baseline
1777618759.331591,0.2331557273864746,1316.0,baseline
1777618759.3316119,0.23317670822143555,1317.0,baseline
1777618759.3316338,0.2331986427307129,1317.0,baseline
1777618759.331655,0.23321986198425293,1317.0,baseline
1777618759.331676,0.23324084281921387,1321.0,baseline
1777618759.331698,0.2332627773284912,1320.0,baseline
1777618759.331719,0.23328375816345215,1322.0,baseline
1777618759.33174,0.23330473899841309,1319.0,baseline
1777618759.3317618,0.23332667350769043,1319.0,baseline
1777618759.3317828,0.23334765434265137,1319.0,baseline
1777618759.331805,0.2333698272705078,1320.0,baseline
1777618759.331826,0.23339080810546875,1323.0,baseline
1777618759.3318532,0.23341798782348633,1320.0,baseline
1777618759.331878,0.2334427833557129,1320.0,baseline
1777618759.331899,0.23346376419067383,1318.0,baseline
1777618759.33192,0.23348474502563477,1315.0,baseline
1777618759.3319418,0.2335066795349121,1316.0,baseline
1777618759.3319628,0.23352766036987305,1318.0,baseline
1777618759.3319838,0.23354864120483398,1319.0,baseline
1777618759.332006,0.23357081413269043,1315.0,baseline
1777618759.332027,0.23359179496765137,1316.0,baseline
1777618759.332048,0.2336127758026123,1315.0,baseline
1777618759.3320699,0.23363471031188965,1317.0,baseline
1777618759.3320909,0.23365569114685059,1316.0,baseline
1777618759.3321128,0.23367762565612793,1316.0,baseline
1777618759.3321338,0.23369860649108887,1317.0,baseline
1777618759.332155,0.2337198257446289,1318.0,baseline
1777618759.332176,0.23374080657958984,1319.0,baseline
1777618759.332198,0.2337627410888672,1317.0,baseline
1777618759.332219,0.23378372192382812,1317.0,baseline
1777618759.3322399,0.23380470275878906,1318.0,baseline
1777618759.3322618,0.2338266372680664,1317.0,baseline
1777618759.3322828,0.23384761810302734,1316.0,baseline
1777618759.3323038,0.23386859893798828,1318.0,baseline
1777618759.3323321,0.23389697074890137,1319.0,baseline
1777618759.332355,0.23391985893249512,1316.0,baseline
1777618759.332376,0.23394083976745605,1316.0,baseline
1777618759.3323982,0.2339630126953125,1316.0,baseline
1777618759.3324192,0.23398399353027344,1316.0,baseline
1777618759.332441,0.23400592803955078,1321.0,baseline
1777618759.332462,0.23402690887451172,1321.0,baseline
1777618759.332483,0.23404788970947266,1324.0,baseline
1777618759.332505,0.23406982421875,1321.0,baseline
1777618759.332526,0.23409080505371094,1319.0,baseline
1777618759.3325481,0.23411297798156738,1317.0,baseline
1777618759.3325691,0.23413395881652832,1317.0,baseline
1777618759.33259,0.23415493965148926,1316.0,baseline
1777618759.332612,0.2341768741607666,1317.0,baseline
1777618759.332633,0.23419785499572754,1318.0,baseline
1777618759.332654,0.23421883583068848,1314.0,baseline
1777618759.3326762,0.23424100875854492,1318.0,baseline
1777618759.3326972,0.23426198959350586,1315.0,baseline
1777618759.332719,0.2342839241027832,1316.0,baseline
1777618759.33274,0.23430490493774414,1319.0,baseline
1777618759.332762,0.23432683944702148,1317.0,baseline
1777618759.3327832,0.23434805870056152,1318.0,baseline
1777618759.33281,0.2343747615814209,1316.0,baseline
1777618759.332834,0.23439884185791016,1321.0,baseline
1777618759.3328562,0.2344210147857666,1323.0,baseline
1777618759.3328772,0.23444199562072754,1321.0,baseline
1777618759.3328981,0.23446297645568848,1319.0,baseline
1777618759.3329191,0.23448395729064941,1317.0,baseline
1777618759.332941,0.23450589179992676,1318.0,baseline
1777618759.332962,0.2345268726348877,1318.0,baseline
1777618759.332986,0.23455095291137695,1319.0,baseline
1777618759.3330078,0.2345726490020752,1317.0,baseline
1777618759.333029,0.23459386825561523,1322.0,baseline
1777618759.33305,0.23461484909057617,1323.0,baseline
1777618759.333072,0.23463678359985352,1323.0,baseline
1777618759.3330932,0.23465800285339355,1320.0,baseline
1777618759.3331149,0.2346796989440918,1320.0,baseline
1777618759.3331358,0.23470067977905273,1320.0,baseline
1777618759.3331578,0.23472261428833008,1319.0,baseline
1777618759.333179,0.23474383354187012,1319.0,baseline
1777618759.333201,0.23476576805114746,1316.0,baseline
1777618759.333222,0.2347867488861084,1316.0,baseline
1777618759.333243,0.23480772972106934,1315.0,baseline
1777618759.3332648,0.23482966423034668,1316.0,baseline
1777618759.3332858,0.23485064506530762,1315.0,baseline
1777618759.333314,0.2348787784576416,1318.0,baseline
1777618759.333338,0.23490285873413086,1320.0,baseline
1777618759.3333602,0.2349250316619873,1316.0,baseline
1777618759.3333812,0.23494601249694824,1318.0,baseline
1777618759.3334029,0.23496770858764648,1317.0,baseline
1777618759.333424,0.23498892784118652,1317.0,baseline
1777618759.3334458,0.23501062393188477,1320.0,baseline
1777618759.3334668,0.2350316047668457,1318.0,baseline
1777618759.333489,0.23505377769470215,1317.0,baseline
1777618759.33351,0.23507475852966309,1315.0,baseline
1777618759.3335319,0.23509669303894043,1315.0,baseline
1777618759.3335528,0.23511767387390137,1316.0,baseline
1777618759.333576,0.23514080047607422,1316.0,baseline
1777618759.333599,0.23516392707824707,1316.0,baseline
1777618759.333633,0.2351977825164795,1317.0,baseline
1777618759.3336692,0.23523402214050293,1317.0,baseline
1777618759.333691,0.23525571823120117,1316.0,baseline
1777618759.333714,0.23527884483337402,1316.0,baseline
1777618759.333735,0.23529982566833496,1317.0,baseline
1777618759.333757,0.2353217601776123,1317.0,baseline
1777618759.333778,0.23534274101257324,1317.0,baseline
1777618759.3337998,0.23536467552185059,1317.0,baseline
1777618759.333824,0.23538875579833984,1320.0,baseline
1777618759.3338492,0.2354140281677246,1318.0,baseline
1777618759.3338711,0.23543596267700195,1319.0,baseline
1777618759.333892,0.2354569435119629,1315.0,baseline
1777618759.333913,0.23547792434692383,1314.0,baseline
1777618759.333935,0.23549985885620117,1316.0,baseline
1777618759.333956,0.2355208396911621,1316.0,baseline
1777618759.3339782,0.23554301261901855,1316.0,baseline
1777618759.3339992,0.2355639934539795,1319.0,baseline
1777618759.334021,0.23558592796325684,1320.0,baseline
1777618759.334042,0.23560690879821777,1320.0,baseline
1777618759.3340642,0.23562908172607422,1317.0,baseline
1777618759.3340852,0.23565006256103516,1316.0,baseline
1777618759.334107,0.2356717586517334,1317.0,baseline
1777618759.3341281,0.23569297790527344,1317.0,baseline
1777618759.3341498,0.23571467399597168,1316.0,baseline
1777618759.3341708,0.23573565483093262,1317.0,baseline
1777618759.334193,0.23575782775878906,1318.0,baseline
1777618759.334215,0.2357797622680664,1319.0,baseline
1777618759.334236,0.23580074310302734,1321.0,baseline
1777618759.334257,0.23582172393798828,1317.0,baseline
1777618759.3342788,0.23584365844726562,1316.0,baseline
1777618759.334303,0.23586773872375488,1316.0,baseline
1777618759.334327,0.23589181900024414,1318.0,baseline
1777618759.3343492,0.23591399192810059,1317.0,baseline
1777618759.3343701,0.23593497276306152,1317.0,baseline
1777618759.334391,0.23595595359802246,1317.0,baseline
1777618759.334413,0.2359778881072998,1317.0,baseline
1777618759.334434,0.23599886894226074,1316.0,baseline
1777618759.334456,0.23602080345153809,1315.0,baseline
1777618759.334477,0.23604178428649902,1316.0,baseline
1777618759.3344991,0.23606395721435547,1316.0,baseline
1777618759.33452,0.2360849380493164,1318.0,baseline
1777618759.334542,0.23610687255859375,1318.0,baseline
1777618759.334563,0.2361278533935547,1317.0,baseline
1777618759.3345852,0.23615002632141113,1316.0,baseline
1777618759.3346062,0.23617100715637207,1317.0,baseline
1777618759.334628,0.23619294166564941,1317.0,baseline
1777618759.334649,0.23621392250061035,1314.0,baseline
1777618759.33467,0.2362349033355713,1316.0,baseline
1777618759.334691,0.23625588417053223,1315.0,baseline
1777618759.334713,0.23627781867980957,1319.0,baseline
1777618759.334734,0.2362987995147705,1320.0,baseline
1777618759.3347552,0.23632001876831055,1321.0,baseline
1777618759.33478,0.2363448143005371,1319.0,baseline
1777618759.3348029,0.23636770248413086,1319.0,baseline
1777618759.334825,0.2363898754119873,1320.0,baseline
1777618759.334846,0.23641085624694824,1317.0,baseline
1777618759.334868,0.23643279075622559,1316.0,baseline
1777618759.334889,0.23645377159118652,1318.0,baseline
1777618759.3349109,0.23647570610046387,1319.0,baseline
1777618759.3349319,0.2364966869354248,1316.0,baseline
1777618759.334954,0.23651885986328125,1316.0,baseline
1777618759.334975,0.2365398406982422,1316.0,baseline
1777618759.334997,0.23656177520751953,1316.0,baseline
1777618759.335018,0.23658275604248047,1320.0,baseline
1777618759.335039,0.2366037368774414,1317.0,baseline
1777618759.335061,0.23662590980529785,1317.0,baseline
1777618759.335082,0.2366468906402588,1315.0,baseline
1777618759.335104,0.23666882514953613,1314.0,baseline
1777618759.335125,0.23668980598449707,1316.0,baseline
1777618759.335146,0.236710786819458,1318.0,baseline
1777618759.335168,0.23673272132873535,1322.0,baseline
1777618759.335189,0.2367539405822754,1321.0,baseline
1777618759.335211,0.23677587509155273,1315.0,baseline
1777618759.335232,0.23679685592651367,1317.0,baseline
1777618759.335259,0.23682379722595215,1318.0,baseline
1777618759.335283,0.2368478775024414,1317.0,baseline
1777618759.335304,0.23686885833740234,1315.0,baseline
1777618759.335326,0.2368907928466797,1316.0,baseline
1777618759.33535,0.23691487312316895,1316.0,baseline
1777618759.335371,0.23693585395812988,1316.0,baseline
1777618759.335392,0.23695683479309082,1315.0,baseline
1777618759.335414,0.23697876930236816,1315.0,baseline
1777618759.335435,0.2369997501373291,1316.0,baseline
1777618759.335457,0.23702192306518555,1316.0,baseline
1777618759.335478,0.23704290390014648,1319.0,baseline
1777618759.335499,0.23706388473510742,1316.0,baseline
1777618759.335521,0.23708581924438477,1318.0,baseline
1777618759.335542,0.2371068000793457,1317.0,baseline
1777618759.335563,0.23712778091430664,1317.0,baseline
1777618759.335585,0.23714995384216309,1316.0,baseline
1777618759.335606,0.23717093467712402,1316.0,baseline
1777618759.335627,0.23719191551208496,1316.0,baseline
1777618759.335649,0.2372138500213623,1315.0,baseline
1777618759.33567,0.23723483085632324,1315.0,baseline
1777618759.335691,0.23725581169128418,1317.0,baseline
1777618759.335713,0.23727774620056152,1317.0,baseline
1777618759.3357341,0.23729896545410156,1317.0,baseline
1777618759.335762,0.23732686042785645,1315.0,baseline
1777618759.335784,0.2373487949371338,1316.0,baseline
1777618759.335805,0.23736977577209473,1315.0,baseline
1777618759.3358269,0.23739171028137207,1317.0,baseline
1777618759.3358479,0.237412691116333,1315.0,baseline
1777618759.33587,0.23743486404418945,1316.0,baseline
1777618759.335891,0.2374558448791504,1316.0,baseline
1777618759.335912,0.23747682571411133,1317.0,baseline
1777618759.335934,0.23749876022338867,1316.0,baseline
1777618759.335955,0.2375197410583496,1315.0,baseline
1777618759.335976,0.23754072189331055,1316.0,baseline
1777618759.335998,0.237562894821167,1315.0,baseline
1777618759.33602,0.23758482933044434,1318.0,baseline
1777618759.3360431,0.2376079559326172,1317.0,baseline
1777618759.336065,0.23762989044189453,1317.0,baseline
1777618759.336087,0.23765182495117188,1316.0,baseline
1777618759.336108,0.2376728057861328,1315.0,baseline
1777618759.336129,0.23769378662109375,1317.0,baseline
1777618759.3361511,0.2377159595489502,1316.0,baseline
1777618759.336172,0.23773694038391113,1317.0,baseline
1777618759.336193,0.23775792121887207,1315.0,baseline
1777618759.336215,0.23777985572814941,1315.0,baseline
1777618759.336242,0.2378067970275879,1315.0,baseline
1777618759.336266,0.23783087730407715,1315.0,baseline
1777618759.336288,0.2378528118133545,1317.0,baseline
1777618759.336309,0.23787379264831543,1318.0,baseline
1777618759.336331,0.23789572715759277,1318.0,baseline
1777618759.336352,0.2379169464111328,1315.0,baseline
1777618759.336373,0.23793792724609375,1315.0,baseline
1777618759.336395,0.2379598617553711,1318.0,baseline
1777618759.336416,0.23798084259033203,1315.0,baseline
1777618759.336437,0.23800182342529297,1316.0,baseline
1777618759.336459,0.2380237579345703,1316.0,baseline
1777618759.33648,0.23804473876953125,1317.0,baseline
1777618759.336501,0.2380657196044922,1317.0,baseline
1777618759.336523,0.23808789253234863,1317.0,baseline
1777618759.336544,0.23810887336730957,1316.0,baseline
1777618759.336565,0.2381298542022705,1315.0,baseline
1777618759.336586,0.23815083503723145,1316.0,baseline
1777618759.336608,0.2381727695465088,1316.0,baseline
1777618759.336629,0.23819375038146973,1316.0,baseline
1777618759.33665,0.23821473121643066,1316.0,baseline
1777618759.336672,0.2382369041442871,1318.0,baseline
1777618759.336693,0.23825788497924805,1315.0,baseline
1777618759.33672,0.23828482627868652,1318.0,baseline
1777618759.3367438,0.23830866813659668,1319.0,baseline
1777618759.3367648,0.23832964897155762,1315.0,baseline
1777618759.336787,0.23835182189941406,1317.0,baseline
1777618759.336808,0.238372802734375,1319.0,baseline
1777618759.33683,0.23839473724365234,1316.0,baseline
1777618759.336851,0.23841571807861328,1315.0,baseline
1777618759.3368719,0.23843669891357422,1315.0,baseline
1777618759.336894,0.23845887184143066,1317.0,baseline
1777618759.33693,0.238494873046875,1316.0,baseline
1777618759.336951,0.23851585388183594,1316.0,baseline
1777618759.336973,0.23853778839111328,1316.0,baseline
1777618759.336994,0.23855876922607422,1316.0,baseline
1777618759.337016,0.23858094215393066,1315.0,baseline
1777618759.337037,0.2386019229888916,1319.0,baseline
1777618759.337058,0.23862290382385254,1319.0,baseline
1777618759.33708,0.23864483833312988,1316.0,baseline
1777618759.337101,0.23866581916809082,1316.0,baseline
1777618759.3371232,0.23868799209594727,1317.0,baseline
1777618759.3371441,0.2387089729309082,1318.0,baseline
1777618759.337166,0.23873090744018555,1318.0,baseline
1777618759.337187,0.23875188827514648,1316.0,baseline
1777618759.337208,0.23877286911010742,1317.0,baseline
1777618759.337236,0.2388007640838623,1316.0,baseline
1777618759.33726,0.23882484436035156,1316.0,baseline
1777618759.337282,0.2388467788696289,1315.0,baseline
1777618759.337303,0.23886775970458984,1318.0,baseline
1777618759.3373241,0.23888897895812988,1317.0,baseline
1777618759.337346,0.23891091346740723,1314.0,baseline
1777618759.337367,0.23893189430236816,1317.0,baseline
1777618759.337389,0.2389538288116455,1315.0,baseline
1777618759.33741,0.23897480964660645,1316.0,baseline
1777618759.3374321,0.2389969825744629,1316.0,baseline
1777618759.3374531,0.23901796340942383,1319.0,baseline
1777618759.337474,0.23903894424438477,1315.0,baseline
1777618759.337496,0.2390608787536621,1317.0,baseline
1777618759.337518,0.23908281326293945,1315.0,baseline
1777618759.337539,0.2391037940979004,1317.0,baseline
1777618759.3375602,0.23912501335144043,1315.0,baseline
1777618759.337582,0.23914694786071777,1314.0,baseline
1777618759.337603,0.2391679286956787,1315.0,baseline
1777618759.337625,0.23918986320495605,1316.0,baseline
1777618759.337646,0.239210844039917,1316.0,baseline
1777618759.337667,0.23923182487487793,1316.0,baseline
1777618759.3376892,0.23925399780273438,1317.0,baseline
1777618759.3377159,0.23928070068359375,1316.0,baseline
1777618759.3377411,0.23930597305297852,1315.0,baseline
1777618759.337762,0.23932695388793945,1317.0,baseline
1777618759.337783,0.2393479347229004,1315.0,baseline
1777618759.337805,0.23936986923217773,1317.0,baseline
1777618759.337826,0.23939085006713867,1315.0,baseline
1777618759.337848,0.23941278457641602,1315.0,baseline
1777618759.3378692,0.23943400382995605,1316.0,baseline
1777618759.337891,0.2394559383392334,1314.0,baseline
1777618759.337912,0.23947691917419434,1314.0,baseline
1777618759.337933,0.23949790000915527,1315.0,baseline
1777618759.337955,0.23951983451843262,1316.0,baseline
1777618759.337976,0.23954081535339355,1317.0,baseline
1777618759.337997,0.2395617961883545,1316.0,baseline
1777618759.3380191,0.23958396911621094,1317.0,baseline
1777618759.33804,0.23960494995117188,1317.0,baseline
1777618759.338061,0.2396259307861328,1320.0,baseline
1777618759.338083,0.23964786529541016,1319.0,baseline
1777618759.338104,0.2396688461303711,1320.0,baseline
1777618759.338125,0.23968982696533203,1319.0,baseline
1777618759.3381472,0.23971199989318848,1318.0,baseline
1777618759.3381681,0.23973298072814941,1315.0,baseline
1777618759.3381948,0.2397596836090088,1316.0,baseline
1777618759.3382201,0.23978495597839355,1315.0,baseline
1777618759.338241,0.2398059368133545,1315.0,baseline
1777618759.338262,0.23982691764831543,1318.0,baseline
1777618759.338284,0.23984885215759277,1315.0,baseline
1777618759.338305,0.2398698329925537,1318.0,baseline
1777618759.338327,0.23989176750183105,1316.0,baseline
1777618759.3383482,0.2399129867553711,1317.0,baseline
1777618759.33837,0.23993492126464844,1318.0,baseline
1777618759.338391,0.23995590209960938,1315.0,baseline
1777618759.338412,0.2399768829345703,1315.0,baseline
1777618759.338434,0.23999881744384766,1313.0,baseline
1777618759.338455,0.2400197982788086,1316.0,baseline
1777618759.3384771,0.24004197120666504,1316.0,baseline
1777618759.338498,0.24006295204162598,1315.0,baseline
1777618759.33852,0.24008488655090332,1319.0,baseline
1777618759.338541,0.24010586738586426,1316.0,baseline
1777618759.338563,0.2401278018951416,1318.0,baseline
1777618759.338584,0.24014878273010254,1315.0,baseline
1777618759.338606,0.24017095565795898,1317.0,baseline
1777618759.338627,0.24019193649291992,1315.0,baseline
1777618759.338649,0.24021387100219727,1317.0,baseline
1777618759.33867,0.2402348518371582,1315.0,baseline
1777618759.338697,0.24026179313659668,1315.0,baseline
1777618759.338721,0.24028587341308594,1317.0,baseline
1777618759.338743,0.24030780792236328,1315.0,baseline
1777618759.338764,0.24032878875732422,1317.0,baseline
1777618759.338785,0.24034976959228516,1316.0,baseline
1777618759.338807,0.2403719425201416,1317.0,baseline
1777618759.338828,0.24039292335510254,1316.0,baseline
1777618759.338849,0.24041390419006348,1314.0,baseline
1777618759.338871,0.24043583869934082,1314.0,baseline
1777618759.338892,0.24045681953430176,1315.0,baseline
1777618759.338913,0.2404778003692627,1315.0,baseline
1777618759.3389351,0.24049997329711914,1314.0,baseline
1777618759.338956,0.24052095413208008,1317.0,baseline
1777618759.338978,0.24054288864135742,1315.0,baseline
1777618759.338999,0.24056386947631836,1315.0,baseline
1777618759.33902,0.2405848503112793,1316.0,baseline
1777618759.339042,0.24060678482055664,1316.0,baseline
1777618759.339063,0.24062776565551758,1315.0,baseline
1777618759.339087,0.24065184593200684,1316.0,baseline
1777618759.3391092,0.24067401885986328,1316.0,baseline
1777618759.3391302,0.24069499969482422,1315.0,baseline
1777618759.3391519,0.24071669578552246,1315.0,baseline
1777618759.339178,0.24074292182922363,1316.0,baseline
1777618759.339201,0.24076581001281738,1316.0,baseline
1777618759.3392231,0.24078798294067383,1317.0,baseline
1777618759.3392441,0.24080896377563477,1315.0,baseline
1777618759.339266,0.2408308982849121,1315.0,baseline
1777618759.339287,0.24085187911987305,1316.0,baseline
1777618759.339309,0.2408738136291504,1315.0,baseline
1777618759.33933,0.24089479446411133,1315.0,baseline
1777618759.3393521,0.24091696739196777,1315.0,baseline
1777618759.339373,0.2409379482269287,1317.0,baseline
1777618759.339394,0.24095892906188965,1316.0,baseline
1777618759.339416,0.240980863571167,1315.0,baseline
1777618759.339437,0.24100184440612793,1315.0,baseline
1777618759.339458,0.24102282524108887,1319.0,baseline
1777618759.3394802,0.2410449981689453,1319.0,baseline
1777618759.3395011,0.24106597900390625,1320.0,baseline
1777618759.3395221,0.2410869598388672,1317.0,baseline
1777618759.339544,0.24110889434814453,1319.0,baseline
1777618759.339565,0.24112987518310547,1319.0,baseline
1777618759.339586,0.2411508560180664,1317.0,baseline
1777618759.339608,0.24117279052734375,1317.0,baseline
1777618759.3396292,0.2411940097808838,1316.0,baseline
1777618759.339651,0.24121594429016113,1316.0,baseline
1777618759.339678,0.2412428855895996,1316.0,baseline
1777618759.3397021,0.24126696586608887,1316.0,baseline
1777618759.339723,0.2412879467010498,1315.0,baseline
1777618759.339745,0.24130988121032715,1315.0,baseline
1777618759.339766,0.24133086204528809,1312.0,baseline
1777618759.339788,0.24135279655456543,1314.0,baseline
1777618759.339809,0.24137377738952637,1316.0,baseline
1777618759.33983,0.2413947582244873,1316.0,baseline
1777618759.339852,0.24141693115234375,1315.0,baseline
1777618759.339873,0.2414379119873047,1318.0,baseline
1777618759.339895,0.24145984649658203,1315.0,baseline
1777618759.339916,0.24148082733154297,1315.0,baseline
1777618759.339937,0.2415018081665039,1316.0,baseline
1777618759.3399591,0.24152398109436035,1318.0,baseline
1777618759.3399801,0.2415449619293213,1316.0,baseline
1777618759.3400042,0.24156904220581055,1316.0,baseline
1777618759.3400252,0.24159002304077148,1315.0,baseline
1777618759.3400471,0.24161195755004883,1314.0,baseline
1777618759.340068,0.24163293838500977,1314.0,baseline
1777618759.34009,0.2416548728942871,1316.0,baseline
1777618759.340111,0.24167585372924805,1316.0,baseline
1777618759.340132,0.24169683456420898,1315.0,baseline
1777618759.34016,0.24172472953796387,1316.0,baseline
1777618759.340191,0.24175572395324707,1317.0,baseline
1777618759.340213,0.24177789688110352,1315.0,baseline
1777618759.340234,0.24179887771606445,1317.0,baseline
1777618759.340256,0.2418208122253418,1316.0,baseline
1777618759.340277,0.24184179306030273,1317.0,baseline
1777618759.340299,0.24186372756958008,1316.0,baseline
1777618759.34032,0.24188494682312012,1316.0,baseline
1777618759.340342,0.24190688133239746,1318.0,baseline
1777618759.340364,0.2419288158416748,1318.0,baseline
1777618759.340385,0.24194979667663574,1317.0,baseline
1777618759.340406,0.24197077751159668,1318.0,baseline
1777618759.340428,0.24199295043945312,1317.0,baseline
1777618759.340449,0.24201393127441406,1310.0,baseline
1777618759.34047,0.242034912109375,1315.0,baseline
1777618759.340492,0.24205684661865234,1316.0,baseline
1777618759.340513,0.24207782745361328,1315.0,baseline
1777618759.340534,0.24209880828857422,1317.0,baseline
1777618759.3405561,0.24212098121643066,1318.0,baseline
1777618759.3405771,0.2421419620513916,1317.0,baseline
1777618759.340598,0.24216294288635254,1317.0,baseline
1777618759.34062,0.24218487739562988,1316.0,baseline
1777618759.340647,0.24221181869506836,1316.0,baseline
1777618759.340671,0.24223589897155762,1316.0,baseline
1777618759.340692,0.24225687980651855,1318.0,baseline
1777618759.340714,0.2422788143157959,1316.0,baseline
1777618759.340735,0.24229979515075684,1317.0,baseline
1777618759.340757,0.24232172966003418,1317.0,baseline
1777618759.3407779,0.24234271049499512,1316.0,baseline
1777618759.340799,0.24236392974853516,1318.0,baseline
1777618759.340821,0.2423858642578125,1316.0,baseline
1777618759.340842,0.24240684509277344,1316.0,baseline
1777618759.340863,0.24242782592773438,1315.0,baseline
1777618759.340885,0.24244976043701172,1315.0,baseline
1777618759.340906,0.24247074127197266,1313.0,baseline
1777618759.340927,0.2424917221069336,1313.0,baseline
1777618759.340949,0.24251389503479004,1314.0,baseline
1777618759.34097,0.24253487586975098,1316.0,baseline
1777618759.340991,0.24255585670471191,1316.0,baseline
1777618759.341013,0.24257779121398926,1316.0,baseline
1777618759.341034,0.2425987720489502,1317.0,baseline
1777618759.341056,0.24262094497680664,1315.0,baseline
1777618759.341077,0.24264192581176758,1316.0,baseline
1777618759.341098,0.24266290664672852,1316.0,baseline
1777618759.341126,0.2426908016204834,1316.0,baseline
1777618759.34115,0.24271488189697266,1316.0,baseline
1777618759.341171,0.2427358627319336,1315.0,baseline
1777618759.341193,0.24275779724121094,1315.0,baseline
1777618759.341214,0.24277877807617188,1315.0,baseline
1777618759.341235,0.2427997589111328,1315.0,baseline
1777618759.3412569,0.24282169342041016,1316.0,baseline
1777618759.3412778,0.2428426742553711,1316.0,baseline
1777618759.341299,0.24286389350891113,1318.0,baseline
1777618759.341321,0.24288582801818848,1316.0,baseline
1777618759.341342,0.24290680885314941,1315.0,baseline
1777618759.341364,0.24292874336242676,1316.0,baseline
1777618759.341385,0.2429497241973877,1318.0,baseline
1777618759.3414059,0.24297070503234863,1315.0,baseline
1777618759.341428,0.24299287796020508,1316.0,baseline
1777618759.341449,0.24301385879516602,1316.0,baseline
1777618759.34147,0.24303483963012695,1316.0,baseline
1777618759.341492,0.2430567741394043,1317.0,baseline
1777618759.341513,0.24307775497436523,1314.0,baseline
1777618759.341534,0.24309873580932617,1315.0,baseline
1777618759.3415549,0.2431197166442871,1316.0,baseline
1777618759.341577,0.24314188957214355,1315.0,baseline
1777618759.341598,0.2431628704071045,1313.0,baseline
1777618759.341625,0.24318981170654297,1316.0,baseline
1777618759.34165,0.24321484565734863,1317.0,baseline
1777618759.341671,0.24323582649230957,1315.0,baseline
1777618759.341693,0.24325776100158691,1315.0,baseline
1777618759.341714,0.24327874183654785,1315.0,baseline
1777618759.341735,0.2432997226715088,1316.0,baseline
1777618759.3417568,0.24332165718078613,1314.0,baseline
1777618759.3417778,0.24334263801574707,1315.0,baseline
1777618759.341799,0.2433638572692871,1315.0,baseline
1777618759.341821,0.24338579177856445,1315.0,baseline
1777618759.341842,0.2434067726135254,1317.0,baseline
1777618759.3418639,0.24342870712280273,1314.0,baseline
1777618759.3418849,0.24344968795776367,1316.0,baseline
1777618759.3419058,0.2434706687927246,1316.0,baseline
1777618759.341928,0.24349284172058105,1316.0,baseline
1777618759.341949,0.243513822555542,1316.0,baseline
1777618759.34197,0.24353480339050293,1316.0,baseline
1777618759.341992,0.24355673789978027,1316.0,baseline
1777618759.342013,0.2435777187347412,1314.0,baseline
1777618759.342035,0.24359989166259766,1315.0,baseline
1777618759.342056,0.2436208724975586,1315.0,baseline
1777618759.342077,0.24364185333251953,1316.0,baseline
1777618759.3421052,0.24366998672485352,1315.0,baseline
1777618759.342129,0.24369382858276367,1316.0,baseline
1777618759.34215,0.2437148094177246,1317.0,baseline
1777618759.342172,0.24373674392700195,1314.0,baseline
1777618759.342193,0.2437577247619629,1317.0,baseline
1777618759.3422148,0.24377965927124023,1317.0,baseline
1777618759.3422358,0.24380064010620117,1315.0,baseline
1777618759.3422568,0.2438216209411621,1318.0,baseline
1777618759.342279,0.24384379386901855,1315.0,baseline
1777618759.3423,0.2438647747039795,1314.0,baseline
1777618759.3423219,0.24388670921325684,1313.0,baseline
1777618759.3423429,0.24390769004821777,1314.0,baseline
1777618759.3423638,0.2439286708831787,1314.0,baseline
1777618759.342386,0.24395084381103516,1315.0,baseline
1777618759.342407,0.2439718246459961,1312.0,baseline
1777618759.342429,0.24399375915527344,1315.0,baseline
1777618759.34245,0.24401473999023438,1317.0,baseline
1777618759.342471,0.2440357208251953,1314.0,baseline
1777618759.3424928,0.24405765533447266,1316.0,baseline
1777618759.342514,0.2440788745880127,1315.0,baseline
1777618759.342536,0.24410080909729004,1314.0,baseline
1777618759.342557,0.24412178993225098,1313.0,baseline
1777618759.3425841,0.24414896965026855,1313.0,baseline
1777618759.342608,0.2441728115081787,1313.0,baseline
1777618759.34263,0.24419474601745605,1313.0,baseline
1777618759.342651,0.244215726852417,1312.0,baseline
1777618759.3426728,0.24423766136169434,1313.0,baseline
1777618759.3426938,0.24425864219665527,1313.0,baseline
1777618759.3427148,0.2442796230316162,1313.0,baseline
1777618759.342737,0.24430179595947266,1316.0,baseline
1777618759.342758,0.2443227767944336,1314.0,baseline
1777618759.342779,0.24434375762939453,1315.0,baseline
1777618759.3428009,0.24436569213867188,1315.0,baseline
1777618759.3428218,0.2443866729736328,1315.0,baseline
1777618759.3428428,0.24440765380859375,1315.0,baseline
1777618759.342865,0.2444298267364502,1315.0,baseline
1777618759.342886,0.24445080757141113,1314.0,baseline
1777618759.342908,0.24447274208068848,1315.0,baseline
1777618759.342929,0.24449372291564941,1313.0,baseline
1777618759.3429508,0.24451565742492676,1316.0,baseline
1777618759.3429718,0.2445366382598877,1316.0,baseline
1777618759.342994,0.24455881118774414,1316.0,baseline
1777618759.343015,0.24457979202270508,1314.0,baseline
1777618759.343036,0.24460077285766602,1316.0,baseline
1777618759.3430579,0.24462270736694336,1316.0,baseline
1777618759.343085,0.24464988708496094,1318.0,baseline
1777618759.3431091,0.2446739673614502,1317.0,baseline
1777618759.3431308,0.24469566345214844,1315.0,baseline
1777618759.343152,0.24471688270568848,1315.0,baseline
1777618759.343174,0.24473881721496582,1315.0,baseline
1777618759.343195,0.24475979804992676,1315.0,baseline
1777618759.343217,0.2447817325592041,1315.0,baseline
1777618759.3432379,0.24480271339416504,1316.0,baseline
1777618759.3432589,0.24482369422912598,1317.0,baseline
1777618759.3432808,0.24484562873840332,1316.0,baseline
1777618759.3433018,0.24486660957336426,1315.0,baseline
1777618759.343323,0.2448878288269043,1315.0,baseline
1777618759.343345,0.24490976333618164,1315.0,baseline
1777618759.343366,0.24493074417114258,1316.0,baseline
1777618759.3433878,0.24495267868041992,1318.0,baseline
1777618759.3434088,0.24497365951538086,1319.0,baseline
1777618759.3434439,0.2450087070465088,1316.0,baseline
1777618759.3434649,0.24502968788146973,1317.0,baseline
1777618759.343487,0.24505186080932617,1315.0,baseline
1777618759.343508,0.2450728416442871,1316.0,baseline
1777618759.34353,0.24509477615356445,1314.0,baseline
1777618759.343551,0.2451157569885254,1315.0,baseline
1777618759.3435788,0.24514365196228027,1316.0,baseline
1777618759.343603,0.24516773223876953,1314.0,baseline
1777618759.343627,0.2451918125152588,1314.0,baseline
1777618759.343648,0.24521279335021973,1314.0,baseline
1777618759.3436701,0.24523496627807617,1315.0,baseline
1777618759.343691,0.2452559471130371,1313.0,baseline
1777618759.343712,0.24527692794799805,1314.0,baseline
1777618759.343734,0.2452988624572754,1314.0,baseline
1777618759.343755,0.24531984329223633,1315.0,baseline
1777618759.343776,0.24534082412719727,1313.0,baseline
1777618759.343798,0.2453627586364746,1314.0,baseline
1777618759.343819,0.24538373947143555,1315.0,baseline
1777618759.343841,0.245405912399292,1314.0,baseline
1777618759.343862,0.24542689323425293,1314.0,baseline
1777618759.343883,0.24544787406921387,1313.0,baseline
1777618759.343905,0.2454698085784912,1314.0,baseline
1777618759.343926,0.24549078941345215,1313.0,baseline
1777618759.343947,0.24551177024841309,1317.0,baseline
1777618759.343968,0.24553275108337402,1315.0,baseline
1777618759.34399,0.24555492401123047,1314.0,baseline
1777618759.344011,0.2455759048461914,1315.0,baseline
1777618759.344032,0.24559688568115234,1316.0,baseline
1777618759.344054,0.2456188201904297,1314.0,baseline
1777618759.3440819,0.24564671516418457,1315.0,baseline
1777618759.344104,0.24566888809204102,1311.0,baseline
1777618759.344125,0.24568986892700195,1315.0,baseline
1777618759.344146,0.2457108497619629,1314.0,baseline
1777618759.344168,0.24573278427124023,1314.0,baseline
1777618759.344189,0.24575376510620117,1313.0,baseline
1777618759.3442109,0.24577569961547852,1313.0,baseline
1777618759.3442318,0.24579668045043945,1314.0,baseline
1777618759.3442528,0.2458176612854004,1314.0,baseline
1777618759.344275,0.24583983421325684,1317.0,baseline
1777618759.344296,0.24586081504821777,1315.0,baseline
1777618759.344318,0.24588274955749512,1317.0,baseline
1777618759.344339,0.24590373039245605,1315.0,baseline
1777618759.344361,0.2459259033203125,1315.0,baseline
1777618759.344382,0.24594688415527344,1316.0,baseline
1777618759.344403,0.24596786499023438,1313.0,baseline
1777618759.344425,0.24598979949951172,1313.0,baseline
1777618759.344446,0.24601078033447266,1314.0,baseline
1777618759.344467,0.2460317611694336,1316.0,baseline
1777618759.344488,0.24605274200439453,1314.0,baseline
1777618759.3445098,0.24607467651367188,1314.0,baseline
1777618759.344531,0.24609589576721191,1314.0,baseline
1777618759.3445592,0.2461240291595459,1315.0,baseline
1777618759.3445828,0.24614763259887695,1318.0,baseline
1777618759.344604,0.246168851852417,1315.0,baseline
1777618759.344626,0.24619078636169434,1316.0,baseline
1777618759.344647,0.24621176719665527,1315.0,baseline
1777618759.3446689,0.24623370170593262,1315.0,baseline
1777618759.344693,0.24625778198242188,1315.0,baseline
1777618759.344714,0.2462787628173828,1316.0,baseline
1777618759.344735,0.24629974365234375,1317.0,baseline
1777618759.344757,0.2463219165802002,1315.0,baseline
1777618759.344778,0.24634289741516113,1314.0,baseline
1777618759.344799,0.24636387825012207,1316.0,baseline
1777618759.344821,0.24638581275939941,1314.0,baseline
1777618759.344842,0.24640679359436035,1314.0,baseline
1777618759.344864,0.2464287281036377,1315.0,baseline
1777618759.344885,0.24644994735717773,1315.0,baseline
1777618759.344906,0.24647092819213867,1313.0,baseline
1777618759.344928,0.24649286270141602,1316.0,baseline
1777618759.344949,0.24651384353637695,1314.0,baseline
1777618759.34497,0.2465348243713379,1315.0,baseline
1777618759.344992,0.24655675888061523,1313.0,baseline
1777618759.345013,0.24657773971557617,1315.0,baseline
1777618759.3450398,0.24660468101501465,1315.0,baseline
1777618759.345063,0.2466278076171875,1312.0,baseline
1777618759.345084,0.24664878845214844,1314.0,baseline
1777618759.345106,0.24667072296142578,1314.0,baseline
1777618759.3451269,0.24669170379638672,1315.0,baseline
1777618759.3451478,0.24671268463134766,1314.0,baseline
1777618759.34517,0.2467348575592041,1313.0,baseline
1777618759.345191,0.24675583839416504,1313.0,baseline
1777618759.345213,0.24677777290344238,1314.0,baseline
1777618759.345234,0.24679875373840332,1315.0,baseline
1777618759.3452559,0.24682068824768066,1313.0,baseline
1777618759.3452768,0.2468416690826416,1314.0,baseline
1777618759.3452978,0.24686264991760254,1315.0,baseline
1777618759.34532,0.24688482284545898,1314.0,baseline
1777618759.345341,0.24690580368041992,1314.0,baseline
1777618759.345363,0.24692773818969727,1313.0,baseline
1777618759.345384,0.2469487190246582,1313.0,baseline
1777618759.3454049,0.24696969985961914,1313.0,baseline
1777618759.345427,0.24699187278747559,1314.0,baseline
1777618759.345448,0.24701285362243652,1313.0,baseline
1777618759.345469,0.24703383445739746,1312.0,baseline
1777618759.345491,0.2470557689666748,1313.0,baseline
1777618759.345512,0.24707674980163574,1314.0,baseline
1777618759.3455412,0.24710607528686523,1313.0,baseline
1777618759.345563,0.24712777137756348,1314.0,baseline
1777618759.3455842,0.24714899063110352,1315.0,baseline
1777618759.3456051,0.24716997146606445,1312.0,baseline
1777618759.3456268,0.2471916675567627,1314.0,baseline
1777618759.345648,0.24721288681030273,1312.0,baseline
1777618759.345669,0.24723386764526367,1313.0,baseline
1777618759.34569,0.2472548484802246,1312.0,baseline
1777618759.3457122,0.24727702140808105,1312.0,baseline
1777618759.3457332,0.247298002243042,1314.0,baseline
1777618759.3457549,0.24731969833374023,1314.0,baseline
1777618759.345776,0.24734091758728027,1315.0,baseline
1777618759.3457978,0.24736261367797852,1316.0,baseline
1777618759.345819,0.24738383293151855,1315.0,baseline
1777618759.3458402,0.2474050521850586,1314.0,baseline
1777618759.345862,0.24742674827575684,1314.0,baseline
1777618759.345883,0.24744772911071777,1313.0,baseline
1777618759.3459048,0.24746966361999512,1310.0,baseline
1777618759.3459258,0.24749064445495605,1314.0,baseline
1777618759.3459468,0.247511625289917,1314.0,baseline
1777618759.345969,0.24753379821777344,1315.0,baseline
1777618759.34599,0.24755477905273438,1315.0,baseline
1777618759.3460171,0.24758195877075195,1314.0,baseline
1777618759.34604,0.2476048469543457,1317.0,baseline
1777618759.346061,0.24762582778930664,1313.0,baseline
1777618759.346082,0.24764680862426758,1315.0,baseline
1777618759.3461041,0.24766898155212402,1313.0,baseline
1777618759.3461251,0.24768996238708496,1315.0,baseline
1777618759.346146,0.2477109432220459,1314.0,baseline
1777618759.346168,0.24773287773132324,1314.0,baseline
1777618759.346189,0.24775385856628418,1315.0,baseline
1777618759.34621,0.24777483940124512,1309.0,baseline
1777618759.3462322,0.24779701232910156,1313.0,baseline
1777618759.3462532,0.2478179931640625,1313.0,baseline
1777618759.346275,0.24783992767333984,1316.0,baseline
1777618759.346296,0.24786090850830078,1313.0,baseline
1777618759.346318,0.24788284301757812,1314.0,baseline
1777618759.346339,0.24790382385253906,1315.0,baseline
1777618759.34636,0.2479248046875,1315.0,baseline
1777618759.3463821,0.24794697761535645,1316.0,baseline
1777618759.3464031,0.24796795845031738,1314.0,baseline
1777618759.346425,0.24798989295959473,1313.0,baseline
1777618759.346446,0.24801087379455566,1311.0,baseline
1777618759.346467,0.2480318546295166,1313.0,baseline
1777618759.346494,0.24805879592895508,1314.0,baseline
1777618759.346518,0.24808287620544434,1312.0,baseline
1777618759.346539,0.24810385704040527,1314.0,baseline
1777618759.346561,0.24812579154968262,1315.0,baseline
1777618759.346582,0.24814677238464355,1312.0,baseline
1777618759.346604,0.2481689453125,1315.0,baseline
1777618759.346625,0.24818992614746094,1315.0,baseline
1777618759.346647,0.24821186065673828,1315.0,baseline
1777618759.346668,0.24823284149169922,1314.0,baseline
1777618759.346698,0.24826288223266602,1313.0,baseline
1777618759.34672,0.24828481674194336,1312.0,baseline
1777618759.346741,0.2483057975769043,1313.0,baseline
1777618759.346763,0.24832773208618164,1314.0,baseline
1777618759.346784,0.24834895133972168,1314.0,baseline
1777618759.346805,0.24836993217468262,1314.0,baseline
1777618759.346827,0.24839186668395996,1312.0,baseline
1777618759.346849,0.2484138011932373,1314.0,baseline
1777618759.3468711,0.24843597412109375,1312.0,baseline
1777618759.346894,0.2484588623046875,1314.0,baseline
1777618759.3469162,0.24848103523254395,1315.0,baseline
1777618759.3469388,0.2485036849975586,1314.0,baseline
1777618759.3469608,0.24852561950683594,1313.0,baseline
1777618759.346982,0.24854683876037598,1314.0,baseline
1777618759.347011,0.24857592582702637,1315.0,baseline
1777618759.347033,0.2485978603363037,1314.0,baseline
1777618759.347054,0.24861884117126465,1313.0,baseline
1777618759.3470771,0.2486419677734375,1313.0,baseline
1777618759.3470988,0.24866366386413574,1313.0,baseline
1777618759.347122,0.2486867904663086,1314.0,baseline
1777618759.3471448,0.24870967864990234,1314.0,baseline
1777618759.347167,0.2487318515777588,1315.0,baseline
1777618759.347188,0.24875283241271973,1313.0,baseline
1777618759.347209,0.24877381324768066,1313.0,baseline
1777618759.34723,0.2487947940826416,1312.0,baseline
1777618759.347252,0.24881672859191895,1314.0,baseline
1777618759.3472729,0.24883770942687988,1315.0,baseline
1777618759.3472939,0.24885869026184082,1316.0,baseline
1777618759.347316,0.24888086318969727,1312.0,baseline
1777618759.347337,0.2489018440246582,1312.0,baseline
1777618759.347358,0.24892282485961914,1311.0,baseline
1777618759.34738,0.24894475936889648,1310.0,baseline
1777618759.347401,0.24896574020385742,1314.0,baseline
1777618759.347423,0.24898791313171387,1314.0,baseline
1777618759.347444,0.2490088939666748,1315.0,baseline
1777618759.347465,0.24902987480163574,1312.0,baseline
1777618759.347492,0.24905681610107422,1312.0,baseline
1777618759.347517,0.24908185005187988,1313.0,baseline
1777618759.347538,0.24910283088684082,1314.0,baseline
1777618759.34756,0.24912476539611816,1315.0,baseline
1777618759.347581,0.2491457462310791,1316.0,baseline
1777618759.347602,0.24916672706604004,1314.0,baseline
1777618759.3476229,0.24918770790100098,1310.0,baseline
1777618759.347645,0.24920988082885742,1312.0,baseline
1777618759.347666,0.24923086166381836,1314.0,baseline
1777618759.347687,0.2492518424987793,1314.0,baseline
1777618759.347709,0.24927377700805664,1313.0,baseline
1777618759.34773,0.24929475784301758,1313.0,baseline
1777618759.3477519,0.24931669235229492,1315.0,baseline
1777618759.3477728,0.24933767318725586,1314.0,baseline
1777618759.3477938,0.2493586540222168,1314.0,baseline
1777618759.3478148,0.24937963485717773,1313.0,baseline
1777618759.347837,0.24940180778503418,1310.0,baseline
1777618759.347858,0.24942278861999512,1313.0,baseline
1777618759.347879,0.24944376945495605,1313.0,baseline
1777618759.3479009,0.2494657039642334,1315.0,baseline
1777618759.3479218,0.24948668479919434,1313.0,baseline
1777618759.347944,0.24950885772705078,1311.0,baseline
1777618759.347971,0.24953579902648926,1311.0,baseline
1777618759.3479948,0.24955964088439941,1312.0,baseline
1777618759.348017,0.24958181381225586,1314.0,baseline
1777618759.348038,0.2496027946472168,1312.0,baseline
1777618759.34806,0.24962472915649414,1312.0,baseline
1777618759.3480809,0.24964570999145508,1315.0,baseline
1777618759.3481028,0.24966764450073242,1313.0,baseline
1777618759.3481238,0.24968862533569336,1313.0,baseline
1777618759.348145,0.2497098445892334,1312.0,baseline
1777618759.348167,0.24973177909851074,1315.0,baseline
1777618759.348188,0.24975275993347168,1312.0,baseline
1777618759.348209,0.24977374076843262,1313.0,baseline
1777618759.3482308,0.24979567527770996,1314.0,baseline
1777618759.3482518,0.2498166561126709,1311.0,baseline
1777618759.3482728,0.24983763694763184,1312.0,baseline
1777618759.348295,0.24985980987548828,1314.0,baseline
1777618759.348316,0.24988079071044922,1314.0,baseline
1777618759.348337,0.24990177154541016,1312.0,baseline
1777618759.3483589,0.2499237060546875,1314.0,baseline
1777618759.3483799,0.24994468688964844,1312.0,baseline
1777618759.348402,0.24996685981750488,1314.0,baseline
1777618759.348423,0.24998784065246582,1312.0,baseline
1777618759.348445,0.25000977516174316,1313.0,baseline
1777618759.348472,0.25003695487976074,1313.0,baseline
1777618759.348497,0.2500617504119873,1313.0,baseline
1777618759.348518,0.25008273124694824,1314.0,baseline
1777618759.3485398,0.2501046657562256,1312.0,baseline
1777618759.3485608,0.2501256465911865,1312.0,baseline
1777618759.3485818,0.25014662742614746,1312.0,baseline
1777618759.348604,0.2501688003540039,1311.0,baseline
1777618759.348625,0.25018978118896484,1312.0,baseline
1777618759.3486469,0.2502117156982422,1314.0,baseline
1777618759.3486679,0.2502326965332031,1315.0,baseline
1777618759.34869,0.25025486946105957,1313.0,baseline
1777618759.348711,0.2502758502960205,1314.0,baseline
1777618759.348733,0.25029778480529785,1314.0,baseline
1777618759.348754,0.2503187656402588,1314.0,baseline
1777618759.348775,0.2503397464752197,1314.0,baseline
1777618759.3487968,0.25036168098449707,1315.0,baseline
1777618759.3488178,0.250382661819458,1315.0,baseline
1777618759.3488388,0.25040364265441895,1313.0,baseline
1777618759.348861,0.2504258155822754,1314.0,baseline
1777618759.348882,0.25044679641723633,1312.0,baseline
1777618759.348904,0.25046873092651367,1312.0,baseline
1777618759.3489249,0.2504897117614746,1312.0,baseline
1777618759.348952,0.2505168914794922,1312.0,baseline
1777618759.3489761,0.25054097175598145,1313.0,baseline
1777618759.348997,0.2505619525909424,1311.0,baseline
1777618759.3490188,0.2505836486816406,1311.0,baseline
1777618759.34904,0.25060486793518066,1313.0,baseline
1777618759.349061,0.2506258487701416,1312.0,baseline
1777618759.349083,0.25064778327941895,1314.0,baseline
1777618759.3491042,0.250669002532959,1314.0,baseline
1777618759.3491259,0.2506906986236572,1315.0,baseline
1777618759.3491468,0.25071167945861816,1315.0,baseline
1777618759.349168,0.2507328987121582,1316.0,baseline
1777618759.34919,0.25075483322143555,1313.0,baseline
1777618759.349211,0.2507758140563965,1314.0,baseline
1777618759.349233,0.25079774856567383,1314.0,baseline
1777618759.349254,0.25081872940063477,1314.0,baseline
1777618759.3492749,0.2508397102355957,1313.0,baseline
1777618759.3492968,0.25086164474487305,1312.0,baseline
1777618759.3493178,0.250882625579834,1314.0,baseline
1777618759.34934,0.25090479850769043,1313.0,baseline
1777618759.349361,0.25092577934265137,1312.0,baseline
1777618759.3493829,0.2509477138519287,1311.0,baseline
1777618759.3494039,0.25096869468688965,1312.0,baseline
1777618759.349426,0.2509908676147461,1312.0,baseline
1777618759.349453,0.25101780891418457,1310.0,baseline
1777618759.349478,0.25104284286499023,1315.0,baseline
1777618759.349499,0.25106382369995117,1313.0,baseline
1777618759.349521,0.2510857582092285,1313.0,baseline
1777618759.349542,0.25110673904418945,1311.0,baseline
1777618759.349563,0.2511277198791504,1315.0,baseline
1777618759.3495848,0.25114965438842773,1313.0,baseline
1777618759.3496058,0.25117063522338867,1312.0,baseline
1777618759.3496268,0.2511916160583496,1313.0,baseline
1777618759.349649,0.25121378898620605,1312.0,baseline
1777618759.34967,0.251234769821167,1315.0,baseline
1777618759.3496919,0.25125670433044434,1313.0,baseline
1777618759.3497128,0.2512776851654053,1313.0,baseline
1777618759.3497338,0.2512986660003662,1311.0,baseline
1777618759.349756,0.25132083892822266,1312.0,baseline
1777618759.349777,0.2513418197631836,1315.0,baseline
1777618759.349799,0.25136375427246094,1312.0,baseline
1777618759.34982,0.2513847351074219,1312.0,baseline
1777618759.3498418,0.2514066696166992,1315.0,baseline
1777618759.3498628,0.25142765045166016,1314.0,baseline
1777618759.3498838,0.2514486312866211,1315.0,baseline
1777618759.349906,0.25147080421447754,1316.0,baseline
1777618759.3499331,0.2514979839324951,1314.0,baseline
1777618759.349967,0.25153183937072754,1314.0,baseline
1777618759.3499892,0.251554012298584,1314.0,baseline
1777618759.3500109,0.2515757083892822,1314.0,baseline
1777618759.3500319,0.25159668922424316,1313.0,baseline
1777618759.3500538,0.2516186237335205,1313.0,baseline
1777618759.3500748,0.25163960456848145,1315.0,baseline
1777618759.350096,0.2516608238220215,1313.0,baseline
1777618759.350118,0.25168275833129883,1314.0,baseline
1777618759.350139,0.25170373916625977,1315.0,baseline
1777618759.3501608,0.2517256736755371,1310.0,baseline
1777618759.3501818,0.25174665451049805,1314.0,baseline
1777618759.350204,0.2517688274383545,1313.0,baseline
1777618759.350226,0.25179076194763184,1312.0,baseline
1777618759.3502479,0.2518126964569092,1310.0,baseline
1777618759.3502731,0.25183796882629395,1310.0,baseline
1777618759.350312,0.2518768310546875,1313.0,baseline
1777618759.350335,0.25189971923828125,1316.0,baseline
1777618759.350357,0.2519218921661377,1313.0,baseline
1777618759.350379,0.25194382667541504,1312.0,baseline
1777618759.3504,0.251964807510376,1313.0,baseline
1777618759.350422,0.2519867420196533,1312.0,baseline
1777618759.350446,0.2520108222961426,1310.0,baseline
1777618759.350471,0.25203585624694824,1314.0,baseline
1777618759.350492,0.2520568370819092,1315.0,baseline
1777618759.350513,0.2520778179168701,1314.0,baseline
1777618759.350535,0.25209975242614746,1311.0,baseline
1777618759.350556,0.2521207332611084,1312.0,baseline
1777618759.3505778,0.25214266777038574,1312.0,baseline
1777618759.3506,0.2521648406982422,1312.0,baseline
1777618759.350621,0.2521858215332031,1311.0,baseline
1777618759.350643,0.25220775604248047,1310.0,baseline
1777618759.350664,0.2522287368774414,1312.0,baseline
1777618759.3506858,0.25225067138671875,1315.0,baseline
1777618759.350707,0.2522718906402588,1312.0,baseline
1777618759.350729,0.25229382514953613,1312.0,baseline
1777618759.350751,0.2523157596588135,1311.0,baseline
1777618759.350772,0.2523367404937744,1312.0,baseline
1777618759.350794,0.25235891342163086,1312.0,baseline
1777618759.350815,0.2523798942565918,1312.0,baseline
1777618759.350836,0.25240087509155273,1311.0,baseline
1777618759.350858,0.2524228096008301,1310.0,baseline
1777618759.350879,0.252443790435791,1312.0,baseline
1777618759.350901,0.25246572494506836,1314.0,baseline
1777618759.3509278,0.25249266624450684,1312.0,baseline
1777618759.3509529,0.2525177001953125,1312.0,baseline
1777618759.3509738,0.25253868103027344,1312.0,baseline
1777618759.350996,0.2525608539581299,1312.0,baseline
1777618759.351017,0.2525818347930908,1313.0,baseline
1777618759.351039,0.25260376930236816,1312.0,baseline
1777618759.35106,0.2526247501373291,1313.0,baseline
1777618759.351081,0.25264573097229004,1312.0,baseline
1777618759.351103,0.2526679039001465,1312.0,baseline
1777618759.351124,0.2526888847351074,1311.0,baseline
1777618759.351146,0.25271081924438477,1310.0,baseline
1777618759.351167,0.2527318000793457,1310.0,baseline
1777618759.351189,0.25275373458862305,1312.0,baseline
1777618759.3512099,0.252774715423584,1312.0,baseline
1777618759.351232,0.25279688835144043,1311.0,baseline
1777618759.351253,0.25281786918640137,1311.0,baseline
1777618759.351275,0.2528398036956787,1314.0,baseline
1777618759.351296,0.25286078453063965,1312.0,baseline
1777618759.351317,0.2528817653656006,1316.0,baseline
1777618759.351339,0.25290393829345703,1312.0,baseline
1777618759.35136,0.25292491912841797,1313.0,baseline
1777618759.351382,0.2529468536376953,1312.0,baseline
1777618759.351403,0.25296783447265625,1312.0,baseline
1777618759.351428,0.2529928684234619,1313.0,baseline
1777618759.3514502,0.25301504135131836,1313.0,baseline
1777618759.3514721,0.2530369758605957,1310.0,baseline
1777618759.3514931,0.25305795669555664,1309.0,baseline
1777618759.3515148,0.2530796527862549,1311.0,baseline
1777618759.351536,0.2531008720397949,1313.0,baseline
1777618759.351558,0.25312280654907227,1313.0,baseline
1777618759.351579,0.2531437873840332,1312.0,baseline
1777618759.3516002,0.25316500663757324,1310.0,baseline
1777618759.3516219,0.2531867027282715,1312.0,baseline
1777618759.3516438,0.25320863723754883,1312.0,baseline
1777618759.3516648,0.25322961807250977,1312.0,baseline
1777618759.351686,0.2532508373260498,1311.0,baseline
1777618759.351708,0.25327277183532715,1311.0,baseline
1777618759.351729,0.2532937526702881,1310.0,baseline
1777618759.3517509,0.25331568717956543,1312.0,baseline
1777618759.3517718,0.25333666801452637,1314.0,baseline
1777618759.3517928,0.2533576488494873,1313.0,baseline
1777618759.351815,0.25337982177734375,1314.0,baseline
1777618759.351836,0.2534008026123047,1315.0,baseline
1777618759.351858,0.25342273712158203,1314.0,baseline
1777618759.351879,0.25344371795654297,1312.0,baseline
1777618759.351907,0.25347185134887695,1313.0,baseline
1777618759.3519309,0.2534956932067871,1313.0,baseline
1777618759.3519518,0.25351667404174805,1312.0,baseline
1777618759.3519738,0.2535386085510254,1313.0,baseline
1777618759.351995,0.25355982780456543,1314.0,baseline
1777618759.352017,0.2535817623138428,1314.0,baseline
1777618759.352038,0.2536027431488037,1312.0,baseline
1777618759.3520598,0.25362467765808105,1312.0,baseline
1777618759.3520808,0.253645658493042,1315.0,baseline
1777618759.3521018,0.25366663932800293,1313.0,baseline
1777618759.352124,0.2536888122558594,1314.0,baseline
1777618759.352145,0.2537097930908203,1312.0,baseline
1777618759.352166,0.25373077392578125,1311.0,baseline
1777618759.3521879,0.2537527084350586,1314.0,baseline
1777618759.3522089,0.25377368927001953,1312.0,baseline
1777618759.352231,0.253795862197876,1311.0,baseline
1777618759.352252,0.2538168430328369,1312.0,baseline
1777618759.352279,0.2538437843322754,1314.0,baseline
1777618759.3523011,0.25386595726013184,1313.0,baseline
1777618759.352323,0.2538878917694092,1312.0,baseline
1777618759.3523462,0.25391101837158203,1310.0,baseline
1777618759.352368,0.2539329528808594,1312.0,baseline
1777618759.3523939,0.25395870208740234,1312.0,baseline
1777618759.3524191,0.2539839744567871,1312.0,baseline
1777618759.352441,0.25400590896606445,1313.0,baseline
1777618759.352462,0.2540268898010254,1314.0,baseline
1777618759.352483,0.25404787063598633,1315.0,baseline
1777618759.3525052,0.2540700435638428,1310.0,baseline
1777618759.3525262,0.2540910243988037,1311.0,baseline
1777618759.3525481,0.25411295890808105,1313.0,baseline
1777618759.352569,0.254133939743042,1311.0,baseline
1777618759.35259,0.25415492057800293,1313.0,baseline
1777618759.352612,0.2541768550872803,1315.0,baseline
1777618759.3526359,0.25420069694519043,1315.0,baseline
1777618759.3526568,0.25422167778015137,1314.0,baseline
1777618759.352679,0.2542438507080078,1314.0,baseline
1777618759.3527,0.25426483154296875,1312.0,baseline
1777618759.352721,0.2542858123779297,1315.0,baseline
1777618759.352743,0.25430774688720703,1313.0,baseline
1777618759.352764,0.25432872772216797,1313.0,baseline
1777618759.3527858,0.2543506622314453,1313.0,baseline
1777618759.3528068,0.25437164306640625,1315.0,baseline
1777618759.3528278,0.2543926239013672,1316.0,baseline
1777618759.35285,0.25441479682922363,1315.0,baseline
1777618759.352871,0.25443577766418457,1314.0,baseline
1777618759.3528981,0.25446295738220215,1314.0,baseline
1777618759.35292,0.2544848918914795,1312.0,baseline
1777618759.352941,0.25450587272644043,1313.0,baseline
1777618759.352962,0.25452685356140137,1312.0,baseline
1777618759.352984,0.2545487880706787,1312.0,baseline
1777618759.3530052,0.25457000732421875,1312.0,baseline
1777618759.3530262,0.2545909881591797,1312.0,baseline
1777618759.353048,0.25461292266845703,1313.0,baseline
1777618759.353069,0.25463390350341797,1313.0,baseline
1777618759.353091,0.2546558380126953,1314.0,baseline
1777618759.353112,0.25467681884765625,1314.0,baseline
1777618759.353133,0.2546977996826172,1312.0,baseline
1777618759.3531551,0.25471997261047363,1312.0,baseline
1777618759.353176,0.25474095344543457,1312.0,baseline
1777618759.353197,0.2547619342803955,1312.0,baseline
1777618759.353219,0.25478386878967285,1315.0,baseline
1777618759.3532531,0.2548179626464844,1314.0,baseline
1777618759.3532748,0.2548396587371826,1312.0,baseline
1777618759.3532958,0.25486063957214355,1313.0,baseline
1777618759.353318,0.2548828125,1312.0,baseline
1777618759.353339,0.25490379333496094,1316.0,baseline
1777618759.35336,0.2549247741699219,1313.0,baseline
1777618759.353388,0.25495290756225586,1313.0,baseline
1777618759.3534122,0.2549769878387451,1313.0,baseline
1777618759.3534331,0.25499796867370605,1312.0,baseline
1777618759.353455,0.2550199031829834,1313.0,baseline
1777618759.353476,0.25504088401794434,1312.0,baseline
1777618759.3534982,0.2550630569458008,1312.0,baseline
1777618759.3535192,0.2550840377807617,1311.0,baseline
1777618759.3535402,0.25510501861572266,1313.0,baseline
1777618759.353562,0.255126953125,1314.0,baseline
1777618759.353586,0.25515079498291016,1314.0,baseline
1777618759.353607,0.2551717758178711,1314.0,baseline
1777618759.3536289,0.25519371032714844,1313.0,baseline
1777618759.3536499,0.2552146911621094,1313.0,baseline
1777618759.353672,0.2552368640899658,1312.0,baseline
1777618759.353693,0.25525784492492676,1312.0,baseline
1777618759.353715,0.2552797794342041,1312.0,baseline
1777618759.353736,0.25530076026916504,1311.0,baseline
1777618759.3537579,0.2553226947784424,1313.0,baseline
1777618759.3537788,0.2553436756134033,1313.0,baseline
1777618759.353801,0.25536584854125977,1315.0,baseline
1777618759.353822,0.2553868293762207,1312.0,baseline
1777618759.353843,0.25540781021118164,1314.0,baseline
1777618759.3538702,0.2554349899291992,1312.0,baseline
1777618759.353895,0.2554597854614258,1314.0,baseline
1777618759.353916,0.2554807662963867,1315.0,baseline
1777618759.353937,0.25550174713134766,1314.0,baseline
1777618759.3539588,0.255523681640625,1316.0,baseline
1777618759.3539798,0.25554466247558594,1314.0,baseline
1777618759.3540008,0.2555656433105469,1315.0,baseline
1777618759.354023,0.2555878162384033,1314.0,baseline
1777618759.354047,0.2556118965148926,1312.0,baseline
1777618759.354068,0.2556328773498535,1313.0,baseline
1777618759.354089,0.25565385818481445,1313.0,baseline
1777618759.354111,0.2556757926940918,1313.0,baseline
1777618759.354132,0.25569677352905273,1309.0,baseline
1777618759.354153,0.25571775436401367,1312.0,baseline
1777618759.354175,0.2557399272918701,1313.0,baseline
1777618759.354196,0.25576090812683105,1314.0,baseline
1777618759.354218,0.2557828426361084,1313.0,baseline
1777618759.354239,0.25580382347106934,1314.0,baseline
1777618759.35426,0.2558248043060303,1312.0,baseline
1777618759.354282,0.2558467388153076,1310.0,baseline
1777618759.354303,0.25586771965026855,1310.0,baseline
1777618759.354325,0.255889892578125,1311.0,baseline
1777618759.354346,0.25591087341308594,1312.0,baseline
1777618759.3543732,0.2559380531311035,1314.0,baseline
1777618759.354398,0.2559628486633301,1317.0,baseline
1777618759.354419,0.255983829498291,1314.0,baseline
1777618759.35444,0.25600481033325195,1312.0,baseline
1777618759.354462,0.2560267448425293,1313.0,baseline
1777618759.354483,0.25604772567749023,1312.0,baseline
1777618759.3545039,0.25606870651245117,1313.0,baseline
1777618759.354526,0.2560908794403076,1312.0,baseline
1777618759.354547,0.25611186027526855,1315.0,baseline
1777618759.354568,0.2561328411102295,1314.0,baseline
1777618759.35459,0.25615477561950684,1312.0,baseline
1777618759.354611,0.2561757564544678,1314.0,baseline
1777618759.354632,0.2561967372894287,1312.0,baseline
1777618759.3546538,0.25621867179870605,1314.0,baseline
1777618759.354675,0.2562398910522461,1311.0,baseline
1777618759.354696,0.25626087188720703,1313.0,baseline
1777618759.354718,0.2562828063964844,1313.0,baseline
1777618759.354739,0.2563037872314453,1312.0,baseline
1777618759.35476,0.25632476806640625,1315.0,baseline
1777618759.3547819,0.2563467025756836,1312.0,baseline
1777618759.3548028,0.25636768341064453,1311.0,baseline
1777618759.3548238,0.25638866424560547,1310.0,baseline
1777618759.354851,0.25641584396362305,1310.0,baseline
1777618759.3548758,0.2564406394958496,1312.0,baseline
1777618759.3548968,0.25646162033081055,1313.0,baseline
1777618759.354919,0.256483793258667,1314.0,baseline
1777618759.35494,0.25650477409362793,1312.0,baseline
1777618759.354961,0.25652575492858887,1314.0,baseline
1777618759.3549829,0.2565476894378662,1313.0,baseline
1777618759.3550038,0.25656867027282715,1313.0,baseline
1777618759.3550248,0.2565896511077881,1312.0,baseline
1777618759.3550458,0.256610631942749,1314.0,baseline
1777618759.355068,0.25663280487060547,1313.0,baseline
1777618759.355089,0.2566537857055664,1311.0,baseline
1777618759.35511,0.25667476654052734,1312.0,baseline
1777618759.3551319,0.2566967010498047,1313.0,baseline
1777618759.3551528,0.2567176818847656,1313.0,baseline
1777618759.3551738,0.25673866271972656,1312.0,baseline
1777618759.355196,0.256760835647583,1316.0,baseline
1777618759.355217,0.25678181648254395,1313.0,baseline
1777618759.355238,0.2568027973175049,1311.0,baseline
1777618759.35526,0.2568247318267822,1314.0,baseline
1777618759.3552809,0.25684571266174316,1312.0,baseline
1777618759.3553028,0.2568676471710205,1313.0,baseline
1777618759.355329,0.2568938732147217,1313.0,baseline
1777618759.355354,0.25691890716552734,1314.0,baseline
1777618759.355375,0.2569398880004883,1314.0,baseline
1777618759.355396,0.2569608688354492,1315.0,baseline
1777618759.3554182,0.25698304176330566,1313.0,baseline
1777618759.3554418,0.2570066452026367,1309.0,baseline
1777618759.355464,0.25702881813049316,1312.0,baseline
1777618759.355485,0.2570497989654541,1311.0,baseline
1777618759.355506,0.25707077980041504,1313.0,baseline
1777618759.3555279,0.2570927143096924,1309.0,baseline
1777618759.3555489,0.2571136951446533,1310.0,baseline
1777618759.3555698,0.25713467597961426,1312.0,baseline
1777618759.3555908,0.2571556568145752,1312.0,baseline
1777618759.355613,0.25717782974243164,1312.0,baseline
1777618759.355634,0.2571988105773926,1313.0,baseline
1777618759.355656,0.2572207450866699,1313.0,baseline
1777618759.355677,0.25724172592163086,1313.0,baseline
1777618759.355699,0.2572638988494873,1312.0,baseline
1777618759.35572,0.25728487968444824,1312.0,baseline
1777618759.355741,0.2573058605194092,1312.0,baseline
1777618759.355762,0.2573268413543701,1312.0,baseline
1777618759.355783,0.25734782218933105,1313.0,baseline
1777618759.355805,0.2573697566986084,1312.0,baseline
1777618759.355832,0.257396936416626,1312.0,baseline
1777618759.355855,0.2574198246002197,1315.0,baseline
1777618759.3558762,0.25744104385375977,1312.0,baseline
1777618759.3558972,0.2574620246887207,1312.0,baseline
1777618759.3559191,0.25748395919799805,1312.0,baseline
1777618759.35594,0.257504940032959,1312.0,baseline
1777618759.355962,0.25752687454223633,1312.0,baseline
1777618759.355983,0.25754785537719727,1310.0,baseline
1777618759.356004,0.2575688362121582,1309.0,baseline
1777618759.3560262,0.25759100914001465,1311.0,baseline
1777618759.3560472,0.2576119899749756,1310.0,baseline
1777618759.356069,0.25763392448425293,1314.0,baseline
1777618759.35609,0.25765490531921387,1308.0,baseline
1777618759.356111,0.2576758861541748,1310.0,baseline
1777618759.3561332,0.25769805908203125,1310.0,baseline
1777618759.3561542,0.2577190399169922,1312.0,baseline
1777618759.3561752,0.2577400207519531,1312.0,baseline
1777618759.356197,0.25776195526123047,1311.0,baseline
1777618759.356218,0.2577829360961914,1314.0,baseline
1777618759.356239,0.25780391693115234,1312.0,baseline
1777618759.356261,0.2578258514404297,1312.0,baseline
1777618759.356282,0.2578468322753906,1312.0,baseline
1777618759.356309,0.2578737735748291,1311.0,baseline
1777618759.356334,0.25789880752563477,1312.0,baseline
1777618759.3563552,0.2579200267791748,1310.0,baseline
1777618759.3563771,0.25794196128845215,1314.0,baseline
1777618759.356398,0.2579629421234131,1313.0,baseline
1777618759.356419,0.257983922958374,1313.0,baseline
1777618759.35644,0.25800490379333496,1313.0,baseline
1777618759.356462,0.2580268383026123,1312.0,baseline
1777618759.356483,0.25804781913757324,1312.0,baseline
1777618759.3565052,0.2580699920654297,1311.0,baseline
1777618759.3565388,0.258103609085083,1314.0,baseline
1777618759.356561,0.25812578201293945,1311.0,baseline
1777618759.356582,0.2581467628479004,1313.0,baseline
1777618759.3566039,0.25816869735717773,1307.0,baseline
1777618759.3566248,0.25818967819213867,1311.0,baseline
1777618759.356647,0.2582118511199951,1310.0,baseline
1777618759.356668,0.25823283195495605,1311.0,baseline
1777618759.356689,0.258253812789917,1305.0,baseline
1777618759.356711,0.25827574729919434,1308.0,baseline
1777618759.356732,0.2582967281341553,1309.0,baseline
1777618759.3567529,0.2583177089691162,1310.0,baseline
1777618759.3567748,0.25833964347839355,1312.0,baseline
1777618759.3567958,0.2583606243133545,1311.0,baseline
1777618759.3568242,0.2583889961242676,1314.0,baseline
1777618759.356847,0.25841188430786133,1314.0,baseline
1777618759.356868,0.25843286514282227,1311.0,baseline
1777618759.356889,0.2584538459777832,1312.0,baseline
1777618759.3569112,0.25847601890563965,1311.0,baseline
1777618759.3569322,0.2584969997406006,1311.0,baseline
1777618759.3569531,0.2585179805755615,1312.0,baseline
1777618759.356975,0.25853991508483887,1312.0,baseline
1777618759.356996,0.2585608959197998,1311.0,baseline
1777618759.357018,0.25858283042907715,1312.0,baseline
1777618759.3570392,0.2586040496826172,1312.0,baseline
1777618759.3570611,0.25862598419189453,1312.0,baseline
1777618759.3570821,0.25864696502685547,1312.0,baseline
1777618759.357104,0.2586688995361328,1314.0,baseline
1777618759.357125,0.25868988037109375,1310.0,baseline
1777618759.357147,0.2587118148803711,1311.0,baseline
1777618759.3571682,0.25873303413391113,1309.0,baseline
1777618759.35719,0.2587547302246094,1309.0,baseline
1777618759.3572109,0.2587757110595703,1309.0,baseline
1777618759.3572328,0.25879764556884766,1311.0,baseline
1777618759.3572538,0.2588186264038086,1309.0,baseline
1777618759.3572748,0.25883960723876953,1309.0,baseline
1777618759.3573031,0.2588679790496826,1311.0,baseline
1777618759.357326,0.25889086723327637,1310.0,baseline
1777618759.357347,0.2589118480682373,1312.0,baseline
1777618759.3573692,0.25893402099609375,1312.0,baseline
1777618759.3573902,0.2589550018310547,1309.0,baseline
1777618759.357412,0.25897693634033203,1311.0,baseline
1777618759.357433,0.25899791717529297,1311.0,baseline
1777618759.357455,0.2590198516845703,1312.0,baseline
1777618759.357476,0.25904083251953125,1312.0,baseline
1777618759.3574982,0.2590630054473877,1315.0,baseline
1777618759.3575191,0.25908398628234863,1311.0,baseline
1777618759.357541,0.259105920791626,1311.0,baseline
1777618759.357562,0.2591269016265869,1312.0,baseline
1777618759.357583,0.25914788246154785,1309.0,baseline
1777618759.3576052,0.2591700553894043,1311.0,baseline
1777618759.3576262,0.25919103622436523,1313.0,baseline
1777618759.357648,0.2592127323150635,1313.0,baseline
1777618759.357669,0.2592339515686035,1313.0,baseline
1777618759.3576908,0.25925564765930176,1315.0,baseline
1777618759.3577118,0.2592766284942627,1313.0,baseline
1777618759.357733,0.25929784774780273,1312.0,baseline
1777618759.357755,0.2593197822570801,1310.0,baseline
1777618759.3577821,0.25934696197509766,1312.0,baseline
1777618759.357805,0.2593698501586914,1312.0,baseline
1777618759.357826,0.25939083099365234,1310.0,baseline
1777618759.3578482,0.2594130039215088,1312.0,baseline
1777618759.3578691,0.2594339847564697,1311.0,baseline
1777618759.357891,0.25945591926574707,1312.0,baseline
1777618759.357912,0.259476900100708,1311.0,baseline
1777618759.357934,0.25949883460998535,1312.0,baseline
1777618759.357955,0.2595198154449463,1311.0,baseline
1777618759.357976,0.2595407962799072,1312.0,baseline
1777618759.3579981,0.25956296920776367,1313.0,baseline
1777618759.358019,0.2595839500427246,1310.0,baseline
1777618759.358041,0.25960588455200195,1311.0,baseline
1777618759.358062,0.2596268653869629,1312.0,baseline
1777618759.358083,0.25964784622192383,1313.0,baseline
1777618759.3581052,0.2596700191497803,1311.0,baseline
1777618759.3581262,0.2596909999847412,1312.0,baseline
1777618759.358148,0.25971293449401855,1312.0,baseline
1777618759.358169,0.2597339153289795,1312.0,baseline
1777618759.358191,0.25975584983825684,1312.0,baseline
1777618759.358212,0.2597768306732178,1309.0,baseline
1777618759.358233,0.2597978115081787,1307.0,baseline
1777618759.3582542,0.25981903076171875,1308.0,baseline
1777618759.358282,0.25984692573547363,1309.0,baseline
1777618759.358305,0.2598698139190674,1310.0,baseline
1777618759.358326,0.2598907947540283,1310.0,baseline
1777618759.3583481,0.25991296768188477,1312.0,baseline
1777618759.358369,0.2599339485168457,1311.0,baseline
1777618759.35839,0.25995492935180664,1311.0,baseline
1777618759.358412,0.259976863861084,1311.0,baseline
1777618759.358433,0.2599978446960449,1311.0,baseline
1777618759.358455,0.26001977920532227,1311.0,baseline
1777618759.358476,0.2600407600402832,1310.0,baseline
1777618759.3584971,0.26006197929382324,1314.0,baseline
1777618759.358519,0.2600839138031006,1312.0,baseline
1777618759.358541,0.26010584831237793,1313.0,baseline
1777618759.358562,0.26012682914733887,1312.0,baseline
1777618759.358583,0.2601478099822998,1311.0,baseline
1777618759.3586051,0.26016998291015625,1312.0,baseline
1777618759.3586261,0.2601909637451172,1311.0,baseline
1777618759.358647,0.2602119445800781,1311.0,baseline
1777618759.358669,0.26023387908935547,1308.0,baseline
1777618759.35869,0.2602548599243164,1309.0,baseline
1777618759.358711,0.26027584075927734,1309.0,baseline
1777618759.358733,0.2602977752685547,1308.0,baseline
1777618759.3587599,0.26032471656799316,1307.0,baseline
1777618759.358783,0.260347843170166,1308.0,baseline
1777618759.358804,0.26036882400512695,1309.0,baseline
1777618759.358825,0.2603898048400879,1306.0,baseline
1777618759.358847,0.26041173934936523,1311.0,baseline
1777618759.358868,0.26043272018432617,1310.0,baseline
1777618759.35889,0.2604548931121826,1310.0,baseline
1777618759.358911,0.26047587394714355,1309.0,baseline
1777618759.358932,0.2604968547821045,1309.0,baseline
1777618759.358953,0.26051783561706543,1310.0,baseline
1777618759.358975,0.2605397701263428,1312.0,baseline
1777618759.358996,0.2605607509613037,1312.0,baseline
1777618759.359017,0.26058173179626465,1312.0,baseline
1777618759.359039,0.2606039047241211,1311.0,baseline
1777618759.35906,0.26062488555908203,1309.0,baseline
1777618759.359081,0.26064586639404297,1308.0,baseline
1777618759.359103,0.2606678009033203,1309.0,baseline
1777618759.359124,0.26068878173828125,1311.0,baseline
1777618759.3591459,0.2607107162475586,1312.0,baseline
1777618759.3591669,0.26073169708251953,1310.0,baseline
1777618759.359189,0.260753870010376,1311.0,baseline
1777618759.35921,0.2607748508453369,1310.0,baseline
1777618759.3592372,0.2608020305633545,1312.0,baseline
1777618759.359262,0.26082682609558105,1312.0,baseline
1777618759.359283,0.260847806930542,1312.0,baseline
1777618759.359304,0.26086878776550293,1312.0,baseline
1777618759.359326,0.2608907222747803,1310.0,baseline
1777618759.359348,0.2609128952026367,1310.0,baseline
1777618759.359369,0.26093387603759766,1309.0,baseline
1777618759.35939,0.2609548568725586,1311.0,baseline
1777618759.359412,0.26097679138183594,1312.0,baseline
1777618759.359433,0.2609977722167969,1311.0,baseline
1777618759.359454,0.2610187530517578,1312.0,baseline
1777618759.3594759,0.26104068756103516,1312.0,baseline
1777618759.359497,0.2610619068145752,1312.0,baseline
1777618759.359519,0.26108384132385254,1309.0,baseline
1777618759.35954,0.2611048221588135,1310.0,baseline
1777618759.359562,0.2611267566680908,1309.0,baseline
1777618759.359583,0.26114773750305176,1308.0,baseline
1777618759.359604,0.2611687183380127,1307.0,baseline
1777618759.359626,0.26119089126586914,1309.0,baseline
1777618759.359647,0.2612118721008301,1310.0,baseline
1777618759.359668,0.261232852935791,1308.0,baseline
1777618759.35969,0.26125478744506836,1311.0,baseline
1777618759.359711,0.2612757682800293,1313.0,baseline
1777618759.3597388,0.2613036632537842,1314.0,baseline
1777618759.359762,0.26132678985595703,1314.0,baseline
1777618759.3597922,0.26135706901550293,1313.0,baseline
1777618759.359814,0.26137876510620117,1314.0,baseline
1777618759.3598359,0.2614006996154785,1311.0,baseline
1777618759.3598568,0.26142168045043945,1311.0,baseline
1777618759.359879,0.2614438533782959,1311.0,baseline
1777618759.3599,0.26146483421325684,1312.0,baseline
1777618759.359922,0.2614867687225342,1310.0,baseline
1777618759.359943,0.2615077495574951,1312.0,baseline
1777618759.359964,0.26152873039245605,1314.0,baseline
1777618759.3599858,0.2615506649017334,1311.0,baseline
1777618759.3600068,0.26157164573669434,1308.0,baseline
1777618759.360029,0.2615938186645508,1309.0,baseline
1777618759.36005,0.2616147994995117,1309.0,baseline
1777618759.360071,0.26163578033447266,1309.0,baseline
1777618759.3600929,0.26165771484375,1309.0,baseline
1777618759.3601139,0.26167869567871094,1311.0,baseline
1777618759.3601348,0.2616996765136719,1309.0,baseline
1777618759.360157,0.2617218494415283,1312.0,baseline
1777618759.360179,0.26174378395080566,1311.0,baseline
1777618759.360201,0.261765718460083,1310.0,baseline
1777618759.360227,0.2617919445037842,1311.0,baseline
1777618759.360252,0.26181674003601074,1310.0,baseline
1777618759.360273,0.2618377208709717,1309.0,baseline
1777618759.360299,0.26186394691467285,1311.0,baseline
1777618759.360321,0.2618858814239502,1312.0,baseline
1777618759.360342,0.26190686225891113,1311.0,baseline
1777618759.360364,0.2619287967681885,1311.0,baseline
1777618759.360385,0.2619497776031494,1311.0,baseline
1777618759.360406,0.26197075843811035,1311.0,baseline
1777618759.360428,0.2619929313659668,1309.0,baseline
1777618759.360449,0.26201391220092773,1308.0,baseline
1777618759.36047,0.26203489303588867,1311.0,baseline
1777618759.360492,0.262056827545166,1308.0,baseline
1777618759.360513,0.26207780838012695,1308.0,baseline
1777618759.3605351,0.2620999813079834,1309.0,baseline
1777618759.3605561,0.26212096214294434,1313.0,baseline
1777618759.3605802,0.2621450424194336,1311.0,baseline
1777618759.3606021,0.26216697692871094,1309.0,baseline
1777618759.3606231,0.2621879577636719,1309.0,baseline
1777618759.360645,0.2622098922729492,1308.0,baseline
1777618759.360666,0.26223087310791016,1311.0,baseline
1777618759.3606882,0.2622530460357666,1311.0,baseline
1777618759.360715,0.262279748916626,1311.0,baseline
1777618759.360739,0.26230382919311523,1311.0,baseline
1777618759.36076,0.26232481002807617,1312.0,baseline
1777618759.3607821,0.2623469829559326,1313.0,baseline
1777618759.3608031,0.26236796379089355,1310.0,baseline
1777618759.360825,0.2623898983001709,1311.0,baseline
1777618759.360846,0.26241087913513184,1309.0,baseline
1777618759.360868,0.2624328136444092,1309.0,baseline
1777618759.3608892,0.2624540328979492,1309.0,baseline
1777618759.3609102,0.26247501373291016,1311.0,baseline
1777618759.360938,0.26250290870666504,1312.0,baseline
1777618759.36096,0.2625248432159424,1309.0,baseline
1777618759.360981,0.2625458240509033,1312.0,baseline
1777618759.361002,0.26256680488586426,1311.0,baseline
1777618759.361024,0.2625887393951416,1308.0,baseline
1777618759.361045,0.26260972023010254,1308.0,baseline
1777618759.361067,0.262631893157959,1311.0,baseline
1777618759.361089,0.26265382766723633,1312.0,baseline
1777618759.36111,0.26267480850219727,1314.0,baseline
1777618759.361131,0.2626957893371582,1312.0,baseline
1777618759.3611531,0.26271796226501465,1311.0,baseline
1777618759.361174,0.2627389430999756,1311.0,baseline
1777618759.361196,0.26276087760925293,1311.0,baseline
1777618759.361221,0.2627859115600586,1309.0,baseline
1777618759.3612428,0.26280760765075684,1309.0,baseline
1777618759.3612642,0.262829065322876,1311.0,baseline
1777618759.361286,0.2628507614135742,1313.0,baseline
1777618759.361307,0.26287174224853516,1312.0,baseline
1777618759.3613281,0.2628929615020752,1311.0,baseline
1777618759.3613498,0.26291465759277344,1309.0,baseline
1777618759.3613708,0.2629356384277344,1313.0,baseline
1777618759.361393,0.2629578113555908,1311.0,baseline
1777618759.361414,0.26297879219055176,1312.0,baseline
1777618759.361435,0.2629997730255127,1313.0,baseline
1777618759.3614569,0.26302170753479004,1309.0,baseline
1777618759.3614779,0.263042688369751,1314.0,baseline
1777618759.3614998,0.2630646228790283,1315.0,baseline
1777618759.361521,0.26308584213256836,1308.0,baseline
1777618759.361543,0.2631077766418457,1309.0,baseline
1777618759.361564,0.26312875747680664,1303.0,baseline
1777618759.361585,0.2631497383117676,1312.0,baseline
1777618759.3616068,0.2631716728210449,1315.0,baseline
1777618759.3616278,0.26319265365600586,1311.0,baseline
1777618759.3616488,0.2632136344909668,1293.0,baseline
1777618759.361671,0.26323580741882324,1316.0,baseline
1777618759.361696,0.2632608413696289,1281.0,baseline
1777618759.3617191,0.26328396797180176,1329.0,baseline
1777618759.361741,0.2633059024810791,1331.0,baseline
1777618759.361762,0.26332688331604004,1316.0,baseline
1777618759.361784,0.2633488178253174,1304.0,baseline
1777618759.361805,0.2633697986602783,1306.0,baseline
1777618759.3618271,0.26339197158813477,1304.0,baseline
1777618759.361848,0.2634129524230957,1284.0,baseline
1777618759.36187,0.26343488693237305,1285.0,baseline
1777618759.361891,0.263455867767334,1259.0,baseline
1777618759.3619132,0.26347804069519043,1234.0,baseline
1777618759.3619342,0.26349902153015137,1248.0,baseline
1777618759.3619561,0.2635209560394287,1260.0,baseline
1777618759.361977,0.26354193687438965,1277.0,baseline
1777618759.361999,0.263563871383667,1305.0,baseline
1777618759.36202,0.26358485221862793,1324.0,baseline
1777618759.3620422,0.2636070251464844,1331.0,baseline
1777618759.3620632,0.2636280059814453,1336.0,baseline
1777618759.362085,0.26364994049072266,1328.0,baseline
1777618759.362106,0.2636709213256836,1323.0,baseline
1777618759.3621278,0.26369261741638184,1318.0,baseline
1777618759.36215,0.2637147903442383,1332.0,baseline
1777618759.362174,0.26373887062072754,1331.0,baseline
1777618759.362198,0.2637629508972168,1329.0,baseline
1777618759.36222,0.26378488540649414,1328.0,baseline
1777618759.362241,0.2638058662414551,1351.0,baseline
1777618759.362262,0.263826847076416,1347.0,baseline
1777618759.362284,0.26384878158569336,1348.0,baseline
1777618759.362305,0.2638697624206543,1335.0,baseline
1777618759.362326,0.26389074325561523,1327.0,baseline
1777618759.362348,0.2639129161834717,1325.0,baseline
1777618759.362369,0.2639338970184326,1320.0,baseline
1777618759.36239,0.26395487785339355,1317.0,baseline
1777618759.362412,0.2639768123626709,1313.0,baseline
1777618759.362433,0.26399779319763184,1313.0,baseline
1777618759.3624551,0.2640199661254883,1315.0,baseline
1777618759.362476,0.2640409469604492,1321.0,baseline
1777618759.362497,0.26406192779541016,1322.0,baseline
1777618759.362519,0.2640838623046875,1329.0,baseline
1777618759.36254,0.26410484313964844,1357.0,baseline
1777618759.362561,0.2641258239746094,1331.0,baseline
1777618759.362583,0.2641477584838867,1314.0,baseline
1777618759.3626041,0.26416897773742676,1302.0,baseline
1777618759.362626,0.2641909122467041,1305.0,baseline
1777618759.3626509,0.26421570777893066,1311.0,baseline
1777618759.362674,0.2642388343811035,1312.0,baseline
1777618759.362695,0.26425981521606445,1314.0,baseline
1777618759.362717,0.2642817497253418,1312.0,baseline
1777618759.362738,0.26430273056030273,1305.0,baseline
1777618759.3627598,0.2643246650695801,1306.0,baseline
1777618759.3627808,0.264345645904541,1306.0,baseline
1777618759.362803,0.26436781883239746,1313.0,baseline
1777618759.362824,0.2643887996673584,1314.0,baseline
1777618759.362845,0.26440978050231934,1314.0,baseline
1777618759.3628669,0.2644317150115967,1318.0,baseline
1777618759.3628879,0.2644526958465576,1312.0,baseline
1777618759.36291,0.26447486877441406,1321.0,baseline
1777618759.362931,0.264495849609375,1318.0,baseline
1777618759.362953,0.26451778411865234,1314.0,baseline
1777618759.362974,0.2645387649536133,1311.0,baseline
1777618759.3629959,0.2645606994628906,1308.0,baseline
1777618759.363018,0.26458287239074707,1306.0,baseline
1777618759.363039,0.264603853225708,1308.0,baseline
1777618759.363074,0.26463890075683594,1312.0,baseline
1777618759.363096,0.2646608352661133,1329.0,baseline
1777618759.3631182,0.2646830081939697,1326.0,baseline
1777618759.3631418,0.2647066116333008,1315.0,baseline
1777618759.363167,0.26473188400268555,1306.0,baseline
1777618759.363188,0.2647528648376465,1304.0,baseline
1777618759.36321,0.26477479934692383,1308.0,baseline
1777618759.363231,0.26479578018188477,1307.0,baseline
1777618759.3632529,0.2648177146911621,1308.0,baseline
1777618759.363274,0.26483893394470215,1311.0,baseline
1777618759.363296,0.2648608684539795,1310.0,baseline
1777618759.363318,0.26488280296325684,1306.0,baseline
1777618759.363339,0.2649037837982178,1307.0,baseline
1777618759.3633611,0.2649259567260742,1309.0,baseline
1777618759.363382,0.26494693756103516,1316.0,baseline
1777618759.363403,0.2649679183959961,1312.0,baseline
1777618759.363425,0.26498985290527344,1312.0,baseline
1777618759.363446,0.2650108337402344,1312.0,baseline
1777618759.363468,0.2650327682495117,1308.0,baseline
1777618759.363489,0.26505374908447266,1308.0,baseline
1777618759.363511,0.2650759220123291,1311.0,baseline
1777618759.363533,0.26509785652160645,1328.0,baseline
1777618759.363554,0.2651188373565674,1323.0,baseline
1777618759.363575,0.2651398181915283,1315.0,baseline
1777618759.3635972,0.26516199111938477,1310.0,baseline
1777618759.36362,0.2651848793029785,1312.0,baseline
1777618759.3636448,0.2652096748352051,1312.0,baseline
1777618759.3636658,0.265230655670166,1313.0,baseline
1777618759.363688,0.26525282859802246,1311.0,baseline
1777618759.363709,0.2652738094329834,1308.0,baseline
1777618759.36373,0.26529479026794434,1305.0,baseline
1777618759.363752,0.2653167247772217,1305.0,baseline
1777618759.3637729,0.2653377056121826,1313.0,baseline
1777618759.363795,0.26535987854003906,1314.0,baseline
1777618759.363816,0.265380859375,1311.0,baseline
1777618759.363838,0.26540279388427734,1305.0,baseline
1777618759.363859,0.2654237747192383,1312.0,baseline
1777618759.3638809,0.2654457092285156,1314.0,baseline
1777618759.3639019,0.26546669006347656,1312.0,baseline
1777618759.3639228,0.2654876708984375,1309.0,baseline
1777618759.363945,0.26550984382629395,1301.0,baseline
1777618759.363967,0.2655317783355713,1304.0,baseline
1777618759.363988,0.2655527591705322,1314.0,baseline
1777618759.36401,0.26557493209838867,1308.0,baseline
1777618759.364031,0.2655959129333496,1313.0,baseline
1777618759.364052,0.26561689376831055,1308.0,baseline
1777618759.364074,0.2656388282775879,1305.0,baseline
1777618759.364095,0.26565980911254883,1300.0,baseline
1777618759.3641212,0.26568603515625,1291.0,baseline
1777618759.364144,0.26570892333984375,1304.0,baseline
1777618759.364165,0.2657299041748047,1306.0,baseline
1777618759.364196,0.2657608985900879,1307.0,baseline
1777618759.364217,0.26578187942504883,1298.0,baseline
1777618759.3642392,0.2658040523529053,1302.0,baseline
1777618759.3642602,0.2658250331878662,1301.0,baseline
1777618759.3642821,0.26584696769714355,1308.0,baseline
1777618759.3643038,0.2658686637878418,1307.0,baseline
1777618759.364325,0.26588988304138184,1307.0,baseline
1777618759.364347,0.2659118175506592,1306.0,baseline
1777618759.364368,0.2659327983856201,1307.0,baseline
1777618759.36439,0.26595473289489746,1309.0,baseline
1777618759.3644109,0.2659757137298584,1312.0,baseline
1777618759.3644319,0.26599669456481934,1314.0,baseline
1777618759.3644538,0.2660186290740967,1312.0,baseline
1777618759.364476,0.2660408020019531,1313.0,baseline
1777618759.364497,0.26606178283691406,1312.0,baseline
1777618759.364518,0.266082763671875,1312.0,baseline
1777618759.3645399,0.26610469818115234,1312.0,baseline
1777618759.3645608,0.2661256790161133,1312.0,baseline
1777618759.364583,0.2661478519439697,1312.0,baseline
1777618759.3646069,0.2661716938018799,1312.0,baseline
1777618759.364629,0.26619386672973633,1311.0,baseline
1777618759.364651,0.26621580123901367,1313.0,baseline
1777618759.364672,0.2662367820739746,1312.0,baseline
1777618759.364694,0.26625895500183105,1313.0,baseline
1777618759.364715,0.266279935836792,1314.0,baseline
1777618759.364737,0.26630187034606934,1313.0,baseline
1777618759.364758,0.2663228511810303,1314.0,baseline
1777618759.36478,0.2663447856903076,1314.0,baseline
1777618759.364801,0.26636576652526855,1315.0,baseline
1777618759.364823,0.266387939453125,1314.0,baseline
1777618759.364844,0.26640892028808594,1312.0,baseline
1777618759.364865,0.2664299011230469,1312.0,baseline
1777618759.364887,0.2664518356323242,1312.0,baseline
1777618759.364908,0.26647281646728516,1312.0,baseline
1777618759.3649302,0.2664949893951416,1312.0,baseline
1777618759.3649511,0.26651597023010254,1312.0,baseline
1777618759.364973,0.2665379047393799,1312.0,baseline
1777618759.364994,0.2665588855743408,1312.0,baseline
1777618759.365016,0.26658082008361816,1313.0,baseline
1777618759.365037,0.2666018009185791,1309.0,baseline
1777618759.3650591,0.26662397384643555,1309.0,baseline
1777618759.365085,0.2666497230529785,1309.0,baseline
1777618759.365107,0.26667189598083496,1309.0,baseline
1777618759.36513,0.2666947841644287,1308.0,baseline
1777618759.365151,0.26671576499938965,1309.0,baseline
1777618759.365173,0.2667379379272461,1311.0,baseline
1777618759.365194,0.26675891876220703,1312.0,baseline
1777618759.365216,0.2667808532714844,1312.0,baseline
1777618759.365237,0.2668018341064453,1312.0,baseline
1777618759.365259,0.26682376861572266,1311.0,baseline
1777618759.36528,0.2668447494506836,1311.0,baseline
1777618759.365302,0.26686692237854004,1308.0,baseline
1777618759.365323,0.266887903213501,1309.0,baseline
1777618759.365345,0.2669098377227783,1308.0,baseline
1777618759.365366,0.26693081855773926,1308.0,baseline
1777618759.365388,0.2669527530670166,1309.0,baseline
1777618759.36541,0.26697492599487305,1311.0,baseline
1777618759.365432,0.2669968605041504,1309.0,baseline
1777618759.3654542,0.26701903343200684,1311.0,baseline
1777618759.3654752,0.2670400142669678,1313.0,baseline
1777618759.3654962,0.2670609951019287,1312.0,baseline
1777618759.365518,0.26708292961120605,1313.0,baseline
1777618759.365539,0.267103910446167,1312.0,baseline
1777618759.3655639,0.26712870597839355,1309.0,baseline
1777618759.3655858,0.2671506404876709,1308.0,baseline
1777618759.365607,0.26717185974121094,1309.0,baseline
1777618759.365629,0.2671937942504883,1311.0,baseline
1777618759.36565,0.2672147750854492,1311.0,baseline
1777618759.365671,0.26723575592041016,1311.0,baseline
1777618759.3656929,0.2672576904296875,1308.0,baseline
1777618759.3657138,0.26727867126464844,1308.0,baseline
1777618759.365736,0.2673008441925049,1310.0,baseline
1777618759.365757,0.2673218250274658,1308.0,baseline
1777618759.365779,0.26734375953674316,1308.0,baseline
1777618759.3658,0.2673647403717041,1309.0,baseline
1777618759.365821,0.26738572120666504,1311.0,baseline
1777618759.365843,0.2674078941345215,1312.0,baseline
1777618759.365864,0.2674288749694824,1310.0,baseline
1777618759.365886,0.26745080947875977,1307.0,baseline
1777618759.365907,0.2674717903137207,1307.0,baseline
1777618759.365928,0.26749277114868164,1311.0,baseline
1777618759.3659499,0.267514705657959,1307.0,baseline
1777618759.3659708,0.2675356864929199,1308.0,baseline
1777618759.3659918,0.26755666732788086,1307.0,baseline
1777618759.366014,0.2675788402557373,1307.0,baseline
1777618759.366038,0.26760292053222656,1310.0,baseline
1777618759.36606,0.2676248550415039,1312.0,baseline
1777618759.366081,0.26764583587646484,1313.0,baseline
1777618759.366103,0.2676677703857422,1308.0,baseline
1777618759.366124,0.2676887512207031,1306.0,baseline
1777618759.3661451,0.26770997047424316,1311.0,baseline
1777618759.366167,0.2677319049835205,1311.0,baseline
1777618759.366188,0.26775288581848145,1311.0,baseline
1777618759.36621,0.2677748203277588,1309.0,baseline
1777618759.366231,0.2677958011627197,1310.0,baseline
1777618759.366252,0.26781678199768066,1311.0,baseline
1777618759.366274,0.2678389549255371,1311.0,baseline
1777618759.366295,0.26785993576049805,1313.0,baseline
1777618759.366317,0.2678818702697754,1311.0,baseline
1777618759.366348,0.2679128646850586,1312.0,baseline
1777618759.36637,0.26793479919433594,1311.0,baseline
1777618759.366391,0.2679557800292969,1310.0,baseline
1777618759.366413,0.2679779529571533,1305.0,baseline
1777618759.366434,0.26799893379211426,1302.0,baseline
1777618759.366456,0.2680208683013916,1308.0,baseline
1777618759.366477,0.26804184913635254,1310.0,baseline
1777618759.366498,0.2680628299713135,1310.0,baseline
1777618759.3665228,0.26808762550354004,1311.0,baseline
1777618759.366545,0.2681097984313965,1313.0,baseline
1777618759.366566,0.2681307792663574,1311.0,baseline
1777618759.3665879,0.26815271377563477,1312.0,baseline
1777618759.3666089,0.2681736946105957,1309.0,baseline
1777618759.3666298,0.26819467544555664,1312.0,baseline
1777618759.366652,0.2682168483734131,1311.0,baseline
1777618759.366673,0.268237829208374,1312.0,baseline
1777618759.366695,0.26825976371765137,1314.0,baseline
1777618759.366716,0.2682807445526123,1303.0,baseline
1777618759.366737,0.26830172538757324,1313.0,baseline
1777618759.3667588,0.2683236598968506,1313.0,baseline
1777618759.3667798,0.2683446407318115,1311.0,baseline
1777618759.366802,0.26836681365966797,1310.0,baseline
1777618759.366823,0.2683877944946289,1310.0,baseline
1777618759.366844,0.26840877532958984,1311.0,baseline
1777618759.3668659,0.2684307098388672,1312.0,baseline
1777618759.3668869,0.2684516906738281,1314.0,baseline
1777618759.366909,0.26847386360168457,1314.0,baseline
1777618759.36693,0.2684948444366455,1313.0,baseline
1777618759.366954,0.26851892471313477,1315.0,baseline
1777618759.3669918,0.2685565948486328,1316.0,baseline
1777618759.367018,0.268582820892334,1315.0,baseline
1777618759.36704,0.26860475540161133,1315.0,baseline
1777618759.367062,0.2686269283294678,1314.0,baseline
1777618759.367084,0.2686488628387451,1311.0,baseline
1777618759.367105,0.26866984367370605,1313.0,baseline
1777618759.367127,0.2686917781829834,1315.0,baseline
1777618759.367148,0.26871275901794434,1310.0,baseline
1777618759.36717,0.2687349319458008,1313.0,baseline
1777618759.367191,0.2687559127807617,1313.0,baseline
1777618759.367213,0.26877784729003906,1314.0,baseline
1777618759.3672352,0.2688000202178955,1311.0,baseline
1777618759.3672562,0.26882100105285645,1312.0,baseline
1777618759.367278,0.2688429355621338,1311.0,baseline
1777618759.3673,0.26886487007141113,1309.0,baseline
1777618759.367321,0.26888585090637207,1309.0,baseline
1777618759.3673432,0.2689080238342285,1313.0,baseline
1777618759.3673642,0.26892900466918945,1312.0,baseline
1777618759.367386,0.2689509391784668,1311.0,baseline
1777618759.367407,0.26897192001342773,1312.0,baseline
1777618759.367428,0.26899290084838867,1313.0,baseline
1777618759.36745,0.269014835357666,1312.0,baseline
1777618759.3674712,0.26903605461120605,1313.0,baseline
1777618759.367496,0.2690608501434326,1312.0,baseline
1777618759.367518,0.26908278465270996,1314.0,baseline
1777618759.367539,0.2691037654876709,1312.0,baseline
1777618759.3675609,0.26912569999694824,1313.0,baseline
1777618759.3675818,0.2691466808319092,1312.0,baseline
1777618759.3676028,0.2691676616668701,1309.0,baseline
1777618759.367625,0.26918983459472656,1312.0,baseline
1777618759.367646,0.2692108154296875,1312.0,baseline
1777618759.367668,0.26923274993896484,1312.0,baseline
1777618759.36769,0.2692549228668213,1313.0,baseline
1777618759.367711,0.2692759037017822,1315.0,baseline
1777618759.367733,0.26929783821105957,1316.0,baseline
1777618759.367755,0.2693197727203369,1303.0,baseline
1777618759.367777,0.26934194564819336,1321.0,baseline
1777618759.3678,0.2693648338317871,1309.0,baseline
1777618759.367821,0.26938581466674805,1302.0,baseline
1777618759.3678432,0.2694079875946045,1313.0,baseline
1777618759.367865,0.26942992210388184,1312.0,baseline
1777618759.367887,0.2694518566131592,1311.0,baseline
1777618759.3679092,0.2694740295410156,1311.0,baseline
1777618759.367931,0.26949572563171387,1311.0,baseline
1777618759.3679519,0.2695167064666748,1312.0,baseline
1777618759.3679821,0.2695469856262207,1309.0,baseline
1777618759.368004,0.26956892013549805,1310.0,baseline
1777618759.368026,0.2695908546447754,1313.0,baseline
1777618759.368047,0.26961183547973633,1314.0,baseline
1777618759.3680692,0.2696340084075928,1310.0,baseline
1777618759.3680902,0.2696549892425537,1307.0,baseline
1777618759.368112,0.26967692375183105,1314.0,baseline
1777618759.368133,0.269697904586792,1310.0,baseline
1777618759.3681548,0.26971960067749023,1311.0,baseline
1777618759.3681762,0.2697410583496094,1313.0,baseline
1777618759.3681972,0.2697620391845703,1310.0,baseline
1777618759.368219,0.26978373527526855,1313.0,baseline
1777618759.36824,0.2698049545288086,1310.0,baseline
1777618759.3682618,0.26982665061950684,1311.0,baseline
1777618759.3682828,0.2698476314544678,1310.0,baseline
1777618759.368305,0.2698698043823242,1312.0,baseline
1777618759.368326,0.26989078521728516,1311.0,baseline
1777618759.368348,0.2699127197265625,1312.0,baseline
1777618759.3683689,0.26993370056152344,1313.0,baseline
1777618759.3683908,0.2699556350708008,1313.0,baseline
1777618759.368413,0.2699778079986572,1310.0,baseline
1777618759.368434,0.26999878883361816,1310.0,baseline
1777618759.3684611,0.27002596855163574,1312.0,baseline
1777618759.368482,0.2700469493865967,1313.0,baseline
1777618759.368504,0.270068883895874,1315.0,baseline
1777618759.368525,0.27008986473083496,1314.0,baseline
1777618759.368546,0.2701108455657959,1313.0,baseline
1777618759.3685682,0.27013301849365234,1308.0,baseline
1777618759.36859,0.2701549530029297,1309.0,baseline
1777618759.368611,0.2701759338378906,1303.0,baseline
1777618759.368632,0.27019691467285156,1308.0,baseline
1777618759.368654,0.2702188491821289,1311.0,baseline
1777618759.3686762,0.27024102210998535,1312.0,baseline
1777618759.3686972,0.2702620029449463,1312.0,baseline
1777618759.368719,0.27028393745422363,1314.0,baseline
1777618759.368741,0.270305871963501,1314.0,baseline
1777618759.368762,0.2703268527984619,1312.0,baseline
1777618759.368784,0.27034878730773926,1316.0,baseline
1777618759.3688052,0.2703700065612793,1314.0,baseline
1777618759.3688269,0.27039170265197754,1312.0,baseline
1777618759.3688478,0.2704126834869385,1312.0,baseline
1777618759.3688698,0.2704346179962158,1313.0,baseline
1777618759.3688908,0.27045559883117676,1312.0,baseline
1777618759.3689148,0.270479679107666,1312.0,baseline
1777618759.368938,0.27050280570983887,1313.0,baseline
1777618759.36896,0.2705247402191162,1311.0,baseline
1777618759.368981,0.27054572105407715,1311.0,baseline
1777618759.369003,0.2705678939819336,1309.0,baseline
1777618759.369024,0.27058887481689453,1309.0,baseline
1777618759.369045,0.27060985565185547,1312.0,baseline
1777618759.369067,0.2706317901611328,1315.0,baseline
1777618759.369088,0.27065277099609375,1313.0,baseline
1777618759.36911,0.2706749439239502,1312.0,baseline
1777618759.369131,0.27069592475891113,1312.0,baseline
1777618759.369153,0.2707178592681885,1310.0,baseline
1777618759.369174,0.2707388401031494,1312.0,baseline
1777618759.369195,0.27075982093811035,1311.0,baseline
1777618759.369217,0.2707817554473877,1313.0,baseline
1777618759.36924,0.27080488204956055,1311.0,baseline
1777618759.369262,0.2708268165588379,1311.0,baseline
1777618759.3692842,0.27084898948669434,1312.0,baseline
1777618759.369306,0.2708709239959717,1312.0,baseline
1777618759.369327,0.2708919048309326,1313.0,baseline
1777618759.369349,0.27091383934020996,1312.0,baseline
1777618759.369371,0.2709357738494873,1311.0,baseline
1777618759.369396,0.27096080780029297,1311.0,baseline
1777618759.369418,0.2709827423095703,1311.0,baseline
1777618759.369439,0.27100372314453125,1311.0,baseline
1777618759.369461,0.2710258960723877,1313.0,baseline
1777618759.369483,0.27104783058166504,1312.0,baseline
1777618759.369504,0.271068811416626,1311.0,baseline
1777618759.369526,0.2710907459259033,1311.0,baseline
1777618759.369547,0.27111172676086426,1311.0,baseline
1777618759.369568,0.2711329460144043,1312.0,baseline
1777618759.36959,0.27115488052368164,1311.0,baseline
1777618759.369611,0.2711758613586426,1312.0,baseline
1777618759.369644,0.2712087631225586,1313.0,baseline
1777618759.369666,0.27123093605041504,1314.0,baseline
1777618759.369687,0.271251916885376,1310.0,baseline
1777618759.369709,0.2712738513946533,1314.0,baseline
1777618759.36973,0.27129483222961426,1310.0,baseline
1777618759.369751,0.2713158130645752,1311.0,baseline
1777618759.3697731,0.27133798599243164,1313.0,baseline
1777618759.3697941,0.2713589668273926,1309.0,baseline
1777618759.369816,0.2713809013366699,1309.0,baseline
1777618759.369837,0.27140188217163086,1308.0,baseline
1777618759.369858,0.2714228630065918,1308.0,baseline
1777618759.369884,0.27144885063171387,1312.0,baseline
1777618759.369905,0.2714698314666748,1309.0,baseline
1777618759.369927,0.27149176597595215,1309.0,baseline
1777618759.369948,0.2715127468109131,1310.0,baseline
1777618759.3699698,0.27153468132019043,1307.0,baseline
1777618759.3699908,0.27155566215515137,1308.0,baseline
1777618759.3700118,0.2715766429901123,1312.0,baseline
1777618759.370034,0.27159881591796875,1313.0,baseline
1777618759.370055,0.2716197967529297,1314.0,baseline
1777618759.370076,0.2716407775878906,1312.0,baseline
1777618759.3700979,0.27166271209716797,1312.0,baseline
1777618759.3701189,0.2716836929321289,1312.0,baseline
1777618759.3701398,0.27170467376708984,1313.0,baseline
1777618759.370162,0.2717268466949463,1314.0,baseline
1777618759.370183,0.2717478275299072,1311.0,baseline
1777618759.370205,0.27176976203918457,1314.0,baseline
1777618759.370226,0.2717907428741455,1312.0,baseline
1777618759.3702478,0.27181267738342285,1311.0,baseline
1777618759.3702688,0.2718336582183838,1309.0,baseline
1777618759.3702898,0.2718546390533447,1308.0,baseline
1777618759.370312,0.27187681198120117,1312.0,baseline
1777618759.370333,0.2718977928161621,1314.0,baseline
1777618759.370361,0.2719259262084961,1312.0,baseline
1777618759.370383,0.27194786071777344,1313.0,baseline
1777618759.370404,0.2719688415527344,1312.0,baseline
1777618759.3704262,0.2719910144805908,1313.0,baseline
1777618759.3704472,0.27201199531555176,1315.0,baseline
1777618759.370469,0.2720339298248291,1313.0,baseline
1777618759.37049,0.27205491065979004,1313.0,baseline
1777618759.370511,0.272075891494751,1312.0,baseline
1777618759.3705332,0.2720980644226074,1349.0,baseline
1777618759.3705542,0.27211904525756836,1328.0,baseline
1777618759.370576,0.2721407413482666,1309.0,baseline
1777618759.3705971,0.27216196060180664,1306.0,baseline
1777618759.370618,0.2721829414367676,1349.0,baseline
1777618759.3706398,0.2722046375274658,1335.0,baseline
1777618759.370661,0.27222585678100586,1323.0,baseline
1777618759.370683,0.2722477912902832,1312.0,baseline
1777618759.370704,0.27226877212524414,1304.0,baseline
1777618759.3707252,0.2722899913787842,1310.0,baseline
1777618759.3707469,0.2723116874694824,1317.0,baseline
1777618759.3707678,0.27233266830444336,1317.0,baseline
1777618759.37079,0.2723548412322998,1316.0,baseline
1777618759.370811,0.27237582206726074,1315.0,baseline
1777618759.370838,0.2724027633666992,1319.0,baseline
1777618759.370861,0.27242588996887207,1318.0,baseline
1777618759.370882,0.272446870803833,1316.0,baseline
1777618759.370904,0.27246880531311035,1315.0,baseline
1777618759.370925,0.2724897861480713,1312.0,baseline
1777618759.3709471,0.27251195907592773,1311.0,baseline
1777618759.370968,0.27253293991088867,1314.0,baseline
1777618759.37099,0.272554874420166,1335.0,baseline
1777618759.371011,0.27257585525512695,1323.0,baseline
1777618759.3710332,0.2725980281829834,1320.0,baseline
1777618759.3710542,0.27261900901794434,1318.0,baseline
1777618759.371076,0.2726409435272217,1316.0,baseline
1777618759.371097,0.2726619243621826,1315.0,baseline
1777618759.371119,0.27268385887145996,1314.0,baseline
1777618759.37114,0.2727048397064209,1315.0,baseline
1777618759.3711622,0.27272701263427734,1312.0,baseline
1777618759.3711832,0.2727479934692383,1313.0,baseline
1777618759.3712041,0.2727689743041992,1314.0,baseline
1777618759.371226,0.27279090881347656,1314.0,baseline
1777618759.371247,0.2728118896484375,1313.0,baseline
1777618759.3712692,0.27283406257629395,1312.0,baseline
1777618759.3712902,0.2728550434112549,1313.0,baseline
1777618759.371317,0.27288174629211426,1314.0,baseline
1777618759.37134,0.2729048728942871,1313.0,baseline
1777618759.371361,0.27292585372924805,1312.0,baseline
1777618759.371383,0.2729477882385254,1312.0,baseline
1777618759.371404,0.27296876907348633,1315.0,baseline
1777618759.371426,0.2729909420013428,1311.0,baseline
1777618759.371447,0.2730119228363037,1311.0,baseline
1777618759.371469,0.27303385734558105,1312.0,baseline
1777618759.37149,0.273054838180542,1312.0,baseline
1777618759.3715122,0.27307701110839844,1313.0,baseline
1777618759.3715332,0.2730979919433594,1313.0,baseline
1777618759.3715541,0.2731189727783203,1312.0,baseline
1777618759.371576,0.27314090728759766,1312.0,baseline
1777618759.371597,0.2731618881225586,1313.0,baseline
1777618759.371618,0.27318286895751953,1313.0,baseline
1777618759.37164,0.2732048034667969,1312.0,baseline
1777618759.371661,0.2732257843017578,1314.0,baseline
1777618759.3716831,0.27324795722961426,1313.0,baseline
1777618759.371704,0.2732689380645752,1315.0,baseline
1777618759.371725,0.27328991889953613,1314.0,baseline
1777618759.371747,0.2733118534088135,1311.0,baseline
1777618759.371768,0.2733328342437744,1311.0,baseline
1777618759.371789,0.27335381507873535,1315.0,baseline
1777618759.371818,0.27338290214538574,1314.0,baseline
1777618759.37184,0.2734048366546631,1314.0,baseline
1777618759.371862,0.27342677116394043,1315.0,baseline
1777618759.371883,0.27344775199890137,1314.0,baseline
1777618759.371904,0.2734687328338623,1315.0,baseline
1777618759.371926,0.27349090576171875,1312.0,baseline
1777618759.371947,0.2735118865966797,1311.0,baseline
1777618759.371969,0.27353382110595703,1313.0,baseline
1777618759.37199,0.27355480194091797,1314.0,baseline
1777618759.3720121,0.2735769748687744,1312.0,baseline
1777618759.372033,0.27359795570373535,1312.0,baseline
1777618759.372055,0.2736198902130127,1311.0,baseline
1777618759.372077,0.27364182472229004,1312.0,baseline
1777618759.3720992,0.2736639976501465,1312.0,baseline
1777618759.372121,0.27368593215942383,1308.0,baseline
1777618759.372142,0.27370691299438477,1310.0,baseline
1777618759.372164,0.2737288475036621,1308.0,baseline
1777618759.372185,0.27374982833862305,1308.0,baseline
1777618759.372206,0.273770809173584,1306.0,baseline
1777618759.3722281,0.27379298210144043,1302.0,baseline
1777618759.3722491,0.27381396293640137,1305.0,baseline
1777618759.372271,0.2738358974456787,1305.0,baseline
1777618759.372295,0.27385973930358887,1303.0,baseline
1777618759.372318,0.2738828659057617,1302.0,baseline
1777618759.372339,0.27390384674072266,1307.0,baseline
1777618759.372361,0.27392578125,1307.0,baseline
1777618759.372382,0.27394676208496094,1308.0,baseline
1777618759.372403,0.2739677429199219,1307.0,baseline
1777618759.3724248,0.2739896774291992,1306.0,baseline
1777618759.372447,0.27401185035705566,1304.0,baseline
1777618759.372468,0.2740328311920166,1309.0,baseline
1777618759.37249,0.27405476570129395,1309.0,baseline
1777618759.372511,0.2740757465362549,1306.0,baseline
1777618759.372532,0.2740967273712158,1306.0,baseline
1777618759.372554,0.27411890029907227,1308.0,baseline
1777618759.372575,0.2741398811340332,1308.0,baseline
1777618759.372596,0.27416086196899414,1303.0,baseline
1777618759.372618,0.2741827964782715,1307.0,baseline
1777618759.372639,0.2742037773132324,1306.0,baseline
1777618759.3726609,0.27422571182250977,1306.0,baseline
1777618759.372682,0.2742469310760498,1308.0,baseline
1777618759.372703,0.27426791191101074,1305.0,baseline
1777618759.372725,0.2742898464202881,1303.0,baseline
1777618759.372746,0.274310827255249,1302.0,baseline
1777618759.3727732,0.2743380069732666,1303.0,baseline
1777618759.3727958,0.27436065673828125,1302.0,baseline
1777618759.3728168,0.2743816375732422,1303.0,baseline
1777618759.3728378,0.2744026184082031,1299.0,baseline
1777618759.37286,0.27442479133605957,1299.0,baseline
1777618759.372882,0.2744467258453369,1302.0,baseline
1777618759.372915,0.27447986602783203,1301.0,baseline
1777618759.372937,0.2745018005371094,1303.0,baseline
1777618759.372958,0.2745227813720703,1305.0,baseline
1777618759.3729799,0.27454471588134766,1304.0,baseline
1777618759.3730009,0.2745656967163086,1304.0,baseline
1777618759.3730218,0.27458667755126953,1309.0,baseline
1777618759.373044,0.274608850479126,1309.0,baseline
1777618759.373065,0.2746298313140869,1305.0,baseline
1777618759.373086,0.27465081214904785,1308.0,baseline
1777618759.373108,0.2746727466583252,1309.0,baseline
1777618759.373129,0.27469372749328613,1305.0,baseline
1777618759.373151,0.2747159004211426,1306.0,baseline
1777618759.373172,0.2747368812561035,1306.0,baseline
1777618759.373194,0.27475881576538086,1308.0,baseline
1777618759.373215,0.2747797966003418,1311.0,baseline
1777618759.373236,0.27480077743530273,1312.0,baseline
1777618759.3732631,0.2748279571533203,1308.0,baseline
1777618759.3732858,0.27485060691833496,1307.0,baseline
1777618759.373307,0.274871826171875,1304.0,baseline
1777618759.373329,0.27489376068115234,1309.0,baseline
1777618759.37335,0.2749147415161133,1314.0,baseline
1777618759.373371,0.2749357223510742,1306.0,baseline
1777618759.3733928,0.27495765686035156,1308.0,baseline
1777618759.3734138,0.2749786376953125,1313.0,baseline
1777618759.373436,0.27500081062316895,1311.0,baseline
1777618759.373457,0.2750217914581299,1310.0,baseline
1777618759.373478,0.2750427722930908,1311.0,baseline
1777618759.3734999,0.27506470680236816,1310.0,baseline
1777618759.3735209,0.2750856876373291,1310.0,baseline
1777618759.373543,0.27510786056518555,1308.0,baseline
1777618759.373564,0.2751288414001465,1308.0,baseline
1777618759.373586,0.27515077590942383,1309.0,baseline
1777618759.373607,0.27517175674438477,1309.0,baseline
1777618759.373631,0.275195837020874,1303.0,baseline
1777618759.373652,0.27521681785583496,1309.0,baseline
1777618759.373674,0.2752387523651123,1311.0,baseline
1777618759.373695,0.27525973320007324,1310.0,baseline
1777618759.3737159,0.2752807140350342,1312.0,baseline
1777618759.373738,0.2753028869628906,1311.0,baseline
1777618759.373766,0.2753307819366455,1312.0,baseline
1777618759.3737879,0.27535271644592285,1310.0,baseline
1777618759.3738089,0.2753736972808838,1311.0,baseline
1777618759.3738298,0.2753946781158447,1311.0,baseline
1777618759.373852,0.27541685104370117,1308.0,baseline
1777618759.373873,0.2754378318786621,1306.0,baseline
1777618759.373895,0.27545976638793945,1308.0,baseline
1777618759.373916,0.2754807472229004,1308.0,baseline
1777618759.373937,0.27550172805786133,1308.0,baseline
1777618759.3739588,0.27552366256713867,1308.0,baseline
1777618759.3739798,0.2755446434020996,1309.0,baseline
1777618759.374002,0.27556681632995605,1308.0,baseline
1777618759.374023,0.275587797164917,1308.0,baseline
1777618759.374045,0.27560973167419434,1309.0,baseline
1777618759.3740659,0.2756307125091553,1309.0,baseline
1777618759.3740869,0.2756516933441162,1308.0,baseline
1777618759.374111,0.27567577362060547,1309.0,baseline
1777618759.374133,0.2756979465484619,1311.0,baseline
1777618759.374154,0.27571892738342285,1313.0,baseline
1777618759.374176,0.2757408618927002,1311.0,baseline
1777618759.374197,0.27576184272766113,1309.0,baseline
1777618759.374218,0.27578282356262207,1311.0,baseline
1777618759.374246,0.27581071853637695,1312.0,baseline
1777618759.3742678,0.2758326530456543,1312.0,baseline
1777618759.3742888,0.27585363388061523,1308.0,baseline
1777618759.374311,0.2758758068084717,1308.0,baseline
1777618759.374332,0.2758967876434326,1306.0,baseline
1777618759.374354,0.27591872215270996,1309.0,baseline
1777618759.3743749,0.2759397029876709,1308.0,baseline
1777618759.3743958,0.27596068382263184,1308.0,baseline
1777618759.374418,0.2759828567504883,1304.0,baseline
1777618759.374439,0.2760038375854492,1311.0,baseline
1777618759.37446,0.27602481842041016,1313.0,baseline
1777618759.374482,0.2760467529296875,1313.0,baseline
1777618759.374503,0.27606773376464844,1315.0,baseline
1777618759.3745239,0.2760887145996094,1311.0,baseline
1777618759.3745458,0.2761106491088867,1308.0,baseline
1777618759.37457,0.276134729385376,1304.0,baseline
1777618759.3745909,0.2761557102203369,1305.0,baseline
1777618759.3746119,0.27617669105529785,1312.0,baseline
1777618759.374634,0.2761988639831543,1315.0,baseline
1777618759.374655,0.27621984481811523,1304.0,baseline
1777618759.374676,0.27624082565307617,1306.0,baseline
1777618759.374698,0.2762627601623535,1305.0,baseline
1777618759.3747241,0.2762889862060547,1307.0,baseline
1777618759.3747468,0.27631163597106934,1312.0,baseline
1777618759.374768,0.2763328552246094,1315.0,baseline
1777618759.37479,0.2763547897338867,1311.0,baseline
1777618759.374811,0.27637577056884766,1310.0,baseline
1777618759.3748322,0.2763969898223877,1312.0,baseline
1777618759.3748531,0.27641797065734863,1313.0,baseline
1777618759.3748748,0.2764396667480469,1312.0,baseline
1777618759.374896,0.2764608860015869,1311.0,baseline
1777618759.374918,0.27648282051086426,1315.0,baseline
1777618759.374939,0.2765038013458252,1312.0,baseline
1777618759.3749602,0.27652502059936523,1309.0,baseline
1777618759.3749819,0.2765467166900635,1308.0,baseline
1777618759.3750029,0.2765676975250244,1310.0,baseline
1777618759.3750248,0.27658963203430176,1311.0,baseline
1777618759.3750458,0.2766106128692627,1310.0,baseline
1777618759.375068,0.27663278579711914,1311.0,baseline
1777618759.375089,0.2766537666320801,1309.0,baseline
1777618759.37511,0.276674747467041,1312.0,baseline
1777618759.3751318,0.27669668197631836,1313.0,baseline
1777618759.3751528,0.2767176628112793,1310.0,baseline
1777618759.3751738,0.27673864364624023,1310.0,baseline
1777618759.375196,0.2767608165740967,1312.0,baseline
1777618759.375223,0.27678775787353516,1311.0,baseline
1777618759.375245,0.2768099308013916,1308.0,baseline
1777618759.375267,0.27683186531066895,1312.0,baseline
1777618759.375288,0.2768528461456299,1310.0,baseline
1777618759.3753102,0.27687501907348633,1310.0,baseline
1777618759.3753312,0.27689599990844727,1309.0,baseline
1777618759.3753521,0.2769169807434082,1309.0,baseline
1777618759.375374,0.27693891525268555,1312.0,baseline
1777618759.375395,0.2769598960876465,1311.0,baseline
1777618759.375416,0.2769808769226074,1311.0,baseline
1777618759.375438,0.27700281143188477,1311.0,baseline
1777618759.375459,0.2770237922668457,1308.0,baseline
1777618759.3754802,0.27704501152038574,1309.0,baseline
1777618759.375502,0.2770669460296631,1310.0,baseline
1777618759.375523,0.277087926864624,1311.0,baseline
1777618759.375544,0.27710890769958496,1311.0,baseline
1777618759.375566,0.2771308422088623,1312.0,baseline
1777618759.375587,0.27715182304382324,1312.0,baseline
1777618759.375608,0.2771728038787842,1313.0,baseline
1777618759.375629,0.2771937847137451,1311.0,baseline
1777618759.3756511,0.27721595764160156,1310.0,baseline
1777618759.375672,0.2772369384765625,1312.0,baseline
1777618759.375699,0.277263879776001,1312.0,baseline
1777618759.375722,0.2772867679595947,1312.0,baseline
1777618759.375743,0.27730774879455566,1312.0,baseline
1777618759.375765,0.2773299217224121,1310.0,baseline
1777618759.375786,0.27735090255737305,1310.0,baseline
1777618759.375808,0.2773728370666504,1310.0,baseline
1777618759.375829,0.27739381790161133,1311.0,baseline
1777618759.37585,0.27741479873657227,1312.0,baseline
1777618759.375871,0.2774357795715332,1312.0,baseline
1777618759.3758929,0.27745771408081055,1312.0,baseline
1777618759.375914,0.2774789333343506,1312.0,baseline
1777618759.375935,0.2774999141693115,1312.0,baseline
1777618759.375957,0.27752184867858887,1313.0,baseline
1777618759.375978,0.2775428295135498,1311.0,baseline
1777618759.375999,0.27756381034851074,1311.0,baseline
1777618759.376021,0.2775857448577881,1308.0,baseline
1777618759.376042,0.277606725692749,1309.0,baseline
1777618759.3760629,0.27762770652770996,1309.0,baseline
1777618759.376085,0.2776498794555664,1310.0,baseline
1777618759.376106,0.27767086029052734,1311.0,baseline
1777618759.376128,0.2776927947998047,1311.0,baseline
1777618759.376163,0.2777278423309326,1311.0,baseline
1777618759.376191,0.2777557373046875,1310.0,baseline
1777618759.376214,0.27777886390686035,1309.0,baseline
1777618759.376235,0.2777998447418213,1311.0,baseline
1777618759.376256,0.2778208255767822,1312.0,baseline
1777618759.376278,0.27784276008605957,1312.0,baseline
1777618759.376299,0.2778637409210205,1308.0,baseline
1777618759.37632,0.27788472175598145,1311.0,baseline
1777618759.376342,0.2779068946838379,1311.0,baseline
1777618759.376363,0.27792787551879883,1312.0,baseline
1777618759.376384,0.27794885635375977,1311.0,baseline
1777618759.376406,0.2779707908630371,1312.0,baseline
1777618759.376429,0.27799391746520996,1311.0,baseline
1777618759.376451,0.2780158519744873,1310.0,baseline
1777618759.376472,0.27803683280944824,1311.0,baseline
1777618759.376493,0.2780578136444092,1310.0,baseline
1777618759.3765152,0.2780799865722656,1310.0,baseline
1777618759.3765361,0.27810096740722656,1311.0,baseline
1777618759.376565,0.27812981605529785,1311.0,baseline
1777618759.376587,0.2781517505645752,1309.0,baseline
1777618759.376608,0.27817273139953613,1311.0,baseline
1777618759.3766289,0.27819371223449707,1309.0,baseline
1777618759.376651,0.2782158851623535,1311.0,baseline
1777618759.376672,0.27823686599731445,1307.0,baseline
1777618759.3767,0.27826476097106934,1309.0,baseline
1777618759.376721,0.2782857418060303,1308.0,baseline
1777618759.3767428,0.2783076763153076,1308.0,baseline
1777618759.3767638,0.27832865715026855,1310.0,baseline
1777618759.3767848,0.2783496379852295,1312.0,baseline
1777618759.376807,0.27837181091308594,1311.0,baseline
1777618759.376828,0.2783927917480469,1311.0,baseline
1777618759.37685,0.2784147262573242,1309.0,baseline
1777618759.3768709,0.27843570709228516,1309.0,baseline
1777618759.3768919,0.2784566879272461,1309.0,baseline
1777618759.376914,0.27847886085510254,1311.0,baseline
1777618759.376935,0.2784998416900635,1308.0,baseline
1777618759.376956,0.2785208225250244,1306.0,baseline
1777618759.37698,0.27854490280151367,1309.0,baseline
1777618759.377002,0.278566837310791,1310.0,baseline
1777618759.377023,0.27858781814575195,1311.0,baseline
1777618759.377044,0.2786087989807129,1312.0,baseline
1777618759.377066,0.27863073348999023,1312.0,baseline
1777618759.3770869,0.27865171432495117,1311.0,baseline
1777618759.377109,0.2786738872528076,1306.0,baseline
1777618759.37713,0.27869486808776855,1310.0,baseline
1777618759.377152,0.2787168025970459,1308.0,baseline
1777618759.377176,0.27874088287353516,1309.0,baseline
1777618759.377198,0.2787628173828125,1311.0,baseline
1777618759.377219,0.27878379821777344,1310.0,baseline
1777618759.3772411,0.2788059711456299,1309.0,baseline
1777618759.377262,0.2788269519805908,1309.0,baseline
1777618759.377284,0.27884888648986816,1310.0,baseline
1777618759.3773062,0.2788710594177246,1311.0,baseline
1777618759.3773272,0.27889204025268555,1311.0,baseline
1777618759.3773491,0.2789139747619629,1311.0,baseline
1777618759.37737,0.27893495559692383,1310.0,baseline
1777618759.377392,0.27895689010620117,1311.0,baseline
1777618759.377413,0.2789778709411621,1310.0,baseline
1777618759.377434,0.27899885177612305,1313.0,baseline
1777618759.3774562,0.2790210247039795,1311.0,baseline
1777618759.3774772,0.27904200553894043,1311.0,baseline
1777618759.3774989,0.27906370162963867,1310.0,baseline
1777618759.37752,0.2790849208831787,1313.0,baseline
1777618759.3775418,0.27910661697387695,1308.0,baseline
1777618759.3775628,0.2791275978088379,1310.0,baseline
1777618759.377585,0.27914977073669434,1312.0,baseline
1777618759.377606,0.2791707515716553,1312.0,baseline
1777618759.377627,0.2791917324066162,1313.0,baseline
1777618759.377655,0.2792198657989502,1312.0,baseline
1777618759.3776782,0.27924299240112305,1312.0,baseline
1777618759.3776991,0.279263973236084,1311.0,baseline
1777618759.37772,0.2792849540710449,1311.0,baseline
1777618759.377742,0.27930688858032227,1312.0,baseline
1777618759.377764,0.2793288230895996,1311.0,baseline
1777618759.3777852,0.27935004234313965,1310.0,baseline
1777618759.3778062,0.2793710231781006,1310.0,baseline
1777618759.377831,0.27939581871032715,1312.0,baseline
1777618759.377852,0.2794167995452881,1313.0,baseline
1777618759.377874,0.27943873405456543,1314.0,baseline
1777618759.3778949,0.27945971488952637,1311.0,baseline
1777618759.3779168,0.2794816493988037,1311.0,baseline
1777618759.377938,0.27950286865234375,1310.0,baseline
1777618759.37796,0.2795248031616211,1312.0,baseline
1777618759.377982,0.27954673767089844,1310.0,baseline
1777618759.378004,0.2795689105987549,1312.0,baseline
1777618759.378025,0.2795898914337158,1311.0,baseline
1777618759.378047,0.27961182594299316,1312.0,baseline
1777618759.378068,0.2796328067779541,1312.0,baseline
1777618759.37809,0.27965474128723145,1311.0,baseline
1777618759.378111,0.2796757221221924,1311.0,baseline
1777618759.378138,0.27970290184020996,1310.0,baseline
1777618759.378161,0.2797257900238037,1310.0,baseline
1777618759.378182,0.27974677085876465,1310.0,baseline
1777618759.3782039,0.279768705368042,1311.0,baseline
1777618759.3782248,0.27978968620300293,1312.0,baseline
1777618759.378247,0.2798118591308594,1313.0,baseline
1777618759.378268,0.2798328399658203,1312.0,baseline
1777618759.378289,0.27985382080078125,1308.0,baseline
1777618759.378314,0.2798788547515869,1307.0,baseline
1777618759.378335,0.27989983558654785,1306.0,baseline
1777618759.378357,0.2799217700958252,1307.0,baseline
1777618759.378378,0.27994275093078613,1309.0,baseline
1777618759.378399,0.27996373176574707,1310.0,baseline
1777618759.378421,0.2799859046936035,1309.0,baseline
1777618759.378442,0.28000688552856445,1309.0,baseline
1777618759.378464,0.2800288200378418,1311.0,baseline
1777618759.378489,0.28005385398864746,1309.0,baseline
1777618759.3785112,0.2800760269165039,1307.0,baseline
1777618759.3785331,0.28009796142578125,1308.0,baseline
1777618759.378554,0.2801189422607422,1308.0,baseline
1777618759.3785758,0.28014063835144043,1308.0,baseline
1777618759.378604,0.2801687717437744,1306.0,baseline
1777618759.378625,0.28018975257873535,1307.0,baseline
1777618759.3786519,0.28021669387817383,1308.0,baseline
1777618759.378674,0.2802388668060303,1309.0,baseline
1777618759.378695,0.2802598476409912,1310.0,baseline
1777618759.378717,0.28028178215026855,1309.0,baseline
1777618759.378738,0.2803027629852295,1308.0,baseline
1777618759.3787599,0.28032469749450684,1305.0,baseline
1777618759.3787808,0.2803456783294678,1304.0,baseline
1777618759.3788018,0.2803666591644287,1308.0,baseline
1777618759.378824,0.28038883209228516,1305.0,baseline
1777618759.378845,0.2804098129272461,1305.0,baseline
1777618759.378867,0.28043174743652344,1309.0,baseline
1777618759.378888,0.2804527282714844,1308.0,baseline
1777618759.3789089,0.2804737091064453,1309.0,baseline
1777618759.378931,0.28049588203430176,1308.0,baseline
1777618759.378952,0.2805168628692627,1308.0,baseline
1777618759.378974,0.28053879737854004,1309.0,baseline
1777618759.378995,0.280559778213501,1305.0,baseline
1777618759.379016,0.2805807590484619,1307.0,baseline
1777618759.3790379,0.28060269355773926,1308.0,baseline
1777618759.3790588,0.2806236743927002,1309.0,baseline
1777618759.379081,0.28064584732055664,1309.0,baseline
1777618759.379102,0.2806668281555176,1308.0,baseline
1777618759.3791301,0.28069496154785156,1310.0,baseline
1777618759.3791518,0.2807166576385498,1311.0,baseline
1777618759.379173,0.28073787689208984,1308.0,baseline
1777618759.379195,0.2807598114013672,1309.0,baseline
1777618759.379216,0.2807807922363281,1309.0,baseline
1777618759.37924,0.2808048725128174,1309.0,baseline
1777618759.379262,0.2808268070220947,1309.0,baseline
1777618759.379283,0.28084778785705566,1309.0,baseline
1777618759.379304,0.2808687686920166,1311.0,baseline
1777618759.3793259,0.28089070320129395,1313.0,baseline
1777618759.3793468,0.2809116840362549,1311.0,baseline
1777618759.379369,0.28093385696411133,1311.0,baseline
1777618759.37939,0.28095483779907227,1311.0,baseline
1777618759.379412,0.2809767723083496,1309.0,baseline
1777618759.379445,0.2810099124908447,1306.0,baseline
1777618759.379467,0.28103184700012207,1308.0,baseline
1777618759.379488,0.281052827835083,1308.0,baseline
1777618759.37951,0.28107476234436035,1309.0,baseline
1777618759.379531,0.2810957431793213,1312.0,baseline
1777618759.379553,0.28111791610717773,1310.0,baseline
1777618759.379574,0.28113889694213867,1310.0,baseline
1777618759.379596,0.281160831451416,1309.0,baseline
1777618759.379624,0.2811887264251709,1310.0,baseline
1777618759.379648,0.28121280670166016,1308.0,baseline
1777618759.37967,0.2812347412109375,1305.0,baseline
1777618759.3796911,0.28125596046447754,1306.0,baseline
1777618759.379712,0.2812769412994385,1308.0,baseline
1777618759.379734,0.2812988758087158,1304.0,baseline
1777618759.379755,0.28131985664367676,1309.0,baseline
1777618759.379777,0.2813417911529541,1309.0,baseline
1777618759.3797991,0.28136396408081055,1308.0,baseline
1777618759.37982,0.2813849449157715,1307.0,baseline
1777618759.379841,0.2814059257507324,1309.0,baseline
1777618759.379863,0.28142786026000977,1309.0,baseline
1777618759.379884,0.2814488410949707,1309.0,baseline
1777618759.379905,0.28146982192993164,1310.0,baseline
1777618759.3799272,0.2814919948577881,1312.0,baseline
1777618759.3799481,0.281512975692749,1312.0,baseline
1777618759.37997,0.28153491020202637,1309.0,baseline
1777618759.379991,0.2815558910369873,1309.0,baseline
1777618759.380012,0.28157687187194824,1312.0,baseline
1777618759.380034,0.2815988063812256,1312.0,baseline
1777618759.380055,0.2816197872161865,1312.0,baseline
1777618759.380076,0.28164076805114746,1312.0,baseline
1777618759.3801038,0.28166866302490234,1310.0,baseline
1777618759.380127,0.2816917896270752,1308.0,baseline
1777618759.380148,0.28171277046203613,1309.0,baseline
1777618759.3801699,0.2817347049713135,1310.0,baseline
1777618759.380192,0.2817568778991699,1312.0,baseline
1777618759.380213,0.28177785873413086,1312.0,baseline
1777618759.380234,0.2817988395690918,1311.0,baseline
1777618759.380256,0.28182077407836914,1309.0,baseline
1777618759.380277,0.2818417549133301,1309.0,baseline
1777618759.380299,0.2818639278411865,1310.0,baseline
1777618759.38032,0.28188490867614746,1308.0,baseline
1777618759.380341,0.2819058895111084,1310.0,baseline
1777618759.380363,0.28192782402038574,1312.0,baseline
1777618759.380384,0.2819488048553467,1311.0,baseline
1777618759.380406,0.281970739364624,1311.0,baseline
1777618759.3804271,0.28199195861816406,1312.0,baseline
1777618759.380448,0.282012939453125,1313.0,baseline
1777618759.38047,0.28203487396240234,1311.0,baseline
1777618759.380491,0.2820558547973633,1312.0,baseline
1777618759.380512,0.2820768356323242,1310.0,baseline
1777618759.380534,0.28209877014160156,1312.0,baseline
1777618759.380555,0.2821197509765625,1310.0,baseline
1777618759.3805819,0.282146692276001,1312.0,baseline
1777618759.380605,0.28216981887817383,1311.0,baseline
1777618759.380626,0.28219079971313477,1308.0,baseline
1777618759.380648,0.2822127342224121,1308.0,baseline
1777618759.3806689,0.28223371505737305,1309.0,baseline
1777618759.3806899,0.282254695892334,1312.0,baseline
1777618759.380712,0.28227686882019043,1311.0,baseline
1777618759.380733,0.28229784965515137,1311.0,baseline
1777618759.380755,0.2823197841644287,1310.0,baseline
1777618759.380776,0.28234076499938965,1312.0,baseline
1777618759.380797,0.2823617458343506,1311.0,baseline
1777618759.3808188,0.28238368034362793,1311.0,baseline
1777618759.3808398,0.28240466117858887,1312.0,baseline
1777618759.380862,0.2824268341064453,1311.0,baseline
1777618759.380883,0.28244781494140625,1312.0,baseline
1777618759.380904,0.2824687957763672,1312.0,baseline
1777618759.380925,0.2824897766113281,1309.0,baseline
1777618759.3809469,0.28251171112060547,1308.0,baseline
1777618759.3809679,0.2825326919555664,1312.0,baseline
1777618759.3809888,0.28255367279052734,1313.0,baseline
1777618759.381011,0.2825758457183838,1313.0,baseline
1777618759.381032,0.2825968265533447,1311.0,baseline
1777618759.381053,0.28261780738830566,1312.0,baseline
1777618759.381081,0.28264594078063965,1311.0,baseline
1777618759.3811042,0.2826690673828125,1308.0,baseline
1777618759.381126,0.28269076347351074,1310.0,baseline
1777618759.381147,0.2827117443084717,1311.0,baseline
1777618759.3811681,0.2827329635620117,1311.0,baseline
1777618759.3811898,0.28275465965270996,1312.0,baseline
1777618759.3812108,0.2827756404876709,1312.0,baseline
1777618759.381232,0.28279685974121094,1312.0,baseline
1777618759.381254,0.2828187942504883,1311.0,baseline
1777618759.381275,0.2828397750854492,1312.0,baseline
1777618759.3812962,0.28286099433898926,1311.0,baseline
1777618759.3813179,0.2828826904296875,1313.0,baseline
1777618759.3813388,0.28290367126464844,1314.0,baseline
1777618759.38136,0.2829248905181885,1312.0,baseline
1777618759.381382,0.2829468250274658,1311.0,baseline
1777618759.381403,0.28296780586242676,1311.0,baseline
1777618759.3814242,0.2829890251159668,1313.0,baseline
1777618759.381446,0.28301072120666504,1313.0,baseline
1777618759.38148,0.28304481506347656,1311.0,baseline
1777618759.381501,0.2830657958984375,1312.0,baseline
1777618759.381523,0.28308773040771484,1311.0,baseline
1777618759.3815439,0.2831087112426758,1312.0,baseline
1777618759.381571,0.28313589096069336,1311.0,baseline
1777618759.3815942,0.2831590175628662,1312.0,baseline
1777618759.3816152,0.28317999839782715,1312.0,baseline
1777618759.381637,0.2832019329071045,1314.0,baseline
1777618759.381658,0.28322291374206543,1315.0,baseline
1777618759.381679,0.28324389457702637,1313.0,baseline
1777618759.3817012,0.2832660675048828,1311.0,baseline
1777618759.3817222,0.28328704833984375,1314.0,baseline
1777618759.3817441,0.2833089828491211,1312.0,baseline
1777618759.3817651,0.28332996368408203,1313.0,baseline
1777618759.3817868,0.2833516597747803,1312.0,baseline
1777618759.381808,0.2833728790283203,1311.0,baseline
1777618759.38183,0.28339481353759766,1309.0,baseline
1777618759.381851,0.2834157943725586,1311.0,baseline
1777618759.381873,0.28343772888183594,1311.0,baseline
1777618759.3818939,0.2834587097167969,1308.0,baseline
1777618759.3819149,0.2834796905517578,1308.0,baseline
1777618759.3819368,0.28350162506103516,1310.0,baseline
1777618759.3819578,0.2835226058959961,1311.0,baseline
1777618759.38198,0.28354477882385254,1312.0,baseline
1777618759.382001,0.2835657596588135,1310.0,baseline
1777618759.382022,0.2835867404937744,1310.0,baseline
1777618759.382049,0.283613920211792,1310.0,baseline
1777618759.382072,0.28363680839538574,1311.0,baseline
1777618759.3820941,0.2836589813232422,1311.0,baseline
1777618759.3821151,0.2836799621582031,1312.0,baseline
1777618759.382137,0.28370189666748047,1312.0,baseline
1777618759.382158,0.2837228775024414,1313.0,baseline
1777618759.382179,0.28374385833740234,1312.0,baseline
1777618759.3822012,0.2837660312652588,1312.0,baseline
1777618759.3822222,0.2837870121002197,1313.0,baseline
1777618759.3822432,0.28380799293518066,1312.0,baseline
1777618759.382265,0.283829927444458,1311.0,baseline
1777618759.382286,0.28385090827941895,1310.0,baseline
1777618759.382308,0.2838728427886963,1312.0,baseline
1777618759.382329,0.2838938236236572,1312.0,baseline
1777618759.38235,0.28391480445861816,1311.0,baseline
1777618759.3823721,0.2839369773864746,1311.0,baseline
1777618759.3823931,0.28395795822143555,1311.0,baseline
1777618759.382422,0.28398680686950684,1309.0,baseline
1777618759.382443,0.2840077877044678,1308.0,baseline
1777618759.3824651,0.2840299606323242,1309.0,baseline
1777618759.382486,0.28405094146728516,1308.0,baseline
1777618759.382508,0.2840728759765625,1312.0,baseline
1777618759.38253,0.28409481048583984,1312.0,baseline
1777618759.382557,0.2841217517852783,1312.0,baseline
1777618759.3825788,0.28414368629455566,1309.0,baseline
1777618759.382601,0.2841658592224121,1308.0,baseline
1777618759.382622,0.28418684005737305,1309.0,baseline
1777618759.382643,0.284207820892334,1309.0,baseline
1777618759.382665,0.28422975540161133,1310.0,baseline
1777618759.382687,0.2842519283294678,1311.0,baseline
1777618759.382708,0.2842729091644287,1312.0,baseline
1777618759.3827431,0.28430795669555664,1312.0,baseline
1777618759.382765,0.284329891204834,1312.0,baseline
1777618759.382786,0.2843508720397949,1311.0,baseline
1777618759.382808,0.28437280654907227,1309.0,baseline
1777618759.382829,0.2843937873840332,1312.0,baseline
1777618759.3828511,0.28441596031188965,1312.0,baseline
1777618759.382872,0.2844369411468506,1309.0,baseline
1777618759.382893,0.2844579219818115,1307.0,baseline
1777618759.382915,0.28447985649108887,1308.0,baseline
1777618759.382936,0.2845008373260498,1310.0,baseline
1777618759.3829582,0.28452301025390625,1311.0,baseline
1777618759.3829792,0.2845439910888672,1311.0,baseline
1777618759.383001,0.28456592559814453,1309.0,baseline
1777618759.383022,0.28458690643310547,1309.0,baseline
1777618759.383046,0.2846107482910156,1309.0,baseline
1777618759.383069,0.2846338748931885,1308.0,baseline
1777618759.383091,0.2846558094024658,1312.0,baseline
1777618759.383112,0.28467679023742676,1312.0,baseline
1777618759.383133,0.2846977710723877,1312.0,baseline
1777618759.3831549,0.28471970558166504,1313.0,baseline
1777618759.3831758,0.284740686416626,1312.0,baseline
1777618759.383198,0.2847628593444824,1311.0,baseline
1777618759.383219,0.28478384017944336,1312.0,baseline
1777618759.38324,0.2848048210144043,1313.0,baseline
1777618759.383262,0.28482675552368164,1314.0,baseline
1777618759.383283,0.2848477363586426,1313.0,baseline
1777618759.3833039,0.2848687171936035,1311.0,baseline
1777618759.383326,0.28489089012145996,1312.0,baseline
1777618759.383347,0.2849118709564209,1310.0,baseline
1777618759.383369,0.28493380546569824,1310.0,baseline
1777618759.38339,0.2849547863006592,1311.0,baseline
1777618759.383412,0.2849767208099365,1311.0,baseline
1777618759.3834329,0.28499770164489746,1309.0,baseline
1777618759.383455,0.2850198745727539,1308.0,baseline
1777618759.383476,0.28504085540771484,1309.0,baseline
1777618759.383498,0.2850627899169922,1309.0,baseline
1777618759.3835251,0.28508996963500977,1310.0,baseline
1777618759.383548,0.2851128578186035,1312.0,baseline
1777618759.383569,0.28513383865356445,1313.0,baseline
1777618759.38359,0.2851548194885254,1312.0,baseline
1777618759.383615,0.28517985343933105,1311.0,baseline
1777618759.383648,0.28521275520324707,1311.0,baseline
1777618759.383671,0.2852358818054199,1312.0,baseline
1777618759.383693,0.28525781631469727,1310.0,baseline
1777618759.3837152,0.2852799892425537,1312.0,baseline
1777618759.3837361,0.28530097007751465,1312.0,baseline
1777618759.383758,0.285322904586792,1310.0,baseline
1777618759.383779,0.28534388542175293,1311.0,baseline
1777618759.383801,0.2853658199310303,1309.0,baseline
1777618759.383822,0.2853868007659912,1309.0,baseline
1777618759.3838441,0.28540897369384766,1310.0,baseline
1777618759.383865,0.2854299545288086,1312.0,baseline
1777618759.383887,0.28545188903808594,1313.0,baseline
1777618759.383908,0.2854728698730469,1312.0,baseline
1777618759.3839302,0.2854950428009033,1311.0,baseline
1777618759.3839512,0.28551602363586426,1311.0,baseline
1777618759.3839731,0.2855379581451416,1312.0,baseline
1777618759.383994,0.28555893898010254,1314.0,baseline
1777618759.384018,0.2855827808380127,1312.0,baseline
1777618759.384043,0.28560781478881836,1313.0,baseline
1777618759.384064,0.2856287956237793,1312.0,baseline
1777618759.384085,0.28564977645874023,1311.0,baseline
1777618759.384107,0.2856719493865967,1312.0,baseline
1777618759.384128,0.2856929302215576,1314.0,baseline
1777618759.38415,0.28571486473083496,1310.0,baseline
1777618759.384171,0.2857358455657959,1312.0,baseline
1777618759.384193,0.28575778007507324,1312.0,baseline
1777618759.384214,0.2857787609100342,1312.0,baseline
1777618759.384235,0.2857997417449951,1313.0,baseline
1777618759.384257,0.28582191467285156,1311.0,baseline
1777618759.384278,0.2858428955078125,1311.0,baseline
1777618759.384299,0.28586387634277344,1311.0,baseline
1777618759.38432,0.2858848571777344,1312.0,baseline
1777618759.384342,0.2859067916870117,1313.0,baseline
1777618759.384363,0.28592777252197266,1315.0,baseline
1777618759.384384,0.2859487533569336,1312.0,baseline
1777618759.384406,0.28597092628479004,1312.0,baseline
1777618759.384427,0.285991907119751,1311.0,baseline
1777618759.384449,0.2860138416290283,1313.0,baseline
1777618759.38447,0.28603482246398926,1312.0,baseline
1777618759.384494,0.2860589027404785,1312.0,baseline
1777618759.384518,0.28608274459838867,1312.0,baseline
1777618759.384539,0.2861037254333496,1313.0,baseline
1777618759.3845608,0.28612565994262695,1312.0,baseline
1777618759.3845818,0.2861466407775879,1314.0,baseline
1777618759.3846028,0.28616762161254883,1313.0,baseline
1777618759.384625,0.2861897945404053,1312.0,baseline
1777618759.384646,0.2862107753753662,1313.0,baseline
1777618759.3846679,0.28623270988464355,1313.0,baseline
1777618759.3846889,0.2862536907196045,1311.0,baseline
1777618759.3847098,0.28627467155456543,1311.0,baseline
1777618759.384732,0.2862968444824219,1312.0,baseline
1777618759.384753,0.2863178253173828,1310.0,baseline
1777618759.384774,0.28633880615234375,1309.0,baseline
1777618759.384796,0.2863607406616211,1308.0,baseline
1777618759.384817,0.28638172149658203,1308.0,baseline
1777618759.3848388,0.2864036560058594,1308.0,baseline
1777618759.3848598,0.2864246368408203,1309.0,baseline
1777618759.3848808,0.28644561767578125,1308.0,baseline
1777618759.384903,0.2864677906036377,1307.0,baseline
1777618759.384924,0.28648877143859863,1311.0,baseline
1777618759.384945,0.28650975227355957,1312.0,baseline
1777618759.384969,0.28653383255004883,1313.0,baseline
1777618759.384993,0.2865579128265381,1312.0,baseline
1777618759.385015,0.28657984733581543,1311.0,baseline
1777618759.385036,0.28660082817077637,1311.0,baseline
1777618759.3850582,0.2866230010986328,1313.0,baseline
1777618759.3850791,0.28664398193359375,1313.0,baseline
1777618759.3851001,0.2866649627685547,1313.0,baseline
1777618759.385122,0.28668689727783203,1314.0,baseline
1777618759.385143,0.28670787811279297,1314.0,baseline
1777618759.385165,0.2867298126220703,1314.0,baseline
1777618759.385186,0.28675079345703125,1312.0,baseline
1777618759.3852081,0.2867729663848877,1311.0,baseline
1777618759.385229,0.28679394721984863,1312.0,baseline
1777618759.385251,0.286815881729126,1312.0,baseline
1777618759.385272,0.2868368625640869,1312.0,baseline
1777618759.385293,0.28685784339904785,1314.0,baseline
1777618759.3853152,0.2868800163269043,1313.0,baseline
1777618759.3853362,0.28690099716186523,1313.0,baseline
1777618759.385358,0.2869229316711426,1311.0,baseline
1777618759.385379,0.2869439125061035,1311.0,baseline
1777618759.3854,0.28696489334106445,1312.0,baseline
1777618759.385421,0.2869858741760254,1311.0,baseline
1777618759.385448,0.28701281547546387,1310.0,baseline
1777618759.385472,0.2870368957519531,1310.0,baseline
1777618759.385493,0.28705787658691406,1309.0,baseline
1777618759.385514,0.287078857421875,1311.0,baseline
1777618759.385536,0.28710079193115234,1312.0,baseline
1777618759.385557,0.2871217727661133,1311.0,baseline
1777618759.385578,0.2871427536010742,1312.0,baseline
1777618759.3856,0.28716492652893066,1311.0,baseline
1777618759.385621,0.2871859073638916,1312.0,baseline
1777618759.385642,0.28720688819885254,1312.0,baseline
1777618759.385664,0.2872288227081299,1313.0,baseline
1777618759.385685,0.2872498035430908,1313.0,baseline
1777618759.385707,0.28727173805236816,1312.0,baseline
1777618759.385729,0.2872939109802246,1312.0,baseline
1777618759.385751,0.28731584548950195,1312.0,baseline
1777618759.3857741,0.2873389720916748,1314.0,baseline
1777618759.385796,0.28736090660095215,1313.0,baseline
1777618759.385817,0.2873818874359131,1311.0,baseline
1777618759.385839,0.28740382194519043,1312.0,baseline
1777618759.3858602,0.28742504119873047,1311.0,baseline
1777618759.3858821,0.2874469757080078,1312.0,baseline
1777618759.3859031,0.28746795654296875,1312.0,baseline
1777618759.385924,0.2874889373779297,1312.0,baseline
1777618759.385953,0.287517786026001,1312.0,baseline
1777618759.385977,0.28754186630249023,1313.0,baseline
1777618759.385998,0.28756284713745117,1311.0,baseline
1777618759.386032,0.2875969409942627,1312.0,baseline
1777618759.386053,0.28761792182922363,1312.0,baseline
1777618759.3860748,0.2876396179199219,1311.0,baseline
1777618759.3860962,0.287661075592041,1313.0,baseline
1777618759.3861172,0.28768205642700195,1314.0,baseline
1777618759.386139,0.2877037525177002,1311.0,baseline
1777618759.3861601,0.28772497177124023,1310.0,baseline
1777618759.3861818,0.2877466678619385,1311.0,baseline
1777618759.3862028,0.2877676486968994,1309.0,baseline
1777618759.386224,0.28778886795043945,1313.0,baseline
1777618759.386246,0.2878108024597168,1310.0,baseline
1777618759.386267,0.28783178329467773,1312.0,baseline
1777618759.3862882,0.2878530025482178,1312.0,baseline
1777618759.3863099,0.287874698638916,1311.0,baseline
1777618759.3863308,0.28789567947387695,1313.0,baseline
1777618759.3863528,0.2879176139831543,1311.0,baseline
1777618759.386374,0.28793883323669434,1312.0,baseline
1777618759.386396,0.2879607677459717,1311.0,baseline
1777618759.386417,0.2879817485809326,1315.0,baseline
1777618759.386444,0.2880089282989502,1312.0,baseline
1777618759.386467,0.28803181648254395,1312.0,baseline
1777618759.3864892,0.2880539894104004,1312.0,baseline
1777618759.3865101,0.28807497024536133,1311.0,baseline
1777618759.386531,0.28809595108032227,1311.0,baseline
1777618759.386553,0.2881178855895996,1311.0,baseline
1777618759.386574,0.28813886642456055,1311.0,baseline
1777618759.3865962,0.288161039352417,1312.0,baseline
1777618759.3866172,0.28818202018737793,1314.0,baseline
1777618759.3866382,0.28820300102233887,1315.0,baseline
1777618759.38666,0.2882249355316162,1314.0,baseline
1777618759.386681,0.28824591636657715,1314.0,baseline
1777618759.386702,0.2882668972015381,1311.0,baseline
1777618759.386724,0.28828883171081543,1312.0,baseline
1777618759.386745,0.28830981254577637,1313.0,baseline
1777618759.3867662,0.2883310317993164,1312.0,baseline
1777618759.3867881,0.28835296630859375,1313.0,baseline
1777618759.386809,0.2883739471435547,1312.0,baseline
1777618759.38683,0.2883949279785156,1311.0,baseline
1777618759.386851,0.28841590881347656,1312.0,baseline
1777618759.386873,0.2884378433227539,1312.0,baseline
1777618759.386894,0.28845882415771484,1312.0,baseline
1777618759.386922,0.2884867191314697,1312.0,baseline
1777618759.3869472,0.2885119915008545,1312.0,baseline
1777618759.386969,0.28853392601013184,1312.0,baseline
1777618759.386991,0.2885558605194092,1310.0,baseline
1777618759.3870132,0.2885780334472656,1310.0,baseline
1777618759.3870342,0.28859901428222656,1312.0,baseline
1777618759.387056,0.2886209487915039,1312.0,baseline
1777618759.387077,0.28864192962646484,1311.0,baseline
1777618759.387098,0.2886629104614258,1311.0,baseline
1777618759.3871202,0.2886850833892822,1312.0,baseline
1777618759.3871412,0.28870606422424316,1311.0,baseline
1777618759.387163,0.2887277603149414,1312.0,baseline
1777618759.3871841,0.28874897956848145,1312.0,baseline
1777618759.387208,0.2887728214263916,1312.0,baseline
1777618759.38723,0.28879475593566895,1311.0,baseline
1777618759.387251,0.2888157367706299,1312.0,baseline
1777618759.387272,0.2888367176055908,1313.0,baseline
1777618759.387294,0.28885889053344727,1313.0,baseline
1777618759.387323,0.28888773918151855,1313.0,baseline
1777618759.3873448,0.2889096736907959,1313.0,baseline
1777618759.3873658,0.28893065452575684,1311.0,baseline
1777618759.387388,0.2889528274536133,1312.0,baseline
1777618759.387412,0.28897690773010254,1313.0,baseline
1777618759.387437,0.2890019416809082,1314.0,baseline
1777618759.387458,0.28902292251586914,1315.0,baseline
1777618759.38748,0.2890448570251465,1312.0,baseline
1777618759.387501,0.2890658378601074,1310.0,baseline
1777618759.3875232,0.28908801078796387,1312.0,baseline
1777618759.3875442,0.2891089916229248,1312.0,baseline
1777618759.387566,0.28913092613220215,1311.0,baseline
1777618759.387587,0.2891519069671631,1313.0,baseline
1777618759.387609,0.28917384147644043,1313.0,baseline
1777618759.38763,0.28919482231140137,1312.0,baseline
1777618759.3876522,0.2892169952392578,1312.0,baseline
1777618759.3876731,0.28923797607421875,1312.0,baseline
1777618759.387695,0.2892599105834961,1312.0,baseline
1777618759.387716,0.28928089141845703,1312.0,baseline
1777618759.3877382,0.2893030643463135,1313.0,baseline
1777618759.3877592,0.2893240451812744,1315.0,baseline
1777618759.3877802,0.28934502601623535,1314.0,baseline
1777618759.3878021,0.2893669605255127,1311.0,baseline
1777618759.387823,0.28938794136047363,1312.0,baseline
1777618759.387845,0.289409875869751,1315.0,baseline
1777618759.387866,0.2894308567047119,1314.0,baseline
1777618759.387893,0.2894577980041504,1313.0,baseline
1777618759.387917,0.28948187828063965,1315.0,baseline
1777618759.387938,0.2895028591156006,1314.0,baseline
1777618759.387959,0.2895238399505615,1314.0,baseline
1777618759.38798,0.28954482078552246,1313.0,baseline
1777618759.3880022,0.2895669937133789,1312.0,baseline
1777618759.3880231,0.28958797454833984,1310.0,baseline
1777618759.388045,0.2896099090576172,1311.0,baseline
1777618759.388066,0.2896308898925781,1312.0,baseline
1777618759.388087,0.28965187072753906,1311.0,baseline
1777618759.388109,0.2896738052368164,1313.0,baseline
1777618759.38813,0.28969478607177734,1312.0,baseline
1777618759.388151,0.2897157669067383,1314.0,baseline
1777618759.388173,0.2897379398345947,1313.0,baseline
1777618759.388194,0.28975892066955566,1314.0,baseline
1777618759.388215,0.2897799015045166,1311.0,baseline
1777618759.388237,0.28980183601379395,1312.0,baseline
1777618759.388258,0.2898228168487549,1312.0,baseline
1777618759.388279,0.2898437976837158,1313.0,baseline
1777618759.3883,0.28986477851867676,1314.0,baseline
1777618759.388322,0.2898869514465332,1312.0,baseline
1777618759.388343,0.28990793228149414,1313.0,baseline
1777618759.388364,0.2899289131164551,1311.0,baseline
1777618759.388392,0.28995680809020996,1312.0,baseline
1777618759.3884149,0.2899796962738037,1312.0,baseline
1777618759.388436,0.29000091552734375,1311.0,baseline
1777618759.388457,0.2900218963623047,1312.0,baseline
1777618759.388479,0.29004383087158203,1312.0,baseline
1777618759.388501,0.2900657653808594,1312.0,baseline
1777618759.388522,0.2900867462158203,1310.0,baseline
1777618759.388543,0.29010772705078125,1312.0,baseline
1777618759.388565,0.2901298999786377,1312.0,baseline
1777618759.388586,0.29015088081359863,1314.0,baseline
1777618759.388607,0.29017186164855957,1315.0,baseline
1777618759.388629,0.2901937961578369,1315.0,baseline
1777618759.38865,0.29021477699279785,1314.0,baseline
1777618759.388672,0.2902369499206543,1312.0,baseline
1777618759.388693,0.29025793075561523,1311.0,baseline
1777618759.388714,0.29027891159057617,1311.0,baseline
1777618759.388736,0.2903008460998535,1311.0,baseline
1777618759.388757,0.29032182693481445,1311.0,baseline
1777618759.388778,0.2903428077697754,1311.0,baseline
1777618759.3888,0.29036474227905273,1310.0,baseline
1777618759.388821,0.29038572311401367,1314.0,baseline
1777618759.388843,0.2904078960418701,1314.0,baseline
1777618759.38887,0.2904348373413086,1309.0,baseline
1777618759.388892,0.29045677185058594,1313.0,baseline
1777618759.3889139,0.2904787063598633,1313.0,baseline
1777618759.3889349,0.2904996871948242,1312.0,baseline
1777618759.3889558,0.29052066802978516,1314.0,baseline
1777618759.388978,0.2905428409576416,1314.0,baseline
1777618759.388999,0.29056382179260254,1312.0,baseline
1777618759.38902,0.2905848026275635,1312.0,baseline
1777618759.389042,0.2906067371368408,1314.0,baseline
1777618759.389063,0.29062771797180176,1312.0,baseline
1777618759.3890839,0.2906486988067627,1312.0,baseline
1777618759.389106,0.29067087173461914,1311.0,baseline
1777618759.389127,0.2906918525695801,1313.0,baseline
1777618759.389148,0.290712833404541,1315.0,baseline
1777618759.38917,0.29073476791381836,1314.0,baseline
1777618759.389191,0.2907557487487793,1312.0,baseline
1777618759.389212,0.29077672958374023,1312.0,baseline
1777618759.3892329,0.29079771041870117,1312.0,baseline
1777618759.3892548,0.2908196449279785,1312.0,baseline
1777618759.3892758,0.29084062576293945,1311.0,baseline
1777618759.389311,0.2908759117126465,1310.0,baseline
1777618759.389333,0.29089784622192383,1314.0,baseline
1777618759.389357,0.2909219264984131,1308.0,baseline
1777618759.3893828,0.29094767570495605,1310.0,baseline
1777618759.3894038,0.290968656539917,1313.0,baseline
1777618759.389426,0.29099082946777344,1312.0,baseline
1777618759.389447,0.2910118103027344,1313.0,baseline
1777618759.389469,0.2910337448120117,1312.0,baseline
1777618759.38949,0.29105472564697266,1313.0,baseline
1777618759.3895109,0.2910757064819336,1311.0,baseline
1777618759.389533,0.29109787940979004,1312.0,baseline
1777618759.389554,0.291118860244751,1310.0,baseline
1777618759.389576,0.2911407947540283,1310.0,baseline
1777618759.389597,0.29116177558898926,1310.0,baseline
1777618759.3896189,0.2911837100982666,1313.0,baseline
1777618759.3896399,0.29120469093322754,1312.0,baseline
1777618759.389662,0.291226863861084,1316.0,baseline
1777618759.389683,0.2912478446960449,1312.0,baseline
1777618759.389705,0.29126977920532227,1309.0,baseline
1777618759.389726,0.2912907600402832,1310.0,baseline
1777618759.3897479,0.29131269454956055,1313.0,baseline
1777618759.389769,0.2913339138031006,1313.0,baseline
1777618759.38979,0.2913548946380615,1312.0,baseline
1777618759.389812,0.29137682914733887,1312.0,baseline
1777618759.3898392,0.29140400886535645,1312.0,baseline
1777618759.3898618,0.2914266586303711,1314.0,baseline
1777618759.3898828,0.29144763946533203,1312.0,baseline
1777618759.389905,0.2914698123931885,1311.0,baseline
1777618759.389926,0.2914907932281494,1311.0,baseline
1777618759.389947,0.29151177406311035,1312.0,baseline
1777618759.3899689,0.2915337085723877,1312.0,baseline
1777618759.3899899,0.29155468940734863,1308.0,baseline
1777618759.3900118,0.291576623916626,1309.0,baseline
1777618759.390033,0.291597843170166,1309.0,baseline
1777618759.390054,0.29161882400512695,1309.0,baseline
1777618759.390076,0.2916407585144043,1312.0,baseline
1777618759.390097,0.29166173934936523,1312.0,baseline
1777618759.390118,0.29168272018432617,1310.0,baseline
1777618759.3901398,0.2917046546936035,1312.0,baseline
1777618759.3901608,0.29172563552856445,1314.0,baseline
1777618759.3901818,0.2917466163635254,1313.0,baseline
1777618759.390204,0.29176878929138184,1311.0,baseline
1777618759.390225,0.2917897701263428,1309.0,baseline
1777618759.3902469,0.2918117046356201,1311.0,baseline
1777618759.3902678,0.29183268547058105,1312.0,baseline
1777618759.3902888,0.291853666305542,1310.0,baseline
1777618759.390311,0.29187583923339844,1310.0,baseline
1777618759.390338,0.2919027805328369,1310.0,baseline
1777618759.39036,0.29192495346069336,1311.0,baseline
1777618759.390382,0.2919468879699707,1310.0,baseline
1777618759.3904052,0.29197001457214355,1310.0,baseline
1777618759.3904278,0.2919926643371582,1309.0,baseline
1777618759.390451,0.29201579093933105,1304.0,baseline
1777618759.390475,0.2920398712158203,1309.0,baseline
1777618759.3904982,0.29206299781799316,1310.0,baseline
1777618759.390521,0.2920858860015869,1312.0,baseline
1777618759.390544,0.29210877418518066,1313.0,baseline
1777618759.3905659,0.292130708694458,1312.0,baseline
1777618759.3905878,0.29215264320373535,1309.0,baseline
1777618759.3906088,0.2921736240386963,1311.0,baseline
1777618759.39063,0.29219484329223633,1312.0,baseline
1777618759.390652,0.29221677780151367,1314.0,baseline
1777618759.390673,0.2922377586364746,1315.0,baseline
1777618759.3906949,0.29225969314575195,1309.0,baseline
1777618759.3907158,0.2922806739807129,1312.0,baseline
1777618759.390738,0.29230284690856934,1311.0,baseline
1777618759.390759,0.2923238277435303,1310.0,baseline
1777618759.390781,0.2923457622528076,1312.0,baseline
1777618759.390802,0.29236674308776855,1312.0,baseline
1777618759.390829,0.29239392280578613,1311.0,baseline
1777618759.3908532,0.2924180030822754,1311.0,baseline
1777618759.3908741,0.29243898391723633,1314.0,baseline
1777618759.390896,0.29246091842651367,1312.0,baseline
1777618759.390917,0.2924818992614746,1311.0,baseline
1777618759.390938,0.29250288009643555,1312.0,baseline
1777618759.3909602,0.292525053024292,1310.0,baseline
1777618759.390982,0.29254674911499023,1311.0,baseline
1777618759.391003,0.29256772994995117,1312.0,baseline
1777618759.3910248,0.2925896644592285,1312.0,baseline
1777618759.3910458,0.29261064529418945,1310.0,baseline
1777618759.391068,0.2926328182220459,1311.0,baseline
1777618759.391089,0.29265379905700684,1311.0,baseline
1777618759.391111,0.2926757335662842,1313.0,baseline
1777618759.3911319,0.2926967144012451,1312.0,baseline
1777618759.3911538,0.29271864891052246,1315.0,baseline
1777618759.3911748,0.2927396297454834,1315.0,baseline
1777618759.391196,0.29276084899902344,1314.0,baseline
1777618759.391218,0.2927827835083008,1314.0,baseline
1777618759.391239,0.2928037643432617,1311.0,baseline
1777618759.3912609,0.29282569885253906,1312.0,baseline
1777618759.3912818,0.2928466796875,1314.0,baseline
1777618759.391309,0.2928738594055176,1312.0,baseline
1777618759.391333,0.29289793968200684,1312.0,baseline
1777618759.391354,0.2929189205169678,1312.0,baseline
1777618759.391375,0.2929399013519287,1312.0,baseline
1777618759.3913972,0.29296207427978516,1312.0,baseline
1777618759.3914182,0.2929830551147461,1313.0,baseline
1777618759.39144,0.29300475120544434,1312.0,baseline
1777618759.3914611,0.2930259704589844,1310.0,baseline
1777618759.3914828,0.2930476665496826,1312.0,baseline
1777618759.3915038,0.29306864738464355,1312.0,baseline
1777618759.391526,0.2930908203125,1312.0,baseline
1777618759.391547,0.29311180114746094,1314.0,baseline
1777618759.391569,0.2931337356567383,1314.0,baseline
1777618759.3915899,0.2931547164916992,1314.0,baseline
1777618759.3916109,0.29317569732666016,1312.0,baseline
1777618759.3916328,0.2931976318359375,1313.0,baseline
1777618759.391655,0.29321980476379395,1312.0,baseline
1777618759.391676,0.2932407855987549,1312.0,baseline
1777618759.391698,0.2932627201080322,1312.0,baseline
1777618759.3917189,0.29328370094299316,1312.0,baseline
1777618759.391741,0.2933058738708496,1312.0,baseline
1777618759.391762,0.29332685470581055,1311.0,baseline
1777618759.391784,0.2933487892150879,1311.0,baseline
1777618759.391812,0.2933769226074219,1312.0,baseline
1777618759.391836,0.29340076446533203,1311.0,baseline
1777618759.391857,0.29342174530029297,1312.0,baseline
1777618759.3918788,0.2934436798095703,1308.0,baseline
1777618759.3918998,0.29346466064453125,1309.0,baseline
1777618759.391922,0.2934868335723877,1311.0,baseline
1777618759.391943,0.29350781440734863,1310.0,baseline
1777618759.391964,0.29352879524230957,1312.0,baseline
1777618759.391986,0.2935507297515869,1312.0,baseline
1777618759.3920069,0.29357171058654785,1312.0,baseline
1777618759.392029,0.2935938835144043,1312.0,baseline
1777618759.39205,0.29361486434936523,1310.0,baseline
1777618759.392072,0.2936367988586426,1311.0,baseline
1777618759.392093,0.2936577796936035,1311.0,baseline
1777618759.3921149,0.29367971420288086,1313.0,baseline
1777618759.3921359,0.2937006950378418,1312.0,baseline
1777618759.3921568,0.29372167587280273,1312.0,baseline
1777618759.392179,0.2937438488006592,1312.0,baseline
1777618759.3922,0.2937648296356201,1313.0,baseline
1777618759.392221,0.29378581047058105,1314.0,baseline
1777618759.392243,0.2938077449798584,1313.0,baseline
1777618759.392264,0.29382872581481934,1312.0,baseline
1777618759.392291,0.2938559055328369,1312.0,baseline
1777618759.3923142,0.29387903213500977,1311.0,baseline
1777618759.3923352,0.2939000129699707,1312.0,baseline
1777618759.392359,0.29392385482788086,1312.0,baseline
1777618759.392381,0.2939457893371582,1312.0,baseline
1777618759.392402,0.29396677017211914,1311.0,baseline
1777618759.392423,0.2939877510070801,1312.0,baseline
1777618759.3924448,0.2940096855163574,1310.0,baseline
1777618759.3924658,0.29403066635131836,1312.0,baseline
1777618759.392488,0.2940528392791748,1313.0,baseline
1777618759.392509,0.29407382011413574,1312.0,baseline
1777618759.39253,0.2940948009490967,1312.0,baseline
1777618759.392552,0.294116735458374,1309.0,baseline
1777618759.392585,0.29414987564086914,1312.0,baseline
1777618759.392607,0.2941718101501465,1312.0,baseline
1777618759.392628,0.2941927909851074,1311.0,baseline
1777618759.39265,0.29421472549438477,1311.0,baseline
1777618759.3926709,0.2942357063293457,1309.0,baseline
1777618759.3926919,0.29425668716430664,1312.0,baseline
1777618759.392714,0.2942788600921631,1313.0,baseline
1777618759.392735,0.294299840927124,1313.0,baseline
1777618759.392756,0.29432082176208496,1313.0,baseline
1777618759.3927839,0.29434871673583984,1312.0,baseline
1777618759.392807,0.2943718433380127,1312.0,baseline
1777618759.392829,0.29439377784729004,1312.0,baseline
1777618759.39285,0.294414758682251,1312.0,baseline
1777618759.392871,0.2944357395172119,1309.0,baseline
1777618759.3928928,0.29445767402648926,1310.0,baseline
1777618759.3929138,0.2944786548614502,1308.0,baseline
1777618759.392936,0.29450082778930664,1312.0,baseline
1777618759.392957,0.2945218086242676,1313.0,baseline
1777618759.392979,0.2945437431335449,1313.0,baseline
1777618759.393,0.29456472396850586,1312.0,baseline
1777618759.393022,0.2945868968963623,1312.0,baseline
1777618759.393043,0.29460787773132324,1311.0,baseline
1777618759.393064,0.2946288585662842,1310.0,baseline
1777618759.393086,0.2946507930755615,1312.0,baseline
1777618759.393107,0.29467177391052246,1312.0,baseline
1777618759.3931289,0.2946937084197998,1310.0,baseline
1777618759.3931499,0.29471468925476074,1308.0,baseline
1777618759.393172,0.2947368621826172,1309.0,baseline
1777618759.393193,0.2947578430175781,1309.0,baseline
1777618759.393214,0.29477882385253906,1312.0,baseline
1777618759.393236,0.2948007583618164,1310.0,baseline
1777618759.393257,0.29482173919677734,1312.0,baseline
1777618759.393285,0.29484987258911133,1311.0,baseline
1777618759.393307,0.29487180709838867,1312.0,baseline
1777618759.3933282,0.2948930263519287,1311.0,baseline
1777618759.39335,0.29491472244262695,1312.0,baseline
1777618759.3933709,0.2949357032775879,1312.0,baseline
1777618759.393392,0.29495692253112793,1310.0,baseline
1777618759.3934138,0.29497861862182617,1309.0,baseline
1777618759.3934348,0.2949995994567871,1312.0,baseline
1777618759.393457,0.29502177238464355,1311.0,baseline
1777618759.393478,0.2950427532196045,1310.0,baseline
1777618759.393499,0.29506373405456543,1309.0,baseline
1777618759.3935208,0.2950856685638428,1310.0,baseline
1777618759.3935418,0.2951066493988037,1311.0,baseline
1777618759.3935628,0.29512763023376465,1311.0,baseline
1777618759.393585,0.2951498031616211,1311.0,baseline
1777618759.393606,0.29517078399658203,1310.0,baseline
1777618759.393627,0.29519176483154297,1314.0,baseline
1777618759.393651,0.2952158451080322,1314.0,baseline
1777618759.393673,0.29523777961730957,1314.0,baseline
1777618759.393694,0.2952587604522705,1313.0,baseline
1777618759.393715,0.29527974128723145,1314.0,baseline
1777618759.393737,0.2953019142150879,1312.0,baseline
1777618759.393764,0.29532885551452637,1315.0,baseline
1777618759.3937862,0.2953510284423828,1312.0,baseline
1777618759.393808,0.29537272453308105,1312.0,baseline
1777618759.393829,0.2953939437866211,1312.0,baseline
1777618759.39385,0.29541492462158203,1311.0,baseline
1777618759.393871,0.29543590545654297,1313.0,baseline
1777618759.393893,0.2954578399658203,1311.0,baseline
1777618759.3939142,0.29547905921936035,1310.0,baseline
1777618759.393936,0.2955007553100586,1312.0,baseline
1777618759.3939571,0.29552197456359863,1312.0,baseline
1777618759.393978,0.29554295539855957,1316.0,baseline
1777618759.3939998,0.2955646514892578,1314.0,baseline
1777618759.394021,0.29558587074279785,1312.0,baseline
1777618759.394043,0.2956078052520752,1309.0,baseline
1777618759.394064,0.29562878608703613,1309.0,baseline
1777618759.394086,0.2956507205963135,1311.0,baseline
1777618759.3941069,0.2956717014312744,1312.0,baseline
1777618759.3941288,0.29569363594055176,1313.0,baseline
1777618759.3941498,0.2957146167755127,1310.0,baseline
1777618759.3941708,0.29573559761047363,1312.0,baseline
1777618759.394193,0.2957577705383301,1312.0,baseline
1777618759.394214,0.295778751373291,1312.0,baseline
1777618759.394241,0.2958059310913086,1312.0,baseline
1777618759.394264,0.29582881927490234,1311.0,baseline
1777618759.394285,0.2958498001098633,1311.0,baseline
1777618759.394306,0.2958707809448242,1312.0,baseline
1777618759.394327,0.29589176177978516,1312.0,baseline
1777618759.394349,0.2959139347076416,1311.0,baseline
1777618759.39437,0.29593491554260254,1309.0,baseline
1777618759.394391,0.2959558963775635,1309.0,baseline
1777618759.394413,0.2959778308868408,1308.0,baseline
1777618759.394434,0.29599881172180176,1310.0,baseline
1777618759.394455,0.2960197925567627,1311.0,baseline
1777618759.3944771,0.29604196548461914,1315.0,baseline
1777618759.394498,0.2960629463195801,1313.0,baseline
1777618759.394519,0.296083927154541,1312.0,baseline
1777618759.394541,0.29610586166381836,1314.0,baseline
1777618759.394562,0.2961268424987793,1310.0,baseline
1777618759.394583,0.29614782333374023,1312.0,baseline
1777618759.3946052,0.2961699962615967,1312.0,baseline
1777618759.3946261,0.2961909770965576,1312.0,baseline
1777618759.3946471,0.29621195793151855,1312.0,baseline
1777618759.3946722,0.2962369918823242,1311.0,baseline
1777618759.3946931,0.29625797271728516,1313.0,baseline
1777618759.394714,0.2962789535522461,1313.0,baseline
1777618759.394742,0.296306848526001,1312.0,baseline
1777618759.394764,0.2963287830352783,1313.0,baseline
1777618759.394785,0.29634976387023926,1312.0,baseline
1777618759.394807,0.2963719367980957,1312.0,baseline
1777618759.394828,0.29639291763305664,1310.0,baseline
1777618759.39485,0.296414852142334,1312.0,baseline
1777618759.394871,0.2964358329772949,1314.0,baseline
1777618759.394892,0.29645681381225586,1313.0,baseline
1777618759.394913,0.2964777946472168,1313.0,baseline
1777618759.3949351,0.29649996757507324,1312.0,baseline
1777618759.394956,0.2965209484100342,1312.0,baseline
1777618759.394977,0.2965419292449951,1311.0,baseline
1777618759.394999,0.29656386375427246,1313.0,baseline
1777618759.39502,0.2965848445892334,1312.0,baseline
1777618759.395041,0.29660582542419434,1314.0,baseline
1777618759.395062,0.2966268062591553,1312.0,baseline
1777618759.3950841,0.2966489791870117,1312.0,baseline
1777618759.3951051,0.29666996002197266,1311.0,baseline
1777618759.395127,0.29669189453125,1310.0,baseline
1777618759.395148,0.29671287536621094,1312.0,baseline
1777618759.39517,0.2967348098754883,1315.0,baseline
1777618759.395191,0.2967557907104492,1313.0,baseline
1777618759.395218,0.2967827320098877,1310.0,baseline
1777618759.395241,0.29680585861206055,1311.0,baseline
1777618759.395262,0.2968268394470215,1313.0,baseline
1777618759.395283,0.2968478202819824,1312.0,baseline
1777618759.395305,0.29686975479125977,1310.0,baseline
1777618759.395326,0.2968907356262207,1311.0,baseline
1777618759.3953469,0.29691171646118164,1312.0,baseline
1777618759.395369,0.2969338893890381,1312.0,baseline
1777618759.39539,0.296954870223999,1312.0,baseline
1777618759.395412,0.29697680473327637,1313.0,baseline
1777618759.395433,0.2969977855682373,1312.0,baseline
1777618759.395455,0.29701972007751465,1312.0,baseline
1777618759.3954759,0.2970407009124756,1312.0,baseline
1777618759.3954968,0.2970616817474365,1312.0,baseline
1777618759.395518,0.29708290100097656,1311.0,baseline
1777618759.39554,0.2971048355102539,1312.0,baseline
1777618759.395561,0.29712581634521484,1310.0,baseline
1777618759.395583,0.2971477508544922,1311.0,baseline
1777618759.395604,0.2971687316894531,1313.0,baseline
1777618759.395626,0.29719090461730957,1312.0,baseline
1777618759.395647,0.2972118854522705,1312.0,baseline
1777618759.395669,0.29723381996154785,1311.0,baseline
1777618759.3956962,0.29726099967956543,1313.0,baseline
1777618759.3957188,0.2972836494445801,1315.0,baseline
1777618759.3957398,0.297304630279541,1314.0,baseline
1777618759.395762,0.29732680320739746,1312.0,baseline
1777618759.395783,0.2973477840423584,1310.0,baseline
1777618759.395804,0.29736876487731934,1309.0,baseline
1777618759.3958259,0.2973906993865967,1311.0,baseline
1777618759.39586,0.2974247932434082,1314.0,baseline
1777618759.395882,0.29744672775268555,1312.0,baseline
1777618759.395904,0.297468900680542,1314.0,baseline
1777618759.395925,0.29748988151550293,1314.0,baseline
1777618759.395946,0.29751086235046387,1311.0,baseline
1777618759.395968,0.2975327968597412,1312.0,baseline
1777618759.395989,0.29755377769470215,1313.0,baseline
1777618759.39601,0.2975747585296631,1314.0,baseline
1777618759.396032,0.29759693145751953,1314.0,baseline
1777618759.396053,0.29761791229248047,1312.0,baseline
1777618759.3960772,0.2976419925689697,1310.0,baseline
1777618759.396099,0.29766392707824707,1312.0,baseline
1777618759.39612,0.297684907913208,1312.0,baseline
1777618759.396141,0.29770588874816895,1311.0,baseline
1777618759.396163,0.2977278232574463,1311.0,baseline
1777618759.3961852,0.29774999618530273,1309.0,baseline
1777618759.396214,0.297778844833374,1310.0,baseline
1777618759.396238,0.2978029251098633,1312.0,baseline
1777618759.3962612,0.29782605171203613,1311.0,baseline
1777618759.396283,0.2978477478027344,1307.0,baseline
1777618759.396306,0.2978708744049072,1310.0,baseline
1777618759.396329,0.297893762588501,1305.0,baseline
1777618759.396352,0.29791688919067383,1310.0,baseline
1777618759.396375,0.2979397773742676,1312.0,baseline
1777618759.396398,0.29796290397644043,1311.0,baseline
1777618759.39642,0.2979848384857178,1312.0,baseline
1777618759.3964422,0.2980070114135742,1311.0,baseline
1777618759.3964648,0.29802966117858887,1309.0,baseline
1777618759.396488,0.2980527877807617,1312.0,baseline
1777618759.396511,0.29807591438293457,1312.0,baseline
1777618759.396534,0.2980988025665283,1312.0,baseline
1777618759.396557,0.29812192916870117,1312.0,baseline
1777618759.3965828,0.29814767837524414,1312.0,baseline
1777618759.396615,0.29817986488342285,1309.0,baseline
1777618759.396642,0.29820680618286133,1309.0,baseline
1777618759.3966641,0.2982289791107178,1309.0,baseline
1777618759.396686,0.2982509136199951,1310.0,baseline
1777618759.3967092,0.29827404022216797,1310.0,baseline
1777618759.396734,0.29829883575439453,1311.0,baseline
1777618759.396759,0.2983238697052002,1311.0,baseline
1777618759.39678,0.29834485054016113,1313.0,baseline
1777618759.396802,0.2983667850494385,1311.0,baseline
1777618759.396823,0.2983877658843994,1311.0,baseline
1777618759.396845,0.29840993881225586,1312.0,baseline
1777618759.396866,0.2984309196472168,1312.0,baseline
1777618759.396888,0.29845285415649414,1312.0,baseline
1777618759.396909,0.2984738349914551,1312.0,baseline
1777618759.39693,0.298494815826416,1312.0,baseline
1777618759.3969522,0.29851698875427246,1312.0,baseline
1777618759.3969731,0.2985379695892334,1313.0,baseline
1777618759.396995,0.29855990409851074,1309.0,baseline
1777618759.397016,0.2985808849334717,1310.0,baseline
1777618759.397038,0.298602819442749,1314.0,baseline
1777618759.397059,0.29862380027770996,1314.0,baseline
1777618759.3970802,0.29864501953125,1311.0,baseline
1777618759.397102,0.29866695404052734,1312.0,baseline
1777618759.397123,0.2986879348754883,1312.0,baseline
1777618759.397145,0.2987098693847656,1313.0,baseline
1777618759.397166,0.29873085021972656,1312.0,baseline
1777618759.3971882,0.298753023147583,1313.0,baseline
1777618759.3972118,0.29877662658691406,1314.0,baseline
1777618759.397235,0.2987997531890869,1312.0,baseline
1777618759.397256,0.29882073402404785,1314.0,baseline
1777618759.397278,0.2988429069519043,1312.0,baseline
1777618759.397299,0.29886388778686523,1312.0,baseline
1777618759.397321,0.2988858222961426,1312.0,baseline
1777618759.397342,0.2989068031311035,1313.0,baseline
1777618759.397363,0.29892778396606445,1313.0,baseline
1777618759.397385,0.2989497184753418,1312.0,baseline
1777618759.3974059,0.29897069931030273,1312.0,baseline
1777618759.3974268,0.29899168014526367,1313.0,baseline
1777618759.397449,0.2990138530731201,1311.0,baseline
1777618759.39747,0.29903483390808105,1309.0,baseline
1777618759.397492,0.2990567684173584,1312.0,baseline
1777618759.397513,0.29907774925231934,1314.0,baseline
1777618759.397534,0.2990987300872803,1313.0,baseline
1777618759.397556,0.2991209030151367,1314.0,baseline
1777618759.397577,0.29914188385009766,1315.0,baseline
1777618759.397599,0.299163818359375,1314.0,baseline
1777618759.39762,0.29918479919433594,1313.0,baseline
1777618759.397641,0.2992057800292969,1314.0,baseline
1777618759.3976629,0.2992277145385742,1311.0,baseline
1777618759.39769,0.2992548942565918,1312.0,baseline
1777618759.397713,0.29927778244018555,1312.0,baseline
1777618759.397734,0.2992987632751465,1312.0,baseline
1777618759.397755,0.2993197441101074,1312.0,baseline
1777618759.3977768,0.29934167861938477,1311.0,baseline
1777618759.3977978,0.2993626594543457,1313.0,baseline
1777618759.39782,0.29938483238220215,1314.0,baseline
1777618759.397841,0.2994058132171631,1314.0,baseline
1777618759.397863,0.29942774772644043,1315.0,baseline
1777618759.397884,0.29944872856140137,1313.0,baseline
1777618759.3979058,0.2994706630706787,1313.0,baseline
1777618759.3979268,0.29949164390563965,1313.0,baseline
1777618759.397949,0.2995138168334961,1314.0,baseline
1777618759.39797,0.29953479766845703,1310.0,baseline
1777618759.397991,0.29955577850341797,1312.0,baseline
1777618759.3980129,0.2995777130126953,1310.0,baseline
1777618759.3980339,0.29959869384765625,1312.0,baseline
1777618759.3980548,0.2996196746826172,1315.0,baseline
1777618759.398077,0.29964184761047363,1314.0,baseline
1777618759.398098,0.29966282844543457,1313.0,baseline
1777618759.398119,0.2996838092803955,1310.0,baseline
1777618759.398141,0.29970574378967285,1311.0,baseline
1777618759.398168,0.29973292350769043,1313.0,baseline
1777618759.3981912,0.2997560501098633,1311.0,baseline
1777618759.3982131,0.2997779846191406,1311.0,baseline
1777618759.3982341,0.29979896545410156,1311.0,baseline
1777618759.398256,0.2998208999633789,1311.0,baseline
1777618759.398277,0.29984188079833984,1313.0,baseline
1777618759.398298,0.2998628616333008,1312.0,baseline
1777618759.398319,0.2998838424682617,1313.0,baseline
1777618759.3983412,0.29990601539611816,1315.0,baseline
1777618759.3983622,0.2999269962310791,1315.0,baseline
1777618759.398384,0.29994893074035645,1310.0,baseline
1777618759.398405,0.2999699115753174,1311.0,baseline
1777618759.3984268,0.2999916076660156,1311.0,baseline
1777618759.3984482,0.30001306533813477,1312.0,baseline
1777618759.3984692,0.3000340461730957,1312.0,baseline
1777618759.398491,0.30005574226379395,1311.0,baseline
1777618759.3985121,0.300076961517334,1311.0,baseline
1777618759.398533,0.3000979423522949,1312.0,baseline
1777618759.3985548,0.30011963844299316,1314.0,baseline
1777618759.398576,0.3001408576965332,1313.0,baseline
1777618759.398597,0.30016183853149414,1311.0,baseline
1777618759.398619,0.3001837730407715,1311.0,baseline
1777618759.3986402,0.3002049922943115,1310.0,baseline
1777618759.398667,0.30023193359375,1313.0,baseline
1777618759.39869,0.30025482177734375,1311.0,baseline
1777618759.3987122,0.3002769947052002,1312.0,baseline
1777618759.3987331,0.30029797554016113,1314.0,baseline
1777618759.3987541,0.30031895637512207,1312.0,baseline
1777618759.398776,0.3003408908843994,1312.0,baseline
1777618759.398797,0.30036187171936035,1312.0,baseline
1777618759.398819,0.3003838062286377,1314.0,baseline
1777618759.39884,0.30040478706359863,1314.0,baseline
1777618759.3988621,0.3004269599914551,1315.0,baseline
1777618759.398883,0.300447940826416,1313.0,baseline
1777618759.398905,0.30046987533569336,1310.0,baseline
1777618759.398926,0.3004908561706543,1309.0,baseline
1777618759.3989482,0.30051302909851074,1312.0,baseline
1777618759.3989692,0.3005340099334717,1315.0,baseline
1777618759.398991,0.300555944442749,1312.0,baseline
1777618759.399012,0.30057692527770996,1314.0,baseline
1777618759.399033,0.3005979061126709,1313.0,baseline
1777618759.399055,0.30061984062194824,1312.0,baseline
1777618759.399076,0.3006408214569092,1312.0,baseline
1777618759.3990972,0.3006620407104492,1311.0,baseline
1777618759.3991191,0.30068397521972656,1311.0,baseline
1777618759.399143,0.3007078170776367,1311.0,baseline
1777618759.399176,0.30074071884155273,1313.0,baseline
1777618759.3991969,0.30076169967651367,1314.0,baseline
1777618759.399219,0.3007838726043701,1314.0,baseline
1777618759.399241,0.30080580711364746,1314.0,baseline
1777618759.399262,0.3008267879486084,1312.0,baseline
1777618759.399283,0.30084776878356934,1313.0,baseline
1777618759.3993049,0.3008697032928467,1313.0,baseline
1777618759.3993258,0.3008906841278076,1313.0,baseline
1777618759.399348,0.30091285705566406,1314.0,baseline
1777618759.399369,0.300933837890625,1312.0,baseline
1777618759.39939,0.30095481872558594,1311.0,baseline
1777618759.399412,0.3009767532348633,1311.0,baseline
1777618759.399433,0.3009977340698242,1312.0,baseline
1777618759.3994539,0.30101871490478516,1313.0,baseline
1777618759.399476,0.3010408878326416,1314.0,baseline
1777618759.399497,0.30106186866760254,1311.0,baseline
1777618759.399518,0.3010828495025635,1311.0,baseline
1777618759.39954,0.3011047840118408,1312.0,baseline
1777618759.399561,0.30112576484680176,1312.0,baseline
1777618759.3995829,0.3011476993560791,1314.0,baseline
1777618759.399604,0.30116891860961914,1313.0,baseline
1777618759.399632,0.301196813583374,1311.0,baseline
1777618759.399654,0.30121874809265137,1311.0,baseline
1777618759.3996758,0.3012406826019287,1311.0,baseline
1777618759.3996968,0.30126166343688965,1313.0,baseline
1777618759.399719,0.3012838363647461,1313.0,baseline
1777618759.39974,0.30130481719970703,1312.0,baseline
1777618759.399761,0.30132579803466797,1312.0,baseline
1777618759.399783,0.3013477325439453,1312.0,baseline
1777618759.3998039,0.30136871337890625,1312.0,baseline
1777618759.3998249,0.3013896942138672,1313.0,baseline
1777618759.399847,0.30141186714172363,1312.0,baseline
1777618759.399868,0.30143284797668457,1312.0,baseline
1777618759.39989,0.3014547824859619,1310.0,baseline
1777618759.399911,0.30147576332092285,1312.0,baseline
1777618759.399932,0.3014967441558838,1313.0,baseline
1777618759.399953,0.3015177249908447,1312.0,baseline
1777618759.3999748,0.30153965950012207,1313.0,baseline
1777618759.3999958,0.301560640335083,1312.0,baseline
1777618759.4000168,0.30158162117004395,1312.0,baseline
1777618759.400039,0.3016037940979004,1310.0,baseline
1777618759.40006,0.30162477493286133,1311.0,baseline
1777618759.400081,0.30164575576782227,1312.0,baseline
1777618759.400108,0.30167293548583984,1313.0,baseline
1777618759.400131,0.3016958236694336,1315.0,baseline
1777618759.400152,0.30171680450439453,1313.0,baseline
1777618759.4001741,0.301738977432251,1312.0,baseline
1777618759.4001951,0.3017599582672119,1311.0,baseline
1777618759.400216,0.30178093910217285,1312.0,baseline
1777618759.400238,0.3018028736114502,1312.0,baseline
1777618759.400259,0.30182385444641113,1312.0,baseline
1777618759.400286,0.3018507957458496,1311.0,baseline
1777618759.4003232,0.30188798904418945,1313.0,baseline
1777618759.400347,0.3019118309020996,1312.0,baseline
1777618759.4003682,0.30193305015563965,1311.0,baseline
1777618759.40039,0.3019547462463379,1314.0,baseline
1777618759.400411,0.30197572708129883,1313.0,baseline
1777618759.4004328,0.30199766159057617,1312.0,baseline
1777618759.400455,0.3020198345184326,1312.0,baseline
1777618759.400476,0.30204081535339355,1313.0,baseline
1777618759.400497,0.3020617961883545,1312.0,baseline
1777618759.400519,0.30208373069763184,1312.0,baseline
1777618759.4005399,0.3021047115325928,1314.0,baseline
1777618759.4005609,0.3021256923675537,1315.0,baseline
1777618759.400583,0.30214786529541016,1312.0,baseline
1777618759.400605,0.3021697998046875,1311.0,baseline
1777618759.40063,0.30219483375549316,1312.0,baseline
1777618759.400652,0.3022167682647705,1313.0,baseline
1777618759.400673,0.30223774909973145,1312.0,baseline
1777618759.400695,0.3022599220275879,1312.0,baseline
1777618759.400716,0.30228090286254883,1312.0,baseline
1777618759.400737,0.30230188369750977,1312.0,baseline
1777618759.400759,0.3023238182067871,1315.0,baseline
1777618759.40078,0.30234479904174805,1315.0,baseline
1777618759.400801,0.302365779876709,1312.0,baseline
1777618759.400823,0.30238795280456543,1308.0,baseline
1777618759.400845,0.3024098873138428,1313.0,baseline
1777618759.400866,0.3024308681488037,1312.0,baseline
1777618759.400887,0.30245184898376465,1312.0,baseline
1777618759.400909,0.302473783493042,1313.0,baseline
1777618759.4009302,0.30249500274658203,1312.0,baseline
1777618759.4009511,0.30251598358154297,1312.0,baseline
1777618759.400973,0.3025379180908203,1312.0,baseline
1777618759.400994,0.30255889892578125,1312.0,baseline
1777618759.401016,0.3025808334350586,1310.0,baseline
1777618759.401037,0.30260181427001953,1309.0,baseline
1777618759.4010592,0.302623987197876,1311.0,baseline
1777618759.4010801,0.3026449680328369,1312.0,baseline
1777618759.401105,0.3026697635650635,1312.0,baseline
1777618759.4011269,0.3026916980743408,1311.0,baseline
1777618759.4011478,0.30271267890930176,1312.0,baseline
1777618759.40117,0.3027348518371582,1312.0,baseline
1777618759.401192,0.30275678634643555,1312.0,baseline
1777618759.401213,0.3027777671813965,1313.0,baseline
1777618759.401234,0.3027987480163574,1311.0,baseline
1777618759.4012558,0.30282068252563477,1311.0,baseline
1777618759.4012768,0.3028416633605957,1313.0,baseline
1777618759.401299,0.30286383628845215,1311.0,baseline
1777618759.40132,0.3028848171234131,1309.0,baseline
1777618759.401341,0.302905797958374,1315.0,baseline
1777618759.401363,0.30292773246765137,1315.0,baseline
1777618759.4013839,0.3029487133026123,1312.0,baseline
1777618759.4014049,0.30296969413757324,1311.0,baseline
1777618759.401427,0.3029918670654297,1315.0,baseline
1777618759.401448,0.3030128479003906,1314.0,baseline
1777618759.40147,0.30303478240966797,1312.0,baseline
1777618759.4014919,0.3030567169189453,1305.0,baseline
1777618759.4015129,0.30307769775390625,1300.0,baseline
1777618759.401535,0.3030998706817627,1309.0,baseline
1777618759.401557,0.30312180519104004,1311.0,baseline
1777618759.401582,0.3031468391418457,1317.0,baseline
1777618759.4016042,0.30316901206970215,1325.0,baseline
1777618759.401626,0.3031909465789795,1313.0,baseline
1777618759.401647,0.30321192741394043,1318.0,baseline
1777618759.401669,0.3032338619232178,1316.0,baseline
1777618759.40169,0.3032548427581787,1316.0,baseline
1777618759.401711,0.30327582359313965,1315.0,baseline
1777618759.4017322,0.3032970428466797,1320.0,baseline
1777618759.4017541,0.30331897735595703,1315.0,baseline
1777618759.401776,0.3033409118652344,1311.0,baseline
1777618759.401797,0.3033618927001953,1311.0,baseline
1777618759.401818,0.30338287353515625,1314.0,baseline
1777618759.4018402,0.3034050464630127,1314.0,baseline
1777618759.4018612,0.30342602729797363,1315.0,baseline
1777618759.4018822,0.30344700813293457,1316.0,baseline
1777618759.401904,0.3034689426422119,1320.0,baseline
1777618759.401925,0.30348992347717285,1314.0,baseline
1777618759.4019468,0.3035116195678711,1312.0,baseline
1777618759.4019682,0.30353307723999023,1309.0,baseline
1777618759.40199,0.3035547733306885,1311.0,baseline
1777618759.402011,0.3035757541656494,1310.0,baseline
1777618759.4020329,0.30359768867492676,1313.0,baseline
1777618759.40206,0.30362486839294434,1313.0,baseline
1777618759.4020832,0.3036479949951172,1312.0,baseline
1777618759.402105,0.30366992950439453,1310.0,baseline
1777618759.402126,0.30369091033935547,1310.0,baseline
1777618759.402147,0.3037118911743164,1310.0,baseline
1777618759.402169,0.30373382568359375,1313.0,baseline
1777618759.4021928,0.3037576675415039,1312.0,baseline
1777618759.4022138,0.30377864837646484,1313.0,baseline
1777618759.402236,0.3038008213043213,1311.0,baseline
1777618759.402257,0.3038218021392822,1311.0,baseline
1777618759.402278,0.30384278297424316,1312.0,baseline
1777618759.4023,0.3038647174835205,1310.0,baseline
1777618759.4023209,0.30388569831848145,1309.0,baseline
1777618759.4023428,0.3039076328277588,1312.0,baseline
1777618759.402364,0.30392885208129883,1315.0,baseline
1777618759.402385,0.30394983291625977,1314.0,baseline
1777618759.402407,0.3039717674255371,1314.0,baseline
1777618759.402442,0.30400681495666504,1314.0,baseline
1777618759.402463,0.304027795791626,1315.0,baseline
1777618759.402485,0.3040497303009033,1311.0,baseline
1777618759.4025059,0.30407071113586426,1310.0,baseline
1777618759.402528,0.3040928840637207,1311.0,baseline
1777618759.402555,0.3041198253631592,1311.0,baseline
1777618759.4025779,0.30414271354675293,1312.0,baseline
1777618759.4026,0.3041648864746094,1311.0,baseline
1777618759.402621,0.3041858673095703,1313.0,baseline
1777618759.402642,0.30420684814453125,1312.0,baseline
1777618759.402664,0.3042287826538086,1312.0,baseline
1777618759.402685,0.30424976348876953,1312.0,baseline
1777618759.4027069,0.3042716979980469,1311.0,baseline
1777618759.4027278,0.3042926788330078,1311.0,baseline
1777618759.40275,0.30431485176086426,1314.0,baseline
1777618759.402771,0.3043358325958252,1314.0,baseline
1777618759.402792,0.30435681343078613,1313.0,baseline
1777618759.402814,0.3043787479400635,1312.0,baseline
1777618759.402835,0.3043997287750244,1313.0,baseline
1777618759.402857,0.30442190170288086,1311.0,baseline
1777618759.402878,0.3044428825378418,1311.0,baseline
1777618759.402899,0.30446386337280273,1312.0,baseline
1777618759.402921,0.3044857978820801,1314.0,baseline
1777618759.402942,0.304506778717041,1315.0,baseline
1777618759.402963,0.30452775955200195,1312.0,baseline
1777618759.4029849,0.3045496940612793,1315.0,baseline
1777618759.403007,0.30457186698913574,1312.0,baseline
1777618759.403028,0.3045928478240967,1309.0,baseline
1777618759.4030561,0.30462098121643066,1312.0,baseline
1777618759.4030778,0.3046426773071289,1315.0,baseline
1777618759.4031,0.30466485023498535,1314.0,baseline
1777618759.403121,0.3046858310699463,1318.0,baseline
1777618759.403143,0.30470776557922363,1313.0,baseline
1777618759.403164,0.30472874641418457,1315.0,baseline
1777618759.403185,0.3047497272491455,1313.0,baseline
1777618759.4032068,0.30477166175842285,1323.0,baseline
1777618759.4032278,0.3047926425933838,1322.0,baseline
1777618759.40325,0.30481481552124023,1310.0,baseline
1777618759.403271,0.30483579635620117,1302.0,baseline
1777618759.403293,0.3048577308654785,1311.0,baseline
1777618759.4033139,0.30487871170043945,1316.0,baseline
1777618759.403336,0.3049008846282959,1322.0,baseline
1777618759.403357,0.30492186546325684,1316.0,baseline
1777618759.403378,0.3049428462982178,1311.0,baseline
1777618759.4034,0.3049647808074951,1308.0,baseline
1777618759.403421,0.30498576164245605,1309.0,baseline
1777618759.403442,0.305006742477417,1308.0,baseline
1777618759.4034638,0.30502867698669434,1331.0,baseline
1777618759.4034848,0.3050496578216553,1331.0,baseline
1777618759.4035058,0.3050706386566162,1316.0,baseline
1777618759.403531,0.305095911026001,1366.0,baseline
1777618759.4035552,0.30511999130249023,1312.0,baseline
1777618759.403578,0.305142879486084,1285.0,baseline
1777618759.4036,0.30516481399536133,1329.0,baseline
1777618759.403622,0.30518674850463867,1304.0,baseline
1777618759.4036438,0.305208683013916,1320.0,baseline
1777618759.4036648,0.30522966384887695,1291.0,baseline
1777618759.4036858,0.3052506446838379,1285.0,baseline
1777618759.403708,0.30527281761169434,1348.0,baseline
1777618759.403729,0.3052937984466553,1368.0,baseline
1777618759.40375,0.3053147792816162,1346.0,baseline
1777618759.4037719,0.30533671379089355,1322.0,baseline
1777618759.4037929,0.3053576946258545,1325.0,baseline
1777618759.4038138,0.30537867546081543,1322.0,baseline
1777618759.403836,0.3054008483886719,1317.0,baseline
1777618759.403857,0.3054218292236328,1319.0,baseline
1777618759.403879,0.30544376373291016,1319.0,baseline
1777618759.4039,0.3054647445678711,1317.0,baseline
1777618759.403921,0.30548572540283203,1318.0,baseline
1777618759.4039428,0.3055076599121094,1319.0,baseline
1777618759.4039638,0.3055286407470703,1318.0,baseline
1777618759.403986,0.30555081367492676,1317.0,baseline
1777618759.4040132,0.30557799339294434,1316.0,baseline
1777618759.404036,0.3056008815765381,1321.0,baseline
1777618759.4040582,0.30562305450439453,1320.0,baseline
1777618759.4040792,0.30564403533935547,1315.0,baseline
1777618759.4041011,0.3056659698486328,1311.0,baseline
1777618759.404122,0.30568695068359375,1308.0,baseline
1777618759.404143,0.3057079315185547,1309.0,baseline
1777618759.404165,0.30572986602783203,1309.0,baseline
1777618759.404186,0.30575084686279297,1304.0,baseline
1777618759.404207,0.3057718276977539,1305.0,baseline
1777618759.4042292,0.30579400062561035,1305.0,baseline
1777618759.4042501,0.3058149814605713,1302.0,baseline
1777618759.4042711,0.3058359622955322,1301.0,baseline
1777618759.404293,0.30585789680480957,1301.0,baseline
1777618759.404314,0.3058788776397705,1300.0,baseline
1777618759.404335,0.30589985847473145,1301.0,baseline
1777618759.4043572,0.3059220314025879,1305.0,baseline
1777618759.4043782,0.30594301223754883,1299.0,baseline
1777618759.4044,0.30596494674682617,1289.0,baseline
1777618759.404421,0.3059859275817871,1302.0,baseline
1777618759.4044428,0.30600762367248535,1304.0,baseline
1777618759.4044642,0.3060290813446045,1308.0,baseline
1777618759.404486,0.30605077743530273,1307.0,baseline
1777618759.404515,0.3060798645019531,1309.0,baseline
1777618759.4045372,0.30610203742980957,1308.0,baseline
1777618759.4045582,0.3061230182647705,1303.0,baseline
1777618759.40458,0.30614495277404785,1308.0,baseline
1777618759.404601,0.3061659336090088,1305.0,baseline
1777618759.404622,0.3061869144439697,1311.0,baseline
1777618759.404644,0.30620884895324707,1314.0,baseline
1777618759.404665,0.306229829788208,1313.0,baseline
1777618759.404686,0.30625081062316895,1314.0,baseline
1777618759.4047081,0.3062729835510254,1312.0,baseline
1777618759.4047291,0.30629396438598633,1311.0,baseline
1777618759.404751,0.30631589889526367,1308.0,baseline
1777618759.404772,0.3063368797302246,1310.0,baseline
1777618759.4047942,0.30635905265808105,1311.0,baseline
1777618759.4048152,0.306380033493042,1310.0,baseline
1777618759.4048362,0.30640101432800293,1310.0,baseline
1777618759.404858,0.3064229488372803,1312.0,baseline
1777618759.4048798,0.3064446449279785,1314.0,baseline
1777618759.404901,0.30646586418151855,1316.0,baseline
1777618759.404922,0.3064868450164795,1315.0,baseline
1777618759.404944,0.30650877952575684,1311.0,baseline
1777618759.4049652,0.3065299987792969,1311.0,baseline
1777618759.404993,0.30655789375305176,1312.0,baseline
1777618759.405015,0.3065798282623291,1314.0,baseline
1777618759.4050372,0.30660200119018555,1314.0,baseline
1777618759.4050581,0.3066229820251465,1313.0,baseline
1777618759.40508,0.30664491653442383,1315.0,baseline
1777618759.405101,0.30666589736938477,1315.0,baseline
1777618759.405122,0.3066868782043457,1315.0,baseline
1777618759.405144,0.30670881271362305,1315.0,baseline
1777618759.405165,0.306729793548584,1320.0,baseline
1777618759.4051871,0.30675196647644043,1317.0,baseline
1777618759.405208,0.30677294731140137,1316.0,baseline
1777618759.40523,0.3067948818206787,1317.0,baseline
1777618759.405251,0.30681586265563965,1316.0,baseline
1777618759.405272,0.3068368434906006,1317.0,baseline
1777618759.4052942,0.30685901641845703,1320.0,baseline
1777618759.4053152,0.30687999725341797,1317.0,baseline
1777618759.405337,0.3069019317626953,1317.0,baseline
1777618759.405358,0.30692291259765625,1316.0,baseline
1777618759.405379,0.3069438934326172,1317.0,baseline
1777618759.405401,0.30696582794189453,1316.0,baseline
1777618759.405422,0.30698680877685547,1318.0,baseline
1777618759.4054441,0.3070089817047119,1315.0,baseline
1777618759.405468,0.30703282356262207,1314.0,baseline
1777618759.405492,0.30705690383911133,1314.0,baseline
1777618759.405514,0.30707883834838867,1315.0,baseline
1777618759.405535,0.3070998191833496,1314.0,baseline
1777618759.405557,0.30712175369262695,1309.0,baseline
1777618759.405578,0.3071427345275879,1307.0,baseline
1777618759.4055989,0.30716371536254883,1303.0,baseline
1777618759.405621,0.3071858882904053,1304.0,baseline
1777618759.405642,0.3072068691253662,1303.0,baseline
1777618759.405663,0.30722784996032715,1303.0,baseline
1777618759.405697,0.30726194381713867,1308.0,baseline
1777618759.405718,0.3072829246520996,1312.0,baseline
1777618759.40574,0.30730485916137695,1298.0,baseline
1777618759.405761,0.3073258399963379,1288.0,baseline
1777618759.405782,0.30734682083129883,1312.0,baseline
1777618759.405804,0.30736875534057617,1328.0,baseline
1777618759.4058251,0.3073899745941162,1327.0,baseline
1777618759.405846,0.30741095542907715,1313.0,baseline
1777618759.405868,0.3074328899383545,1314.0,baseline
1777618759.405889,0.30745387077331543,1309.0,baseline
1777618759.40591,0.30747485160827637,1286.0,baseline
1777618759.405932,0.3074967861175537,1296.0,baseline
1777618759.405958,0.3075227737426758,1295.0,baseline
1777618759.4059808,0.30754566192626953,1296.0,baseline
1777618759.406003,0.307567834854126,1320.0,baseline
1777618759.406024,0.3075888156890869,1316.0,baseline
1777618759.406045,0.30760979652404785,1315.0,baseline
1777618759.406067,0.3076317310333252,1316.0,baseline
1777618759.4060879,0.30765271186828613,1318.0,baseline
1777618759.40611,0.3076748847961426,1312.0,baseline
1777618759.406131,0.3076958656311035,1316.0,baseline
1777618759.406153,0.30771780014038086,1321.0,baseline
1777618759.406174,0.3077387809753418,1318.0,baseline
1777618759.406195,0.30775976181030273,1312.0,baseline
1777618759.4062169,0.3077816963195801,1312.0,baseline
1777618759.4062378,0.307802677154541,1312.0,baseline
1777618759.40626,0.30782485008239746,1312.0,baseline
1777618759.406281,0.3078458309173584,1309.0,baseline
1777618759.406303,0.30786776542663574,1310.0,baseline
1777618759.406324,0.3078887462615967,1314.0,baseline
1777618759.406345,0.3079097270965576,1314.0,baseline
1777618759.406367,0.30793190002441406,1316.0,baseline
1777618759.406388,0.307952880859375,1316.0,baseline
1777618759.40641,0.30797481536865234,1315.0,baseline
1777618759.406431,0.3079957962036133,1314.0,baseline
1777618759.4064598,0.30802464485168457,1315.0,baseline
1777618759.406482,0.308046817779541,1315.0,baseline
1777618759.406504,0.30806875228881836,1312.0,baseline
1777618759.406525,0.3080897331237793,1310.0,baseline
1777618759.4065468,0.30811166763305664,1311.0,baseline
1777618759.406568,0.3081328868865967,1315.0,baseline
1777618759.40659,0.308154821395874,1313.0,baseline
1777618759.406611,0.30817580223083496,1315.0,baseline
1777618759.406637,0.30820178985595703,1316.0,baseline
1777618759.4066591,0.3082239627838135,1313.0,baseline
1777618759.40668,0.3082449436187744,1312.0,baseline
1777618759.406702,0.30826687812805176,1313.0,baseline
1777618759.406723,0.3082878589630127,1311.0,baseline
1777618759.406744,0.30830883979797363,1311.0,baseline
1777618759.4067662,0.3083310127258301,1313.0,baseline
1777618759.406788,0.3083529472351074,1311.0,baseline
1777618759.406809,0.30837392807006836,1315.0,baseline
1777618759.40683,0.3083949089050293,1314.0,baseline
1777618759.406852,0.30841684341430664,1314.0,baseline
1777618759.406873,0.3084378242492676,1311.0,baseline
1777618759.406894,0.3084588050842285,1312.0,baseline
1777618759.4069161,0.30848097801208496,1313.0,baseline
1777618759.406943,0.30850791931152344,1316.0,baseline
1777618759.406965,0.3085298538208008,1312.0,baseline
1777618759.406987,0.3085517883300781,1311.0,baseline
1777618759.407008,0.30857276916503906,1314.0,baseline
1777618759.407029,0.30859375,1313.0,baseline
1777618759.407051,0.30861592292785645,1312.0,baseline
1777618759.407073,0.3086378574371338,1314.0,baseline
1777618759.407094,0.3086588382720947,1312.0,baseline
1777618759.407116,0.30868077278137207,1314.0,baseline
1777618759.407137,0.308701753616333,1315.0,baseline
1777618759.407158,0.30872273445129395,1315.0,baseline
1777618759.40718,0.3087449073791504,1314.0,baseline
1777618759.407201,0.30876588821411133,1312.0,baseline
1777618759.407222,0.30878686904907227,1315.0,baseline
1777618759.407244,0.3088088035583496,1314.0,baseline
1777618759.407265,0.30882978439331055,1315.0,baseline
1777618759.4072871,0.308851957321167,1311.0,baseline
1777618759.407308,0.30887293815612793,1312.0,baseline
1777618759.407329,0.30889391899108887,1312.0,baseline
1777618759.407351,0.3089158535003662,1312.0,baseline
1777618759.407372,0.30893683433532715,1311.0,baseline
1777618759.407394,0.3089587688446045,1312.0,baseline
1777618759.4074209,0.30898571014404297,1313.0,baseline
1777618759.407444,0.3090088367462158,1312.0,baseline
1777618759.407465,0.30902981758117676,1314.0,baseline
1777618759.407486,0.3090507984161377,1313.0,baseline
1777618759.407508,0.30907273292541504,1315.0,baseline
1777618759.4075289,0.309093713760376,1310.0,baseline
1777618759.4075499,0.3091146945953369,1312.0,baseline
1777618759.407572,0.30913686752319336,1312.0,baseline
1777618759.407593,0.3091578483581543,1312.0,baseline
1777618759.407614,0.30917882919311523,1312.0,baseline
1777618759.407636,0.3092007637023926,1315.0,baseline
1777618759.407657,0.3092217445373535,1315.0,baseline
1777618759.407678,0.30924272537231445,1312.0,baseline
1777618759.4077,0.3092648983001709,1312.0,baseline
1777618759.407721,0.30928587913513184,1318.0,baseline
1777618759.407742,0.3093068599700928,1316.0,baseline
1777618759.407764,0.3093287944793701,1310.0,baseline
1777618759.407788,0.3093528747558594,1312.0,baseline
1777618759.407809,0.3093738555908203,1315.0,baseline
1777618759.407831,0.30939579010009766,1312.0,baseline
1777618759.407852,0.3094167709350586,1311.0,baseline
1777618759.407873,0.30943775177001953,1311.0,baseline
1777618759.407895,0.309459924697876,1312.0,baseline
1777618759.407922,0.30948686599731445,1315.0,baseline
1777618759.407945,0.3095097541809082,1315.0,baseline
1777618759.407966,0.30953073501586914,1316.0,baseline
1777618759.4079869,0.3095517158508301,1314.0,baseline
1777618759.408009,0.3095738887786865,1312.0,baseline
1777618759.40803,0.30959486961364746,1313.0,baseline
1777618759.408052,0.3096168041229248,1312.0,baseline
1777618759.408073,0.30963778495788574,1312.0,baseline
1777618759.408094,0.3096587657928467,1313.0,baseline
1777618759.4081159,0.309680700302124,1314.0,baseline
1777618759.4081368,0.30970168113708496,1315.0,baseline
1777618759.408158,0.309722900390625,1314.0,baseline
1777618759.40818,0.30974483489990234,1315.0,baseline
1777618759.408201,0.3097658157348633,1314.0,baseline
1777618759.408222,0.3097867965698242,1314.0,baseline
1777618759.408244,0.30980873107910156,1314.0,baseline
1777618759.4082649,0.3098297119140625,1313.0,baseline
1777618759.408287,0.30985188484191895,1315.0,baseline
1777618759.408308,0.3098728656768799,1313.0,baseline
1777618759.408329,0.3098938465118408,1311.0,baseline
1777618759.40835,0.30991482734680176,1313.0,baseline
1777618759.408372,0.3099367618560791,1314.0,baseline
1777618759.408399,0.3099639415740967,1312.0,baseline
1777618759.408422,0.30998682975769043,1312.0,baseline
1777618759.408443,0.31000781059265137,1313.0,baseline
1777618759.408465,0.3100297451019287,1312.0,baseline
1777618759.408486,0.31005072593688965,1314.0,baseline
1777618759.4085078,0.310072660446167,1313.0,baseline
1777618759.4085288,0.31009364128112793,1312.0,baseline
1777618759.4085498,0.31011462211608887,1313.0,baseline
1777618759.408572,0.3101367950439453,1313.0,baseline
1777618759.408593,0.31015777587890625,1316.0,baseline
1777618759.4086149,0.3101797103881836,1314.0,baseline
1777618759.4086359,0.31020069122314453,1315.0,baseline
1777618759.4086568,0.31022167205810547,1315.0,baseline
1777618759.408679,0.3102438449859619,1314.0,baseline
1777618759.408703,0.31026792526245117,1314.0,baseline
1777618759.408724,0.3102889060974121,1311.0,baseline
1777618759.408745,0.31030988693237305,1313.0,baseline
1777618759.408767,0.3103318214416504,1312.0,baseline
1777618759.408788,0.31035280227661133,1313.0,baseline
1777618759.408809,0.31037378311157227,1312.0,baseline
1777618759.408831,0.3103957176208496,1311.0,baseline
1777618759.4088519,0.31041669845581055,1309.0,baseline
1777618759.408879,0.3104438781738281,1311.0,baseline
1777618759.4089012,0.31046605110168457,1312.0,baseline
1777618759.408923,0.3104877471923828,1314.0,baseline
1777618759.4089448,0.31050968170166016,1313.0,baseline
1777618759.4089758,0.31054067611694336,1314.0,baseline
1777618759.4089978,0.3105626106262207,1313.0,baseline
1777618759.409019,0.31058382987976074,1315.0,baseline
1777618759.409041,0.3106057643890381,1314.0,baseline
1777618759.409062,0.310626745223999,1314.0,baseline
1777618759.4090838,0.31064867973327637,1313.0,baseline
1777618759.4091048,0.3106696605682373,1315.0,baseline
1777618759.409127,0.31069183349609375,1318.0,baseline
1777618759.409148,0.3107128143310547,1317.0,baseline
1777618759.409169,0.3107337951660156,1316.0,baseline
1777618759.409191,0.31075572967529297,1315.0,baseline
1777618759.4092119,0.3107767105102539,1313.0,baseline
1777618759.4092338,0.31079864501953125,1315.0,baseline
1777618759.409255,0.3108198642730713,1314.0,baseline
1777618759.409277,0.31084179878234863,1312.0,baseline
1777618759.409298,0.31086277961730957,1312.0,baseline
1777618759.4093199,0.3108847141265869,1316.0,baseline
1777618759.4093409,0.31090569496154785,1311.0,baseline
1777618759.409363,0.3109278678894043,1311.0,baseline
1777618759.4093912,0.3109560012817383,1313.0,baseline
1777618759.409413,0.3109779357910156,1312.0,baseline
1777618759.4094348,0.31099963188171387,1314.0,baseline
1777618759.409456,0.3110208511352539,1310.0,baseline
1777618759.409478,0.31104278564453125,1313.0,baseline
1777618759.409499,0.3110637664794922,1313.0,baseline
1777618759.4095201,0.3110849857330322,1311.0,baseline
1777618759.4095418,0.31110668182373047,1312.0,baseline
1777618759.4095628,0.3111276626586914,1312.0,baseline
1777618759.409585,0.31114983558654785,1313.0,baseline
1777618759.409606,0.3111708164215088,1311.0,baseline
1777618759.409628,0.31119275093078613,1312.0,baseline
1777618759.409649,0.31121373176574707,1312.0,baseline
1777618759.4096699,0.311234712600708,1314.0,baseline
1777618759.4096918,0.31125664710998535,1315.0,baseline
1777618759.4097128,0.3112776279449463,1314.0,baseline
1777618759.409735,0.31129980087280273,1314.0,baseline
1777618759.409756,0.31132078170776367,1314.0,baseline
1777618759.4097779,0.311342716217041,1313.0,baseline
1777618759.4097989,0.31136369705200195,1314.0,baseline
1777618759.4098198,0.3113846778869629,1314.0,baseline
1777618759.409842,0.31140685081481934,1312.0,baseline
1777618759.409869,0.3114337921142578,1313.0,baseline
1777618759.409892,0.31145691871643066,1314.0,baseline
1777618759.409913,0.3114778995513916,1314.0,baseline
1777618759.409934,0.31149888038635254,1311.0,baseline
1777618759.409956,0.3115208148956299,1314.0,baseline
1777618759.4099772,0.3115420341491699,1317.0,baseline
1777618759.4099982,0.31156301498413086,1315.0,baseline
1777618759.41002,0.3115849494934082,1312.0,baseline
1777618759.410041,0.31160593032836914,1311.0,baseline
1777618759.410062,0.3116269111633301,1313.0,baseline
1777618759.410084,0.3116488456726074,1313.0,baseline
1777618759.410105,0.31166982650756836,1314.0,baseline
1777618759.410126,0.3116908073425293,1314.0,baseline
1777618759.4101481,0.31171298027038574,1314.0,baseline
1777618759.4101691,0.3117339611053467,1315.0,baseline
1777618759.410191,0.311755895614624,1313.0,baseline
1777618759.410212,0.31177687644958496,1313.0,baseline
1777618759.410233,0.3117978572845459,1313.0,baseline
1777618759.4102552,0.31182003021240234,1312.0,baseline
1777618759.4102762,0.3118410110473633,1312.0,baseline
1777618759.410298,0.3118629455566406,1312.0,baseline
1777618759.410319,0.31188392639160156,1313.0,baseline
1777618759.410346,0.31191086769104004,1313.0,baseline
1777618759.41037,0.3119349479675293,1312.0,baseline
1777618759.410392,0.31195688247680664,1312.0,baseline
1777618759.410413,0.3119778633117676,1312.0,baseline
1777618759.410435,0.3119997978210449,1314.0,baseline
1777618759.4104562,0.31202101707458496,1313.0,baseline
1777618759.410478,0.3120429515838623,1314.0,baseline
1777618759.410499,0.31206393241882324,1315.0,baseline
1777618759.410521,0.3120858669281006,1314.0,baseline
1777618759.410542,0.3121068477630615,1313.0,baseline
1777618759.410563,0.31212782859802246,1315.0,baseline
1777618759.4105852,0.3121500015258789,1311.0,baseline
1777618759.410607,0.31217193603515625,1312.0,baseline
1777618759.410629,0.3121938705444336,1314.0,baseline
1777618759.410652,0.31221675872802734,1314.0,baseline
1777618759.410675,0.3122398853302002,1315.0,baseline
1777618759.410697,0.31226181983947754,1315.0,baseline
1777618759.410719,0.3122837543487549,1315.0,baseline
1777618759.41074,0.3123047351837158,1313.0,baseline
1777618759.410762,0.31232690811157227,1315.0,baseline
1777618759.410783,0.3123478889465332,1315.0,baseline
1777618759.410804,0.31236886978149414,1313.0,baseline
1777618759.410826,0.3123908042907715,1314.0,baseline
1777618759.4108531,0.31241798400878906,1311.0,baseline
1777618759.4108748,0.3124396800994873,1313.0,baseline
1777618759.4108968,0.31246161460876465,1314.0,baseline
1777618759.410918,0.3124828338623047,1314.0,baseline
1777618759.410939,0.3125038146972656,1313.0,baseline
1777618759.410961,0.31252574920654297,1314.0,baseline
1777618759.410982,0.3125467300415039,1313.0,baseline
1777618759.4110038,0.31256866455078125,1314.0,baseline
1777618759.4110248,0.3125896453857422,1314.0,baseline
1777618759.4110458,0.3126106262207031,1314.0,baseline
1777618759.411068,0.31263279914855957,1313.0,baseline
1777618759.411089,0.3126537799835205,1312.0,baseline
1777618759.4111109,0.31267571449279785,1313.0,baseline
1777618759.4111319,0.3126966953277588,1314.0,baseline
1777618759.411154,0.31271886825561523,1314.0,baseline
1777618759.411175,0.31273984909057617,1314.0,baseline
1777618759.411196,0.3127608299255371,1314.0,baseline
1777618759.411218,0.31278276443481445,1315.0,baseline
1777618759.411239,0.3128037452697754,1313.0,baseline
1777618759.41126,0.31282472610473633,1312.0,baseline
1777618759.4112818,0.31284666061401367,1314.0,baseline
1777618759.4113028,0.3128676414489746,1313.0,baseline
1777618759.4113312,0.3128960132598877,1314.0,baseline
1777618759.411354,0.31291890144348145,1316.0,baseline
1777618759.411375,0.3129398822784424,1315.0,baseline
1777618759.4113972,0.31296205520629883,1315.0,baseline
1777618759.4114182,0.31298303604125977,1311.0,baseline
1777618759.4114401,0.3130049705505371,1312.0,baseline
1777618759.411461,0.31302595138549805,1312.0,baseline
1777618759.4114828,0.3130476474761963,1313.0,baseline
1777618759.411507,0.31307172775268555,1313.0,baseline
1777618759.4115279,0.3130927085876465,1314.0,baseline
1777618759.41155,0.31311488151550293,1314.0,baseline
1777618759.411571,0.31313586235046387,1313.0,baseline
1777618759.411592,0.3131568431854248,1312.0,baseline
1777618759.411614,0.31317877769470215,1311.0,baseline
1777618759.411635,0.3131997585296631,1313.0,baseline
1777618759.411656,0.313220739364624,1314.0,baseline
1777618759.411677,0.31324172019958496,1317.0,baseline
1777618759.411699,0.3132638931274414,1315.0,baseline
1777618759.411724,0.31328892707824707,1311.0,baseline
1777618759.411747,0.3133118152618408,1312.0,baseline
1777618759.4117692,0.31333398818969727,1318.0,baseline
1777618759.411791,0.3133559226989746,1316.0,baseline
1777618759.411815,0.31337976455688477,1311.0,baseline
1777618759.411838,0.3134028911590576,1310.0,baseline
1777618759.411859,0.31342387199401855,1311.0,baseline
1777618759.41188,0.3134448528289795,1311.0,baseline
1777618759.411901,0.31346583366394043,1312.0,baseline
1777618759.411923,0.3134877681732178,1312.0,baseline
1777618759.411944,0.3135087490081787,1312.0,baseline
1777618759.411965,0.31352972984313965,1312.0,baseline
1777618759.411989,0.3135538101196289,1314.0,baseline
1777618759.412011,0.31357574462890625,1312.0,baseline
1777618759.412032,0.3135967254638672,1311.0,baseline
1777618759.412053,0.3136179447174072,1314.0,baseline
1777618759.412074,0.31363892555236816,1313.0,baseline
1777618759.412096,0.3136608600616455,1317.0,baseline
1777618759.412117,0.31368184089660645,1315.0,baseline
1777618759.412138,0.3137028217315674,1314.0,baseline
1777618759.412159,0.3137238025665283,1314.0,baseline
1777618759.412181,0.31374573707580566,1314.0,baseline
1777618759.412202,0.3137667179107666,1314.0,baseline
1777618759.412232,0.3137967586517334,1311.0,baseline
1777618759.4122539,0.31381869316101074,1312.0,baseline
1777618759.412276,0.3138408660888672,1314.0,baseline
1777618759.412297,0.3138618469238281,1313.0,baseline
1777618759.4123259,0.3138906955718994,1310.0,baseline
1777618759.4123478,0.31391263008117676,1312.0,baseline
1777618759.41237,0.3139348030090332,1315.0,baseline
1777618759.412391,0.31395578384399414,1313.0,baseline
1777618759.412412,0.3139767646789551,1313.0,baseline
1777618759.4124339,0.3139986991882324,1314.0,baseline
1777618759.412458,0.3140227794647217,1313.0,baseline
1777618759.412479,0.3140437602996826,1315.0,baseline
1777618759.412501,0.31406593322753906,1314.0,baseline
1777618759.412522,0.3140869140625,1314.0,baseline
1777618759.412543,0.31410789489746094,1313.0,baseline
1777618759.412565,0.3141298294067383,1314.0,baseline
1777618759.412586,0.3141508102416992,1314.0,baseline
1777618759.412607,0.31417179107666016,1315.0,baseline
1777618759.412629,0.3141937255859375,1314.0,baseline
1777618759.4126499,0.31421470642089844,1314.0,baseline
1777618759.412672,0.3142368793487549,1312.0,baseline
1777618759.412693,0.3142578601837158,1312.0,baseline
1777618759.412715,0.31427979469299316,1313.0,baseline
1777618759.412736,0.3143007755279541,1314.0,baseline
1777618759.412757,0.31432175636291504,1312.0,baseline
1777618759.412779,0.3143439292907715,1314.0,baseline
1777618759.4128058,0.31437063217163086,1314.0,baseline
1777618759.412829,0.3143937587738037,1314.0,baseline
1777618759.41285,0.31441473960876465,1314.0,baseline
1777618759.412871,0.3144357204437256,1315.0,baseline
1777618759.4128928,0.31445765495300293,1316.0,baseline
1777618759.412917,0.3144817352294922,1316.0,baseline
1777618759.4129379,0.3145027160644531,1314.0,baseline
1777618759.4129589,0.31452369689941406,1315.0,baseline
1777618759.412981,0.3145458698272705,1315.0,baseline
1777618759.413002,0.31456685066223145,1315.0,baseline
1777618759.413024,0.3145887851715088,1315.0,baseline
1777618759.413045,0.3146097660064697,1319.0,baseline
1777618759.413067,0.31463193893432617,1316.0,baseline
1777618759.413088,0.3146529197692871,1317.0,baseline
1777618759.41311,0.31467485427856445,1312.0,baseline
1777618759.413131,0.3146958351135254,1315.0,baseline
1777618759.413152,0.31471681594848633,1314.0,baseline
1777618759.413174,0.31473875045776367,1314.0,baseline
1777618759.413195,0.3147597312927246,1315.0,baseline
1777618759.413216,0.31478095054626465,1315.0,baseline
1777618759.413238,0.314802885055542,1315.0,baseline
1777618759.413259,0.31482386589050293,1314.0,baseline
1777618759.413286,0.3148508071899414,1315.0,baseline
1777618759.413308,0.31487274169921875,1313.0,baseline
1777618759.4133298,0.3148946762084961,1314.0,baseline
1777618759.4133508,0.31491565704345703,1315.0,baseline
1777618759.413373,0.3149378299713135,1316.0,baseline
1777618759.413394,0.3149588108062744,1315.0,baseline
1777618759.413415,0.31497979164123535,1315.0,baseline
1777618759.413437,0.3150017261505127,1315.0,baseline
1777618759.4134579,0.31502270698547363,1315.0,baseline
1777618759.41348,0.3150448799133301,1315.0,baseline
1777618759.413501,0.315065860748291,1318.0,baseline
1777618759.413522,0.31508684158325195,1314.0,baseline
1777618759.413544,0.3151087760925293,1316.0,baseline
1777618759.413565,0.31512975692749023,1314.0,baseline
1777618759.413586,0.31515073776245117,1315.0,baseline
1777618759.4136078,0.3151726722717285,1315.0,baseline
1777618759.4136288,0.31519365310668945,1314.0,baseline
1777618759.413651,0.3152158260345459,1315.0,baseline
1777618759.413672,0.31523680686950684,1313.0,baseline
1777618759.413693,0.3152577877044678,1313.0,baseline
1777618759.413715,0.3152797222137451,1313.0,baseline
1777618759.4137359,0.31530070304870605,1313.0,baseline
1777618759.4137568,0.315321683883667,1314.0,baseline
1777618759.4137862,0.3153510093688965,1314.0,baseline
1777618759.413808,0.31537294387817383,1314.0,baseline
1777618759.4138298,0.31539463996887207,1315.0,baseline
1777618759.4138508,0.315415620803833,1314.0,baseline
1777618759.413873,0.31543779373168945,1315.0,baseline
1777618759.413894,0.3154587745666504,1313.0,baseline
1777618759.4139159,0.31548070907592773,1313.0,baseline
1777618759.4139369,0.31550168991088867,1314.0,baseline
1777618759.4139578,0.3155226707458496,1315.0,baseline
1777618759.41398,0.31554484367370605,1315.0,baseline
1777618759.414001,0.315565824508667,1316.0,baseline
1777618759.414022,0.31558680534362793,1316.0,baseline
1777618759.414044,0.3156087398529053,1312.0,baseline
1777618759.414065,0.3156297206878662,1312.0,baseline
1777618759.4140859,0.31565070152282715,1312.0,baseline
1777618759.4141078,0.3156726360321045,1312.0,baseline
1777618759.4141288,0.31569361686706543,1314.0,baseline
1777618759.41415,0.31571483612060547,1316.0,baseline
1777618759.414172,0.3157367706298828,1313.0,baseline
1777618759.414193,0.31575775146484375,1312.0,baseline
1777618759.4142148,0.3157796859741211,1309.0,baseline
1777618759.4142358,0.31580066680908203,1313.0,baseline
1777618759.414264,0.315828800201416,1316.0,baseline
1777618759.4142861,0.31585097312927246,1315.0,baseline
1777618759.414308,0.3158729076385498,1316.0,baseline
1777618759.414329,0.31589388847351074,1314.0,baseline
1777618759.41435,0.3159148693084717,1315.0,baseline
1777618759.4143722,0.3159370422363281,1316.0,baseline
1777618759.4143932,0.31595802307128906,1315.0,baseline
1777618759.4144151,0.3159799575805664,1316.0,baseline
1777618759.414436,0.31600093841552734,1316.0,baseline
1777618759.414457,0.3160219192504883,1315.0,baseline
1777618759.414479,0.3160438537597656,1315.0,baseline
1777618759.4145,0.31606483459472656,1315.0,baseline
1777618759.4145222,0.316087007522583,1315.0,baseline
1777618759.4145432,0.31610798835754395,1317.0,baseline
1777618759.414565,0.3161299228668213,1315.0,baseline
1777618759.414586,0.3161509037017822,1313.0,baseline
1777618759.4146078,0.31617259979248047,1312.0,baseline
1777618759.4146292,0.3161940574645996,1315.0,baseline
1777618759.414651,0.31621575355529785,1313.0,baseline
1777618759.414672,0.3162367343902588,1313.0,baseline
1777618759.414693,0.31625795364379883,1314.0,baseline
1777618759.4147148,0.31627964973449707,1315.0,baseline
1777618759.414742,0.31630682945251465,1314.0,baseline
1777618759.414764,0.316328763961792,1315.0,baseline
1777618759.414786,0.31635093688964844,1313.0,baseline
1777618759.414807,0.3163719177246094,1315.0,baseline
1777618759.414829,0.3163938522338867,1317.0,baseline
1777618759.41485,0.31641483306884766,1311.0,baseline
1777618759.414871,0.3164358139038086,1311.0,baseline
1777618759.4148932,0.31645798683166504,1314.0,baseline
1777618759.4149141,0.316478967666626,1315.0,baseline
1777618759.414935,0.3164999485015869,1314.0,baseline
1777618759.414957,0.31652188301086426,1315.0,baseline
1777618759.414978,0.3165428638458252,1314.0,baseline
1777618759.415,0.31656479835510254,1309.0,baseline
1777618759.415021,0.3165857791900635,1309.0,baseline
1777618759.415043,0.3166079521179199,1313.0,baseline
1777618759.415064,0.31662893295288086,1314.0,baseline
1777618759.415085,0.3166499137878418,1314.0,baseline
1777618759.415107,0.31667184829711914,1312.0,baseline
1777618759.415128,0.3166928291320801,1312.0,baseline
1777618759.415149,0.316713809967041,1315.0,baseline
1777618759.4151711,0.31673598289489746,1320.0,baseline
1777618759.4151921,0.3167569637298584,1314.0,baseline
1777618759.415214,0.31677889823913574,1312.0,baseline
1777618759.415242,0.3168067932128906,1314.0,baseline
1777618759.415264,0.31682872772216797,1315.0,baseline
1777618759.415286,0.3168509006500244,1314.0,baseline
1777618759.415307,0.31687188148498535,1312.0,baseline
1777618759.415328,0.3168928623199463,1316.0,baseline
1777618759.41535,0.31691479682922363,1316.0,baseline
1777618759.415371,0.31693577766418457,1314.0,baseline
1777618759.415392,0.3169567584991455,1315.0,baseline
1777618759.415414,0.31697893142700195,1312.0,baseline
1777618759.415435,0.3169999122619629,1312.0,baseline
1777618759.415456,0.31702089309692383,1313.0,baseline
1777618759.415478,0.31704282760620117,1313.0,baseline
1777618759.415509,0.3170738220214844,1312.0,baseline
1777618759.415531,0.3170957565307617,1316.0,baseline
1777618759.415552,0.31711673736572266,1316.0,baseline
1777618759.415574,0.3171389102935791,1314.0,baseline
1777618759.415595,0.31715989112854004,1314.0,baseline
1777618759.415616,0.317180871963501,1314.0,baseline
1777618759.415638,0.3172028064727783,1317.0,baseline
1777618759.415659,0.31722378730773926,1315.0,baseline
1777618759.41568,0.3172447681427002,1314.0,baseline
1777618759.415702,0.31726694107055664,1314.0,baseline
1777618759.4157288,0.317293643951416,1314.0,baseline
1777618759.415752,0.31731677055358887,1311.0,baseline
1777618759.415773,0.3173377513885498,1314.0,baseline
1777618759.415794,0.31735873222351074,1314.0,baseline
1777618759.4158158,0.3173806667327881,1313.0,baseline
1777618759.4158368,0.317401647567749,1315.0,baseline
1777618759.415858,0.31742286682128906,1315.0,baseline
1777618759.41588,0.3174448013305664,1313.0,baseline
1777618759.415901,0.31746578216552734,1316.0,baseline
1777618759.415922,0.3174867630004883,1315.0,baseline
1777618759.4159439,0.3175086975097656,1313.0,baseline
1777618759.4159648,0.31752967834472656,1312.0,baseline
1777618759.415987,0.317551851272583,1316.0,baseline
1777618759.416008,0.31757283210754395,1315.0,baseline
1777618759.41603,0.3175947666168213,1312.0,baseline
1777618759.416051,0.3176157474517822,1312.0,baseline
1777618759.4160728,0.31763768196105957,1314.0,baseline
1777618759.416094,0.3176589012145996,1311.0,baseline
1777618759.416116,0.31768083572387695,1314.0,baseline
1777618759.416137,0.3177018165588379,1314.0,baseline
1777618759.416158,0.31772279739379883,1314.0,baseline
1777618759.41618,0.31774473190307617,1313.0,baseline
1777618759.416207,0.31777191162109375,1311.0,baseline
1777618759.41623,0.3177947998046875,1309.0,baseline
1777618759.416251,0.31781578063964844,1310.0,baseline
1777618759.416272,0.3178367614746094,1312.0,baseline
1777618759.4162939,0.3178586959838867,1311.0,baseline
1777618759.4163148,0.31787967681884766,1312.0,baseline
1777618759.416337,0.3179018497467041,1311.0,baseline
1777618759.416358,0.31792283058166504,1314.0,baseline
1777618759.416379,0.317943811416626,1315.0,baseline
1777618759.416401,0.3179657459259033,1316.0,baseline
1777618759.416422,0.31798672676086426,1314.0,baseline
1777618759.4164438,0.3180086612701416,1317.0,baseline
1777618759.4164648,0.31802964210510254,1315.0,baseline
1777618759.4164858,0.3180506229400635,1316.0,baseline
1777618759.416508,0.3180727958679199,1315.0,baseline
1777618759.416529,0.31809377670288086,1313.0,baseline
1777618759.4165509,0.3181157112121582,1314.0,baseline
1777618759.4165719,0.31813669204711914,1314.0,baseline
1777618759.4165928,0.3181576728820801,1314.0,baseline
1777618759.416615,0.3181798458099365,1312.0,baseline
1777618759.416641,0.3182058334350586,1312.0,baseline
1777618759.416662,0.31822681427001953,1313.0,baseline
1777618759.4166842,0.318248987197876,1314.0,baseline
1777618759.4167109,0.31827569007873535,1314.0,baseline
1777618759.416734,0.3182988166809082,1312.0,baseline
1777618759.416755,0.31831979751586914,1314.0,baseline
1777618759.416777,0.3183417320251465,1311.0,baseline
1777618759.4167979,0.3183627128601074,1314.0,baseline
1777618759.41682,0.31838488578796387,1318.0,baseline
1777618759.416841,0.3184058666229248,1315.0,baseline
1777618759.416863,0.31842780113220215,1313.0,baseline
1777618759.416884,0.3184487819671631,1315.0,baseline
1777618759.4169059,0.31847071647644043,1312.0,baseline
1777618759.4169269,0.31849169731140137,1312.0,baseline
1777618759.4169521,0.31851696968078613,1314.0,baseline
1777618759.416985,0.31854987144470215,1315.0,baseline
1777618759.4170082,0.318572998046875,1314.0,baseline
1777618759.4170299,0.31859469413757324,1313.0,baseline
1777618759.4170508,0.3186156749725342,1315.0,baseline
1777618759.417073,0.3186378479003906,1315.0,baseline
1777618759.417095,0.31865978240966797,1314.0,baseline
1777618759.417116,0.3186807632446289,1314.0,baseline
1777618759.417137,0.31870174407958984,1313.0,baseline
1777618759.4171588,0.3187236785888672,1314.0,baseline
1777618759.417181,0.31874585151672363,1314.0,baseline
1777618759.417205,0.3187699317932129,1313.0,baseline
1777618759.417229,0.31879377365112305,1312.0,baseline
1777618759.417251,0.3188159465789795,1313.0,baseline
1777618759.417272,0.31883692741394043,1314.0,baseline
1777618759.417293,0.31885790824890137,1313.0,baseline
1777618759.417315,0.3188798427581787,1311.0,baseline
1777618759.417336,0.31890082359313965,1313.0,baseline
1777618759.4173582,0.3189229965209961,1313.0,baseline
1777618759.4173791,0.31894397735595703,1312.0,baseline
1777618759.417401,0.3189659118652344,1311.0,baseline
1777618759.417422,0.3189868927001953,1311.0,baseline
1777618759.417444,0.31900882720947266,1313.0,baseline
1777618759.417465,0.3190298080444336,1311.0,baseline
1777618759.4174871,0.31905198097229004,1315.0,baseline
1777618759.4175081,0.319072961807251,1316.0,baseline
1777618759.41753,0.3190948963165283,1312.0,baseline
1777618759.417551,0.31911587715148926,1312.0,baseline
1777618759.4175732,0.3191380500793457,1316.0,baseline
1777618759.4175942,0.31915903091430664,1316.0,baseline
1777618759.417616,0.3191807270050049,1315.0,baseline
1777618759.417637,0.3192019462585449,1315.0,baseline
1777618759.4176588,0.31922364234924316,1313.0,baseline
1777618759.417682,0.319246768951416,1312.0,baseline
1777618759.417706,0.3192708492279053,1313.0,baseline
1777618759.417728,0.3192927837371826,1312.0,baseline
1777618759.417749,0.31931376457214355,1313.0,baseline
1777618759.41777,0.3193347454071045,1314.0,baseline
1777618759.417792,0.31935691833496094,1314.0,baseline
1777618759.417813,0.3193778991699219,1313.0,baseline
1777618759.417835,0.3193998336791992,1314.0,baseline
1777618759.417856,0.31942081451416016,1318.0,baseline
1777618759.417877,0.3194417953491211,1318.0,baseline
1777618759.417899,0.31946372985839844,1311.0,baseline
1777618759.41792,0.3194849491119385,1309.0,baseline
1777618759.417942,0.3195068836212158,1310.0,baseline
1777618759.417963,0.31952786445617676,1309.0,baseline
1777618759.417985,0.3195497989654541,1312.0,baseline
1777618759.418006,0.31957077980041504,1314.0,baseline
1777618759.418028,0.3195929527282715,1315.0,baseline
1777618759.418049,0.3196139335632324,1315.0,baseline
1777618759.41807,0.31963491439819336,1314.0,baseline
1777618759.418092,0.3196568489074707,1310.0,baseline
1777618759.418113,0.31967782974243164,1315.0,baseline
1777618759.418135,0.319699764251709,1312.0,baseline
1777618759.418158,0.31972289085388184,1314.0,baseline
1777618759.418182,0.319746732711792,1312.0,baseline
1777618759.4182038,0.31976866722106934,1310.0,baseline
1777618759.4182248,0.3197896480560303,1315.0,baseline
1777618759.418247,0.3198118209838867,1314.0,baseline
1777618759.418268,0.31983280181884766,1313.0,baseline
1777618759.418289,0.3198537826538086,1313.0,baseline
1777618759.4183109,0.31987571716308594,1314.0,baseline
1777618759.4183319,0.3198966979980469,1311.0,baseline
1777618759.418354,0.3199188709259033,1314.0,baseline
1777618759.418375,0.31993985176086426,1313.0,baseline
1777618759.418397,0.3199617862701416,1315.0,baseline
1777618759.418418,0.31998276710510254,1314.0,baseline
1777618759.418439,0.3200037479400635,1312.0,baseline
1777618759.4184608,0.3200256824493408,1315.0,baseline
1777618759.4184818,0.32004666328430176,1313.0,baseline
1777618759.418504,0.3200688362121582,1315.0,baseline
1777618759.418525,0.32008981704711914,1315.0,baseline
1777618759.418547,0.3201117515563965,1315.0,baseline
1777618759.418568,0.3201327323913574,1314.0,baseline
1777618759.4185889,0.32015371322631836,1313.0,baseline
1777618759.418611,0.3201758861541748,1315.0,baseline
1777618759.418635,0.32019972801208496,1315.0,baseline
1777618759.418658,0.3202228546142578,1316.0,baseline
1777618759.41868,0.32024478912353516,1313.0,baseline
1777618759.4187012,0.3202660083770752,1313.0,baseline
1777618759.4187222,0.32028698921203613,1315.0,baseline
1777618759.418744,0.3203089237213135,1315.0,baseline
1777618759.418766,0.3203308582305908,1315.0,baseline
1777618759.418796,0.3203608989715576,1316.0,baseline
1777618759.418818,0.32038283348083496,1315.0,baseline
1777618759.418839,0.3204038143157959,1314.0,baseline
1777618759.4188612,0.32042598724365234,1313.0,baseline
1777618759.4188821,0.3204469680786133,1316.0,baseline
1777618759.418903,0.3204679489135742,1315.0,baseline
1777618759.418925,0.32048988342285156,1312.0,baseline
1777618759.418946,0.3205108642578125,1313.0,baseline
1777618759.418967,0.32053184509277344,1314.0,baseline
1777618759.418989,0.3205537796020508,1316.0,baseline
1777618759.4190102,0.3205749988555908,1315.0,baseline
1777618759.419032,0.32059693336486816,1314.0,baseline
1777618759.419053,0.3206179141998291,1314.0,baseline
1777618759.419074,0.32063889503479004,1315.0,baseline
1777618759.419096,0.3206608295440674,1319.0,baseline
1777618759.419122,0.32068681716918945,1316.0,baseline
1777618759.419148,0.3207128047943115,1313.0,baseline
1777618759.419169,0.32073378562927246,1315.0,baseline
1777618759.4191911,0.3207559585571289,1313.0,baseline
1777618759.419212,0.32077693939208984,1311.0,baseline
1777618759.419233,0.3207979202270508,1315.0,baseline
1777618759.419255,0.3208198547363281,1314.0,baseline
1777618759.419276,0.32084083557128906,1316.0,baseline
1777618759.419297,0.32086181640625,1314.0,baseline
1777618759.4193192,0.32088398933410645,1314.0,baseline
1777618759.4193401,0.3209049701690674,1312.0,baseline
1777618759.419362,0.3209269046783447,1309.0,baseline
1777618759.419383,0.32094788551330566,1311.0,baseline
1777618759.419405,0.320969820022583,1311.0,baseline
1777618759.4194272,0.32099199295043945,1313.0,baseline
1777618759.4194481,0.3210129737854004,1313.0,baseline
1777618759.419469,0.32103395462036133,1313.0,baseline
1777618759.419491,0.32105588912963867,1312.0,baseline
1777618759.419512,0.3210768699645996,1312.0,baseline
1777618759.419533,0.32109785079956055,1313.0,baseline
1777618759.4195552,0.321120023727417,1312.0,baseline
1777618759.4195762,0.32114100456237793,1312.0,baseline
1777618759.419605,0.3211698532104492,1314.0,baseline
1777618759.4196281,0.32119297981262207,1313.0,baseline
1777618759.41965,0.3212149143218994,1312.0,baseline
1777618759.4196732,0.32123804092407227,1312.0,baseline
1777618759.4196942,0.3212590217590332,1314.0,baseline
1777618759.4197152,0.32128000259399414,1309.0,baseline
1777618759.419737,0.3213019371032715,1312.0,baseline
1777618759.419758,0.3213229179382324,1312.0,baseline
1777618759.41978,0.32134485244750977,1313.0,baseline
1777618759.419801,0.3213658332824707,1313.0,baseline
1777618759.419822,0.32138681411743164,1315.0,baseline
1777618759.4198442,0.3214089870452881,1315.0,baseline
1777618759.4198651,0.321429967880249,1313.0,baseline
1777618759.419887,0.32145190238952637,1313.0,baseline
1777618759.419908,0.3214728832244873,1313.0,baseline
1777618759.4199302,0.32149505615234375,1315.0,baseline
1777618759.4199512,0.3215160369873047,1314.0,baseline
1777618759.4199722,0.3215370178222656,1314.0,baseline
1777618759.419994,0.32155895233154297,1314.0,baseline
1777618759.420015,0.3215799331665039,1314.0,baseline
1777618759.420036,0.32160091400146484,1312.0,baseline
1777618759.420058,0.3216228485107422,1312.0,baseline
1777618759.420085,0.32164978981018066,1315.0,baseline
1777618759.4201071,0.3216719627380371,1315.0,baseline
1777618759.420128,0.32169294357299805,1313.0,baseline
1777618759.42015,0.3217148780822754,1317.0,baseline
1777618759.420171,0.32173585891723633,1316.0,baseline
1777618759.420192,0.32175683975219727,1315.0,baseline
1777618759.420214,0.3217787742614746,1312.0,baseline
1777618759.420235,0.32179975509643555,1314.0,baseline
1777618759.420257,0.321821928024292,1314.0,baseline
1777618759.420278,0.32184290885925293,1312.0,baseline
1777618759.4203,0.3218648433685303,1312.0,baseline
1777618759.420321,0.3218858242034912,1312.0,baseline
1777618759.420343,0.32190775871276855,1314.0,baseline
1777618759.4203641,0.3219289779663086,1314.0,baseline
1777618759.4203851,0.32194995880126953,1311.0,baseline
1777618759.420407,0.3219718933105469,1313.0,baseline
1777618759.420428,0.3219928741455078,1316.0,baseline
1777618759.42045,0.32201480865478516,1315.0,baseline
1777618759.420471,0.3220357894897461,1314.0,baseline
1777618759.4204931,0.32205796241760254,1313.0,baseline
1777618759.420514,0.3220789432525635,1312.0,baseline
1777618759.420536,0.3221008777618408,1315.0,baseline
1777618759.420563,0.3221278190612793,1315.0,baseline
1777618759.420585,0.32214975357055664,1313.0,baseline
1777618759.420606,0.3221707344055176,1315.0,baseline
1777618759.4206269,0.3221917152404785,1314.0,baseline
1777618759.420649,0.32221388816833496,1313.0,baseline
1777618759.42067,0.3222348690032959,1312.0,baseline
1777618759.420691,0.32225584983825684,1315.0,baseline
1777618759.420713,0.3222777843475342,1314.0,baseline
1777618759.420734,0.3222987651824951,1312.0,baseline
1777618759.4207559,0.32232069969177246,1314.0,baseline
1777618759.420778,0.3223428726196289,1314.0,baseline
1777618759.4208,0.32236480712890625,1315.0,baseline
1777618759.420823,0.3223879337310791,1314.0,baseline
1777618759.420846,0.32241082191467285,1315.0,baseline
1777618759.4208682,0.3224329948425293,1315.0,baseline
1777618759.42089,0.32245492935180664,1314.0,baseline
1777618759.420911,0.3224759101867676,1314.0,baseline
1777618759.420932,0.3224968910217285,1312.0,baseline
1777618759.4209542,0.32251906394958496,1313.0,baseline
1777618759.4209752,0.3225400447845459,1314.0,baseline
1777618759.4209971,0.32256197929382324,1313.0,baseline
1777618759.4210181,0.3225829601287842,1314.0,baseline
1777618759.421045,0.32260990142822266,1316.0,baseline
1777618759.421067,0.3226318359375,1315.0,baseline
1777618759.421089,0.32265377044677734,1315.0,baseline
1777618759.42111,0.3226747512817383,1315.0,baseline
1777618759.421131,0.3226957321166992,1315.0,baseline
1777618759.421153,0.32271790504455566,1315.0,baseline
1777618759.421174,0.3227388858795166,1315.0,baseline
1777618759.421196,0.32276082038879395,1312.0,baseline
1777618759.421217,0.3227818012237549,1314.0,baseline
1777618759.421238,0.3228027820587158,1315.0,baseline
1777618759.42126,0.32282495498657227,1315.0,baseline
1777618759.421281,0.3228459358215332,1314.0,baseline
1777618759.421302,0.32286691665649414,1310.0,baseline
1777618759.421324,0.3228888511657715,1312.0,baseline
1777618759.421345,0.3229098320007324,1314.0,baseline
1777618759.421367,0.32293176651000977,1314.0,baseline
1777618759.4213881,0.3229529857635498,1314.0,baseline
1777618759.42141,0.32297492027282715,1313.0,baseline
1777618759.421431,0.3229959011077881,1313.0,baseline
1777618759.421452,0.323016881942749,1314.0,baseline
1777618759.421474,0.32303881645202637,1314.0,baseline
1777618759.421495,0.3230597972869873,1313.0,baseline
1777618759.421519,0.32308387756347656,1315.0,baseline
1777618759.4215412,0.323106050491333,1313.0,baseline
1777618759.421563,0.32312774658203125,1314.0,baseline
1777618759.421584,0.3231487274169922,1315.0,baseline
1777618759.4216058,0.32317066192626953,1316.0,baseline
1777618759.4216268,0.32319164276123047,1315.0,baseline
1777618759.421649,0.3232138156890869,1313.0,baseline
1777618759.42167,0.32323479652404785,1315.0,baseline
1777618759.421691,0.3232557773590088,1316.0,baseline
1777618759.421712,0.3232767581939697,1316.0,baseline
1777618759.4217339,0.32329869270324707,1314.0,baseline
1777618759.4217548,0.323319673538208,1313.0,baseline
1777618759.4217758,0.32334065437316895,1314.0,baseline
1777618759.421798,0.3233628273010254,1313.0,baseline
1777618759.421819,0.32338380813598633,1316.0,baseline
1777618759.42184,0.32340478897094727,1313.0,baseline
1777618759.421862,0.3234267234802246,1313.0,baseline
1777618759.4218829,0.32344770431518555,1313.0,baseline
1777618759.4219038,0.3234686851501465,1313.0,baseline
1777618759.4219258,0.32349061965942383,1313.0,baseline
1777618759.4219468,0.32351160049438477,1314.0,baseline
1777618759.421969,0.3235337734222412,1315.0,baseline
1777618759.421996,0.3235609531402588,1315.0,baseline
1777618759.422019,0.32358384132385254,1313.0,baseline
1777618759.4220412,0.323606014251709,1315.0,baseline
1777618759.4220748,0.3236396312713623,1314.0,baseline
1777618759.422097,0.32366180419921875,1314.0,baseline
1777618759.422118,0.3236827850341797,1314.0,baseline
1777618759.422139,0.3237037658691406,1313.0,baseline
1777618759.4221609,0.32372570037841797,1312.0,baseline
1777618759.4221828,0.3237476348876953,1312.0,baseline
1777618759.422204,0.32376885414123535,1315.0,baseline
1777618759.422225,0.3237898349761963,1314.0,baseline
1777618759.422247,0.32381176948547363,1314.0,baseline
1777618759.422268,0.32383275032043457,1313.0,baseline
1777618759.4222898,0.3238546848297119,1315.0,baseline
1777618759.4223108,0.32387566566467285,1316.0,baseline
1777618759.422333,0.3238978385925293,1317.0,baseline
1777618759.422354,0.32391881942749023,1315.0,baseline
1777618759.422376,0.3239407539367676,1314.0,baseline
1777618759.422397,0.3239617347717285,1313.0,baseline
1777618759.4224188,0.32398366928100586,1315.0,baseline
1777618759.42244,0.3240048885345459,1314.0,baseline
1777618759.422462,0.32402682304382324,1314.0,baseline
1777618759.4224892,0.3240540027618408,1314.0,baseline
1777618759.422512,0.32407689094543457,1315.0,baseline
1777618759.422534,0.3240988254547119,1312.0,baseline
1777618759.422555,0.32411980628967285,1312.0,baseline
1777618759.422577,0.3241417407989502,1313.0,baseline
1777618759.422598,0.32416272163391113,1314.0,baseline
1777618759.4226198,0.3241846561431885,1315.0,baseline
1777618759.4226408,0.3242056369781494,1315.0,baseline
1777618759.422663,0.32422780990600586,1315.0,baseline
1777618759.422684,0.3242487907409668,1313.0,baseline
1777618759.422706,0.32427072525024414,1314.0,baseline
1777618759.4227269,0.3242917060852051,1313.0,baseline
1777618759.422749,0.3243138790130615,1314.0,baseline
1777618759.42277,0.32433485984802246,1315.0,baseline
1777618759.422792,0.3243567943572998,1316.0,baseline
1777618759.422813,0.32437777519226074,1313.0,baseline
1777618759.4228349,0.3243997097015381,1315.0,baseline
1777618759.4228559,0.324420690536499,1315.0,baseline
1777618759.422878,0.32444286346435547,1314.0,baseline
1777618759.422899,0.3244638442993164,1313.0,baseline
1777618759.422921,0.32448577880859375,1312.0,baseline
1777618759.422942,0.3245067596435547,1315.0,baseline
1777618759.422969,0.32453393936157227,1314.0,baseline
1777618759.422993,0.3245577812194824,1314.0,baseline
1777618759.423014,0.32457876205444336,1310.0,baseline
1777618759.4230359,0.3246006965637207,1313.0,baseline
1777618759.4230568,0.32462167739868164,1316.0,baseline
1777618759.423079,0.3246438503265381,1314.0,baseline
1777618759.4231,0.324664831161499,1313.0,baseline
1777618759.423122,0.32468676567077637,1315.0,baseline
1777618759.423143,0.3247077465057373,1313.0,baseline
1777618759.423164,0.32472872734069824,1314.0,baseline
1777618759.4231858,0.3247506618499756,1314.0,baseline
1777618759.4232068,0.3247716426849365,1314.0,baseline
1777618759.423229,0.32479381561279297,1314.0,baseline
1777618759.42325,0.3248147964477539,1313.0,baseline
1777618759.423271,0.32483577728271484,1313.0,baseline
1777618759.4232929,0.3248577117919922,1312.0,baseline
1777618759.4233139,0.3248786926269531,1312.0,baseline
1777618759.423336,0.32490086555480957,1314.0,baseline
1777618759.423357,0.3249218463897705,1312.0,baseline
1777618759.423378,0.32494282722473145,1311.0,baseline
1777618759.4234,0.3249647617340088,1312.0,baseline
1777618759.423421,0.3249857425689697,1315.0,baseline
1777618759.423448,0.3250129222869873,1314.0,baseline
1777618759.4234722,0.32503700256347656,1315.0,baseline
1777618759.4234939,0.3250586986541748,1313.0,baseline
1777618759.4235148,0.32507967948913574,1312.0,baseline
1777618759.4235368,0.3251016139984131,1314.0,baseline
1777618759.423558,0.3251228332519531,1314.0,baseline
1777618759.423579,0.32514381408691406,1313.0,baseline
1777618759.423601,0.3251657485961914,1315.0,baseline
1777618759.423622,0.32518672943115234,1316.0,baseline
1777618759.4236429,0.3252077102661133,1316.0,baseline
1777618759.4236648,0.3252296447753906,1315.0,baseline
1777618759.4236858,0.32525062561035156,1315.0,baseline
1777618759.423708,0.325272798538208,1315.0,baseline
1777618759.423729,0.32529377937316895,1314.0,baseline
1777618759.4237509,0.3253157138824463,1314.0,baseline
1777618759.4237719,0.3253366947174072,1314.0,baseline
1777618759.4237928,0.32535767555236816,1314.0,baseline
1777618759.423815,0.3253798484802246,1313.0,baseline
1777618759.423836,0.32540082931518555,1314.0,baseline
1777618759.423858,0.3254227638244629,1313.0,baseline
1777618759.423879,0.32544374465942383,1310.0,baseline
1777618759.4239008,0.32546567916870117,1312.0,baseline
1777618759.4239218,0.3254866600036621,1313.0,baseline
1777618759.423949,0.3255138397216797,1314.0,baseline
1777618759.4239738,0.32553863525390625,1315.0,baseline
1777618759.423996,0.3255608081817627,1316.0,baseline
1777618759.424017,0.32558178901672363,1313.0,baseline
1777618759.424039,0.325603723526001,1312.0,baseline
1777618759.4240599,0.3256247043609619,1312.0,baseline
1777618759.4240818,0.32564663887023926,1313.0,baseline
1777618759.424103,0.3256678581237793,1313.0,baseline
1777618759.424125,0.32568979263305664,1314.0,baseline
1777618759.424146,0.3257107734680176,1314.0,baseline
1777618759.424167,0.3257317543029785,1314.0,baseline
1777618759.4241889,0.32575368881225586,1315.0,baseline
1777618759.4242098,0.3257746696472168,1313.0,baseline
1777618759.424232,0.32579684257507324,1314.0,baseline
1777618759.424253,0.3258178234100342,1314.0,baseline
1777618759.424274,0.3258388042449951,1315.0,baseline
1777618759.424296,0.32586073875427246,1315.0,baseline
1777618759.424317,0.3258817195892334,1315.0,baseline
1777618759.424339,0.32590389251708984,1314.0,baseline
1777618759.42436,0.3259248733520508,1314.0,baseline
1777618759.424382,0.3259468078613281,1314.0,baseline
1777618759.424403,0.32596778869628906,1315.0,baseline
1777618759.4244301,0.32599496841430664,1317.0,baseline
1777618759.424455,0.3260197639465332,1315.0,baseline
1777618759.424476,0.32604074478149414,1316.0,baseline
1777618759.4244978,0.3260626792907715,1312.0,baseline
1777618759.4245188,0.3260836601257324,1312.0,baseline
1777618759.4245398,0.32610464096069336,1312.0,baseline
1777618759.424562,0.3261268138885498,1315.0,baseline
1777618759.424586,0.32615089416503906,1318.0,baseline
1777618759.424607,0.326171875,1314.0,baseline
1777618759.424628,0.32619285583496094,1314.0,baseline
1777618759.42465,0.3262147903442383,1317.0,baseline
1777618759.424671,0.3262357711791992,1314.0,baseline
1777618759.424692,0.32625675201416016,1313.0,baseline
1777618759.424714,0.3262789249420166,1311.0,baseline
1777618759.424735,0.32629990577697754,1312.0,baseline
1777618759.424756,0.3263208866119385,1312.0,baseline
1777618759.424778,0.3263428211212158,1312.0,baseline
1777618759.424799,0.32636380195617676,1315.0,baseline
1777618759.424821,0.3263857364654541,1314.0,baseline
1777618759.424842,0.32640671730041504,1313.0,baseline
1777618759.424864,0.3264288902282715,1315.0,baseline
1777618759.424885,0.3264498710632324,1313.0,baseline
1777618759.424906,0.32647085189819336,1316.0,baseline
1777618759.424934,0.32649874687194824,1312.0,baseline
1777618759.424958,0.3265228271484375,1314.0,baseline
1777618759.424979,0.32654380798339844,1313.0,baseline
1777618759.425,0.3265647888183594,1314.0,baseline
1777618759.425022,0.3265867233276367,1314.0,baseline
1777618759.4250429,0.32660770416259766,1313.0,baseline
1777618759.425065,0.3266298770904541,1316.0,baseline
1777618759.425086,0.32665085792541504,1311.0,baseline
1777618759.425107,0.326671838760376,1312.0,baseline
1777618759.425129,0.3266937732696533,1315.0,baseline
1777618759.42515,0.32671475410461426,1313.0,baseline
1777618759.425171,0.3267357349395752,1313.0,baseline
1777618759.425193,0.32675790786743164,1313.0,baseline
1777618759.425214,0.3267788887023926,1315.0,baseline
1777618759.425236,0.3268008232116699,1316.0,baseline
1777618759.425257,0.32682180404663086,1315.0,baseline
1777618759.425278,0.3268427848815918,1312.0,baseline
1777618759.4253,0.32686471939086914,1312.0,baseline
1777618759.4253209,0.3268857002258301,1312.0,baseline
1777618759.4253519,0.3269166946411133,1309.0,baseline
1777618759.4253728,0.3269376754760742,1309.0,baseline
1777618759.425395,0.32695984840393066,1310.0,baseline
1777618759.4254222,0.32698702812194824,1311.0,baseline
1777618759.4254458,0.3270106315612793,1314.0,baseline
1777618759.425468,0.32703280448913574,1316.0,baseline
1777618759.42549,0.3270547389984131,1317.0,baseline
1777618759.425514,0.32707881927490234,1319.0,baseline
1777618759.425535,0.3270998001098633,1318.0,baseline
1777618759.425557,0.3271217346191406,1316.0,baseline
1777618759.4255779,0.32714271545410156,1318.0,baseline
1777618759.4256,0.327164888381958,1318.0,baseline
1777618759.425621,0.32718586921691895,1315.0,baseline
1777618759.425642,0.3272068500518799,1315.0,baseline
1777618759.425664,0.3272287845611572,1315.0,baseline
1777618759.425685,0.32724976539611816,1317.0,baseline
1777618759.425707,0.3272719383239746,1315.0,baseline
1777618759.425728,0.32729291915893555,1317.0,baseline
1777618759.42575,0.3273148536682129,1316.0,baseline
1777618759.425771,0.32733583450317383,1315.0,baseline
1777618759.425793,0.32735776901245117,1314.0,baseline
1777618759.425814,0.3273787498474121,1315.0,baseline
1777618759.425836,0.32740092277526855,1314.0,baseline
1777618759.425857,0.3274219036102295,1315.0,baseline
1777618759.425879,0.32744383811950684,1316.0,baseline
1777618759.4259,0.3274648189544678,1312.0,baseline
1777618759.425927,0.32749176025390625,1312.0,baseline
1777618759.425952,0.3275167942047119,1312.0,baseline
1777618759.425973,0.32753777503967285,1313.0,baseline
1777618759.425995,0.3275599479675293,1311.0,baseline
1777618759.426016,0.32758092880249023,1312.0,baseline
1777618759.426037,0.32760190963745117,1313.0,baseline
1777618759.426059,0.3276238441467285,1312.0,baseline
1777618759.42608,0.32764482498168945,1314.0,baseline
1777618759.426102,0.3276667594909668,1312.0,baseline
1777618759.426123,0.32768774032592773,1310.0,baseline
1777618759.426145,0.3277099132537842,1315.0,baseline
1777618759.426166,0.3277308940887451,1316.0,baseline
1777618759.426187,0.32775187492370605,1315.0,baseline
1777618759.426208,0.327772855758667,1314.0,baseline
1777618759.42623,0.32779479026794434,1312.0,baseline
1777618759.426251,0.3278157711029053,1312.0,baseline
1777618759.426272,0.3278367519378662,1312.0,baseline
1777618759.426294,0.32785892486572266,1312.0,baseline
1777618759.426315,0.3278799057006836,1313.0,baseline
1777618759.426337,0.32790184020996094,1312.0,baseline
1777618759.426358,0.3279228210449219,1313.0,baseline
1777618759.426379,0.3279438018798828,1312.0,baseline
1777618759.426406,0.3279707431793213,1311.0,baseline
1777618759.42643,0.32799482345581055,1312.0,baseline
1777618759.426452,0.3280167579650879,1313.0,baseline
1777618759.426473,0.32803773880004883,1312.0,baseline
1777618759.426495,0.3280599117279053,1312.0,baseline
1777618759.426516,0.3280808925628662,1314.0,baseline
1777618759.426538,0.32810282707214355,1314.0,baseline
1777618759.426559,0.3281238079071045,1314.0,baseline
1777618759.42658,0.32814478874206543,1314.0,baseline
1777618759.426602,0.3281667232513428,1316.0,baseline
1777618759.4266229,0.3281877040863037,1316.0,baseline
1777618759.426644,0.32820892333984375,1314.0,baseline
1777618759.426666,0.3282308578491211,1314.0,baseline
1777618759.426687,0.32825183868408203,1314.0,baseline
1777618759.426708,0.32827281951904297,1313.0,baseline
1777618759.42673,0.3282947540283203,1313.0,baseline
1777618759.426751,0.32831573486328125,1315.0,baseline
1777618759.4267719,0.3283367156982422,1315.0,baseline
1777618759.426794,0.32835888862609863,1315.0,baseline
1777618759.426815,0.32837986946105957,1315.0,baseline
1777618759.426836,0.3284008502960205,1313.0,baseline
1777618759.426858,0.32842278480529785,1314.0,baseline
1777618759.426879,0.3284437656402588,1313.0,baseline
1777618759.426906,0.32847094535827637,1312.0,baseline
1777618759.426931,0.32849574089050293,1314.0,baseline
1777618759.426952,0.32851672172546387,1321.0,baseline
1777618759.426978,0.32854294776916504,1325.0,baseline
1777618759.427,0.3285648822784424,1320.0,baseline
1777618759.427021,0.3285858631134033,1317.0,baseline
1777618759.427043,0.32860779762268066,1311.0,baseline
1777618759.4270642,0.3286290168762207,1312.0,baseline
1777618759.4270852,0.32864999771118164,1311.0,baseline
1777618759.427107,0.328671932220459,1313.0,baseline
1777618759.427128,0.3286929130554199,1313.0,baseline
1777618759.427149,0.32871389389038086,1319.0,baseline
1777618759.427171,0.3287358283996582,1325.0,baseline
1777618759.427192,0.32875680923461914,1329.0,baseline
1777618759.427213,0.3287777900695801,1331.0,baseline
1777618759.4272351,0.3287999629974365,1330.0,baseline
1777618759.427256,0.32882094383239746,1325.0,baseline
1777618759.427278,0.3288428783416748,1325.0,baseline
1777618759.427299,0.32886385917663574,1324.0,baseline
1777618759.4273212,0.3288860321044922,1319.0,baseline
1777618759.4273422,0.3289070129394531,1316.0,baseline
1777618759.427364,0.32892894744873047,1312.0,baseline
1777618759.4273899,0.32895469665527344,1309.0,baseline
1777618759.4274151,0.3289799690246582,1303.0,baseline
1777618759.427436,0.32900094985961914,1299.0,baseline
1777618759.427457,0.3290219306945801,1307.0,baseline
1777618759.427479,0.3290438652038574,1310.0,baseline
1777618759.4275,0.32906484603881836,1315.0,baseline
1777618759.427522,0.3290867805480957,1313.0,baseline
1777618759.427543,0.32910776138305664,1313.0,baseline
1777618759.4275641,0.3291289806365967,1309.0,baseline
1777618759.427586,0.329150915145874,1312.0,baseline
1777618759.427607,0.32917189598083496,1309.0,baseline
1777618759.427628,0.3291928768157959,1308.0,baseline
1777618759.42765,0.32921481132507324,1310.0,baseline
1777618759.427671,0.3292357921600342,1311.0,baseline
1777618759.4276931,0.3292579650878906,1312.0,baseline
1777618759.427714,0.32927894592285156,1315.0,baseline
1777618759.427736,0.3293008804321289,1316.0,baseline
1777618759.427757,0.32932186126708984,1313.0,baseline
1777618759.427779,0.3293437957763672,1311.0,baseline
1777618759.4278002,0.3293650150299072,1306.0,baseline
1777618759.427822,0.32938694953918457,1310.0,baseline
1777618759.427843,0.3294079303741455,1312.0,baseline
1777618759.42787,0.329434871673584,1314.0,baseline
1777618759.427894,0.32945895195007324,1314.0,baseline
1777618759.427916,0.3294808864593506,1315.0,baseline
1777618759.427937,0.3295018672943115,1314.0,baseline
1777618759.427959,0.32952380180358887,1313.0,baseline
1777618759.42798,0.3295447826385498,1312.0,baseline
1777618759.428001,0.32956576347351074,1312.0,baseline
1777618759.428023,0.3295879364013672,1313.0,baseline
1777618759.428044,0.3296089172363281,1314.0,baseline
1777618759.428066,0.32963085174560547,1315.0,baseline
1777618759.428087,0.3296518325805664,1315.0,baseline
1777618759.4281092,0.32967400550842285,1315.0,baseline
1777618759.4281301,0.3296949863433838,1314.0,baseline
1777618759.428152,0.32971692085266113,1312.0,baseline
1777618759.428173,0.32973790168762207,1313.0,baseline
1777618759.428195,0.3297598361968994,1318.0,baseline
1777618759.428216,0.32978081703186035,1315.0,baseline
1777618759.428237,0.3298017978668213,1314.0,baseline
1777618759.4282591,0.32982397079467773,1314.0,baseline
1777618759.42828,0.32984495162963867,1315.0,baseline
1777618759.428301,0.3298659324645996,1312.0,baseline
1777618759.428323,0.32988786697387695,1314.0,baseline
1777618759.428344,0.3299088478088379,1316.0,baseline
1777618759.428371,0.32993578910827637,1315.0,baseline
1777618759.428395,0.3299598693847656,1314.0,baseline
1777618759.428417,0.32998180389404297,1312.0,baseline
1777618759.428438,0.3300027847290039,1313.0,baseline
1777618759.428459,0.33002376556396484,1311.0,baseline
1777618759.428481,0.3300459384918213,1311.0,baseline
1777618759.428502,0.3300669193267822,1314.0,baseline
1777618759.428524,0.33008885383605957,1314.0,baseline
1777618759.428545,0.3301098346710205,1316.0,baseline
1777618759.428566,0.33013081550598145,1316.0,baseline
1777618759.428588,0.3301527500152588,1316.0,baseline
1777618759.4286091,0.33017396926879883,1315.0,baseline
1777618759.428643,0.33020782470703125,1312.0,baseline
1777618759.4286652,0.3302299976348877,1313.0,baseline
1777618759.428687,0.33025193214416504,1313.0,baseline
1777618759.428708,0.330272912979126,1312.0,baseline
1777618759.42873,0.3302948474884033,1315.0,baseline
1777618759.428751,0.33031582832336426,1314.0,baseline
1777618759.4287732,0.3303380012512207,1313.0,baseline
1777618759.4287941,0.33035898208618164,1315.0,baseline
1777618759.4288158,0.3303806781768799,1312.0,baseline
1777618759.428837,0.3304018974304199,1313.0,baseline
1777618759.428864,0.3304288387298584,1314.0,baseline
1777618759.428888,0.33045291900634766,1314.0,baseline
1777618759.42891,0.330474853515625,1314.0,baseline
1777618759.428931,0.33049583435058594,1313.0,baseline
1777618759.428952,0.3305168151855469,1312.0,baseline
1777618759.4289742,0.3305389881134033,1314.0,baseline
1777618759.4289951,0.33055996894836426,1314.0,baseline
1777618759.429016,0.3305809497833252,1315.0,baseline
1777618759.429038,0.33060288429260254,1316.0,baseline
1777618759.429059,0.3306238651275635,1314.0,baseline
1777618759.42908,0.3306448459625244,1312.0,baseline
1777618759.429101,0.33066582679748535,1314.0,baseline
1777618759.4291232,0.3306879997253418,1316.0,baseline
1777618759.4291441,0.33070898056030273,1314.0,baseline
1777618759.4291651,0.33072996139526367,1314.0,baseline
1777618759.429187,0.330751895904541,1313.0,baseline
1777618759.429208,0.33077287673950195,1312.0,baseline
1777618759.429229,0.3307938575744629,1314.0,baseline
1777618759.429251,0.33081579208374023,1313.0,baseline
1777618759.4292722,0.3308370113372803,1312.0,baseline
1777618759.429294,0.3308589458465576,1311.0,baseline
1777618759.429315,0.33087992668151855,1312.0,baseline
1777618759.429336,0.3309009075164795,1315.0,baseline
1777618759.429364,0.3309288024902344,1315.0,baseline
1777618759.429388,0.33095288276672363,1314.0,baseline
1777618759.429409,0.33097386360168457,1315.0,baseline
1777618759.429431,0.3309957981109619,1311.0,baseline
1777618759.429452,0.33101677894592285,1312.0,baseline
1777618759.429474,0.3310389518737793,1314.0,baseline
1777618759.429495,0.33105993270874023,1314.0,baseline
1777618759.429517,0.3310818672180176,1315.0,baseline
1777618759.429538,0.3311028480529785,1315.0,baseline
1777618759.42956,0.33112478256225586,1314.0,baseline
1777618759.4295812,0.3311460018157959,1312.0,baseline
1777618759.429603,0.33116793632507324,1315.0,baseline
1777618759.429624,0.3311889171600342,1313.0,baseline
1777618759.429645,0.3312098979949951,1315.0,baseline
1777618759.429667,0.33123183250427246,1311.0,baseline
1777618759.429688,0.3312528133392334,1315.0,baseline
1777618759.4297118,0.33127665519714355,1316.0,baseline
1777618759.429734,0.331298828125,1315.0,baseline
1777618759.429755,0.33131980895996094,1313.0,baseline
1777618759.429776,0.3313407897949219,1314.0,baseline
1777618759.429798,0.3313627243041992,1312.0,baseline
1777618759.4298189,0.33138370513916016,1314.0,baseline
1777618759.429846,0.33141088485717773,1314.0,baseline
1777618759.429871,0.3314359188079834,1316.0,baseline
1777618759.429893,0.33145785331726074,1314.0,baseline
1777618759.429914,0.3314788341522217,1313.0,baseline
1777618759.4299352,0.3315000534057617,1314.0,baseline
1777618759.4299572,0.33152198791503906,1312.0,baseline
1777618759.4299781,0.33154296875,1314.0,baseline
1777618759.43,0.33156490325927734,1314.0,baseline
1777618759.430021,0.3315858840942383,1315.0,baseline
1777618759.430043,0.3316078186035156,1313.0,baseline
1777618759.4300642,0.33162903785705566,1314.0,baseline
1777618759.430086,0.3316507339477539,1315.0,baseline
1777618759.4301069,0.33167171478271484,1314.0,baseline
1777618759.4301288,0.3316936492919922,1313.0,baseline
1777618759.4301498,0.3317146301269531,1315.0,baseline
1777618759.4301708,0.33173561096191406,1316.0,baseline
1777618759.430196,0.33176088333129883,1317.0,baseline
1777618759.430217,0.33178186416625977,1314.0,baseline
1777618759.430238,0.3318028450012207,1314.0,baseline
1777618759.43026,0.33182477951049805,1314.0,baseline
1777618759.430281,0.331845760345459,1315.0,baseline
1777618759.4303029,0.33186769485473633,1315.0,baseline
1777618759.430324,0.33188891410827637,1314.0,baseline
1777618759.430351,0.33191585540771484,1314.0,baseline
1777618759.4303749,0.331939697265625,1315.0,baseline
1777618759.430397,0.33196187019348145,1315.0,baseline
1777618759.430418,0.3319828510284424,1313.0,baseline
1777618759.43044,0.3320047855377197,1312.0,baseline
1777618759.430461,0.33202576637268066,1311.0,baseline
1777618759.430482,0.3320467472076416,1312.0,baseline
1777618759.430503,0.33206772804260254,1325.0,baseline
1777618759.4305248,0.3320896625518799,1322.0,baseline
1777618759.4305458,0.3321106433868408,1324.0,baseline
1777618759.430568,0.33213281631469727,1318.0,baseline
1777618759.430589,0.3321537971496582,1313.0,baseline
1777618759.43061,0.33217477798461914,1316.0,baseline
1777618759.430631,0.3321957588195801,1316.0,baseline
1777618759.4306529,0.3322176933288574,1316.0,baseline
1777618759.4306738,0.33223867416381836,1318.0,baseline
1777618759.430696,0.3322608470916748,1315.0,baseline
1777618759.430717,0.33228182792663574,1315.0,baseline
1777618759.430739,0.3323037624359131,1315.0,baseline
1777618759.43076,0.332324743270874,1316.0,baseline
1777618759.430781,0.33234572410583496,1315.0,baseline
1777618759.430803,0.3323678970336914,1316.0,baseline
1777618759.430829,0.3323938846588135,1314.0,baseline
1777618759.4308531,0.33241796493530273,1316.0,baseline
1777618759.4308748,0.332439661026001,1318.0,baseline
1777618759.430896,0.332460880279541,1315.0,baseline
1777618759.430918,0.33248281478881836,1314.0,baseline
1777618759.430939,0.3325037956237793,1314.0,baseline
1777618759.4309602,0.33252501487731934,1315.0,baseline
1777618759.4309819,0.3325467109680176,1313.0,baseline
1777618759.4310029,0.3325676918029785,1314.0,baseline
1777618759.4310248,0.33258962631225586,1313.0,baseline
1777618759.4310458,0.3326106071472168,1316.0,baseline
1777618759.431067,0.33263182640075684,1316.0,baseline
1777618759.431089,0.3326537609100342,1316.0,baseline
1777618759.43111,0.3326747417449951,1316.0,baseline
1777618759.431131,0.33269572257995605,1315.0,baseline
1777618759.4311528,0.3327176570892334,1316.0,baseline
1777618759.4311738,0.33273863792419434,1315.0,baseline
1777618759.4311948,0.3327596187591553,1314.0,baseline
1777618759.431217,0.3327817916870117,1319.0,baseline
1777618759.431238,0.33280277252197266,1317.0,baseline
1777618759.4312599,0.33282470703125,1315.0,baseline
1777618759.4312809,0.33284568786621094,1315.0,baseline
1777618759.431303,0.3328678607940674,1315.0,baseline
1777618759.43133,0.33289480209350586,1314.0,baseline
1777618759.431353,0.3329179286956787,1314.0,baseline
1777618759.431374,0.33293890953063965,1313.0,baseline
1777618759.4313998,0.3329646587371826,1314.0,baseline
1777618759.431422,0.33298683166503906,1314.0,baseline
1777618759.431446,0.3330109119415283,1314.0,baseline
1777618759.431469,0.33303380012512207,1312.0,baseline
1777618759.4314911,0.3330559730529785,1315.0,baseline
1777618759.431513,0.33307790756225586,1316.0,baseline
1777618759.4315362,0.3331010341644287,1315.0,baseline
1777618759.431558,0.33312273025512695,1315.0,baseline
1777618759.4315891,0.33315396308898926,1313.0,baseline
1777618759.431613,0.3331778049468994,1315.0,baseline
1777618759.431635,0.33319973945617676,1316.0,baseline
1777618759.431656,0.3332207202911377,1316.0,baseline
1777618759.431678,0.33324289321899414,1316.0,baseline
1777618759.431699,0.3332638740539551,1316.0,baseline
1777618759.43172,0.333284854888916,1316.0,baseline
1777618759.431742,0.33330678939819336,1313.0,baseline
1777618759.431763,0.3333277702331543,1314.0,baseline
1777618759.431784,0.33334875106811523,1311.0,baseline
1777618759.4318058,0.3333706855773926,1312.0,baseline
1777618759.431833,0.33339786529541016,1314.0,baseline
1777618759.4318569,0.3334217071533203,1315.0,baseline
1777618759.4318788,0.33344364166259766,1315.0,baseline
1777618759.4318998,0.3334646224975586,1314.0,baseline
1777618759.431922,0.33348679542541504,1315.0,baseline
1777618759.431956,0.33352088928222656,1316.0,baseline
1777618759.431978,0.3335428237915039,1313.0,baseline
1777618759.431999,0.33356380462646484,1313.0,baseline
1777618759.432021,0.3335857391357422,1314.0,baseline
1777618759.432042,0.3336067199707031,1308.0,baseline
1777618759.4320629,0.33362770080566406,1311.0,baseline
1777618759.432087,0.3336517810821533,1312.0,baseline
1777618759.432109,0.33367395401000977,1314.0,baseline
1777618759.43213,0.3336949348449707,1315.0,baseline
1777618759.432151,0.33371591567993164,1312.0,baseline
1777618759.432173,0.333737850189209,1312.0,baseline
1777618759.432194,0.3337588310241699,1311.0,baseline
1777618759.4322162,0.33378100395202637,1312.0,baseline
1777618759.4322371,0.3338019847869873,1312.0,baseline
1777618759.432259,0.33382391929626465,1312.0,baseline
1777618759.43228,0.3338449001312256,1312.0,baseline
1777618759.432301,0.3338658809661865,1313.0,baseline
1777618759.432328,0.333892822265625,1313.0,baseline
1777618759.4323509,0.33391571044921875,1312.0,baseline
1777618759.4323719,0.3339366912841797,1313.0,baseline
1777618759.432393,0.3339579105377197,1315.0,baseline
1777618759.432415,0.33397984504699707,1315.0,baseline
1777618759.432436,0.334000825881958,1313.0,baseline
1777618759.432457,0.33402180671691895,1315.0,baseline
1777618759.432479,0.3340437412261963,1316.0,baseline
1777618759.4325,0.3340647220611572,1314.0,baseline
1777618759.4325209,0.33408570289611816,1314.0,baseline
1777618759.4325418,0.3341066837310791,1312.0,baseline
1777618759.432564,0.33412885665893555,1314.0,baseline
1777618759.432585,0.3341498374938965,1314.0,baseline
1777618759.432606,0.3341708183288574,1315.0,baseline
1777618759.432628,0.33419275283813477,1313.0,baseline
1777618759.432649,0.3342137336730957,1312.0,baseline
1777618759.4326699,0.33423471450805664,1311.0,baseline
1777618759.432692,0.3342568874359131,1313.0,baseline
1777618759.432713,0.334277868270874,1314.0,baseline
1777618759.432734,0.33429884910583496,1312.0,baseline
1777618759.432756,0.3343207836151123,1314.0,baseline
1777618759.432777,0.33434176445007324,1314.0,baseline
1777618759.432798,0.3343627452850342,1315.0,baseline
1777618759.432825,0.33438992500305176,1314.0,baseline
1777618759.432848,0.3344128131866455,1314.0,baseline
1777618759.4328692,0.33443403244018555,1313.0,baseline
1777618759.4328902,0.3344550132751465,1313.0,baseline
1777618759.4329119,0.3344767093658447,1314.0,baseline
1777618759.432933,0.33449792861938477,1313.0,baseline
1777618759.432954,0.3345189094543457,1315.0,baseline
1777618759.432975,0.33453989028930664,1314.0,baseline
1777618759.4329972,0.3345620632171631,1334.0,baseline
1777618759.4330182,0.334583044052124,1334.0,baseline
1777618759.4330392,0.33460402488708496,1328.0,baseline
1777618759.4330611,0.3346259593963623,1319.0,baseline
1777618759.433082,0.33464694023132324,1312.0,baseline
1777618759.4331038,0.3346686363220215,1306.0,baseline
1777618759.433125,0.3346898555755615,1311.0,baseline
1777618759.433146,0.33471083641052246,1311.0,baseline
1777618759.433168,0.3347327709197998,1305.0,baseline
1777618759.4331892,0.33475399017333984,1302.0,baseline
1777618759.4332108,0.3347756862640381,1302.0,baseline
1777618759.4332318,0.334796667098999,1303.0,baseline
1777618759.433253,0.33481788635253906,1309.0,baseline
1777618759.433275,0.3348398208618164,1314.0,baseline
1777618759.4332988,0.33486366271972656,1315.0,baseline
1777618759.433325,0.33488988876342773,1316.0,baseline
1777618759.433347,0.3349118232727051,1318.0,baseline
1777618759.433368,0.334932804107666,1322.0,baseline
1777618759.433389,0.33495378494262695,1329.0,baseline
1777618759.4334111,0.3349759578704834,1330.0,baseline
1777618759.433432,0.33499693870544434,1326.0,baseline
1777618759.433453,0.3350179195404053,1320.0,baseline
1777618759.433475,0.3350398540496826,1315.0,baseline
1777618759.433496,0.33506083488464355,1313.0,baseline
1777618759.433517,0.3350818157196045,1314.0,baseline
1777618759.433538,0.33510279655456543,1312.0,baseline
1777618759.433559,0.33512377738952637,1312.0,baseline
1777618759.433581,0.3351459503173828,1312.0,baseline
1777618759.4336069,0.3351716995239258,1311.0,baseline
1777618759.4336388,0.3352036476135254,1313.0,baseline
1777618759.433666,0.33523082733154297,1312.0,baseline
1777618759.433689,0.3352539539337158,1313.0,baseline
1777618759.43371,0.33527493476867676,1313.0,baseline
1777618759.433732,0.3352968692779541,1314.0,baseline
1777618759.433753,0.33531785011291504,1315.0,baseline
1777618759.4337752,0.3353400230407715,1312.0,baseline
1777618759.4337962,0.3353610038757324,1311.0,baseline
1777618759.433821,0.335385799407959,1312.0,baseline
1777618759.433843,0.33540773391723633,1313.0,baseline
1777618759.4338639,0.33542871475219727,1315.0,baseline
1777618759.433886,0.3354508876800537,1314.0,baseline
1777618759.433907,0.33547186851501465,1312.0,baseline
1777618759.433928,0.3354928493499756,1312.0,baseline
1777618759.43395,0.33551478385925293,1313.0,baseline
1777618759.433971,0.33553576469421387,1313.0,baseline
1777618759.4339929,0.3355576992034912,1313.0,baseline
1777618759.4340138,0.33557868003845215,1312.0,baseline
1777618759.434035,0.3355998992919922,1312.0,baseline
1777618759.434057,0.33562183380126953,1314.0,baseline
1777618759.434078,0.33564281463623047,1313.0,baseline
1777618759.434099,0.3356637954711914,1315.0,baseline
1777618759.434121,0.33568572998046875,1315.0,baseline
1777618759.4341419,0.3357067108154297,1315.0,baseline
1777618759.4341629,0.3357276916503906,1316.0,baseline
1777618759.4341838,0.33574867248535156,1315.0,baseline
1777618759.434206,0.335770845413208,1313.0,baseline
1777618759.434227,0.33579182624816895,1313.0,baseline
1777618759.434248,0.3358128070831299,1315.0,baseline
1777618759.43427,0.3358347415924072,1316.0,baseline
1777618759.434294,0.3358588218688965,1316.0,baseline
1777618759.434317,0.33588194847106934,1315.0,baseline
1777618759.434338,0.3359029293060303,1315.0,baseline
1777618759.43436,0.3359248638153076,1315.0,baseline
1777618759.434381,0.33594584465026855,1316.0,baseline
1777618759.434402,0.3359668254852295,1316.0,baseline
1777618759.4344242,0.33598899841308594,1315.0,baseline
1777618759.4344451,0.3360099792480469,1316.0,baseline
1777618759.4344661,0.3360309600830078,1314.0,baseline
1777618759.434488,0.33605289459228516,1314.0,baseline
1777618759.434509,0.3360738754272461,1314.0,baseline
1777618759.43453,0.33609485626220703,1316.0,baseline
1777618759.434552,0.3361167907714844,1317.0,baseline
1777618759.4345732,0.3361380100250244,1315.0,baseline
1777618759.4345942,0.33615899085998535,1315.0,baseline
1777618759.434616,0.3361809253692627,1314.0,baseline
1777618759.434637,0.33620190620422363,1314.0,baseline
1777618759.434658,0.33622288703918457,1315.0,baseline
1777618759.43468,0.3362448215484619,1316.0,baseline
1777618759.434701,0.33626580238342285,1317.0,baseline
1777618759.434722,0.3362867832183838,1316.0,baseline
1777618759.4347441,0.33630895614624023,1313.0,baseline
1777618759.434768,0.3363327980041504,1314.0,baseline
1777618759.434792,0.33635687828063965,1314.0,baseline
1777618759.434813,0.3363778591156006,1315.0,baseline
1777618759.434835,0.33639979362487793,1313.0,baseline
1777618759.434856,0.33642077445983887,1313.0,baseline
1777618759.4348779,0.3364427089691162,1315.0,baseline
1777618759.4348989,0.33646368980407715,1315.0,baseline
1777618759.4349198,0.3364846706390381,1316.0,baseline
1777618759.434942,0.33650684356689453,1316.0,baseline
1777618759.434963,0.33652782440185547,1318.0,baseline
1777618759.434985,0.3365497589111328,1314.0,baseline
1777618759.435006,0.33657073974609375,1314.0,baseline
1777618759.435027,0.3365917205810547,1313.0,baseline
1777618759.435049,0.33661389350891113,1312.0,baseline
1777618759.43507,0.33663487434387207,1314.0,baseline
1777618759.435091,0.336655855178833,1315.0,baseline
1777618759.435112,0.33667683601379395,1314.0,baseline
1777618759.435134,0.3366987705230713,1316.0,baseline
1777618759.435155,0.3367197513580322,1314.0,baseline
1777618759.435176,0.33674073219299316,1313.0,baseline
1777618759.435198,0.3367629051208496,1315.0,baseline
1777618759.43523,0.3367948532104492,1318.0,baseline
1777618759.435254,0.3368189334869385,1316.0,baseline
1777618759.4352782,0.33684301376342773,1312.0,baseline
1777618759.4353,0.3368649482727051,1314.0,baseline
1777618759.435321,0.336885929107666,1313.0,baseline
1777618759.435342,0.33690690994262695,1313.0,baseline
1777618759.435364,0.3369288444519043,1316.0,baseline
1777618759.435385,0.33694982528686523,1317.0,baseline
1777618759.435406,0.33697080612182617,1316.0,baseline
1777618759.4354272,0.3369920253753662,1318.0,baseline
1777618759.4354491,0.33701395988464355,1315.0,baseline
1777618759.43547,0.3370349407196045,1316.0,baseline
1777618759.435492,0.33705687522888184,1316.0,baseline
1777618759.435513,0.3370778560638428,1316.0,baseline
1777618759.435534,0.3370988368988037,1319.0,baseline
1777618759.435555,0.33711981773376465,1317.0,baseline
1777618759.4355772,0.3371419906616211,1315.0,baseline
1777618759.4355981,0.33716297149658203,1317.0,baseline
1777618759.435619,0.33718395233154297,1315.0,baseline
1777618759.435641,0.3372058868408203,1317.0,baseline
1777618759.435662,0.33722686767578125,1312.0,baseline
1777618759.435683,0.3372478485107422,1319.0,baseline
1777618759.435704,0.3372688293457031,1316.0,baseline
1777618759.4357278,0.3372926712036133,1315.0,baseline
1777618759.435752,0.33731675148010254,1316.0,baseline
1777618759.4357738,0.3373386859893799,1316.0,baseline
1777618759.4357948,0.3373596668243408,1316.0,baseline
1777618759.435816,0.33738088607788086,1316.0,baseline
1777618759.435837,0.3374018669128418,1314.0,baseline
1777618759.435859,0.33742380142211914,1314.0,baseline
1777618759.43588,0.3374447822570801,1314.0,baseline
1777618759.4359019,0.3374667167663574,1315.0,baseline
1777618759.4359229,0.33748769760131836,1317.0,baseline
1777618759.4359438,0.3375086784362793,1314.0,baseline
1777618759.435966,0.33753085136413574,1315.0,baseline
1777618759.435987,0.3375518321990967,1316.0,baseline
1777618759.436008,0.3375728130340576,1313.0,baseline
1777618759.436029,0.33759379386901855,1314.0,baseline
1777618759.436051,0.3376157283782959,1314.0,baseline
1777618759.4360719,0.33763670921325684,1312.0,baseline
1777618759.4360929,0.3376576900482178,1315.0,baseline
1777618759.436115,0.3376798629760742,1315.0,baseline
1777618759.436136,0.33770084381103516,1314.0,baseline
1777618759.436158,0.3377227783203125,1313.0,baseline
1777618759.436179,0.33774375915527344,1314.0,baseline
1777618759.436206,0.337770938873291,1316.0,baseline
1777618759.436231,0.3377957344055176,1315.0,baseline
1777618759.4362519,0.3378167152404785,1315.0,baseline
1777618759.4362729,0.33783769607543945,1315.0,baseline
1777618759.4362938,0.3378586769104004,1313.0,baseline
1777618759.436316,0.33788084983825684,1316.0,baseline
1777618759.436337,0.3379018306732178,1313.0,baseline
1777618759.436358,0.3379228115081787,1315.0,baseline
1777618759.436379,0.33794379234313965,1318.0,baseline
1777618759.436401,0.337965726852417,1316.0,baseline
1777618759.4364219,0.33798670768737793,1314.0,baseline
1777618759.4364429,0.33800768852233887,1314.0,baseline
1777618759.436464,0.3380289077758789,1313.0,baseline
1777618759.436485,0.33804988861083984,1313.0,baseline
1777618759.436507,0.3380718231201172,1312.0,baseline
1777618759.4365282,0.3380930423736572,1314.0,baseline
1777618759.4365492,0.33811402320861816,1314.0,baseline
1777618759.4365702,0.3381350040435791,1312.0,baseline
1777618759.436592,0.33815693855285645,1313.0,baseline
1777618759.436613,0.3381779193878174,1313.0,baseline
1777618759.436634,0.3381989002227783,1315.0,baseline
1777618759.4366562,0.33822107315063477,1316.0,baseline
1777618759.4366772,0.3382420539855957,1314.0,baseline
1777618759.436704,0.3382687568664551,1316.0,baseline
1777618759.4367292,0.33829402923583984,1316.0,baseline
1777618759.4367502,0.3383150100708008,1317.0,baseline
1777618759.4367712,0.3383359909057617,1314.0,baseline
1777618759.436793,0.33835792541503906,1318.0,baseline
1777618759.436814,0.33837890625,1317.0,baseline
1777618759.436835,0.33839988708496094,1315.0,baseline
1777618759.436856,0.3384208679199219,1315.0,baseline
1777618759.436877,0.3384418487548828,1316.0,baseline
1777618759.4368992,0.33846402168273926,1317.0,baseline
1777618759.4369202,0.3384850025177002,1316.0,baseline
1777618759.4369411,0.33850598335266113,1314.0,baseline
1777618759.436963,0.3385279178619385,1313.0,baseline
1777618759.436984,0.3385488986968994,1314.0,baseline
1777618759.437005,0.33856987953186035,1313.0,baseline
1777618759.437026,0.3385908603668213,1314.0,baseline
1777618759.437048,0.33861279487609863,1314.0,baseline
1777618759.437069,0.33863377571105957,1315.0,baseline
1777618759.4370902,0.3386549949645996,1316.0,baseline
1777618759.437112,0.33867692947387695,1316.0,baseline
1777618759.437133,0.3386979103088379,1314.0,baseline
1777618759.437154,0.33871889114379883,1314.0,baseline
1777618759.4371781,0.3387429714202881,1313.0,baseline
1777618759.437203,0.33876776695251465,1313.0,baseline
1777618759.4372249,0.338789701461792,1315.0,baseline
1777618759.4372458,0.33881068229675293,1315.0,baseline
1777618759.437268,0.3388328552246094,1315.0,baseline
1777618759.437289,0.3388538360595703,1315.0,baseline
1777618759.43731,0.33887481689453125,1314.0,baseline
1777618759.437331,0.3388957977294922,1315.0,baseline
1777618759.437353,0.33891773223876953,1314.0,baseline
1777618759.4373739,0.33893871307373047,1311.0,baseline
1777618759.4373949,0.3389596939086914,1313.0,baseline
1777618759.4374158,0.33898067474365234,1313.0,baseline
1777618759.437438,0.3390028476715088,1314.0,baseline
1777618759.437459,0.3390238285064697,1313.0,baseline
1777618759.43748,0.33904480934143066,1316.0,baseline
1777618759.437502,0.339066743850708,1315.0,baseline
1777618759.437523,0.33908772468566895,1315.0,baseline
1777618759.4375439,0.3391087055206299,1316.0,baseline
1777618759.437566,0.33913087844848633,1313.0,baseline
1777618759.437587,0.33915185928344727,1313.0,baseline
1777618759.437608,0.3391728401184082,1316.0,baseline
1777618759.437629,0.33919382095336914,1314.0,baseline
1777618759.4376562,0.3392210006713867,1314.0,baseline
1777618759.437681,0.3392457962036133,1314.0,baseline
1777618759.437702,0.3392667770385742,1315.0,baseline
1777618759.4377239,0.33928871154785156,1315.0,baseline
1777618759.4377449,0.3393096923828125,1316.0,baseline
1777618759.4377658,0.33933067321777344,1315.0,baseline
1777618759.437788,0.3393528461456299,1318.0,baseline
1777618759.437809,0.3393738269805908,1317.0,baseline
1777618759.43783,0.33939480781555176,1316.0,baseline
1777618759.437851,0.3394157886505127,1315.0,baseline
1777618759.437873,0.33943772315979004,1315.0,baseline
1777618759.4378939,0.339458703994751,1314.0,baseline
1777618759.4379148,0.3394796848297119,1317.0,baseline
1777618759.437936,0.33950090408325195,1314.0,baseline
1777618759.437958,0.3395228385925293,1315.0,baseline
1777618759.437979,0.33954381942749023,1316.0,baseline
1777618759.4380002,0.3395650386810303,1317.0,baseline
1777618759.438022,0.3395867347717285,1316.0,baseline
1777618759.4380429,0.33960771560668945,1315.0,baseline
1777618759.4380648,0.3396296501159668,1316.0,baseline
1777618759.4380858,0.33965063095092773,1316.0,baseline
1777618759.4381068,0.33967161178588867,1316.0,baseline
1777618759.438129,0.3396937847137451,1315.0,baseline
1777618759.4381561,0.3397209644317627,1319.0,baseline
1777618759.4381802,0.33974504470825195,1316.0,baseline
1777618759.4382012,0.3397660255432129,1313.0,baseline
1777618759.4382231,0.33978796005249023,1315.0,baseline
1777618759.438244,0.33980894088745117,1314.0,baseline
1777618759.438265,0.3398299217224121,1314.0,baseline
1777618759.438286,0.33985090255737305,1312.0,baseline
1777618759.438308,0.3398728370666504,1316.0,baseline
1777618759.438329,0.33989381790161133,1314.0,baseline
1777618759.43835,0.33991479873657227,1317.0,baseline
1777618759.4383712,0.3399360179901123,1315.0,baseline
1777618759.438393,0.33995795249938965,1314.0,baseline
1777618759.438414,0.3399789333343506,1314.0,baseline
1777618759.438435,0.3399999141693115,1315.0,baseline
1777618759.438465,0.3400299549102783,1315.0,baseline
1777618759.438487,0.34005188941955566,1315.0,baseline
1777618759.438508,0.3400728702545166,1315.0,baseline
1777618759.438529,0.34009385108947754,1315.0,baseline
1777618759.438551,0.3401157855987549,1315.0,baseline
1777618759.438572,0.3401367664337158,1315.0,baseline
1777618759.438593,0.34015774726867676,1315.0,baseline
1777618759.4386141,0.3401789665222168,1314.0,baseline
1777618759.4386408,0.34020566940307617,1316.0,baseline
1777618759.438665,0.34022974967956543,1314.0,baseline
1777618759.438686,0.34025073051452637,1316.0,baseline
1777618759.438708,0.3402729034423828,1314.0,baseline
1777618759.438729,0.34029388427734375,1312.0,baseline
1777618759.43875,0.3403148651123047,1314.0,baseline
1777618759.438771,0.3403358459472656,1315.0,baseline
1777618759.438792,0.34035682678222656,1315.0,baseline
1777618759.438814,0.3403787612915039,1315.0,baseline
1777618759.438835,0.34039974212646484,1313.0,baseline
1777618759.438856,0.3404207229614258,1313.0,baseline
1777618759.4388769,0.3404417037963867,1312.0,baseline
1777618759.438899,0.34046387672424316,1312.0,baseline
1777618759.43892,0.3404848575592041,1315.0,baseline
1777618759.438941,0.34050583839416504,1313.0,baseline
1777618759.438962,0.340526819229126,1313.0,baseline
1777618759.438984,0.3405487537384033,1311.0,baseline
1777618759.439005,0.34056973457336426,1311.0,baseline
1777618759.4390259,0.3405907154083252,1308.0,baseline
1777618759.4390469,0.34061169624328613,1309.0,baseline
1777618759.439069,0.3406338691711426,1312.0,baseline
1777618759.43909,0.3406548500061035,1314.0,baseline
1777618759.439111,0.34067583084106445,1314.0,baseline
1777618759.439136,0.3407008647918701,1315.0,baseline
1777618759.439158,0.34072279930114746,1315.0,baseline
1777618759.439179,0.3407437801361084,1313.0,baseline
1777618759.4392,0.34076476097106934,1312.0,baseline
1777618759.439222,0.3407869338989258,1314.0,baseline
1777618759.439243,0.3408079147338867,1316.0,baseline
1777618759.439264,0.34082889556884766,1316.0,baseline
1777618759.439285,0.3408498764038086,1316.0,baseline
1777618759.439306,0.34087085723876953,1315.0,baseline
1777618759.439328,0.3408927917480469,1316.0,baseline
1777618759.439349,0.3409137725830078,1316.0,baseline
1777618759.43937,0.34093475341796875,1313.0,baseline
1777618759.439392,0.3409569263458252,1314.0,baseline
1777618759.439413,0.34097790718078613,1317.0,baseline
1777618759.439434,0.34099888801574707,1316.0,baseline
1777618759.439455,0.341019868850708,1314.0,baseline
1777618759.439477,0.34104180335998535,1315.0,baseline
1777618759.439498,0.3410627841949463,1313.0,baseline
1777618759.439519,0.3410837650299072,1315.0,baseline
1777618759.43954,0.34110474586486816,1319.0,baseline
1777618759.439561,0.3411257266998291,1319.0,baseline
1777618759.439583,0.34114789962768555,1313.0,baseline
1777618759.43961,0.341174840927124,1317.0,baseline
1777618759.439635,0.3411998748779297,1316.0,baseline
1777618759.439656,0.3412208557128906,1314.0,baseline
1777618759.439677,0.34124183654785156,1313.0,baseline
1777618759.439698,0.3412628173828125,1314.0,baseline
1777618759.439719,0.34128379821777344,1312.0,baseline
1777618759.439741,0.3413057327270508,1312.0,baseline
1777618759.4397619,0.3413267135620117,1315.0,baseline
1777618759.4397829,0.34134769439697266,1315.0,baseline
1777618759.439805,0.3413698673248291,1316.0,baseline
1777618759.439826,0.34139084815979004,1315.0,baseline
1777618759.439847,0.341411828994751,1313.0,baseline
1777618759.439868,0.3414328098297119,1312.0,baseline
1777618759.43989,0.34145474433898926,1314.0,baseline
1777618759.439911,0.3414757251739502,1315.0,baseline
1777618759.4399319,0.34149670600891113,1315.0,baseline
1777618759.4399538,0.3415186405181885,1315.0,baseline
1777618759.439975,0.3415398597717285,1316.0,baseline
1777618759.439996,0.34156084060668945,1314.0,baseline
1777618759.440017,0.3415818214416504,1315.0,baseline
1777618759.440039,0.34160375595092773,1315.0,baseline
1777618759.44006,0.34162473678588867,1315.0,baseline
1777618759.440087,0.34165191650390625,1316.0,baseline
1777618759.4401112,0.3416759967803955,1315.0,baseline
1777618759.440133,0.34169793128967285,1315.0,baseline
1777618759.440154,0.3417189121246338,1314.0,baseline
1777618759.440175,0.3417398929595947,1314.0,baseline
1777618759.4401972,0.34176206588745117,1312.0,baseline
1777618759.440219,0.3417837619781494,1312.0,baseline
1777618759.4402401,0.34180498123168945,1314.0,baseline
1777618759.4402618,0.3418266773223877,1315.0,baseline
1777618759.4402828,0.34184765815734863,1315.0,baseline
1777618759.440304,0.34186887741088867,1315.0,baseline
1777618759.440326,0.341890811920166,1315.0,baseline
1777618759.440347,0.34191179275512695,1314.0,baseline
1777618759.4403682,0.341933012008667,1315.0,baseline
1777618759.4403899,0.34195470809936523,1314.0,baseline
1777618759.4404109,0.34197568893432617,1319.0,baseline
1777618759.440432,0.3419969081878662,1318.0,baseline
1777618759.440454,0.34201884269714355,1315.0,baseline
1777618759.440475,0.3420398235321045,1314.0,baseline
1777618759.4404962,0.34206104278564453,1314.0,baseline
1777618759.440518,0.3420827388763428,1315.0,baseline
1777618759.440539,0.3421037197113037,1315.0,baseline
1777618759.44056,0.34212493896484375,1316.0,baseline
1777618759.440587,0.3421518802642822,1313.0,baseline
1777618759.4406111,0.3421759605407715,1316.0,baseline
1777618759.440633,0.34219789505004883,1314.0,baseline
1777618759.440654,0.34221887588500977,1313.0,baseline
1777618759.440675,0.3422398567199707,1314.0,baseline
1777618759.440696,0.34226083755493164,1314.0,baseline
1777618759.4407182,0.3422830104827881,1315.0,baseline
1777618759.4407392,0.342303991317749,1314.0,baseline
1777618759.4407601,0.34232497215270996,1315.0,baseline
1777618759.440782,0.3423469066619873,1313.0,baseline
1777618759.440803,0.34236788749694824,1314.0,baseline
1777618759.440824,0.3423888683319092,1315.0,baseline
1777618759.440846,0.3424108028411865,1315.0,baseline
1777618759.4408672,0.34243202209472656,1314.0,baseline
1777618759.4408882,0.3424530029296875,1313.0,baseline
1777618759.44091,0.34247493743896484,1313.0,baseline
1777618759.440931,0.3424959182739258,1315.0,baseline
1777618759.440952,0.3425168991088867,1317.0,baseline
1777618759.440973,0.34253787994384766,1315.0,baseline
1777618759.440994,0.3425588607788086,1313.0,baseline
1777618759.441015,0.34257984161376953,1314.0,baseline
1777618759.441037,0.3426017761230469,1319.0,baseline
1777618759.441064,0.34262871742248535,1316.0,baseline
1777618759.441087,0.3426518440246582,1316.0,baseline
1777618759.441109,0.34267377853393555,1314.0,baseline
1777618759.44113,0.3426947593688965,1313.0,baseline
1777618759.441151,0.3427157402038574,1315.0,baseline
1777618759.441173,0.34273791313171387,1314.0,baseline
1777618759.441194,0.3427588939666748,1315.0,baseline
1777618759.441215,0.34277987480163574,1318.0,baseline
1777618759.441237,0.3428018093109131,1315.0,baseline
1777618759.441258,0.342822790145874,1314.0,baseline
1777618759.441279,0.34284377098083496,1313.0,baseline
1777618759.441301,0.3428659439086914,1315.0,baseline
1777618759.441322,0.34288692474365234,1317.0,baseline
1777618759.441343,0.3429079055786133,1315.0,baseline
1777618759.4413671,0.34293198585510254,1317.0,baseline
1777618759.4413881,0.3429529666900635,1320.0,baseline
1777618759.44141,0.3429749011993408,1317.0,baseline
1777618759.441431,0.34299588203430176,1315.0,baseline
1777618759.441453,0.3430178165435791,1313.0,baseline
1777618759.441474,0.34303879737854004,1314.0,baseline
1777618759.441495,0.343059778213501,1318.0,baseline
1777618759.441516,0.3430807590484619,1321.0,baseline
1777618759.4415429,0.3431077003479004,1316.0,baseline
1777618759.441567,0.34313178062438965,1316.0,baseline
1777618759.44159,0.3431549072265625,1317.0,baseline
1777618759.441611,0.34317588806152344,1313.0,baseline
1777618759.441632,0.3431968688964844,1312.0,baseline
1777618759.441654,0.3432188034057617,1312.0,baseline
1777618759.441675,0.34323978424072266,1311.0,baseline
1777618759.4416971,0.3432619571685791,1309.0,baseline
1777618759.4417322,0.34329700469970703,1310.0,baseline
1777618759.441754,0.3433189392089844,1313.0,baseline
1777618759.441775,0.3433399200439453,1311.0,baseline
1777618759.441796,0.34336090087890625,1311.0,baseline
1777618759.441818,0.3433828353881836,1312.0,baseline
1777618759.4418392,0.34340405464172363,1314.0,baseline
1777618759.4418602,0.34342503547668457,1313.0,baseline
1777618759.4418812,0.3434460163116455,1314.0,baseline
1777618759.441903,0.34346795082092285,1315.0,baseline
1777618759.441924,0.3434889316558838,1315.0,baseline
1777618759.441945,0.3435099124908447,1315.0,baseline
1777618759.441967,0.34353184700012207,1317.0,baseline
1777618759.441988,0.343552827835083,1315.0,baseline
1777618759.442009,0.34357380867004395,1313.0,baseline
1777618759.4420302,0.343595027923584,1314.0,baseline
1777618759.442058,0.34362292289733887,1314.0,baseline
1777618759.44208,0.3436448574066162,1316.0,baseline
1777618759.442101,0.34366583824157715,1316.0,baseline
1777618759.442122,0.3436868190765381,1315.0,baseline
1777618759.442144,0.34370875358581543,1318.0,baseline
1777618759.442165,0.34372973442077637,1317.0,baseline
1777618759.4421859,0.3437507152557373,1313.0,baseline
1777618759.4422069,0.34377169609069824,1314.0,baseline
1777618759.442229,0.3437938690185547,1315.0,baseline
1777618759.44225,0.3438148498535156,1315.0,baseline
1777618759.442271,0.34383583068847656,1314.0,baseline
1777618759.442292,0.3438568115234375,1315.0,baseline
1777618759.442313,0.34387779235839844,1316.0,baseline
1777618759.442335,0.3438997268676758,1317.0,baseline
1777618759.4423559,0.3439207077026367,1313.0,baseline
1777618759.4423769,0.34394168853759766,1313.0,baseline
1777618759.4423978,0.3439626693725586,1317.0,baseline
1777618759.44242,0.34398484230041504,1316.0,baseline
1777618759.442441,0.344005823135376,1312.0,baseline
1777618759.442462,0.3440268039703369,1312.0,baseline
1777618759.442484,0.34404873847961426,1313.0,baseline
1777618759.442505,0.3440697193145752,1314.0,baseline
1777618759.442532,0.3440968990325928,1313.0,baseline
1777618759.442555,0.3441197872161865,1315.0,baseline
1777618759.442576,0.34414076805114746,1315.0,baseline
1777618759.4425972,0.3441619873046875,1316.0,baseline
1777618759.4426188,0.34418368339538574,1313.0,baseline
1777618759.4426398,0.3442046642303467,1314.0,baseline
1777618759.442661,0.3442258834838867,1315.0,baseline
1777618759.442683,0.34424781799316406,1316.0,baseline
1777618759.442704,0.344268798828125,1317.0,baseline
1777618759.4427252,0.34429001808166504,1317.0,baseline
1777618759.4427469,0.3443117141723633,1316.0,baseline
1777618759.442771,0.34433579444885254,1324.0,baseline
1777618759.442792,0.3443567752838135,1327.0,baseline
1777618759.442813,0.3443777561187744,1324.0,baseline
1777618759.442834,0.34439873695373535,1320.0,baseline
1777618759.4428558,0.3444206714630127,1317.0,baseline
1777618759.4428768,0.34444165229797363,1315.0,baseline
1777618759.442898,0.34446287155151367,1315.0,baseline
1777618759.442919,0.3444838523864746,1316.0,baseline
1777618759.44294,0.34450483322143555,1313.0,baseline
1777618759.442962,0.3445267677307129,1314.0,baseline
1777618759.442983,0.34454774856567383,1315.0,baseline
1777618759.44301,0.3445749282836914,1316.0,baseline
1777618759.4430342,0.34459900856018066,1315.0,baseline
1777618759.4430552,0.3446199893951416,1317.0,baseline
1777618759.443077,0.34464192390441895,1316.0,baseline
1777618759.443098,0.3446629047393799,1314.0,baseline
1777618759.4431202,0.34468507766723633,1313.0,baseline
1777618759.4431412,0.34470605850219727,1313.0,baseline
1777618759.4431622,0.3447270393371582,1313.0,baseline
1777618759.4431841,0.34474897384643555,1310.0,baseline
1777618759.443205,0.3447699546813965,1309.0,baseline
1777618759.443229,0.34479379653930664,1314.0,baseline
1777618759.44325,0.3448147773742676,1316.0,baseline
1777618759.4432719,0.3448367118835449,1315.0,baseline
1777618759.4432929,0.34485769271850586,1315.0,baseline
1777618759.4433138,0.3448786735534668,1314.0,baseline
1777618759.443336,0.34490084648132324,1314.0,baseline
1777618759.443357,0.3449218273162842,1314.0,baseline
1777618759.443378,0.3449428081512451,1313.0,baseline
1777618759.4434,0.34496474266052246,1314.0,baseline
1777618759.443421,0.3449857234954834,1314.0,baseline
1777618759.4434419,0.34500670433044434,1313.0,baseline
1777618759.4434628,0.3450276851654053,1312.0,baseline
1777618759.443485,0.3450498580932617,1313.0,baseline
1777618759.4435132,0.3450779914855957,1313.0,baseline
1777618759.443537,0.34510183334350586,1312.0,baseline
1777618759.443558,0.3451228141784668,1311.0,baseline
1777618759.443579,0.34514379501342773,1312.0,baseline
1777618759.4436,0.34516477584838867,1314.0,baseline
1777618759.4436219,0.345186710357666,1309.0,baseline
1777618759.4436429,0.34520769119262695,1313.0,baseline
1777618759.4436638,0.3452286720275879,1315.0,baseline
1777618759.4436858,0.34525060653686523,1314.0,baseline
1777618759.443707,0.3452718257904053,1315.0,baseline
1777618759.443729,0.3452937602996826,1318.0,baseline
1777618759.44375,0.34531474113464355,1317.0,baseline
1777618759.443771,0.3453357219696045,1316.0,baseline
1777618759.4437919,0.34535670280456543,1316.0,baseline
1777618759.4438138,0.3453786373138428,1316.0,baseline
1777618759.4438348,0.3453996181488037,1315.0,baseline
1777618759.4438558,0.34542059898376465,1314.0,baseline
1777618759.443878,0.3454427719116211,1315.0,baseline
1777618759.443899,0.34546375274658203,1315.0,baseline
1777618759.4439209,0.3454856872558594,1315.0,baseline
1777618759.443943,0.3455078601837158,1316.0,baseline
1777618759.443966,0.34553074836730957,1315.0,baseline
1777618759.4439921,0.34555697441101074,1316.0,baseline
1777618759.4440162,0.3455810546875,1316.0,baseline
1777618759.444038,0.34560275077819824,1313.0,baseline
1777618759.444061,0.3456258773803711,1313.0,baseline
1777618759.444084,0.34564876556396484,1312.0,baseline
1777618759.444107,0.3456718921661377,1313.0,baseline
1777618759.444129,0.34569382667541504,1306.0,baseline
1777618759.444152,0.3457169532775879,1298.0,baseline
1777618759.444177,0.34574174880981445,1301.0,baseline
1777618759.4442,0.3457648754119873,1304.0,baseline
1777618759.444223,0.34578776359558105,1308.0,baseline
1777618759.444246,0.3458108901977539,1307.0,baseline
1777618759.444269,0.34583377838134766,1307.0,baseline
1777618759.444292,0.3458569049835205,1315.0,baseline
1777618759.444315,0.34587979316711426,1313.0,baseline
1777618759.4443378,0.345902681350708,1316.0,baseline
1777618759.444361,0.34592580795288086,1327.0,baseline
1777618759.444385,0.3459498882293701,1330.0,baseline
1777618759.444407,0.34597182273864746,1330.0,baseline
1777618759.44443,0.3459949493408203,1330.0,baseline
1777618759.444452,0.34601688385009766,1328.0,baseline
1777618759.444475,0.3460397720336914,1327.0,baseline
1777618759.444523,0.3460879325866699,1329.0,baseline
1777618759.4445472,0.3461120128631592,1322.0,baseline
1777618759.4445708,0.34613561630249023,1317.0,baseline
1777618759.444594,0.3461587429046631,1319.0,baseline
1777618759.444615,0.346179723739624,1318.0,baseline
1777618759.4446359,0.34620070457458496,1316.0,baseline
1777618759.4446578,0.3462226390838623,1317.0,baseline
1777618759.444679,0.34624385833740234,1317.0,baseline
1777618759.4447,0.3462648391723633,1317.0,baseline
1777618759.444721,0.3462858200073242,1317.0,baseline
1777618759.444743,0.34630775451660156,1299.0,baseline
1777618759.444764,0.3463287353515625,1305.0,baseline
1777618759.4447849,0.34634971618652344,1309.0,baseline
1777618759.4448059,0.3463706970214844,1311.0,baseline
1777618759.4448278,0.3463926315307617,1315.0,baseline
1777618759.444849,0.34641385078430176,1318.0,baseline
1777618759.44487,0.3464348316192627,1323.0,baseline
1777618759.444891,0.34645581245422363,1327.0,baseline
1777618759.444913,0.346477746963501,1324.0,baseline
1777618759.444934,0.3464987277984619,1326.0,baseline
1777618759.4449549,0.34651970863342285,1322.0,baseline
1777618759.444976,0.3465409278869629,1324.0,baseline
1777618759.445002,0.34656691551208496,1321.0,baseline
1777618759.445023,0.3465878963470459,1319.0,baseline
1777618759.445054,0.3466188907623291,1317.0,baseline
1777618759.445075,0.34663987159729004,1315.0,baseline
1777618759.445097,0.3466618061065674,1314.0,baseline
1777618759.445118,0.3466827869415283,1312.0,baseline
1777618759.445141,0.34670591354370117,1311.0,baseline
1777618759.445162,0.3467268943786621,1313.0,baseline
1777618759.445184,0.34674882888793945,1315.0,baseline
1777618759.445205,0.3467698097229004,1314.0,baseline
1777618759.445226,0.34679079055786133,1314.0,baseline
1777618759.445248,0.34681272506713867,1312.0,baseline
1777618759.445269,0.3468339443206787,1314.0,baseline
1777618759.44529,0.34685492515563965,1313.0,baseline
1777618759.445312,0.346876859664917,1314.0,baseline
1777618759.445333,0.34689784049987793,1315.0,baseline
1777618759.445354,0.34691882133483887,1314.0,baseline
1777618759.445375,0.3469398021697998,1313.0,baseline
1777618759.445397,0.34696173667907715,1313.0,baseline
1777618759.445418,0.3469827175140381,1315.0,baseline
1777618759.4454389,0.347003698348999,1314.0,baseline
1777618759.44546,0.34702491760253906,1316.0,baseline
1777618759.4454882,0.34705305099487305,1315.0,baseline
1777618759.44551,0.3470747470855713,1313.0,baseline
1777618759.4455318,0.34709668159484863,1315.0,baseline
1777618759.4455528,0.34711766242980957,1317.0,baseline
1777618759.4455738,0.3471386432647705,1316.0,baseline
1777618759.445596,0.34716081619262695,1317.0,baseline
1777618759.445617,0.3471817970275879,1321.0,baseline
1777618759.445638,0.34720277786254883,1324.0,baseline
1777618759.445659,0.34722375869750977,1320.0,baseline
1777618759.4456809,0.3472456932067871,1323.0,baseline
1777618759.4457018,0.34726667404174805,1317.0,baseline
1777618759.4457228,0.347287654876709,1315.0,baseline
1777618759.445745,0.34730982780456543,1317.0,baseline
1777618759.445766,0.34733080863952637,1317.0,baseline
1777618759.445787,0.3473517894744873,1316.0,baseline
1777618759.445809,0.34737372398376465,1314.0,baseline
1777618759.4458299,0.3473947048187256,1315.0,baseline
1777618759.4458508,0.3474156856536865,1313.0,baseline
1777618759.445872,0.34743690490722656,1314.0,baseline
1777618759.445894,0.3474588394165039,1313.0,baseline
1777618759.445915,0.34747982025146484,1312.0,baseline
1777618759.4459362,0.3475010395050049,1312.0,baseline
1777618759.445964,0.34752893447875977,1312.0,baseline
1777618759.4459882,0.347553014755249,1314.0,baseline
1777618759.4460092,0.34757399559020996,1315.0,baseline
1777618759.4460301,0.3475949764251709,1316.0,baseline
1777618759.446052,0.34761691093444824,1315.0,baseline
1777618759.446073,0.3476378917694092,1312.0,baseline
1777618759.446095,0.3476598262786865,1312.0,baseline
1777618759.4461162,0.34768104553222656,1314.0,baseline
1777618759.4461372,0.3477020263671875,1314.0,baseline
1777618759.446164,0.3477287292480469,1314.0,baseline
1777618759.446186,0.3477509021759033,1313.0,baseline
1777618759.446207,0.34777188301086426,1314.0,baseline
1777618759.446229,0.3477938175201416,1312.0,baseline
1777618759.44625,0.34781479835510254,1312.0,baseline
1777618759.446271,0.3478357791900635,1311.0,baseline
1777618759.4462929,0.3478577136993408,1309.0,baseline
1777618759.446314,0.34787893295288086,1309.0,baseline
1777618759.446335,0.3478999137878418,1310.0,baseline
1777618759.446357,0.34792184829711914,1315.0,baseline
1777618759.446378,0.3479428291320801,1313.0,baseline
1777618759.446399,0.347963809967041,1315.0,baseline
1777618759.446421,0.34798574447631836,1315.0,baseline
1777618759.446442,0.3480067253112793,1316.0,baseline
1777618759.446471,0.3480358123779297,1316.0,baseline
1777618759.446493,0.34805774688720703,1318.0,baseline
1777618759.446514,0.34807872772216797,1316.0,baseline
1777618759.4465358,0.3481006622314453,1316.0,baseline
1777618759.446557,0.34812188148498535,1316.0,baseline
1777618759.446579,0.3481438159942627,1317.0,baseline
1777618759.4466,0.34816479682922363,1315.0,baseline
1777618759.446621,0.34818577766418457,1317.0,baseline
1777618759.4466429,0.3482077121734619,1312.0,baseline
1777618759.4466639,0.34822869300842285,1311.0,baseline
1777618759.4466848,0.3482496738433838,1316.0,baseline
1777618759.446707,0.34827184677124023,1315.0,baseline
1777618759.446728,0.34829282760620117,1314.0,baseline
1777618759.44675,0.3483147621154785,1315.0,baseline
1777618759.446771,0.34833574295043945,1316.0,baseline
1777618759.446792,0.3483567237854004,1315.0,baseline
1777618759.4468129,0.34837770462036133,1317.0,baseline
1777618759.446835,0.3483998775482178,1316.0,baseline
1777618759.446856,0.3484208583831787,1321.0,baseline
1777618759.446877,0.34844183921813965,1321.0,baseline
1777618759.446899,0.348463773727417,1319.0,baseline
1777618759.44692,0.34848475456237793,1316.0,baseline
1777618759.446944,0.3485088348388672,1316.0,baseline
1777618759.446966,0.34853076934814453,1317.0,baseline
1777618759.446987,0.34855175018310547,1317.0,baseline
1777618759.447009,0.3485739231109619,1316.0,baseline
1777618759.44703,0.34859490394592285,1313.0,baseline
1777618759.447052,0.3486168384552002,1314.0,baseline
1777618759.447073,0.34863781929016113,1313.0,baseline
1777618759.447094,0.34865880012512207,1313.0,baseline
1777618759.447115,0.348679780960083,1313.0,baseline
1777618759.447136,0.34870076179504395,1315.0,baseline
1777618759.447158,0.3487229347229004,1313.0,baseline
1777618759.447179,0.34874391555786133,1315.0,baseline
1777618759.447201,0.34876585006713867,1315.0,baseline
1777618759.447222,0.3487868309020996,1315.0,baseline
1777618759.447243,0.34880781173706055,1316.0,baseline
1777618759.447265,0.3488297462463379,1316.0,baseline
1777618759.4472861,0.34885096549987793,1315.0,baseline
1777618759.447308,0.3488729000091553,1313.0,baseline
1777618759.447329,0.3488938808441162,1313.0,baseline
1777618759.447351,0.34891581535339355,1314.0,baseline
1777618759.447372,0.3489367961883545,1312.0,baseline
1777618759.447393,0.34895777702331543,1314.0,baseline
1777618759.44742,0.3489847183227539,1313.0,baseline
1777618759.447444,0.34900879859924316,1309.0,baseline
1777618759.447465,0.3490297794342041,1302.0,baseline
1777618759.4474869,0.34905171394348145,1298.0,baseline
1777618759.4475079,0.3490726947784424,1299.0,baseline
1777618759.44753,0.34909486770629883,1306.0,baseline
1777618759.447551,0.34911584854125977,1309.0,baseline
1777618759.447572,0.3491368293762207,1308.0,baseline
1777618759.447593,0.34915781021118164,1308.0,baseline
1777618759.447615,0.349179744720459,1302.0,baseline
1777618759.447636,0.3492007255554199,1301.0,baseline
1777618759.4476569,0.34922170639038086,1301.0,baseline
1777618759.447679,0.3492438793182373,1306.0,baseline
1777618759.4477,0.34926486015319824,1311.0,baseline
1777618759.447721,0.3492858409881592,1311.0,baseline
1777618759.447743,0.3493077754974365,1315.0,baseline
1777618759.447764,0.34932875633239746,1321.0,baseline
1777618759.447785,0.3493497371673584,1321.0,baseline
1777618759.447807,0.34937191009521484,1322.0,baseline
1777618759.447828,0.3493928909301758,1320.0,baseline
1777618759.44785,0.3494148254394531,1317.0,baseline
1777618759.447871,0.34943580627441406,1316.0,baseline
1777618759.4478981,0.34946298599243164,1316.0,baseline
1777618759.447923,0.3494877815246582,1316.0,baseline
1777618759.447944,0.34950876235961914,1315.0,baseline
1777618759.4479659,0.3495306968688965,1316.0,baseline
1777618759.4479868,0.3495516777038574,1317.0,baseline
1777618759.4480078,0.34957265853881836,1316.0,baseline
1777618759.448029,0.3495938777923584,1315.0,baseline
1777618759.448051,0.34961581230163574,1315.0,baseline
1777618759.448072,0.3496367931365967,1315.0,baseline
1777618759.448093,0.3496577739715576,1314.0,baseline
1777618759.4481149,0.34967970848083496,1315.0,baseline
1777618759.4481359,0.3497006893157959,1317.0,baseline
1777618759.4481568,0.34972167015075684,1317.0,baseline
1777618759.4481778,0.3497426509857178,1329.0,baseline
1777618759.4482,0.3497648239135742,1324.0,baseline
1777618759.448221,0.34978580474853516,1317.0,baseline
1777618759.448242,0.3498067855834961,1314.0,baseline
1777618759.448263,0.34982776641845703,1314.0,baseline
1777618759.4482849,0.3498497009277344,1314.0,baseline
1777618759.448319,0.3498837947845459,1316.0,baseline
1777618759.44834,0.34990477561950684,1314.0,baseline
1777618759.4483619,0.3499267101287842,1316.0,baseline
1777618759.448383,0.3499479293823242,1317.0,baseline
1777618759.448411,0.3499758243560791,1321.0,baseline
1777618759.4484348,0.34999966621398926,1317.0,baseline
1777618759.448456,0.3500208854675293,1314.0,baseline
1777618759.448478,0.35004281997680664,1314.0,baseline
1777618759.448499,0.3500638008117676,1317.0,baseline
1777618759.448521,0.3500857353210449,1316.0,baseline
1777618759.4485419,0.35010671615600586,1316.0,baseline
1777618759.4485629,0.3501276969909668,1318.0,baseline
1777618759.448585,0.35014986991882324,1315.0,baseline
1777618759.448606,0.3501708507537842,1315.0,baseline
1777618759.448627,0.3501918315887451,1316.0,baseline
1777618759.448648,0.35021281242370605,1316.0,baseline
1777618759.44867,0.3502347469329834,1316.0,baseline
1777618759.448691,0.35025572776794434,1314.0,baseline
1777618759.4487119,0.3502767086029053,1309.0,baseline
1777618759.448734,0.3502988815307617,1313.0,baseline
1777618759.448755,0.35031986236572266,1314.0,baseline
1777618759.448776,0.3503408432006836,1315.0,baseline
1777618759.448798,0.35036277770996094,1313.0,baseline
1777618759.448819,0.3503837585449219,1315.0,baseline
1777618759.44884,0.3504047393798828,1315.0,baseline
1777618759.4488618,0.35042667388916016,1315.0,baseline
1777618759.448889,0.35045385360717773,1315.0,baseline
1777618759.4489129,0.3504776954650879,1314.0,baseline
1777618759.4489348,0.35049962997436523,1317.0,baseline
1777618759.448957,0.3505218029022217,1315.0,baseline
1777618759.448978,0.3505427837371826,1320.0,baseline
1777618759.448999,0.35056376457214355,1318.0,baseline
1777618759.4490209,0.3505856990814209,1316.0,baseline
1777618759.4490418,0.35060667991638184,1315.0,baseline
1777618759.449064,0.3506288528442383,1316.0,baseline
1777618759.449085,0.3506498336791992,1317.0,baseline
1777618759.449106,0.35067081451416016,1315.0,baseline
1777618759.449127,0.3506917953491211,1312.0,baseline
1777618759.449149,0.35071372985839844,1316.0,baseline
1777618759.4491699,0.3507347106933594,1316.0,baseline
1777618759.449192,0.3507568836212158,1318.0,baseline
1777618759.449213,0.35077786445617676,1316.0,baseline
1777618759.449235,0.3507997989654541,1316.0,baseline
1777618759.449256,0.35082077980041504,1316.0,baseline
1777618759.4492779,0.3508427143096924,1318.0,baseline
1777618759.4492989,0.3508636951446533,1315.0,baseline
1777618759.4493198,0.35088467597961426,1315.0,baseline
1777618759.449342,0.3509068489074707,1315.0,baseline
1777618759.449366,0.35093092918395996,1315.0,baseline
1777618759.4493902,0.3509550094604492,1315.0,baseline
1777618759.449412,0.35097694396972656,1316.0,baseline
1777618759.449433,0.3509979248046875,1319.0,baseline
1777618759.449455,0.35101985931396484,1316.0,baseline
1777618759.449476,0.3510408401489258,1316.0,baseline
1777618759.449497,0.3510618209838867,1317.0,baseline
1777618759.4495192,0.35108399391174316,1315.0,baseline
1777618759.4495401,0.3511049747467041,1313.0,baseline
1777618759.449561,0.35112595558166504,1315.0,baseline
1777618759.449583,0.3511478900909424,1319.0,baseline
1777618759.449604,0.3511688709259033,1316.0,baseline
1777618759.449625,0.35118985176086426,1318.0,baseline
1777618759.4496472,0.3512120246887207,1315.0,baseline
1777618759.4496682,0.35123300552368164,1312.0,baseline
1777618759.4496891,0.3512539863586426,1315.0,baseline
1777618759.449711,0.3512759208679199,1315.0,baseline
1777618759.449732,0.35129690170288086,1315.0,baseline
1777618759.449754,0.3513188362121582,1313.0,baseline
1777618759.4497752,0.35134005546569824,1313.0,baseline
1777618759.4497962,0.3513610363006592,1315.0,baseline
1777618759.4498181,0.3513829708099365,1314.0,baseline
1777618759.449842,0.3514068126678467,1315.0,baseline
1777618759.449866,0.35143089294433594,1316.0,baseline
1777618759.449887,0.3514518737792969,1315.0,baseline
1777618759.449909,0.3514738082885742,1317.0,baseline
1777618759.44993,0.35149478912353516,1317.0,baseline
1777618759.449951,0.3515157699584961,1315.0,baseline
1777618759.449973,0.35153794288635254,1316.0,baseline
1777618759.449994,0.3515589237213135,1316.0,baseline
1777618759.450015,0.3515799045562744,1315.0,baseline
1777618759.450037,0.35160183906555176,1315.0,baseline
1777618759.450058,0.3516228199005127,1315.0,baseline
1777618759.450079,0.35164380073547363,1315.0,baseline
1777618759.450101,0.351665735244751,1316.0,baseline
1777618759.4501219,0.3516867160797119,1317.0,baseline
1777618759.4501429,0.35170769691467285,1315.0,baseline
1777618759.450164,0.3517289161682129,1316.0,baseline
1777618759.450186,0.35175085067749023,1316.0,baseline
1777618759.450207,0.35177183151245117,1314.0,baseline
1777618759.450228,0.3517928123474121,1315.0,baseline
1777618759.45025,0.35181474685668945,1313.0,baseline
1777618759.450273,0.3518378734588623,1313.0,baseline
1777618759.450349,0.3519139289855957,1313.0,baseline
1777618759.45038,0.3519449234008789,1310.0,baseline
1777618759.4504042,0.35196900367736816,1314.0,baseline
1777618759.450428,0.3519928455352783,1317.0,baseline
1777618759.450451,0.35201573371887207,1315.0,baseline
1777618759.450474,0.3520388603210449,1315.0,baseline
1777618759.450498,0.3520629405975342,1312.0,baseline
1777618759.450521,0.35208582878112793,1315.0,baseline
1777618759.4505432,0.3521080017089844,1315.0,baseline
1777618759.4505641,0.3521289825439453,1316.0,baseline
1777618759.450586,0.35215091705322266,1316.0,baseline
1777618759.450607,0.3521718978881836,1315.0,baseline
1777618759.450628,0.35219287872314453,1317.0,baseline
1777618759.4506502,0.352215051651001,1313.0,baseline
1777618759.4506721,0.3522369861602783,1316.0,baseline
1777618759.4506931,0.35225796699523926,1314.0,baseline
1777618759.450714,0.3522789478302002,1314.0,baseline
1777618759.450736,0.35230088233947754,1312.0,baseline
1777618759.450758,0.3523228168487549,1314.0,baseline
1777618759.450779,0.3523437976837158,1316.0,baseline
1777618759.450801,0.35236573219299316,1313.0,baseline
1777618759.4508219,0.3523867130279541,1314.0,baseline
1777618759.4508438,0.35240864753723145,1316.0,baseline
1777618759.450867,0.3524317741394043,1314.0,baseline
1777618759.45089,0.35245490074157715,1317.0,baseline
1777618759.450912,0.3524768352508545,1316.0,baseline
1777618759.450933,0.35249781608581543,1315.0,baseline
1777618759.450955,0.3525197505950928,1316.0,baseline
1777618759.450976,0.3525407314300537,1316.0,baseline
1777618759.4509969,0.35256171226501465,1318.0,baseline
1777618759.451019,0.3525838851928711,1318.0,baseline
1777618759.45104,0.35260486602783203,1317.0,baseline
1777618759.451062,0.3526268005371094,1316.0,baseline
1777618759.451083,0.3526477813720703,1315.0,baseline
1777618759.451104,0.35266876220703125,1315.0,baseline
1777618759.451126,0.3526909351348877,1314.0,baseline
1777618759.451147,0.35271191596984863,1316.0,baseline
1777618759.451169,0.352733850479126,1314.0,baseline
1777618759.451191,0.3527557849884033,1316.0,baseline
1777618759.451212,0.35277676582336426,1319.0,baseline
1777618759.451234,0.3527989387512207,1319.0,baseline
1777618759.451255,0.35281991958618164,1315.0,baseline
1777618759.451277,0.352841854095459,1314.0,baseline
1777618759.451298,0.3528628349304199,1317.0,baseline
1777618759.4513202,0.35288500785827637,1315.0,baseline
1777618759.4513412,0.3529059886932373,1315.0,baseline
1777618759.451366,0.35293078422546387,1314.0,baseline
1777618759.451388,0.3529527187347412,1314.0,baseline
1777618759.4514089,0.35297369956970215,1313.0,baseline
1777618759.4514298,0.3529946804046631,1314.0,baseline
1777618759.451452,0.35301685333251953,1315.0,baseline
1777618759.451473,0.35303783416748047,1314.0,baseline
1777618759.451495,0.3530597686767578,1313.0,baseline
1777618759.451516,0.35308074951171875,1291.0,baseline
1777618759.4515378,0.3531026840209961,1298.0,baseline
1777618759.4515588,0.35312366485595703,1304.0,baseline
1777618759.451581,0.3531458377838135,1312.0,baseline
1777618759.451603,0.3531677722930908,1317.0,baseline
1777618759.451624,0.35318875312805176,1326.0,baseline
1777618759.451662,0.353226900100708,1324.0,baseline
1777618759.451684,0.35324883460998535,1317.0,baseline
1777618759.451705,0.3532698154449463,1312.0,baseline
1777618759.4517272,0.35329198837280273,1311.0,baseline
1777618759.4517481,0.35331296920776367,1310.0,baseline
1777618759.45177,0.353334903717041,1308.0,baseline
1777618759.451791,0.35335588455200195,1312.0,baseline
1777618759.4518132,0.3533780574798584,1316.0,baseline
1777618759.4518342,0.35339903831481934,1319.0,baseline
1777618759.45186,0.3534247875213623,1318.0,baseline
1777618759.451881,0.35344576835632324,1315.0,baseline
1777618759.4519029,0.3534677028656006,1319.0,baseline
1777618759.451924,0.3534889221191406,1321.0,baseline
1777618759.451946,0.35351085662841797,1323.0,baseline
1777618759.451967,0.3535318374633789,1325.0,baseline
1777618759.451989,0.35355377197265625,1322.0,baseline
1777618759.45201,0.3535747528076172,1316.0,baseline
1777618759.452032,0.35359692573547363,1316.0,baseline
1777618759.452053,0.35361790657043457,1315.0,baseline
1777618759.452075,0.3536398410797119,1316.0,baseline
1777618759.452096,0.35366082191467285,1315.0,baseline
1777618759.452118,0.3536827564239502,1317.0,baseline
1777618759.452139,0.35370373725891113,1316.0,baseline
1777618759.452161,0.3537259101867676,1314.0,baseline
1777618759.452182,0.3537468910217285,1315.0,baseline
1777618759.452203,0.35376787185668945,1316.0,baseline
1777618759.452225,0.3537898063659668,1316.0,baseline
1777618759.452246,0.35381078720092773,1315.0,baseline
1777618759.4522681,0.3538329601287842,1316.0,baseline
1777618759.452289,0.3538539409637451,1314.0,baseline
1777618759.45231,0.35387492179870605,1315.0,baseline
1777618759.45234,0.35390472412109375,1314.0,baseline
1777618759.452362,0.3539268970489502,1314.0,baseline
1777618759.452383,0.35394787788391113,1316.0,baseline
1777618759.452404,0.35396885871887207,1316.0,baseline
1777618759.452426,0.3539907932281494,1316.0,baseline
1777618759.452447,0.35401177406311035,1315.0,baseline
1777618759.452468,0.3540327548980713,1315.0,baseline
1777618759.45249,0.35405492782592773,1316.0,baseline
1777618759.452511,0.35407590866088867,1316.0,baseline
1777618759.452532,0.3540968894958496,1316.0,baseline
1777618759.452554,0.35411882400512695,1314.0,baseline
1777618759.452575,0.3541398048400879,1318.0,baseline
1777618759.452596,0.35416078567504883,1318.0,baseline
1777618759.452618,0.35418272018432617,1318.0,baseline
1777618759.4526389,0.3542037010192871,1316.0,baseline
1777618759.452661,0.35422587394714355,1316.0,baseline
1777618759.452682,0.3542468547821045,1315.0,baseline
1777618759.452703,0.35426783561706543,1314.0,baseline
1777618759.452725,0.3542897701263428,1315.0,baseline
1777618759.452746,0.3543107509613037,1316.0,baseline
1777618759.452768,0.35433292388916016,1317.0,baseline
1777618759.452789,0.3543539047241211,1316.0,baseline
1777618759.452817,0.354381799697876,1315.0,baseline
1777618759.452839,0.3544037342071533,1316.0,baseline
1777618759.4528608,0.35442566871643066,1316.0,baseline
1777618759.4528818,0.3544466495513916,1315.0,baseline
1777618759.452904,0.35446882247924805,1316.0,baseline
1777618759.452925,0.354489803314209,1316.0,baseline
1777618759.452946,0.3545107841491699,1315.0,baseline
1777618759.452968,0.35453271865844727,1316.0,baseline
1777618759.4529889,0.3545536994934082,1315.0,baseline
1777618759.453011,0.35457587242126465,1316.0,baseline
1777618759.453032,0.3545968532562256,1316.0,baseline
1777618759.453054,0.35461878776550293,1317.0,baseline
1777618759.453075,0.35463976860046387,1319.0,baseline
1777618759.4530969,0.3546617031097412,1320.0,baseline
1777618759.4531178,0.35468268394470215,1319.0,baseline
1777618759.45314,0.3547048568725586,1315.0,baseline
1777618759.453161,0.35472583770751953,1315.0,baseline
1777618759.453182,0.35474681854248047,1318.0,baseline
1777618759.453204,0.3547687530517578,1316.0,baseline
1777618759.453225,0.35478973388671875,1318.0,baseline
1777618759.4532459,0.3548107147216797,1315.0,baseline
1777618759.453268,0.35483288764953613,1315.0,baseline
1777618759.453295,0.3548598289489746,1316.0,baseline
1777618759.4533188,0.35488367080688477,1316.0,baseline
1777618759.4533398,0.3549046516418457,1319.0,baseline
1777618759.453362,0.35492682456970215,1317.0,baseline
1777618759.453383,0.3549478054046631,1316.0,baseline
1777618759.453405,0.35496973991394043,1316.0,baseline
1777618759.453426,0.35499072074890137,1315.0,baseline
1777618759.4534469,0.3550117015838623,1315.0,baseline
1777618759.453469,0.35503387451171875,1317.0,baseline
1777618759.45349,0.3550548553466797,1316.0,baseline
1777618759.453512,0.35507678985595703,1315.0,baseline
1777618759.453533,0.35509777069091797,1315.0,baseline
1777618759.4535549,0.3551197052001953,1315.0,baseline
1777618759.4535758,0.35514068603515625,1314.0,baseline
1777618759.453598,0.3551628589630127,1314.0,baseline
1777618759.453619,0.35518383979797363,1314.0,baseline
1777618759.45364,0.35520482063293457,1314.0,baseline
1777618759.453662,0.3552267551422119,1316.0,baseline
1777618759.453683,0.35524773597717285,1317.0,baseline
1777618759.453705,0.3552699089050293,1318.0,baseline
1777618759.453726,0.35529088973999023,1317.0,baseline
1777618759.453747,0.35531187057495117,1317.0,baseline
1777618759.4537752,0.35534000396728516,1315.0,baseline
1777618759.453797,0.3553619384765625,1317.0,baseline
1777618759.4538188,0.35538363456726074,1316.0,baseline
1777618759.4538398,0.3554046154022217,1317.0,baseline
1777618759.453862,0.3554267883300781,1316.0,baseline
1777618759.453883,0.35544776916503906,1317.0,baseline
1777618759.453904,0.35546875,1316.0,baseline
1777618759.4539258,0.35549068450927734,1316.0,baseline
1777618759.4539468,0.3555116653442383,1316.0,baseline
1777618759.453969,0.3555338382720947,1315.0,baseline
1777618759.45399,0.35555481910705566,1313.0,baseline
1777618759.454011,0.3555757999420166,1316.0,baseline
1777618759.454033,0.35559773445129395,1318.0,baseline
1777618759.4540539,0.3556187152862549,1316.0,baseline
1777618759.4540758,0.3556406497955322,1319.0,baseline
1777618759.4540968,0.35566163063049316,1317.0,baseline
1777618759.4541178,0.3556826114654541,1318.0,baseline
1777618759.45414,0.35570478439331055,1316.0,baseline
1777618759.454161,0.3557257652282715,1315.0,baseline
1777618759.454182,0.3557467460632324,1316.0,baseline
1777618759.4542038,0.35576868057250977,1317.0,baseline
1777618759.4542248,0.3557896614074707,1316.0,baseline
1777618759.4542458,0.35581064224243164,1316.0,baseline
1777618759.4542751,0.35583996772766113,1315.0,baseline
1777618759.454297,0.3558619022369385,1317.0,baseline
1777618759.454319,0.3558838367462158,1315.0,baseline
1777618759.45434,0.35590481758117676,1315.0,baseline
1777618759.4543622,0.3559269905090332,1315.0,baseline
1777618759.4543831,0.35594797134399414,1315.0,baseline
1777618759.454404,0.3559689521789551,1315.0,baseline
1777618759.454426,0.3559908866882324,1315.0,baseline
1777618759.454447,0.35601186752319336,1315.0,baseline
1777618759.4544692,0.3560340404510498,1316.0,baseline
1777618759.4544902,0.35605502128601074,1315.0,baseline
1777618759.4545121,0.3560769557952881,1317.0,baseline
1777618759.4545379,0.35610270500183105,1315.0,baseline
1777618759.45456,0.3561248779296875,1315.0,baseline
1777618759.454581,0.35614585876464844,1315.0,baseline
1777618759.454603,0.3561677932739258,1317.0,baseline
1777618759.454624,0.3561887741088867,1315.0,baseline
1777618759.454645,0.35620975494384766,1313.0,baseline
1777618759.454667,0.3562319278717041,1315.0,baseline
1777618759.454688,0.35625290870666504,1316.0,baseline
1777618759.454709,0.356273889541626,1315.0,baseline
1777618759.454731,0.3562958240509033,1313.0,baseline
1777618759.454758,0.3563227653503418,1312.0,baseline
1777618759.4547808,0.35634565353393555,1319.0,baseline
1777618759.454802,0.3563668727874756,1324.0,baseline
1777618759.454823,0.3563878536224365,1322.0,baseline
1777618759.454845,0.35640978813171387,1315.0,baseline
1777618759.454866,0.3564307689666748,1312.0,baseline
1777618759.4548879,0.35645270347595215,1306.0,baseline
1777618759.45491,0.3564748764038086,1301.0,baseline
1777618759.454944,0.356508731842041,1308.0,baseline
1777618759.454966,0.35653090476989746,1318.0,baseline
1777618759.454987,0.3565518856048584,1325.0,baseline
1777618759.455008,0.35657286643981934,1322.0,baseline
1777618759.45503,0.3565948009490967,1318.0,baseline
1777618759.455051,0.3566157817840576,1316.0,baseline
1777618759.455073,0.35663795471191406,1314.0,baseline
1777618759.455094,0.356658935546875,1316.0,baseline
1777618759.455116,0.35668087005615234,1318.0,baseline
1777618759.455137,0.3567018508911133,1317.0,baseline
1777618759.455159,0.3567237854003906,1320.0,baseline
1777618759.45518,0.35674476623535156,1322.0,baseline
1777618759.455201,0.3567657470703125,1320.0,baseline
1777618759.455223,0.35678791999816895,1321.0,baseline
1777618759.45525,0.3568148612976074,1324.0,baseline
1777618759.455273,0.35683774948120117,1323.0,baseline
1777618759.455294,0.3568587303161621,1319.0,baseline
1777618759.4553149,0.35687971115112305,1316.0,baseline
1777618759.455337,0.3569018840789795,1316.0,baseline
1777618759.455358,0.35692286491394043,1320.0,baseline
1777618759.45538,0.3569447994232178,1317.0,baseline
1777618759.455401,0.3569657802581787,1325.0,baseline
1777618759.455422,0.35698676109313965,1321.0,baseline
1777618759.4554439,0.357008695602417,1317.0,baseline
1777618759.455465,0.35702991485595703,1317.0,baseline
1777618759.455486,0.35705089569091797,1315.0,baseline
1777618759.455508,0.3570728302001953,1315.0,baseline
1777618759.455529,0.35709381103515625,1320.0,baseline
1777618759.455551,0.3571157455444336,1313.0,baseline
1777618759.455572,0.35713672637939453,1313.0,baseline
1777618759.4555929,0.35715770721435547,1314.0,baseline
1777618759.455615,0.3571798801422119,1314.0,baseline
1777618759.455636,0.35720086097717285,1315.0,baseline
1777618759.455658,0.3572227954864502,1318.0,baseline
1777618759.455679,0.35724377632141113,1316.0,baseline
1777618759.4557,0.35726475715637207,1317.0,baseline
1777618759.455721,0.357285737991333,1317.0,baseline
1777618759.455749,0.357313871383667,1316.0,baseline
1777618759.4557729,0.35733771324157715,1316.0,baseline
1777618759.4557939,0.3573586940765381,1315.0,baseline
1777618759.455816,0.35738086700439453,1315.0,baseline
1777618759.455837,0.35740184783935547,1315.0,baseline
1777618759.455858,0.3574228286743164,1316.0,baseline
1777618759.45588,0.35744476318359375,1317.0,baseline
1777618759.455901,0.3574657440185547,1314.0,baseline
1777618759.455922,0.3574867248535156,1315.0,baseline
1777618759.4559438,0.35750865936279297,1316.0,baseline
1777618759.455965,0.357529878616333,1315.0,baseline
1777618759.455986,0.35755085945129395,1316.0,baseline
1777618759.456008,0.3575727939605713,1317.0,baseline
1777618759.456029,0.3575937747955322,1318.0,baseline
1777618759.4560509,0.35761570930480957,1320.0,baseline
1777618759.4560719,0.3576366901397705,1317.0,baseline
1777618759.456094,0.35765886306762695,1316.0,baseline
1777618759.456115,0.3576798439025879,1315.0,baseline
1777618759.456137,0.35770177841186523,1316.0,baseline
1777618759.456158,0.35772275924682617,1316.0,baseline
1777618759.4561799,0.3577446937561035,1319.0,baseline
1777618759.456201,0.35776591300964355,1317.0,baseline
1777618759.456228,0.35779285430908203,1314.0,baseline
1777618759.4562528,0.3578176498413086,1314.0,baseline
1777618759.456274,0.35783886909484863,1315.0,baseline
1777618759.456295,0.35785984992980957,1316.0,baseline
1777618759.456317,0.3578817844390869,1316.0,baseline
1777618759.456338,0.35790276527404785,1315.0,baseline
1777618759.4563599,0.3579246997833252,1316.0,baseline
1777618759.456384,0.35794878005981445,1315.0,baseline
1777618759.456405,0.3579697608947754,1313.0,baseline
1777618759.456426,0.35799074172973633,1315.0,baseline
1777618759.456448,0.3580129146575928,1314.0,baseline
1777618759.456469,0.3580338954925537,1313.0,baseline
1777618759.45649,0.35805487632751465,1317.0,baseline
1777618759.456512,0.358076810836792,1320.0,baseline
1777618759.456533,0.35809779167175293,1318.0,baseline
1777618759.456555,0.3581197261810303,1310.0,baseline
1777618759.456576,0.3581409454345703,1316.0,baseline
1777618759.456598,0.35816287994384766,1316.0,baseline
1777618759.456619,0.3581838607788086,1316.0,baseline
1777618759.456641,0.35820579528808594,1314.0,baseline
1777618759.456662,0.3582267761230469,1319.0,baseline
1777618759.456683,0.3582477569580078,1317.0,baseline
1777618759.456705,0.35826992988586426,1315.0,baseline
1777618759.4567318,0.35829663276672363,1317.0,baseline
1777618759.456755,0.3583197593688965,1316.0,baseline
1777618759.456776,0.3583407402038574,1316.0,baseline
1777618759.4567978,0.35836267471313477,1315.0,baseline
1777618759.456819,0.3583838939666748,1314.0,baseline
1777618759.45684,0.35840487480163574,1316.0,baseline
1777618759.456862,0.3584268093109131,1316.0,baseline
1777618759.456883,0.358447790145874,1316.0,baseline
1777618759.456905,0.35846972465515137,1316.0,baseline
1777618759.4569259,0.3584907054901123,1316.0,baseline
1777618759.456948,0.35851287841796875,1315.0,baseline
1777618759.456969,0.3585338592529297,1314.0,baseline
1777618759.456991,0.35855579376220703,1315.0,baseline
1777618759.457012,0.35857677459716797,1319.0,baseline
1777618759.4570339,0.3585987091064453,1316.0,baseline
1777618759.457055,0.35861992835998535,1316.0,baseline
1777618759.457077,0.3586418628692627,1315.0,baseline
1777618759.457098,0.35866284370422363,1315.0,baseline
1777618759.457119,0.35868382453918457,1315.0,baseline
1777618759.457141,0.3587057590484619,1315.0,baseline
1777618759.457162,0.35872673988342285,1317.0,baseline
1777618759.457183,0.3587477207183838,1315.0,baseline
1777618759.457205,0.35876989364624023,1317.0,baseline
1777618759.457226,0.35879087448120117,1316.0,baseline
1777618759.457248,0.3588128089904785,1316.0,baseline
1777618759.457269,0.35883378982543945,1316.0,baseline
1777618759.4572911,0.3588559627532959,1316.0,baseline
1777618759.457315,0.35887980461120605,1319.0,baseline
1777618759.457336,0.358900785446167,1317.0,baseline
1777618759.4573581,0.35892295837402344,1315.0,baseline
1777618759.457379,0.3589439392089844,1315.0,baseline
1777618759.4574,0.3589649200439453,1316.0,baseline
1777618759.457421,0.35898590087890625,1316.0,baseline
1777618759.457443,0.3590078353881836,1314.0,baseline
1777618759.457464,0.35902881622314453,1315.0,baseline
1777618759.457485,0.35904979705810547,1320.0,baseline
1777618759.4575071,0.3590719699859619,1318.0,baseline
1777618759.457528,0.35909295082092285,1319.0,baseline
1777618759.45755,0.3591148853302002,1321.0,baseline
1777618759.457571,0.35913586616516113,1318.0,baseline
1777618759.457592,0.35915684700012207,1315.0,baseline
1777618759.457613,0.359177827835083,1315.0,baseline
1777618759.4576352,0.35920000076293945,1316.0,baseline
1777618759.4576561,0.3592209815979004,1315.0,baseline
1777618759.4576771,0.35924196243286133,1315.0,baseline
1777618759.457699,0.35926389694213867,1317.0,baseline
1777618759.457721,0.359285831451416,1315.0,baseline
1777618759.457742,0.35930681228637695,1316.0,baseline
1777618759.4577658,0.3593306541442871,1315.0,baseline
1777618759.4577868,0.35935163497924805,1315.0,baseline
1777618759.457809,0.3593738079071045,1319.0,baseline
1777618759.45783,0.35939478874206543,1317.0,baseline
1777618759.457852,0.3594167232513428,1316.0,baseline
1777618759.4578729,0.3594377040863037,1316.0,baseline
1777618759.4578938,0.35945868492126465,1319.0,baseline
1777618759.457916,0.3594808578491211,1317.0,baseline
1777618759.457937,0.35950183868408203,1319.0,baseline
1777618759.457959,0.3595237731933594,1321.0,baseline
1777618759.45798,0.3595447540283203,1321.0,baseline
1777618759.458001,0.35956573486328125,1317.0,baseline
1777618759.4580228,0.3595876693725586,1316.0,baseline
1777618759.4580438,0.35960865020751953,1317.0,baseline
1777618759.4580648,0.35962963104248047,1318.0,baseline
1777618759.458087,0.3596518039703369,1315.0,baseline
1777618759.458108,0.35967278480529785,1317.0,baseline
1777618759.45813,0.3596947193145752,1315.0,baseline
1777618759.4581509,0.35971570014953613,1316.0,baseline
1777618759.458173,0.3597378730773926,1315.0,baseline
1777618759.4582038,0.3597686290740967,1317.0,baseline
1777618759.458226,0.3597908020019531,1315.0,baseline
1777618759.458251,0.3598158359527588,1316.0,baseline
1777618759.458272,0.3598368167877197,1315.0,baseline
1777618759.458293,0.35985779762268066,1316.0,baseline
1777618759.458315,0.359879732131958,1316.0,baseline
1777618759.458336,0.35990095138549805,1316.0,baseline
1777618759.458358,0.3599228858947754,1315.0,baseline
1777618759.458379,0.35994386672973633,1317.0,baseline
1777618759.458401,0.35996580123901367,1317.0,baseline
1777618759.458422,0.3599867820739746,1316.0,baseline
1777618759.458443,0.36000776290893555,1316.0,baseline
1777618759.458465,0.360029935836792,1312.0,baseline
1777618759.458486,0.36005091667175293,1299.0,baseline
1777618759.458508,0.3600728511810303,1293.0,baseline
1777618759.458529,0.3600938320159912,1301.0,baseline
1777618759.45855,0.36011481285095215,1308.0,baseline
1777618759.4585721,0.3601369857788086,1298.0,baseline
1777618759.4585931,0.36015796661376953,1311.0,baseline
1777618759.458614,0.36017894744873047,1317.0,baseline
1777618759.458636,0.3602008819580078,1320.0,baseline
1777618759.458657,0.36022186279296875,1324.0,baseline
1777618759.458679,0.3602437973022461,1324.0,baseline
1777618759.458703,0.36026787757873535,1323.0,baseline
1777618759.458724,0.3602888584136963,1321.0,baseline
1777618759.4587462,0.36031103134155273,1323.0,baseline
1777618759.4587672,0.36033201217651367,1320.0,baseline
1777618759.458789,0.360353946685791,1324.0,baseline
1777618759.45881,0.36037492752075195,1320.0,baseline
1777618759.458831,0.3603959083557129,1315.0,baseline
1777618759.458853,0.36041784286499023,1298.0,baseline
1777618759.4588742,0.3604390621185303,1298.0,baseline
1777618759.458896,0.3604607582092285,1327.0,baseline
1777618759.4589171,0.36048197746276855,1329.0,baseline
1777618759.4589388,0.3605036735534668,1325.0,baseline
1777618759.4589598,0.36052465438842773,1335.0,baseline
1777618759.458982,0.3605468273162842,1327.0,baseline
1777618759.459003,0.3605678081512451,1321.0,baseline
1777618759.459024,0.36058878898620605,1320.0,baseline
1777618759.459046,0.3606107234954834,1319.0,baseline
1777618759.4590669,0.36063170433044434,1316.0,baseline
1777618759.4590878,0.3606526851654053,1315.0,baseline
1777618759.4591098,0.3606746196746826,1314.0,baseline
1777618759.4591308,0.36069560050964355,1315.0,baseline
1777618759.459152,0.3607168197631836,1315.0,baseline
1777618759.459174,0.36073875427246094,1314.0,baseline
1777618759.459195,0.3607597351074219,1314.0,baseline
1777618759.4592159,0.3607807159423828,1317.0,baseline
1777618759.4592378,0.36080265045166016,1315.0,baseline
1777618759.4592588,0.3608236312866211,1315.0,baseline
1777618759.459281,0.36084580421447754,1315.0,baseline
1777618759.459302,0.3608667850494385,1318.0,baseline
1777618759.459323,0.3608877658843994,1321.0,baseline
1777618759.4593449,0.36090970039367676,1316.0,baseline
1777618759.4593658,0.3609306812286377,1317.0,baseline
1777618759.4593868,0.36095166206359863,1317.0,baseline
1777618759.459409,0.3609738349914551,1317.0,baseline
1777618759.45943,0.360994815826416,1319.0,baseline
1777618759.459451,0.36101579666137695,1318.0,baseline
1777618759.459473,0.3610377311706543,1321.0,baseline
1777618759.4594939,0.36105871200561523,1319.0,baseline
1777618759.4595158,0.3610806465148926,1318.0,baseline
1777618759.4595368,0.3611016273498535,1319.0,baseline
1777618759.459559,0.36112380027770996,1318.0,baseline
1777618759.45958,0.3611447811126709,1320.0,baseline
1777618759.4596019,0.36116671562194824,1316.0,baseline
1777618759.4596229,0.3611876964569092,1317.0,baseline
1777618759.4596438,0.3612086772918701,1316.0,baseline
1777618759.459666,0.36123085021972656,1317.0,baseline
1777618759.459687,0.3612518310546875,1319.0,baseline
1777618759.459708,0.36127281188964844,1316.0,baseline
1777618759.45973,0.3612947463989258,1315.0,baseline
1777618759.459751,0.3613157272338867,1316.0,baseline
1777618759.4597728,0.36133766174316406,1317.0,baseline
1777618759.4597938,0.361358642578125,1319.0,baseline
1777618759.459815,0.36137986183166504,1319.0,baseline
1777618759.459837,0.3614017963409424,1318.0,baseline
1777618759.459858,0.3614227771759033,1318.0,baseline
1777618759.459879,0.36144375801086426,1316.0,baseline
1777618759.4599009,0.3614656925201416,1316.0,baseline
1777618759.4599218,0.36148667335510254,1319.0,baseline
1777618759.459944,0.361508846282959,1316.0,baseline
1777618759.459965,0.3615298271179199,1316.0,baseline
1777618759.459986,0.36155080795288086,1315.0,baseline
1777618759.460008,0.3615727424621582,1316.0,baseline
1777618759.460029,0.36159372329711914,1315.0,baseline
1777618759.4600499,0.3616147041320801,1317.0,baseline
1777618759.460072,0.3616368770599365,1315.0,baseline
1777618759.460093,0.36165785789489746,1315.0,baseline
1777618759.460114,0.3616788387298584,1316.0,baseline
1777618759.460136,0.36170077323913574,1316.0,baseline
1777618759.460157,0.3617217540740967,1317.0,baseline
1777618759.4601789,0.361743688583374,1318.0,baseline
1777618759.4601998,0.36176466941833496,1317.0,baseline
1777618759.460222,0.3617868423461914,1318.0,baseline
1777618759.501738,0.4033029079437256,1320.0,baseline
1777618759.551774,0.4533388614654541,1319.0,baseline
1777618759.601807,0.5033719539642334,1316.0,baseline
1777618759.651956,0.553520917892456,1316.0,baseline
1777618759.701812,0.6033768653869629,1315.0,baseline
1777618759.751897,0.6534619331359863,1316.0,baseline
1777618759.801941,0.7035057544708252,1316.0,baseline
1777618759.851964,0.7535288333892822,1316.0,baseline
1777618759.902248,0.8038127422332764,1317.0,baseline
1777618759.9522822,0.8538470268249512,1317.0,baseline
1777618760.0022988,0.9038636684417725,1318.0,baseline
1777618760.0523121,0.9538769721984863,1318.0,baseline
1777618760.1024609,1.0040256977081299,1321.0,baseline
1777618760.152029,1.0535938739776611,1318.0,baseline
1777618760.202003,1.1035678386688232,1317.0,baseline
1777618760.252074,1.1536388397216797,1313.0,baseline
1777618760.302125,1.2036898136138916,1312.0,baseline
1777618760.3521988,1.2537636756896973,1316.0,baseline
1777618760.40222,1.3037848472595215,1311.0,baseline
1777618760.452397,1.3539619445800781,1312.0,baseline
1777618760.5023649,1.4039297103881836,1317.0,baseline
1777618760.5524108,1.4539756774902344,1319.0,baseline
1777618760.602411,1.5039758682250977,1316.0,baseline
1777618760.6524212,1.5539860725402832,1314.0,baseline
1777618760.7023501,1.6039149761199951,1316.0,baseline
1777618760.752453,1.6540179252624512,1319.0,baseline
1777618760.802447,1.7040119171142578,1316.0,baseline
1777618760.852531,1.7540957927703857,1316.0,baseline
1777618760.9212558,1.8228206634521484,1317.0,baseline
1777618760.967308,1.868872880935669,1317.0,baseline
1777618761.013786,1.9153509140014648,1318.0,baseline
1777618761.052447,1.9540119171142578,1317.0,baseline
1777618761.10254,2.0041048526763916,1316.0,baseline
1777618761.152639,2.054203748703003,1316.0,baseline
1777618761.202587,2.104151725769043,1316.0,baseline
1777618761.252652,2.154216766357422,1319.0,baseline
1777618761.3028438,2.204408645629883,1317.0,baseline
1777618761.352858,2.254422903060913,1319.0,baseline
1777618761.402782,2.304346799850464,1320.0,baseline
1777618761.4528608,2.3544256687164307,1319.0,baseline
1777618761.502738,2.4043028354644775,1320.0,baseline
1777618761.55269,2.4542548656463623,1317.0,baseline
1777618761.602654,2.504218816757202,1316.0,baseline
1777618761.652714,2.55427885055542,1317.0,baseline
1777618761.702733,2.6042978763580322,1316.0,baseline
1777618761.752921,2.6544859409332275,1316.0,baseline
1777618761.8029492,2.7045140266418457,1318.0,baseline
1777618761.8529768,2.7545416355133057,1320.0,baseline
1777618761.902943,2.8045077323913574,1317.0,baseline
1777618761.953042,2.854606866836548,1317.0,baseline
1777618762.003108,2.904672861099243,1316.0,baseline
1777618762.053046,2.954610824584961,1318.0,baseline
1777618762.1030898,3.0046546459198,1321.0,baseline
1777618762.582088,0.4676170349121094,1320.0,stimulus
1777618762.584384,0.4699130058288574,1321.0,stimulus
1777618762.584508,0.47003698348999023,1321.0,stimulus
1777618762.5845351,0.4700641632080078,1320.0,stimulus
1777618762.5845609,0.4700899124145508,1320.0,stimulus
1777618762.584585,0.47011399269104004,1319.0,stimulus
1777618762.584608,0.4701371192932129,1318.0,stimulus
1777618762.5846322,0.47016119956970215,1317.0,stimulus
1777618762.584655,0.4701840877532959,1317.0,stimulus
1777618762.603183,0.4887120723724365,1319.0,stimulus
1777618762.653329,0.5388579368591309,1317.0,stimulus
1777618762.703382,0.5889110565185547,1318.0,stimulus
1777618762.7531269,0.6386559009552002,1316.0,stimulus
1777618762.80319,0.6887190341949463,1315.0,stimulus
1777618762.853181,0.7387099266052246,1315.0,stimulus
1777618762.90322,0.7887489795684814,1316.0,stimulus
1777618762.953256,0.83878493309021,1319.0,stimulus
1777618763.003295,0.8888239860534668,1318.0,stimulus
1777618763.0616388,0.9471678733825684,1320.0,stimulus
1777618763.1034749,0.9890038967132568,1320.0,stimulus
1777618763.153288,1.0388169288635254,1321.0,stimulus
1777618763.203327,1.0888559818267822,1322.0,stimulus
1777618763.253375,1.138904094696045,1319.0,stimulus
1777618763.303404,1.1889331340789795,1317.0,stimulus
1777618763.353411,1.2389400005340576,1316.0,stimulus
1777618763.4036942,1.2892231941223145,1316.0,stimulus
1777618763.453683,1.3392119407653809,1316.0,stimulus
1777618763.503838,1.3893671035766602,1315.0,stimulus
1777618763.5537531,1.4392821788787842,1316.0,stimulus
1777618763.603738,1.489267110824585,1316.0,stimulus
1777618763.653882,1.5394110679626465,1316.0,stimulus
1777618763.7038112,1.5893402099609375,1317.0,stimulus
1777618763.753859,1.639388084411621,1317.0,stimulus
1777618763.8039,1.6894290447235107,1316.0,stimulus
1777618763.853864,1.7393929958343506,1316.0,stimulus
1777618763.903917,1.7894461154937744,1320.0,stimulus
1777618763.953886,1.8394150733947754,1319.0,stimulus
1777618764.003989,1.8895180225372314,1316.0,stimulus
1777618764.053961,1.9394900798797607,1315.0,stimulus
1777618764.1040251,1.9895541667938232,1316.0,stimulus
1777618764.154123,2.039652109146118,1317.0,stimulus
1777618764.2041469,2.0896759033203125,1316.0,stimulus
1777618764.254105,2.139634132385254,1316.0,stimulus
1777618764.3041012,2.1896302700042725,1317.0,stimulus
1777618764.3541062,2.2396352291107178,1318.0,stimulus
1777618764.40419,2.2897191047668457,1317.0,stimulus
1777618764.454154,2.3396830558776855,1317.0,stimulus
1777618764.5041568,2.389685869216919,1318.0,stimulus
1777618764.554195,2.4397239685058594,1317.0,stimulus
1777618764.604219,2.489748001098633,1318.0,stimulus
1777618764.654198,2.539726972579956,1317.0,stimulus
1777618764.704306,2.5898349285125732,1318.0,stimulus
1777618764.7542431,2.6397721767425537,1317.0,stimulus
1777618764.8043158,2.689844846725464,1316.0,stimulus
1777618764.85433,2.739859104156494,1316.0,stimulus
1777618764.904341,2.789870023727417,1319.0,stimulus
1777618764.954408,2.8399369716644287,1317.0,stimulus
1777618765.004383,2.8899121284484863,1317.0,stimulus
1777618765.054435,2.9399640560150146,1314.0,stimulus
1777618765.104522,2.990051031112671,1316.0,stimulus
1777618765.154505,3.040034055709839,1321.0,stimulus
1777618765.204524,3.090053081512451,1322.0,stimulus
1777618765.2545779,3.1401069164276123,1322.0,stimulus
1777618765.304532,3.190061092376709,1319.0,stimulus
1777618765.354645,3.2401740550994873,1317.0,stimulus
1777618765.4045188,3.2900478839874268,1318.0,stimulus
1777618765.454664,3.340193033218384,1319.0,stimulus
1777618765.504661,3.3901901245117188,1317.0,stimulus
1777618765.554723,3.4402520656585693,1315.0,stimulus
1777618765.604718,3.4902470111846924,1316.0,stimulus
1777618765.654742,3.540271043777466,1315.0,stimulus
1777618765.704701,3.5902299880981445,1316.0,stimulus
1777618765.754853,3.6403820514678955,1317.0,stimulus
1777618765.804746,3.690274953842163,1317.0,stimulus
1777618765.8547919,3.740320920944214,1319.0,stimulus
1777618765.9048462,3.790375232696533,1317.0,stimulus
1777618765.954896,3.8404250144958496,1317.0,stimulus
1777618766.004917,3.8904459476470947,1315.0,stimulus
1777618766.054966,3.940495014190674,1317.0,stimulus
1777618766.1050198,3.990548849105835,1317.0,stimulus
1777618766.154978,4.040507078170776,1316.0,stimulus
1777618766.20513,4.090659141540527,1317.0,stimulus
1777618766.255101,4.140630006790161,1315.0,stimulus
1777618766.305124,4.190653085708618,1315.0,stimulus
1777618766.355099,4.240628004074097,1316.0,stimulus
1777618766.40514,4.290668964385986,1319.0,stimulus
1777618766.4550989,4.340627908706665,1319.0,stimulus
1777618766.5051231,4.390652179718018,1319.0,stimulus
1777618766.555069,4.440598011016846,1319.0,stimulus
1777618766.6051881,4.490717172622681,1316.0,stimulus
1777618766.655164,4.540693044662476,1321.0,stimulus
1777618766.705336,4.590865135192871,1315.0,stimulus
1777618766.755189,4.64071798324585,1316.0,stimulus
1777618766.805241,4.690770149230957,1317.0,stimulus
1777618766.855328,4.740857124328613,1316.0,stimulus
1777618766.9053419,4.790870904922485,1316.0,stimulus
1777618766.955304,4.840832948684692,1319.0,stimulus
1777618767.005255,4.890784025192261,1319.0,stimulus
1777618767.0553422,4.940871238708496,1317.0,stimulus
1777618767.105391,4.990920066833496,1317.0,stimulus
1777618767.1555479,5.041076898574829,1319.0,stimulus
1777618767.205468,5.090996980667114,1316.0,stimulus
1777618767.255556,5.141085147857666,1315.0,stimulus
1777618767.305473,5.191002130508423,1316.0,stimulus
1777618767.3555431,5.241072177886963,1317.0,stimulus
1777618767.40556,5.291089057922363,1316.0,stimulus
1777618767.455585,5.341114044189453,1317.0,stimulus
1777618767.50563,5.3911590576171875,1314.0,stimulus
1777618767.555618,5.441147089004517,1316.0,stimulus
1777618767.6055639,5.491092920303345,1317.0,stimulus
1777618767.655621,5.541150093078613,1319.0,stimulus
1777618767.705549,5.591078042984009,1320.0,stimulus
1777618767.755697,5.641226053237915,1317.0,stimulus
1777618767.805732,5.691261053085327,1317.0,stimulus
1777618767.855737,5.7412660121917725,1317.0,stimulus
1777618767.905803,5.791332006454468,1319.0,stimulus
1777618767.955756,5.841284990310669,1320.0,stimulus
1777618768.005813,5.891341924667358,1318.0,stimulus
1777618768.055848,5.9413769245147705,1318.0,stimulus
1777618768.105812,5.9913411140441895,1319.0,stimulus
1777618768.1558511,6.041380167007446,1319.0,stimulus
1777618768.2059772,6.091506242752075,1319.0,stimulus
1777618768.255959,6.141488075256348,1317.0,stimulus
1777618768.305985,6.191514015197754,1317.0,stimulus
1777618768.355979,6.2415080070495605,1318.0,stimulus
1777618768.405996,6.29152512550354,1320.0,stimulus
1777618768.456098,6.34162712097168,1321.0,stimulus
1777618768.506022,6.3915510177612305,1318.0,stimulus
1777618768.556065,6.441594123840332,1316.0,stimulus
1777618768.606015,6.491544008255005,1320.0,stimulus
1777618768.656051,6.541579961776733,1321.0,stimulus
1777618768.706068,6.591597080230713,1323.0,stimulus
1777618768.756072,6.641601085662842,1319.0,stimulus
1777618768.8060899,6.691618919372559,1317.0,stimulus
1777618768.856139,6.741667985916138,1320.0,stimulus
1777618768.906376,6.791904926300049,1317.0,stimulus
1777618768.956189,6.841717958450317,1320.0,stimulus
1777618769.0061598,6.891688823699951,1318.0,stimulus
1777618769.0563068,6.941835880279541,1321.0,stimulus
1777618769.106302,6.991831064224243,1318.0,stimulus
1777618769.15622,7.041749000549316,1317.0,stimulus
1777618769.206295,7.091824054718018,1317.0,stimulus
1777618769.256393,7.1419219970703125,1317.0,stimulus
1777618769.306431,7.191960096359253,1316.0,stimulus
1777618769.3563771,7.24190616607666,1319.0,stimulus
1777618769.40644,7.291969060897827,1318.0,stimulus
1777618769.456481,7.342010021209717,1319.0,stimulus
1777618769.50641,7.391938924789429,1319.0,stimulus
1777618769.55651,7.4420390129089355,1317.0,stimulus
1777618769.6064398,7.491968870162964,1319.0,stimulus
1777618769.656564,7.54209303855896,1319.0,stimulus
1777618769.706555,7.592083930969238,1319.0,stimulus
1777618769.756604,7.642132997512817,1319.0,stimulus
1777618769.806689,7.692218065261841,1320.0,stimulus
1777618769.937275,0.00017380714416503906,1323.0,post
1777618769.937386,0.0002849102020263672,1320.0,post
1777618769.9566238,0.019522666931152344,1323.0,post
1777618770.006505,0.06940388679504395,1320.0,post
1777618770.05673,0.11962890625,1320.0,post
1777618770.10672,0.16961884498596191,1319.0,post
1777618770.156694,0.21959280967712402,1318.0,post
1777618770.206729,0.26962780952453613,1318.0,post
1777618770.256858,0.31975698471069336,1316.0,post
1777618770.306802,0.36970090866088867,1317.0,post
1777618770.356852,0.4197509288787842,1317.0,post
1777618770.406934,0.4698328971862793,1319.0,post
1777618770.456782,0.5196809768676758,1316.0,post
1777618770.506891,0.5697898864746094,1320.0,post
1777618770.55696,0.619858980178833,1320.0,post
1777618770.606984,0.6698827743530273,1319.0,post
1777618770.657001,0.7198998928070068,1323.0,post
1777618770.7070248,0.7699236869812012,1319.0,post
1777618770.7570372,0.8199360370635986,1318.0,post
1777618770.807094,0.8699929714202881,1323.0,post
1777618770.857056,0.919954776763916,1322.0,post
1777618770.907118,0.9700169563293457,1319.0,post
1777618770.9570959,1.0199947357177734,1317.0,post
1777618771.007135,1.0700337886810303,1317.0,post
1777618771.0572338,1.1201326847076416,1316.0,post
1777618771.107121,1.1700198650360107,1318.0,post
1777618771.157139,1.2200379371643066,1319.0,post
1777618771.2073128,1.2702116966247559,1317.0,post
1777618771.2573252,1.3202240467071533,1316.0,post
1777618771.307348,1.3702468872070312,1315.0,post
1777618771.3573172,1.4202160835266113,1315.0,post
1777618771.407351,1.470249891281128,1319.0,post
1777618771.457315,1.5202138423919678,1318.0,post
1777618771.507405,1.5703039169311523,1316.0,post
1777618771.557355,1.6202538013458252,1316.0,post
1777618771.607449,1.6703479290008545,1316.0,post
1777618771.6574988,1.720397710800171,1320.0,post
1777618771.707408,1.7703068256378174,1320.0,post
1777618771.7574909,1.820389747619629,1322.0,post
1777618771.807599,1.8704979419708252,1322.0,post
1777618771.85758,1.9204788208007812,1322.0,post
1777618771.907565,1.9704639911651611,1320.0,post
1777618771.957592,2.020490884780884,1320.0,post
1777618772.007657,2.0705559253692627,1322.0,post
1777618772.0576231,2.1205220222473145,1319.0,post
1777618772.107639,2.1705379486083984,1317.0,post
1777618772.1576838,2.2205827236175537,1317.0,post
1777618772.207768,2.2706668376922607,1317.0,post
1777618772.25766,2.320558786392212,1322.0,post
1777618772.307787,2.3706858158111572,1325.0,post
1777618772.357664,2.420562982559204,1324.0,post
1777618772.4077,2.4705989360809326,1322.0,post
1777618772.4577768,2.5206756591796875,1320.0,post
1777618772.507818,2.5707168579101562,1317.0,post
1777618772.5577338,2.6206326484680176,1317.0,post
1777618772.607925,2.670823812484741,1316.0,post
1777618772.6578639,2.7207627296447754,1319.0,post
1777618772.7079098,2.770808696746826,1319.0,post
1777618772.7580202,2.8209190368652344,1317.0,post
1777618772.8079748,2.8708736896514893,1318.0,post
1777618772.858048,2.9209468364715576,1319.0,post
1777618772.907892,2.9707908630371094,1319.0,post
1777618772.957937,3.0208358764648438,1319.0,post
