timestamp,elapsed_sec,gsr_raw,phase
1777619857.0615308,0.0002357959747314453,1367.0,baseline
1777619857.061623,0.00032806396484375,1367.0,baseline
1777619857.061701,0.00040602684020996094,1360.0,baseline
1777619857.0617769,0.0004818439483642578,1358.0,baseline
1777619857.061853,0.0005578994750976562,1354.0,baseline
1777619857.061928,0.0006330013275146484,1356.0,baseline
1777619857.062003,0.0007078647613525391,1360.0,baseline
1777619857.062078,0.0007829666137695312,1369.0,baseline
1777619857.062154,0.0008590221405029297,1372.0,baseline
1777619857.06223,0.0009350776672363281,1370.0,baseline
1777619857.062305,0.0010099411010742188,1369.0,baseline
1777619857.06238,0.001085042953491211,1368.0,baseline
1777619857.062455,0.0011599063873291016,1367.0,baseline
1777619857.062529,0.0012340545654296875,1368.0,baseline
1777619857.062591,0.0012960433959960938,1369.0,baseline
1777619857.0626528,0.0013577938079833984,1367.0,baseline
1777619857.062716,0.0014209747314453125,1370.0,baseline
1777619857.062778,0.0014829635620117188,1369.0,baseline
1777619857.06284,0.001544952392578125,1368.0,baseline
1777619857.062901,0.001605987548828125,1368.0,baseline
1777619857.062963,0.0016679763793945312,1370.0,baseline
1777619857.063029,0.001734018325805664,1365.0,baseline
1777619857.063091,0.0017960071563720703,1365.0,baseline
1777619857.0631528,0.001857757568359375,1366.0,baseline
1777619857.06322,0.0019249916076660156,1366.0,baseline
1777619857.063282,0.001986980438232422,1370.0,baseline
1777619857.0633442,0.0020492076873779297,1369.0,baseline
1777619857.063406,0.0021109580993652344,1367.0,baseline
1777619857.063468,0.0021729469299316406,1367.0,baseline
1777619857.063529,0.0022339820861816406,1369.0,baseline
1777619857.063613,0.0023179054260253906,1367.0,baseline
1777619857.0636759,0.002380847930908203,1366.0,baseline
1777619857.0637388,0.0024437904357910156,1367.0,baseline
1777619857.063801,0.0025060176849365234,1368.0,baseline
1777619857.063863,0.0025680065155029297,1369.0,baseline
1777619857.063925,0.002629995346069336,1366.0,baseline
1777619857.063987,0.002691984176635742,1364.0,baseline
1777619857.064049,0.0027539730072021484,1368.0,baseline
1777619857.064111,0.0028159618377685547,1367.0,baseline
1777619857.064172,0.0028769969940185547,1369.0,baseline
1777619857.064235,0.002939939498901367,1372.0,baseline
1777619857.064296,0.003000974655151367,1368.0,baseline
1777619857.064358,0.0030629634857177734,1368.0,baseline
1777619857.064557,0.003262042999267578,1368.0,baseline
1777619857.064669,0.003373861312866211,1369.0,baseline
1777619857.064832,0.0035369396209716797,1369.0,baseline
1777619857.06494,0.0036449432373046875,1368.0,baseline
1777619857.0650308,0.003735780715942383,1367.0,baseline
1777619857.065119,0.003823995590209961,1366.0,baseline
1777619857.065207,0.0039119720458984375,1366.0,baseline
1777619857.065294,0.003998994827270508,1360.0,baseline
1777619857.0653791,0.004084110260009766,1362.0,baseline
1777619857.0654662,0.004171133041381836,1365.0,baseline
1777619857.065551,0.004256010055541992,1367.0,baseline
1777619857.065637,0.004342079162597656,1367.0,baseline
1777619857.0657222,0.004427194595336914,1365.0,baseline
1777619857.0658078,0.004512786865234375,1367.0,baseline
1777619857.065894,0.004598855972290039,1369.0,baseline
1777619857.06598,0.004684925079345703,1367.0,baseline
1777619857.066066,0.004770994186401367,1368.0,baseline
1777619857.066153,0.0048580169677734375,1367.0,baseline
1777619857.066336,0.005040884017944336,1367.0,baseline
1777619857.066439,0.005143880844116211,1367.0,baseline
1777619857.06651,0.0052149295806884766,1368.0,baseline
1777619857.066588,0.0052928924560546875,1369.0,baseline
1777619857.066657,0.005362033843994141,1372.0,baseline
1777619857.066726,0.005430936813354492,1370.0,baseline
1777619857.066794,0.0054988861083984375,1368.0,baseline
1777619857.066862,0.005567073822021484,1366.0,baseline
1777619857.0669289,0.005633831024169922,1365.0,baseline
1777619857.066997,0.005702018737792969,1365.0,baseline
1777619857.067064,0.005769014358520508,1367.0,baseline
1777619857.067132,0.005836963653564453,1365.0,baseline
1777619857.067199,0.005903959274291992,1366.0,baseline
1777619857.067266,0.005970954895019531,1369.0,baseline
1777619857.0673332,0.006038188934326172,1370.0,baseline
1777619857.067402,0.006106853485107422,1370.0,baseline
1777619857.0674691,0.0061740875244140625,1369.0,baseline
1777619857.0675368,0.006241798400878906,1370.0,baseline
1777619857.067605,0.006309986114501953,1370.0,baseline
1777619857.067672,0.006376981735229492,1370.0,baseline
1777619857.0677388,0.00644373893737793,1369.0,baseline
1777619857.067806,0.00651097297668457,1369.0,baseline
1777619857.067874,0.006578922271728516,1370.0,baseline
1777619857.0679412,0.006646156311035156,1371.0,baseline
1777619857.068009,0.0067138671875,1366.0,baseline
1777619857.0680819,0.006786823272705078,1368.0,baseline
1777619857.068148,0.006852865219116211,1368.0,baseline
1777619857.0682151,0.0069200992584228516,1368.0,baseline
1777619857.0682821,0.006987094879150391,1367.0,baseline
1777619857.0683498,0.007054805755615234,1369.0,baseline
1777619857.068417,0.007122039794921875,1370.0,baseline
1777619857.06849,0.007194995880126953,1370.0,baseline
1777619857.068557,0.007261991500854492,1369.0,baseline
1777619857.0686238,0.00732874870300293,1370.0,baseline
1777619857.068691,0.00739598274230957,1368.0,baseline
1777619857.068758,0.007462978363037109,1369.0,baseline
1777619857.068825,0.0075299739837646484,1369.0,baseline
1777619857.068893,0.007597923278808594,1367.0,baseline
1777619857.068959,0.0076639652252197266,1369.0,baseline
1777619857.069026,0.007730960845947266,1369.0,baseline
1777619857.069092,0.0077970027923583984,1368.0,baseline
1777619857.06916,0.007864952087402344,1369.0,baseline
1777619857.069226,0.007930994033813477,1370.0,baseline
1777619857.069293,0.007997989654541016,1368.0,baseline
1777619857.06936,0.008064985275268555,1370.0,baseline
1777619857.069427,0.008131980895996094,1372.0,baseline
1777619857.069497,0.008202075958251953,1370.0,baseline
1777619857.069568,0.008272886276245117,1371.0,baseline
1777619857.069634,0.00833892822265625,1369.0,baseline
1777619857.069702,0.008406877517700195,1371.0,baseline
1777619857.069769,0.008473873138427734,1371.0,baseline
1777619857.0698361,0.008541107177734375,1369.0,baseline
1777619857.0699031,0.008608102798461914,1369.0,baseline
1777619857.0699708,0.008675813674926758,1369.0,baseline
1777619857.070038,0.008743047714233398,1368.0,baseline
1777619857.070105,0.008810043334960938,1369.0,baseline
1777619857.0701718,0.008876800537109375,1368.0,baseline
1777619857.0702379,0.008942842483520508,1367.0,baseline
1777619857.070305,0.009010076522827148,1369.0,baseline
1777619857.070372,0.009077072143554688,1367.0,baseline
1777619857.0704389,0.009143829345703125,1368.0,baseline
1777619857.070505,0.009209871292114258,1369.0,baseline
1777619857.0705721,0.009277105331420898,1370.0,baseline
1777619857.0706391,0.009344100952148438,1370.0,baseline
1777619857.0707068,0.009411811828613281,1367.0,baseline
1777619857.070773,0.009477853775024414,1369.0,baseline
1777619857.0708401,0.009545087814331055,1369.0,baseline
1777619857.0709078,0.009612798690795898,1366.0,baseline
1777619857.07098,0.009685039520263672,1366.0,baseline
1777619857.0710468,0.00975179672241211,1368.0,baseline
1777619857.071114,0.00981903076171875,1367.0,baseline
1777619857.071181,0.009886026382446289,1365.0,baseline
1777619857.071247,0.009952068328857422,1366.0,baseline
1777619857.0713139,0.01001882553100586,1368.0,baseline
1777619857.07138,0.010084867477416992,1368.0,baseline
1777619857.071454,0.010159015655517578,1368.0,baseline
1777619857.07152,0.010225057601928711,1368.0,baseline
1777619857.071587,0.01029205322265625,1370.0,baseline
1777619857.0716538,0.010358810424804688,1372.0,baseline
1777619857.071721,0.010426044464111328,1369.0,baseline
1777619857.071787,0.010492086410522461,1369.0,baseline
1777619857.071854,0.01055908203125,1365.0,baseline
1777619857.0719202,0.010625123977661133,1366.0,baseline
1777619857.071987,0.01069188117980957,1369.0,baseline
1777619857.072507,0.011211872100830078,1366.0,baseline
1777619857.0729432,0.011648178100585938,1367.0,baseline
1777619857.0730188,0.011723756790161133,1368.0,baseline
1777619857.073088,0.011792898178100586,1367.0,baseline
1777619857.073156,0.011861085891723633,1367.0,baseline
1777619857.073225,0.011929988861083984,1366.0,baseline
1777619857.0733,0.012004852294921875,1366.0,baseline
1777619857.073368,0.012073040008544922,1367.0,baseline
1777619857.073436,0.012140989303588867,1366.0,baseline
1777619857.0735722,0.01227712631225586,1367.0,baseline
1777619857.073799,0.012503862380981445,1366.0,baseline
1777619857.073936,0.012640953063964844,1369.0,baseline
1777619857.074157,0.012861967086791992,1370.0,baseline
1777619857.07423,0.01293492317199707,1370.0,baseline
1777619857.0742981,0.013003110885620117,1370.0,baseline
1777619857.074367,0.013072013854980469,1369.0,baseline
1777619857.074435,0.013139963150024414,1366.0,baseline
1777619857.074502,0.013206958770751953,1365.0,baseline
1777619857.074569,0.013273954391479492,1367.0,baseline
1777619857.074636,0.013340950012207031,1367.0,baseline
1777619857.074704,0.013408899307250977,1369.0,baseline
1777619857.074771,0.013475894927978516,1369.0,baseline
1777619857.074837,0.013541936874389648,1370.0,baseline
1777619857.074904,0.013608932495117188,1371.0,baseline
1777619857.074971,0.013675928115844727,1370.0,baseline
1777619857.0750442,0.013749122619628906,1369.0,baseline
1777619857.075109,0.013813972473144531,1367.0,baseline
1777619857.075179,0.01388406753540039,1367.0,baseline
1777619857.0752451,0.013950109481811523,1369.0,baseline
1777619857.0753112,0.014016151428222656,1370.0,baseline
1777619857.075376,0.014081001281738281,1368.0,baseline
1777619857.0754418,0.014146804809570312,1366.0,baseline
1777619857.0755079,0.014212846755981445,1367.0,baseline
1777619857.075574,0.014278888702392578,1369.0,baseline
1777619857.075639,0.014343976974487305,1368.0,baseline
1777619857.075704,0.014409065246582031,1367.0,baseline
1777619857.0757692,0.014474153518676758,1367.0,baseline
1777619857.075835,0.014539957046508789,1368.0,baseline
1777619857.075901,0.014605998992919922,1368.0,baseline
1777619857.075967,0.014672040939331055,1367.0,baseline
1777619857.076034,0.014739036560058594,1369.0,baseline
1777619857.0761,0.014805078506469727,1370.0,baseline
1777619857.076166,0.014870882034301758,1369.0,baseline
1777619857.076232,0.01493692398071289,1367.0,baseline
1777619857.076298,0.015002965927124023,1367.0,baseline
1777619857.076354,0.01505899429321289,1369.0,baseline
1777619857.0764081,0.015113115310668945,1370.0,baseline
1777619857.076462,0.015166997909545898,1369.0,baseline
1777619857.076515,0.015219926834106445,1369.0,baseline
1777619857.0765738,0.015278816223144531,1368.0,baseline
1777619857.076628,0.015332937240600586,1367.0,baseline
1777619857.076681,0.015385866165161133,1370.0,baseline
1777619857.076736,0.015440940856933594,1368.0,baseline
1777619857.07679,0.015495061874389648,1367.0,baseline
1777619857.076843,0.015547990798950195,1368.0,baseline
1777619857.076897,0.015601873397827148,1368.0,baseline
1777619857.076951,0.015655994415283203,1368.0,baseline
1777619857.077006,0.015711069107055664,1367.0,baseline
1777619857.07706,0.015764951705932617,1368.0,baseline
1777619857.077114,0.015819072723388672,1368.0,baseline
1777619857.0771682,0.015873193740844727,1368.0,baseline
1777619857.0772219,0.015926837921142578,1369.0,baseline
1777619857.077277,0.01598191261291504,1368.0,baseline
1777619857.0773308,0.016035795211791992,1369.0,baseline
1777619857.077386,0.016090869903564453,1368.0,baseline
1777619857.077441,0.016145944595336914,1369.0,baseline
1777619857.077494,0.01619887351989746,1368.0,baseline
1777619857.077548,0.016252994537353516,1368.0,baseline
1777619857.0776021,0.01630711555480957,1369.0,baseline
1777619857.077656,0.016360998153686523,1369.0,baseline
1777619857.0777102,0.016415119171142578,1369.0,baseline
1777619857.07777,0.01647496223449707,1369.0,baseline
1777619857.077824,0.016529083251953125,1370.0,baseline
1777619857.077878,0.016582965850830078,1370.0,baseline
1777619857.077931,0.016635894775390625,1370.0,baseline
1777619857.077985,0.01669001579284668,1368.0,baseline
1777619857.078041,0.016746044158935547,1367.0,baseline
1777619857.0780952,0.0168001651763916,1367.0,baseline
1777619857.0781481,0.01685309410095215,1368.0,baseline
1777619857.078202,0.0169069766998291,1370.0,baseline
1777619857.0782561,0.016961097717285156,1367.0,baseline
1777619857.0783098,0.017014741897583008,1368.0,baseline
1777619857.078364,0.017068862915039062,1369.0,baseline
1777619857.078418,0.017122983932495117,1368.0,baseline
1777619857.078472,0.01717686653137207,1368.0,baseline
1777619857.078526,0.017230987548828125,1369.0,baseline
1777619857.07858,0.017284870147705078,1370.0,baseline
1777619857.078634,0.017338991165161133,1367.0,baseline
1777619857.078688,0.017392873764038086,1366.0,baseline
1777619857.078742,0.01744699478149414,1367.0,baseline
1777619857.0787961,0.017501115798950195,1368.0,baseline
1777619857.07885,0.01755499839782715,1366.0,baseline
1777619857.078909,0.017613887786865234,1366.0,baseline
1777619857.078967,0.017672061920166016,1367.0,baseline
1777619857.07902,0.017724990844726562,1367.0,baseline
1777619857.079075,0.017780065536499023,1367.0,baseline
1777619857.079128,0.01783299446105957,1368.0,baseline
1777619857.0791821,0.017887115478515625,1366.0,baseline
1777619857.079236,0.017940998077392578,1366.0,baseline
1777619857.0792892,0.017994165420532227,1366.0,baseline
1777619857.079343,0.01804804801940918,1366.0,baseline
1777619857.0793972,0.018102169036865234,1367.0,baseline
1777619857.0794508,0.018155813217163086,1365.0,baseline
1777619857.079505,0.01820993423461914,1367.0,baseline
1777619857.079558,0.018262863159179688,1367.0,baseline
1777619857.079612,0.018316984176635742,1366.0,baseline
1777619857.079666,0.018370866775512695,1366.0,baseline
1777619857.07972,0.01842498779296875,1369.0,baseline
1777619857.079775,0.01848006248474121,1370.0,baseline
1777619857.079829,0.018533945083618164,1367.0,baseline
1777619857.079883,0.01858806610107422,1368.0,baseline
1777619857.079937,0.018641948699951172,1369.0,baseline
1777619857.07999,0.01869487762451172,1371.0,baseline
1777619857.080044,0.018748998641967773,1369.0,baseline
1777619857.080106,0.01881098747253418,1367.0,baseline
1777619857.08016,0.018864870071411133,1369.0,baseline
1777619857.080214,0.018918991088867188,1368.0,baseline
1777619857.0802681,0.018973112106323242,1368.0,baseline
1777619857.080322,0.019026994705200195,1367.0,baseline
1777619857.0803761,0.01908111572265625,1367.0,baseline
1777619857.080429,0.019134044647216797,1368.0,baseline
1777619857.080483,0.01918792724609375,1368.0,baseline
1777619857.0805361,0.0192410945892334,1368.0,baseline
1777619857.0805912,0.01929616928100586,1368.0,baseline
1777619857.080645,0.019350051879882812,1368.0,baseline
1777619857.080699,0.019403934478759766,1367.0,baseline
1777619857.0807521,0.019457101821899414,1366.0,baseline
1777619857.0808058,0.019510746002197266,1366.0,baseline
1777619857.080862,0.019567012786865234,1366.0,baseline
1777619857.080916,0.019620895385742188,1368.0,baseline
1777619857.08097,0.019675016403198242,1368.0,baseline
1777619857.081024,0.019728899002075195,1367.0,baseline
1777619857.081077,0.019782066345214844,1366.0,baseline
1777619857.081131,0.019835948944091797,1368.0,baseline
1777619857.081185,0.01989006996154785,1367.0,baseline
1777619857.081239,0.019943952560424805,1367.0,baseline
1777619857.0812979,0.02000284194946289,1369.0,baseline
1777619857.081352,0.020056962966918945,1366.0,baseline
1777619857.0814059,0.0201108455657959,1366.0,baseline
1777619857.08146,0.020164966583251953,1362.0,baseline
1777619857.081513,0.0202178955078125,1357.0,baseline
1777619857.081567,0.020272016525268555,1351.0,baseline
1777619857.0816221,0.020327091217041016,1363.0,baseline
1777619857.081676,0.02038097381591797,1373.0,baseline
1777619857.0817301,0.020435094833374023,1373.0,baseline
1777619857.081784,0.020488977432250977,1370.0,baseline
1777619857.081921,0.020626068115234375,1369.0,baseline
1777619857.0819771,0.020682096481323242,1368.0,baseline
1777619857.082031,0.020735979080200195,1368.0,baseline
1777619857.0820851,0.02079010009765625,1367.0,baseline
1777619857.0821388,0.0208437442779541,1367.0,baseline
1777619857.082193,0.020897865295410156,1369.0,baseline
1777619857.082248,0.020952939987182617,1369.0,baseline
1777619857.0823019,0.02100682258605957,1370.0,baseline
1777619857.082356,0.021060943603515625,1369.0,baseline
1777619857.08241,0.02111506462097168,1367.0,baseline
1777619857.082464,0.021168947219848633,1366.0,baseline
1777619857.082518,0.021223068237304688,1365.0,baseline
1777619857.082583,0.021287918090820312,1368.0,baseline
1777619857.082637,0.021342039108276367,1368.0,baseline
1777619857.0826921,0.021397113800048828,1367.0,baseline
1777619857.082753,0.021457910537719727,1366.0,baseline
1777619857.082807,0.02151203155517578,1368.0,baseline
1777619857.082861,0.021565914154052734,1368.0,baseline
1777619857.082915,0.02162003517150879,1367.0,baseline
1777619857.0829692,0.021674156188964844,1368.0,baseline
1777619857.083023,0.021728038787841797,1366.0,baseline
1777619857.0830772,0.02178215980529785,1365.0,baseline
1777619857.0831308,0.021835803985595703,1362.0,baseline
1777619857.083185,0.021889925003051758,1357.0,baseline
1777619857.0832388,0.02194380760192871,1360.0,baseline
1777619857.083293,0.021997928619384766,1358.0,baseline
1777619857.083346,0.022050857543945312,1350.0,baseline
1777619857.0834,0.022104978561401367,1363.0,baseline
1777619857.083454,0.02215886116027832,1371.0,baseline
1777619857.083508,0.022212982177734375,1372.0,baseline
1777619857.083563,0.022268056869506836,1370.0,baseline
1777619857.083617,0.02232193946838379,1369.0,baseline
1777619857.083672,0.02237701416015625,1369.0,baseline
1777619857.0837262,0.022431135177612305,1367.0,baseline
1777619857.083785,0.02249002456665039,1366.0,baseline
1777619857.083839,0.022543907165527344,1367.0,baseline
1777619857.0838919,0.02259683609008789,1362.0,baseline
1777619857.083946,0.022650957107543945,1366.0,baseline
1777619857.083999,0.022703886032104492,1362.0,baseline
1777619857.084053,0.022758007049560547,1373.0,baseline
1777619857.084107,0.0228118896484375,1378.0,baseline
1777619857.084161,0.022866010665893555,1374.0,baseline
1777619857.084214,0.0229189395904541,1371.0,baseline
1777619857.084268,0.022973060607910156,1369.0,baseline
1777619857.084321,0.023025989532470703,1369.0,baseline
1777619857.0843751,0.023080110549926758,1367.0,baseline
1777619857.084429,0.02313399314880371,1359.0,baseline
1777619857.0844831,0.023188114166259766,1359.0,baseline
1777619857.084536,0.023241043090820312,1368.0,baseline
1777619857.0845902,0.023295164108276367,1366.0,baseline
1777619857.084644,0.02334904670715332,1366.0,baseline
1777619857.0846982,0.023403167724609375,1368.0,baseline
1777619857.0847518,0.023456811904907227,1369.0,baseline
1777619857.084806,0.02351093292236328,1366.0,baseline
1777619857.0848598,0.023564815521240234,1365.0,baseline
1777619857.084917,0.02362203598022461,1366.0,baseline
1777619857.084975,0.02367997169494629,1369.0,baseline
1777619857.0850291,0.023734092712402344,1370.0,baseline
1777619857.0850828,0.023787736892700195,1368.0,baseline
1777619857.085136,0.023840904235839844,1367.0,baseline
1777619857.0851898,0.023894786834716797,1366.0,baseline
1777619857.085244,0.02394890785217285,1367.0,baseline
1777619857.0852969,0.0240018367767334,1368.0,baseline
1777619857.085351,0.024055957794189453,1369.0,baseline
1777619857.085406,0.024111032485961914,1367.0,baseline
1777619857.085459,0.02416396141052246,1369.0,baseline
1777619857.0855129,0.024217844009399414,1368.0,baseline
1777619857.085567,0.02427196502685547,1366.0,baseline
1777619857.0856209,0.024325847625732422,1368.0,baseline
1777619857.085675,0.024379968643188477,1370.0,baseline
1777619857.0857291,0.02443408966064453,1367.0,baseline
1777619857.085783,0.024487972259521484,1366.0,baseline
1777619857.085836,0.02454090118408203,1364.0,baseline
1777619857.08589,0.024595022201538086,1366.0,baseline
1777619857.0859442,0.02464914321899414,1367.0,baseline
1777619857.085998,0.024703025817871094,1368.0,baseline
1777619857.0860531,0.024758100509643555,1370.0,baseline
1777619857.086116,0.024821043014526367,1369.0,baseline
1777619857.086171,0.024875879287719727,1369.0,baseline
1777619857.0862248,0.02492976188659668,1367.0,baseline
1777619857.086279,0.024983882904052734,1359.0,baseline
1777619857.086333,0.02503800392150879,1357.0,baseline
1777619857.086387,0.025091886520385742,1363.0,baseline
1777619857.086441,0.025146007537841797,1363.0,baseline
1777619857.086495,0.02519989013671875,1358.0,baseline
1777619857.086549,0.025254011154174805,1358.0,baseline
1777619857.086603,0.025307893753051758,1360.0,baseline
1777619857.086657,0.025362014770507812,1362.0,baseline
1777619857.086711,0.025415897369384766,1366.0,baseline
1777619857.086764,0.025469064712524414,1369.0,baseline
1777619857.0868192,0.025524139404296875,1371.0,baseline
1777619857.086873,0.025578022003173828,1371.0,baseline
1777619857.086928,0.025632858276367188,1370.0,baseline
1777619857.0869818,0.02568674087524414,1370.0,baseline
1777619857.087036,0.025740861892700195,1369.0,baseline
1777619857.087091,0.025795936584472656,1369.0,baseline
1777619857.0871449,0.02584981918334961,1370.0,baseline
1777619857.087199,0.025903940200805664,1369.0,baseline
1777619857.087254,0.025959014892578125,1368.0,baseline
1777619857.087313,0.02601790428161621,1368.0,baseline
1777619857.0873668,0.026071786880493164,1367.0,baseline
1777619857.087422,0.026126861572265625,1369.0,baseline
1777619857.087475,0.026180028915405273,1367.0,baseline
1777619857.087529,0.026233911514282227,1367.0,baseline
1777619857.0875819,0.026286840438842773,1365.0,baseline
1777619857.087636,0.026340961456298828,1367.0,baseline
1777619857.0876899,0.02639484405517578,1368.0,baseline
1777619857.087744,0.026448965072631836,1369.0,baseline
1777619857.087798,0.02650308609008789,1366.0,baseline
1777619857.087851,0.026556015014648438,1365.0,baseline
1777619857.087905,0.02660989761352539,1365.0,baseline
1777619857.087958,0.02666306495666504,1368.0,baseline
1777619857.088012,0.026716947555541992,1369.0,baseline
1777619857.088066,0.026771068572998047,1368.0,baseline
1777619857.088119,0.026823997497558594,1366.0,baseline
1777619857.0881732,0.02687811851501465,1369.0,baseline
1777619857.088224,0.02692890167236328,1367.0,baseline
1777619857.0882702,0.026975154876708984,1368.0,baseline
1777619857.088316,0.027020931243896484,1367.0,baseline
1777619857.088362,0.027066946029663086,1367.0,baseline
1777619857.088408,0.027112960815429688,1367.0,baseline
1777619857.08846,0.027164936065673828,1366.0,baseline
1777619857.0885062,0.02721118927001953,1367.0,baseline
1777619857.088552,0.02725696563720703,1367.0,baseline
1777619857.088598,0.027302980422973633,1369.0,baseline
1777619857.088644,0.027348995208740234,1369.0,baseline
1777619857.0886898,0.027394771575927734,1369.0,baseline
1777619857.088736,0.027441024780273438,1369.0,baseline
1777619857.088783,0.027487993240356445,1371.0,baseline
1777619857.088829,0.027534008026123047,1370.0,baseline
1777619857.088875,0.02758002281188965,1370.0,baseline
1777619857.088921,0.02762603759765625,1369.0,baseline
1777619857.0889668,0.02767181396484375,1369.0,baseline
1777619857.089013,0.027718067169189453,1368.0,baseline
1777619857.089059,0.027764081954956055,1365.0,baseline
1777619857.089105,0.027809858322143555,1363.0,baseline
1777619857.089151,0.027855873107910156,1363.0,baseline
1777619857.0891972,0.02790212631225586,1365.0,baseline
1777619857.089243,0.02794790267944336,1367.0,baseline
1777619857.08929,0.027994871139526367,1366.0,baseline
1777619857.0893362,0.02804112434387207,1366.0,baseline
1777619857.0893812,0.028086185455322266,1366.0,baseline
1777619857.089427,0.028131961822509766,1365.0,baseline
1777619857.089477,0.028182029724121094,1367.0,baseline
1777619857.0895228,0.028227806091308594,1368.0,baseline
1777619857.08957,0.028275012969970703,1369.0,baseline
1777619857.089655,0.02835988998413086,1369.0,baseline
1777619857.089702,0.028406858444213867,1370.0,baseline
1777619857.089748,0.02845287322998047,1370.0,baseline
1777619857.089795,0.028500080108642578,1372.0,baseline
1777619857.0898402,0.028545141220092773,1371.0,baseline
1777619857.089886,0.028590917587280273,1368.0,baseline
1777619857.089932,0.028636932373046875,1370.0,baseline
1777619857.0899782,0.028683185577392578,1370.0,baseline
1777619857.090025,0.028729915618896484,1370.0,baseline
1777619857.090071,0.028775930404663086,1370.0,baseline
1777619857.0901172,0.02882218360900879,1370.0,baseline
1777619857.090163,0.02886795997619629,1370.0,baseline
1777619857.090209,0.02891397476196289,1371.0,baseline
1777619857.090255,0.028959989547729492,1371.0,baseline
1777619857.090302,0.0290069580078125,1369.0,baseline
1777619857.090347,0.029052019119262695,1366.0,baseline
1777619857.090394,0.029098987579345703,1366.0,baseline
1777619857.09044,0.029145002365112305,1367.0,baseline
1777619857.0904891,0.029194116592407227,1368.0,baseline
1777619857.0905359,0.029240846633911133,1367.0,baseline
1777619857.0905821,0.029287099838256836,1368.0,baseline
1777619857.0906281,0.029333114624023438,1367.0,baseline
1777619857.090674,0.029378890991210938,1368.0,baseline
1777619857.09072,0.02942490577697754,1368.0,baseline
1777619857.0907662,0.029471158981323242,1367.0,baseline
1777619857.090812,0.029516935348510742,1365.0,baseline
1777619857.090858,0.029562950134277344,1369.0,baseline
1777619857.090904,0.029608964920043945,1367.0,baseline
1777619857.0909498,0.029654741287231445,1365.0,baseline
1777619857.090996,0.02970099449157715,1370.0,baseline
1777619857.091042,0.02974700927734375,1367.0,baseline
1777619857.0910878,0.02979278564453125,1367.0,baseline
1777619857.0911338,0.02983880043029785,1367.0,baseline
1777619857.09118,0.029885053634643555,1367.0,baseline
1777619857.091226,0.029931068420410156,1367.0,baseline
1777619857.091271,0.02997589111328125,1366.0,baseline
1777619857.091317,0.03002190589904785,1367.0,baseline
1777619857.0913641,0.03006911277770996,1367.0,baseline
1777619857.09141,0.03011488914489746,1369.0,baseline
1777619857.091456,0.030160903930664062,1369.0,baseline
1777619857.091507,0.030211925506591797,1370.0,baseline
1777619857.091553,0.0302579402923584,1370.0,baseline
1777619857.091599,0.030303955078125,1369.0,baseline
1777619857.091646,0.030350923538208008,1368.0,baseline
1777619857.091692,0.03039693832397461,1369.0,baseline
1777619857.0917382,0.030443191528320312,1370.0,baseline
1777619857.091784,0.030488967895507812,1369.0,baseline
1777619857.09183,0.030534982681274414,1369.0,baseline
1777619857.091876,0.030580997467041016,1368.0,baseline
1777619857.0919218,0.030626773834228516,1367.0,baseline
1777619857.091968,0.03067302703857422,1365.0,baseline
1777619857.092014,0.03071904182434082,1366.0,baseline
1777619857.092061,0.030766010284423828,1365.0,baseline
1777619857.0921059,0.030810832977294922,1368.0,baseline
1777619857.092153,0.03085803985595703,1367.0,baseline
1777619857.092198,0.030902862548828125,1369.0,baseline
1777619857.092244,0.030948877334594727,1369.0,baseline
1777619857.092291,0.030996084213256836,1368.0,baseline
1777619857.092337,0.031041860580444336,1367.0,baseline
1777619857.092383,0.031087875366210938,1366.0,baseline
1777619857.0924292,0.03113412857055664,1369.0,baseline
1777619857.092475,0.03117990493774414,1370.0,baseline
1777619857.0925272,0.031232118606567383,1370.0,baseline
1777619857.092573,0.03127789497375488,1369.0,baseline
1777619857.092619,0.031323909759521484,1369.0,baseline
1777619857.0926661,0.031371116638183594,1367.0,baseline
1777619857.092712,0.031416893005371094,1368.0,baseline
1777619857.092762,0.03146696090698242,1369.0,baseline
1777619857.092808,0.03151297569274902,1368.0,baseline
1777619857.092854,0.031558990478515625,1366.0,baseline
1777619857.0929,0.03160500526428223,1368.0,baseline
1777619857.0929458,0.03165078163146973,1368.0,baseline
1777619857.092992,0.03169703483581543,1370.0,baseline
1777619857.093038,0.03174304962158203,1369.0,baseline
1777619857.0930839,0.03178882598876953,1366.0,baseline
1777619857.0931299,0.03183484077453613,1362.0,baseline
1777619857.093177,0.03188204765319824,1355.0,baseline
1777619857.0932229,0.03192782402038574,1374.0,baseline
1777619857.093269,0.031974077224731445,1366.0,baseline
1777619857.093316,0.03202104568481445,1360.0,baseline
1777619857.0933619,0.03206682205200195,1366.0,baseline
1777619857.093409,0.03211402893066406,1366.0,baseline
1777619857.093455,0.032160043716430664,1368.0,baseline
1777619857.093504,0.032208919525146484,1369.0,baseline
1777619857.093552,0.032257080078125,1366.0,baseline
1777619857.093598,0.0323028564453125,1367.0,baseline
1777619857.0936441,0.0323491096496582,1367.0,baseline
1777619857.0936909,0.03239583969116211,1369.0,baseline
1777619857.093737,0.03244185447692871,1370.0,baseline
1777619857.0937831,0.032488107681274414,1370.0,baseline
1777619857.0938282,0.03253316879272461,1370.0,baseline
1777619857.093874,0.03257894515991211,1370.0,baseline
1777619857.093921,0.03262591361999512,1368.0,baseline
1777619857.093968,0.032672882080078125,1368.0,baseline
1777619857.094014,0.03271889686584473,1367.0,baseline
1777619857.094059,0.03276395797729492,1370.0,baseline
1777619857.0941062,0.03281116485595703,1371.0,baseline
1777619857.094153,0.03285789489746094,1368.0,baseline
1777619857.094199,0.03290390968322754,1370.0,baseline
1777619857.094246,0.03295087814331055,1369.0,baseline
1777619857.094292,0.03299689292907715,1369.0,baseline
1777619857.094338,0.03304290771484375,1365.0,baseline
1777619857.094385,0.03308987617492676,1366.0,baseline
1777619857.094431,0.03313589096069336,1367.0,baseline
1777619857.094477,0.03318190574645996,1367.0,baseline
1777619857.094529,0.0332338809967041,1367.0,baseline
1777619857.0945761,0.03328108787536621,1370.0,baseline
1777619857.094622,0.03332686424255371,1369.0,baseline
1777619857.0946681,0.033373117446899414,1366.0,baseline
1777619857.0947142,0.033419132232666016,1365.0,baseline
1777619857.09476,0.033464908599853516,1363.0,baseline
1777619857.094806,0.03351092338562012,1368.0,baseline
1777619857.094851,0.03355598449707031,1366.0,baseline
1777619857.0948968,0.03360176086425781,1358.0,baseline
1777619857.094943,0.033648014068603516,1360.0,baseline
1777619857.094989,0.03369402885437012,1364.0,baseline
1777619857.0950348,0.03373980522155762,1369.0,baseline
1777619857.0950809,0.03378582000732422,1370.0,baseline
1777619857.095127,0.03383207321166992,1369.0,baseline
1777619857.0951731,0.03387808799743652,1368.0,baseline
1777619857.095219,0.03392386436462402,1369.0,baseline
1777619857.095265,0.033969879150390625,1367.0,baseline
1777619857.0953119,0.03401684761047363,1371.0,baseline
1777619857.095358,0.034062862396240234,1372.0,baseline
1777619857.0954041,0.03410911560058594,1370.0,baseline
1777619857.0954509,0.034155845642089844,1371.0,baseline
1777619857.095497,0.034201860427856445,1367.0,baseline
1777619857.095552,0.034256935119628906,1368.0,baseline
1777619857.0955992,0.034304141998291016,1370.0,baseline
1777619857.095646,0.03435087203979492,1370.0,baseline
1777619857.095692,0.03439688682556152,1369.0,baseline
1777619857.0957382,0.03444314002990723,1370.0,baseline
1777619857.095784,0.03448891639709473,1374.0,baseline
1777619857.09583,0.03453493118286133,1370.0,baseline
1777619857.095876,0.03458094596862793,1365.0,baseline
1777619857.095922,0.03462696075439453,1362.0,baseline
1777619857.095968,0.03467297554016113,1365.0,baseline
1777619857.096014,0.034718990325927734,1367.0,baseline
1777619857.0960598,0.034764766693115234,1365.0,baseline
1777619857.096107,0.034811973571777344,1363.0,baseline
1777619857.096153,0.034857988357543945,1365.0,baseline
1777619857.0962,0.03490495681762695,1368.0,baseline
1777619857.096246,0.034950971603393555,1370.0,baseline
1777619857.096292,0.034996986389160156,1371.0,baseline
1777619857.096338,0.03504300117492676,1370.0,baseline
1777619857.096384,0.03508901596069336,1365.0,baseline
1777619857.09643,0.03513503074645996,1370.0,baseline
1777619857.096503,0.03520798683166504,1368.0,baseline
1777619857.09655,0.03525495529174805,1367.0,baseline
1777619857.0966039,0.035308837890625,1368.0,baseline
1777619857.09665,0.0353548526763916,1367.0,baseline
1777619857.0966961,0.035401105880737305,1367.0,baseline
1777619857.096742,0.035446882247924805,1369.0,baseline
1777619857.096788,0.035492897033691406,1368.0,baseline
1777619857.096834,0.03553891181945801,1366.0,baseline
1777619857.0968802,0.03558516502380371,1367.0,baseline
1777619857.096926,0.03563094139099121,1368.0,baseline
1777619857.096972,0.03567695617675781,1367.0,baseline
1777619857.097019,0.03572392463684082,1371.0,baseline
1777619857.097065,0.03576993942260742,1370.0,baseline
1777619857.0971122,0.03581714630126953,1367.0,baseline
1777619857.097157,0.035861968994140625,1362.0,baseline
1777619857.097204,0.03590893745422363,1366.0,baseline
1777619857.097249,0.03595399856567383,1370.0,baseline
1777619857.0972958,0.036000728607177734,1369.0,baseline
1777619857.097342,0.03604698181152344,1369.0,baseline
1777619857.097387,0.03609204292297363,1368.0,baseline
1777619857.097433,0.036138057708740234,1370.0,baseline
1777619857.0974798,0.03618478775024414,1371.0,baseline
1777619857.097526,0.036231040954589844,1370.0,baseline
1777619857.097572,0.036277055740356445,1370.0,baseline
1777619857.097625,0.03632998466491699,1368.0,baseline
1777619857.0976708,0.03637576103210449,1369.0,baseline
1777619857.097717,0.036422014236450195,1370.0,baseline
1777619857.097763,0.0364680290222168,1372.0,baseline
1777619857.0978088,0.0365138053894043,1386.0,baseline
1777619857.097855,0.03656005859375,1382.0,baseline
1777619857.097901,0.0366060733795166,1367.0,baseline
1777619857.097947,0.0366518497467041,1367.0,baseline
1777619857.097993,0.0366978645324707,1366.0,baseline
1777619857.09804,0.03674507141113281,1382.0,baseline
1777619857.0980859,0.03679084777832031,1374.0,baseline
1777619857.098133,0.03683805465698242,1369.0,baseline
1777619857.098179,0.03688406944274902,1368.0,baseline
1777619857.098221,0.0369260311126709,1369.0,baseline
1777619857.09826,0.03696489334106445,1365.0,baseline
1777619857.0983,0.037004947662353516,1360.0,baseline
1777619857.09834,0.03704500198364258,1373.0,baseline
1777619857.09838,0.03708505630493164,1370.0,baseline
1777619857.09842,0.0371248722076416,1367.0,baseline
1777619857.09846,0.037164926528930664,1365.0,baseline
1777619857.0985,0.03720498085021973,1366.0,baseline
1777619857.0985441,0.037249088287353516,1366.0,baseline
1777619857.098588,0.0372929573059082,1363.0,baseline
1777619857.098627,0.03733205795288086,1366.0,baseline
1777619857.098668,0.03737306594848633,1367.0,baseline
1777619857.098708,0.03741288185119629,1369.0,baseline
1777619857.098748,0.03745293617248535,1367.0,baseline
1777619857.098788,0.037492990493774414,1367.0,baseline
1777619857.098828,0.03753304481506348,1367.0,baseline
1777619857.098868,0.03757286071777344,1366.0,baseline
1777619857.098908,0.0376129150390625,1363.0,baseline
1777619857.098948,0.03765296936035156,1364.0,baseline
1777619857.098988,0.037693023681640625,1366.0,baseline
1777619857.0990279,0.037732839584350586,1370.0,baseline
1777619857.099068,0.03777289390563965,1371.0,baseline
1777619857.0991092,0.03781414031982422,1370.0,baseline
1777619857.099149,0.03785395622253418,1370.0,baseline
1777619857.09919,0.03789496421813965,1370.0,baseline
1777619857.0992289,0.0379338264465332,1369.0,baseline
1777619857.0992692,0.03797411918640137,1368.0,baseline
1777619857.099309,0.03801393508911133,1371.0,baseline
1777619857.099349,0.03805398941040039,1368.0,baseline
1777619857.0993888,0.03809380531311035,1368.0,baseline
1777619857.099434,0.03813886642456055,1369.0,baseline
1777619857.099475,0.038179874420166016,1366.0,baseline
1777619857.099515,0.03821992874145508,1366.0,baseline
1777619857.099555,0.03825998306274414,1369.0,baseline
1777619857.0995939,0.038298845291137695,1368.0,baseline
1777619857.099634,0.03833889961242676,1365.0,baseline
1777619857.0996742,0.03837919235229492,1368.0,baseline
1777619857.099714,0.03841900825500488,1367.0,baseline
1777619857.099754,0.038459062576293945,1367.0,baseline
1777619857.099796,0.03850102424621582,1366.0,baseline
1777619857.0998359,0.03854084014892578,1367.0,baseline
1777619857.099877,0.03858208656311035,1365.0,baseline
1777619857.0999172,0.038622140884399414,1365.0,baseline
1777619857.099957,0.038661956787109375,1365.0,baseline
1777619857.099997,0.03870201110839844,1366.0,baseline
1777619857.1000378,0.038742780685424805,1366.0,baseline
1777619857.100078,0.03878307342529297,1365.0,baseline
1777619857.100118,0.03882288932800293,1365.0,baseline
1777619857.100158,0.03886294364929199,1366.0,baseline
1777619857.1001978,0.03890275955200195,1368.0,baseline
1777619857.100238,0.03894305229187012,1365.0,baseline
1777619857.100279,0.038984060287475586,1365.0,baseline
1777619857.100327,0.039031982421875,1368.0,baseline
1777619857.100366,0.039071083068847656,1368.0,baseline
1777619857.100406,0.03911089897155762,1366.0,baseline
1777619857.100447,0.039151906967163086,1370.0,baseline
1777619857.100487,0.03919196128845215,1374.0,baseline
1777619857.100527,0.03923201560974121,1371.0,baseline
1777619857.100567,0.03927206993103027,1367.0,baseline
1777619857.100607,0.039311885833740234,1414.0,baseline
1777619857.100647,0.0393519401550293,1445.0,baseline
1777619857.100687,0.03939199447631836,1391.0,baseline
1777619857.100727,0.03943204879760742,1357.0,baseline
1777619857.100766,0.03947091102600098,1354.0,baseline
1777619857.100807,0.039511919021606445,1350.0,baseline
1777619857.100847,0.03955197334289551,1356.0,baseline
1777619857.100887,0.03959202766418457,1354.0,baseline
1777619857.1009269,0.03963184356689453,1356.0,baseline
1777619857.100967,0.039671897888183594,1356.0,baseline
1777619857.1010072,0.03971219062805176,1356.0,baseline
1777619857.101048,0.039752960205078125,1358.0,baseline
1777619857.101088,0.03979301452636719,1360.0,baseline
1777619857.101129,0.039834022521972656,1360.0,baseline
1777619857.1011689,0.03987383842468262,1363.0,baseline
1777619857.101215,0.03991985321044922,1364.0,baseline
1777619857.101255,0.03995990753173828,1361.0,baseline
1777619857.101295,0.039999961853027344,1361.0,baseline
1777619857.101335,0.040040016174316406,1359.0,baseline
1777619857.1013749,0.04007983207702637,1362.0,baseline
1777619857.101415,0.04011988639831543,1364.0,baseline
1777619857.1014552,0.040160179138183594,1363.0,baseline
1777619857.101496,0.04020094871520996,1366.0,baseline
1777619857.101536,0.04024100303649902,1368.0,baseline
1777619857.101577,0.04028201103210449,1365.0,baseline
1777619857.1016169,0.04032182693481445,1365.0,baseline
1777619857.1016572,0.04036211967468262,1367.0,baseline
1777619857.101699,0.04040408134460449,1367.0,baseline
1777619857.101739,0.04044389724731445,1369.0,baseline
1777619857.101779,0.040483951568603516,1367.0,baseline
1777619857.10182,0.040524959564208984,1367.0,baseline
1777619857.1018612,0.040566205978393555,1368.0,baseline
1777619857.101902,0.04060697555541992,1365.0,baseline
1777619857.101942,0.040647029876708984,1367.0,baseline
1777619857.1019819,0.040686845779418945,1366.0,baseline
1777619857.102022,0.04072690010070801,1367.0,baseline
1777619857.1020632,0.04076814651489258,1365.0,baseline
1777619857.102112,0.0408170223236084,1365.0,baseline
1777619857.102153,0.04085803031921387,1364.0,baseline
1777619857.1021938,0.040898799896240234,1365.0,baseline
1777619857.1022348,0.0409398078918457,1365.0,baseline
1777619857.1022751,0.04098010063171387,1368.0,baseline
1777619857.1023161,0.041021108627319336,1368.0,baseline
1777619857.102357,0.0410618782043457,1368.0,baseline
1777619857.102397,0.041101932525634766,1368.0,baseline
1777619857.102437,0.04114198684692383,1370.0,baseline
1777619857.102477,0.04118204116821289,1372.0,baseline
1777619857.102517,0.04122185707092285,1369.0,baseline
1777619857.102557,0.041261911392211914,1365.0,baseline
1777619857.1025972,0.04130220413208008,1362.0,baseline
1777619857.102637,0.04134202003479004,1362.0,baseline
1777619857.102677,0.0413820743560791,1361.0,baseline
1777619857.102766,0.041471004486083984,1363.0,baseline
1777619857.1028109,0.04151582717895508,1366.0,baseline
1777619857.102852,0.04155707359313965,1366.0,baseline
1777619857.102893,0.04159808158874512,1368.0,baseline
1777619857.102933,0.04163789749145508,1366.0,baseline
1777619857.102973,0.04167795181274414,1369.0,baseline
1777619857.1030169,0.04172182083129883,1366.0,baseline
1777619857.1030579,0.0417628288269043,1365.0,baseline
1777619857.103101,0.04180598258972168,1367.0,baseline
1777619857.103141,0.04184603691101074,1371.0,baseline
1777619857.1031811,0.041886091232299805,1369.0,baseline
1777619857.1032221,0.04192709922790527,1367.0,baseline
1777619857.103262,0.041966915130615234,1368.0,baseline
1777619857.103302,0.0420069694519043,1368.0,baseline
1777619857.103343,0.042047977447509766,1368.0,baseline
1777619857.103383,0.04208803176879883,1369.0,baseline
1777619857.1034229,0.04212784767150879,1370.0,baseline
1777619857.103463,0.04216790199279785,1370.0,baseline
1777619857.103503,0.042207956314086914,1368.0,baseline
1777619857.103543,0.04224801063537598,1367.0,baseline
1777619857.1035829,0.04228782653808594,1368.0,baseline
1777619857.103623,0.042327880859375,1368.0,baseline
1777619857.1036632,0.042368173599243164,1370.0,baseline
1777619857.103703,0.042407989501953125,1365.0,baseline
1777619857.103743,0.04244804382324219,1369.0,baseline
1777619857.103783,0.04248785972595215,1369.0,baseline
1777619857.1038232,0.04252815246582031,1368.0,baseline
1777619857.103863,0.04256796836853027,1370.0,baseline
1777619857.103903,0.042608022689819336,1369.0,baseline
1777619857.103946,0.04265093803405762,1369.0,baseline
1777619857.103986,0.04269099235534668,1366.0,baseline
1777619857.104028,0.042732954025268555,1367.0,baseline
1777619857.104068,0.04277300834655762,1367.0,baseline
1777619857.104108,0.04281306266784668,1367.0,baseline
1777619857.104148,0.04285287857055664,1368.0,baseline
1777619857.104188,0.0428929328918457,1367.0,baseline
1777619857.104227,0.04293203353881836,1368.0,baseline
1777619857.1042671,0.04297208786010742,1369.0,baseline
1777619857.104307,0.04301190376281738,1370.0,baseline
1777619857.104346,0.04305100440979004,1371.0,baseline
1777619857.104387,0.04309201240539551,1369.0,baseline
1777619857.104427,0.04313206672668457,1369.0,baseline
1777619857.104467,0.04317188262939453,1369.0,baseline
1777619857.104507,0.043211936950683594,1371.0,baseline
1777619857.104547,0.043251991271972656,1370.0,baseline
1777619857.104587,0.04329204559326172,1369.0,baseline
1777619857.104627,0.04333186149597168,1369.0,baseline
1777619857.104667,0.04337191581726074,1368.0,baseline
1777619857.104707,0.043411970138549805,1370.0,baseline
1777619857.104747,0.04345202445983887,1368.0,baseline
1777619857.104786,0.04349088668823242,1366.0,baseline
1777619857.1048262,0.043531179428100586,1370.0,baseline
1777619857.104867,0.04357194900512695,1369.0,baseline
1777619857.104913,0.043617963790893555,1369.0,baseline
1777619857.104954,0.04365897178649902,1359.0,baseline
1777619857.104993,0.04369807243347168,1363.0,baseline
1777619857.105033,0.04373788833618164,1366.0,baseline
1777619857.105074,0.04377889633178711,1367.0,baseline
1777619857.1051142,0.04381918907165527,1368.0,baseline
1777619857.105155,0.04385995864868164,1367.0,baseline
1777619857.105196,0.04390096664428711,1369.0,baseline
1777619857.105236,0.04394102096557617,1368.0,baseline
1777619857.1052759,0.04398083686828613,1370.0,baseline
1777619857.105317,0.0440220832824707,1370.0,baseline
1777619857.1053581,0.04406309127807617,1370.0,baseline
1777619857.1053991,0.04410409927368164,1370.0,baseline
1777619857.10544,0.04414486885070801,1367.0,baseline
1777619857.105481,0.04418587684631348,1367.0,baseline
1777619857.105522,0.044226884841918945,1368.0,baseline
1777619857.1055622,0.04426717758178711,1370.0,baseline
1777619857.105603,0.04430794715881348,1369.0,baseline
1777619857.105644,0.044348955154418945,1369.0,baseline
1777619857.105684,0.04438900947570801,1369.0,baseline
1777619857.1057248,0.044429779052734375,1369.0,baseline
1777619857.1057658,0.044470787048339844,1370.0,baseline
1777619857.105812,0.04451704025268555,1371.0,baseline
1777619857.1058528,0.044557809829711914,1370.0,baseline
1777619857.1058939,0.04459881782531738,1372.0,baseline
1777619857.105935,0.04464006423950195,1372.0,baseline
1777619857.1059752,0.044680118560791016,1369.0,baseline
1777619857.106016,0.04472088813781738,1368.0,baseline
1777619857.106057,0.04476189613342285,1367.0,baseline
1777619857.106097,0.044801950454711914,1365.0,baseline
1777619857.1061382,0.044843196868896484,1370.0,baseline
1777619857.106178,0.044883012771606445,1372.0,baseline
1777619857.106219,0.044924020767211914,1371.0,baseline
1777619857.10626,0.04496502876281738,1370.0,baseline
1777619857.1062999,0.045004844665527344,1367.0,baseline
1777619857.1063411,0.045046091079711914,1370.0,baseline
1777619857.106381,0.045085906982421875,1372.0,baseline
1777619857.106422,0.045126914978027344,1370.0,baseline
1777619857.106462,0.045166969299316406,1368.0,baseline
1777619857.106503,0.045207977294921875,1366.0,baseline
1777619857.106543,0.04524803161621094,1365.0,baseline
1777619857.106583,0.0452880859375,1368.0,baseline
1777619857.106623,0.04532790184020996,1367.0,baseline
1777619857.106666,0.045371055603027344,1368.0,baseline
1777619857.106706,0.045410871505737305,1369.0,baseline
1777619857.1067462,0.04545116424560547,1369.0,baseline
1777619857.106786,0.04549098014831543,1370.0,baseline
1777619857.106826,0.04553103446960449,1368.0,baseline
1777619857.106866,0.04557085037231445,1369.0,baseline
1777619857.1069062,0.04561114311218262,1368.0,baseline
1777619857.106946,0.04565095901489258,1370.0,baseline
1777619857.106986,0.04569101333618164,1371.0,baseline
1777619857.107027,0.04573202133178711,1370.0,baseline
1777619857.1070669,0.04577183723449707,1366.0,baseline
1777619857.1071072,0.045812129974365234,1369.0,baseline
1777619857.107147,0.045851945877075195,1368.0,baseline
1777619857.107187,0.04589200019836426,1370.0,baseline
1777619857.1072268,0.04593181610107422,1368.0,baseline
1777619857.1072671,0.04597210884094238,1368.0,baseline
1777619857.107307,0.046011924743652344,1369.0,baseline
1777619857.107347,0.046051979064941406,1370.0,baseline
1777619857.107386,0.04609107971191406,1370.0,baseline
1777619857.1074271,0.04613208770751953,1370.0,baseline
1777619857.107467,0.04617190361022949,1371.0,baseline
1777619857.107507,0.046211957931518555,1369.0,baseline
1777619857.107554,0.04625892639160156,1370.0,baseline
1777619857.107594,0.046298980712890625,1368.0,baseline
1777619857.1076338,0.046338796615600586,1370.0,baseline
1777619857.1076741,0.04637908935546875,1369.0,baseline
1777619857.107714,0.04641890525817871,1366.0,baseline
1777619857.107754,0.04645895957946777,1365.0,baseline
1777619857.1077938,0.046498775482177734,1367.0,baseline
1777619857.1078331,0.04653811454772949,1370.0,baseline
1777619857.107873,0.04657793045043945,1370.0,baseline
1777619857.107913,0.046617984771728516,1366.0,baseline
1777619857.1079528,0.04665780067443848,1368.0,baseline
1777619857.1079931,0.04669809341430664,1367.0,baseline
1777619857.108032,0.046736955642700195,1367.0,baseline
1777619857.108068,0.04677295684814453,1367.0,baseline
1777619857.108104,0.04680895805358887,1367.0,baseline
1777619857.10814,0.0468449592590332,1367.0,baseline
1777619857.108175,0.04688000679016113,1367.0,baseline
1777619857.108211,0.04691600799560547,1369.0,baseline
1777619857.108246,0.0469510555267334,1369.0,baseline
1777619857.108282,0.046987056732177734,1367.0,baseline
1777619857.108317,0.04702186584472656,1369.0,baseline
1777619857.1083531,0.04705810546875,1369.0,baseline
1777619857.108392,0.047096967697143555,1368.0,baseline
1777619857.108427,0.047132015228271484,1367.0,baseline
1777619857.108462,0.047167062759399414,1367.0,baseline
1777619857.108497,0.04720187187194824,1369.0,baseline
1777619857.108533,0.04723787307739258,1369.0,baseline
1777619857.108568,0.04727292060852051,1369.0,baseline
1777619857.1086028,0.047307729721069336,1368.0,baseline
1777619857.108999,0.04770398139953613,1367.0,baseline
1777619857.10904,0.0477449893951416,1369.0,baseline
1777619857.109078,0.04778289794921875,1369.0,baseline
1777619857.1091142,0.04781913757324219,1368.0,baseline
1777619857.109151,0.04785585403442383,1369.0,baseline
1777619857.109186,0.04789090156555176,1369.0,baseline
1777619857.109222,0.047926902770996094,1369.0,baseline
1777619857.109258,0.04796290397644043,1367.0,baseline
1777619857.109293,0.04799795150756836,1368.0,baseline
1777619857.109329,0.048033952713012695,1367.0,baseline
1777619857.109364,0.048069000244140625,1365.0,baseline
1777619857.1094,0.04810500144958496,1367.0,baseline
1777619857.1094348,0.04813981056213379,1366.0,baseline
1777619857.109471,0.04817605018615723,1365.0,baseline
1777619857.1095092,0.04821419715881348,1366.0,baseline
1777619857.109546,0.04825091361999512,1370.0,baseline
1777619857.1095822,0.048287153244018555,1370.0,baseline
1777619857.109618,0.04832291603088379,1369.0,baseline
1777619857.109653,0.04835796356201172,1367.0,baseline
1777619857.109689,0.048393964767456055,1369.0,baseline
1777619857.1097238,0.04842877388000488,1368.0,baseline
1777619857.109759,0.048464059829711914,1369.0,baseline
1777619857.109795,0.04850006103515625,1367.0,baseline
1777619857.1098309,0.048535823822021484,1368.0,baseline
1777619857.109867,0.04857206344604492,1370.0,baseline
1777619857.1099021,0.04860711097717285,1370.0,baseline
1777619857.109937,0.04864192008972168,1369.0,baseline
1777619857.109973,0.048677921295166016,1370.0,baseline
1777619857.1100092,0.04871416091918945,1366.0,baseline
1777619857.110044,0.04874897003173828,1369.0,baseline
1777619857.11008,0.04878497123718262,1367.0,baseline
1777619857.110115,0.04882001876831055,1368.0,baseline
1777619857.1101508,0.04885578155517578,1370.0,baseline
1777619857.110186,0.04889106750488281,1370.0,baseline
1777619857.1102211,0.04892611503601074,1370.0,baseline
1777619857.110257,0.04896187782287598,1368.0,baseline
1777619857.1102972,0.04900217056274414,1365.0,baseline
1777619857.110332,0.04903697967529297,1368.0,baseline
1777619857.110367,0.0490720272064209,1366.0,baseline
1777619857.110402,0.04910707473754883,1370.0,baseline
1777619857.1104379,0.04914283752441406,1371.0,baseline
1777619857.110473,0.04917788505554199,1373.0,baseline
1777619857.110508,0.04921293258666992,1364.0,baseline
1777619857.110543,0.04924798011779785,1365.0,baseline
1777619857.1105778,0.04928278923034668,1365.0,baseline
1777619857.110614,0.04931902885437012,1368.0,baseline
1777619857.1106482,0.04935312271118164,1375.0,baseline
1777619857.110683,0.04938793182373047,1370.0,baseline
1777619857.110719,0.049423933029174805,1365.0,baseline
1777619857.110754,0.049458980560302734,1368.0,baseline
1777619857.110789,0.049494028091430664,1371.0,baseline
1777619857.1108239,0.04952883720397949,1370.0,baseline
1777619857.110859,0.04956388473510742,1366.0,baseline
1777619857.110894,0.04959893226623535,1365.0,baseline
1777619857.110929,0.04963397979736328,1363.0,baseline
1777619857.110964,0.04966902732849121,1368.0,baseline
1777619857.110999,0.04970407485961914,1372.0,baseline
1777619857.1110342,0.04973912239074707,1373.0,baseline
1777619857.111077,0.04978203773498535,1369.0,baseline
1777619857.1111119,0.04981684684753418,1367.0,baseline
1777619857.111147,0.04985189437866211,1369.0,baseline
1777619857.111182,0.04988694190979004,1370.0,baseline
1777619857.1112168,0.04992175102233887,1372.0,baseline
1777619857.111252,0.0499570369720459,1371.0,baseline
1777619857.111288,0.049993038177490234,1369.0,baseline
1777619857.1113229,0.05002784729003906,1368.0,baseline
1777619857.111358,0.05006289482116699,1368.0,baseline
1777619857.111393,0.05009794235229492,1367.0,baseline
1777619857.111428,0.05013298988342285,1368.0,baseline
1777619857.1114628,0.05016779899597168,1367.0,baseline
1777619857.1114979,0.05020284652709961,1367.0,baseline
1777619857.111534,0.05023908615112305,1367.0,baseline
1777619857.111569,0.050273895263671875,1367.0,baseline
1777619857.111604,0.050308942794799805,1366.0,baseline
1777619857.111639,0.050343990325927734,1367.0,baseline
1777619857.1116748,0.05037975311279297,1368.0,baseline
1777619857.1117098,0.0504148006439209,1368.0,baseline
1777619857.111746,0.050451040267944336,1367.0,baseline
1777619857.1117811,0.050486087799072266,1367.0,baseline
1777619857.111823,0.05052804946899414,1368.0,baseline
1777619857.1118588,0.050563812255859375,1369.0,baseline
1777619857.111895,0.05060005187988281,1370.0,baseline
1777619857.1119301,0.05063509941101074,1370.0,baseline
1777619857.111965,0.05066990852355957,1370.0,baseline
1777619857.112,0.0507049560546875,1369.0,baseline
1777619857.112035,0.05074000358581543,1367.0,baseline
1777619857.1120698,0.05077481269836426,1369.0,baseline
1777619857.112105,0.05080986022949219,1369.0,baseline
1777619857.11214,0.05084490776062012,1368.0,baseline
1777619857.112175,0.05087995529174805,1367.0,baseline
1777619857.11221,0.05091500282287598,1367.0,baseline
1777619857.112245,0.050950050354003906,1367.0,baseline
1777619857.1122801,0.050985097885131836,1368.0,baseline
1777619857.112315,0.051019906997680664,1369.0,baseline
1777619857.112351,0.051055908203125,1368.0,baseline
1777619857.112386,0.05109095573425293,1368.0,baseline
1777619857.112421,0.05112600326538086,1365.0,baseline
1777619857.1124558,0.05116081237792969,1366.0,baseline
1777619857.112491,0.05119585990905762,1366.0,baseline
1777619857.1125262,0.05123114585876465,1366.0,baseline
1777619857.112562,0.05126690864562988,1365.0,baseline
1777619857.112601,0.05130600929260254,1369.0,baseline
1777619857.1126359,0.05134081840515137,1367.0,baseline
1777619857.112672,0.051377058029174805,1368.0,baseline
1777619857.1127071,0.051412105560302734,1369.0,baseline
1777619857.112742,0.05144691467285156,1368.0,baseline
1777619857.112778,0.0514829158782959,1367.0,baseline
1777619857.112813,0.05151796340942383,1367.0,baseline
1777619857.1128478,0.051552772521972656,1369.0,baseline
1777619857.112884,0.051589012145996094,1371.0,baseline
1777619857.112919,0.05162405967712402,1370.0,baseline
1777619857.1129541,0.05165910720825195,1371.0,baseline
1777619857.112989,0.05169391632080078,1371.0,baseline
1777619857.113025,0.05172991752624512,1367.0,baseline
1777619857.11306,0.05176496505737305,1366.0,baseline
1777619857.1130948,0.051799774169921875,1369.0,baseline
1777619857.11313,0.051835060119628906,1368.0,baseline
1777619857.113166,0.05187106132507324,1367.0,baseline
1777619857.113201,0.05190587043762207,1368.0,baseline
1777619857.113236,0.05194091796875,1367.0,baseline
1777619857.113271,0.05197596549987793,1365.0,baseline
1777619857.113306,0.05201101303100586,1368.0,baseline
1777619857.1133409,0.05204582214355469,1368.0,baseline
1777619857.1133828,0.05208778381347656,1368.0,baseline
1777619857.113418,0.052123069763183594,1367.0,baseline
1777619857.113454,0.05215907096862793,1367.0,baseline
1777619857.1134899,0.052194833755493164,1370.0,baseline
1777619857.113526,0.0522310733795166,1367.0,baseline
1777619857.113562,0.05226707458496094,1365.0,baseline
1777619857.113597,0.052301883697509766,1368.0,baseline
1777619857.113632,0.052336931228637695,1366.0,baseline
1777619857.113667,0.052371978759765625,1367.0,baseline
1777619857.1137018,0.05240678787231445,1371.0,baseline
1777619857.1137369,0.05244183540344238,1370.0,baseline
1777619857.113772,0.05247688293457031,1370.0,baseline
1777619857.113808,0.05251288414001465,1371.0,baseline
1777619857.113843,0.05254793167114258,1370.0,baseline
1777619857.113878,0.05258297920227051,1370.0,baseline
1777619857.113914,0.052618980407714844,1369.0,baseline
1777619857.1139488,0.05265378952026367,1369.0,baseline
1777619857.113984,0.0526890754699707,1368.0,baseline
1777619857.1140192,0.05272412300109863,1367.0,baseline
1777619857.114054,0.05275893211364746,1369.0,baseline
1777619857.114089,0.05279397964477539,1371.0,baseline
1777619857.114125,0.05282998085021973,1369.0,baseline
1777619857.114167,0.0528719425201416,1366.0,baseline
1777619857.114202,0.05290699005126953,1369.0,baseline
1777619857.1142652,0.052970170974731445,1367.0,baseline
1777619857.1143,0.05300498008728027,1367.0,baseline
1777619857.114336,0.05304098129272461,1367.0,baseline
1777619857.114372,0.053076982498168945,1368.0,baseline
1777619857.1144068,0.05311179161071777,1366.0,baseline
1777619857.1144419,0.0531468391418457,1367.0,baseline
1777619857.114478,0.05318307876586914,1368.0,baseline
1777619857.114512,0.05321693420410156,1368.0,baseline
1777619857.114547,0.05325198173522949,1369.0,baseline
1777619857.114583,0.05328798294067383,1370.0,baseline
1777619857.114618,0.05332303047180176,1367.0,baseline
1777619857.1146529,0.053357839584350586,1366.0,baseline
1777619857.114689,0.05339407920837402,1368.0,baseline
1777619857.1147242,0.05342912673950195,1365.0,baseline
1777619857.114759,0.05346393585205078,1366.0,baseline
1777619857.114794,0.05349898338317871,1367.0,baseline
1777619857.114829,0.05353403091430664,1369.0,baseline
1777619857.114864,0.05356907844543457,1367.0,baseline
1777619857.114899,0.0536038875579834,1369.0,baseline
1777619857.114938,0.053642988204956055,1369.0,baseline
1777619857.114976,0.0536808967590332,1371.0,baseline
1777619857.115011,0.05371594429016113,1368.0,baseline
1777619857.1150458,0.05375075340270996,1367.0,baseline
1777619857.115082,0.0537869930267334,1369.0,baseline
1777619857.115117,0.05382204055786133,1368.0,baseline
1777619857.1151528,0.05385780334472656,1368.0,baseline
1777619857.115188,0.05389285087585449,1369.0,baseline
1777619857.115223,0.05392789840698242,1371.0,baseline
1777619857.1152582,0.05396318435668945,1369.0,baseline
1777619857.115294,0.05399894714355469,1367.0,baseline
1777619857.115329,0.05403399467468262,1367.0,baseline
1777619857.115364,0.05406904220581055,1368.0,baseline
1777619857.115399,0.054103851318359375,1368.0,baseline
1777619857.115434,0.054138898849487305,1365.0,baseline
1777619857.115469,0.054173946380615234,1366.0,baseline
1777619857.115504,0.054208993911743164,1367.0,baseline
1777619857.1155388,0.05424380302429199,1369.0,baseline
1777619857.1155741,0.05427908897399902,1370.0,baseline
1777619857.1156101,0.05431509017944336,1370.0,baseline
1777619857.115645,0.05434989929199219,1368.0,baseline
1777619857.11568,0.05438494682312012,1370.0,baseline
1777619857.115722,0.05442690849304199,1370.0,baseline
1777619857.115757,0.05446195602416992,1370.0,baseline
1777619857.1157918,0.05449676513671875,1370.0,baseline
1777619857.1158268,0.05453181266784668,1369.0,baseline
1777619857.115863,0.05456805229187012,1366.0,baseline
1777619857.1158981,0.05460309982299805,1367.0,baseline
1777619857.115933,0.054637908935546875,1366.0,baseline
1777619857.115969,0.05467391014099121,1365.0,baseline
1777619857.116004,0.05470895767211914,1368.0,baseline
1777619857.11604,0.05474495887756348,1366.0,baseline
1777619857.116075,0.054780006408691406,1369.0,baseline
1777619857.11611,0.054815053939819336,1370.0,baseline
1777619857.1161458,0.05485081672668457,1370.0,baseline
1777619857.116181,0.0548858642578125,1368.0,baseline
1777619857.1162162,0.05492115020751953,1366.0,baseline
1777619857.116251,0.05495595932006836,1368.0,baseline
1777619857.116286,0.05499100685119629,1367.0,baseline
1777619857.116321,0.05502605438232422,1368.0,baseline
1777619857.116357,0.055062055587768555,1370.0,baseline
1777619857.116392,0.05509686470031738,1369.0,baseline
1777619857.116427,0.05513191223144531,1369.0,baseline
1777619857.116462,0.05516695976257324,1370.0,baseline
1777619857.116502,0.055207014083862305,1369.0,baseline
1777619857.116538,0.05524301528930664,1367.0,baseline
1777619857.1165729,0.05527782440185547,1370.0,baseline
1777619857.116609,0.055314064025878906,1371.0,baseline
1777619857.1166441,0.055349111557006836,1369.0,baseline
1777619857.116679,0.055383920669555664,1369.0,baseline
1777619857.116714,0.055418968200683594,1371.0,baseline
1777619857.116749,0.05545401573181152,1371.0,baseline
1777619857.116784,0.05548906326293945,1370.0,baseline
1777619857.116819,0.05552387237548828,1370.0,baseline
1777619857.1168551,0.05556011199951172,1368.0,baseline
1777619857.1168902,0.05559515953063965,1368.0,baseline
1777619857.116925,0.05562996864318848,1370.0,baseline
1777619857.116961,0.05566596984863281,1371.0,baseline
1777619857.116996,0.05570101737976074,1372.0,baseline
1777619857.1170309,0.05573582649230957,1371.0,baseline
1777619857.117066,0.0557708740234375,1368.0,baseline
1777619857.117101,0.05580592155456543,1369.0,baseline
1777619857.117165,0.05587005615234375,1369.0,baseline
1777619857.1172018,0.05590677261352539,1371.0,baseline
1777619857.117238,0.05594301223754883,1370.0,baseline
1777619857.117273,0.05597805976867676,1367.0,baseline
1777619857.117318,0.05602288246154785,1370.0,baseline
1777619857.117354,0.05605888366699219,1369.0,baseline
1777619857.117389,0.05609393119812012,1370.0,baseline
1777619857.117424,0.05612897872924805,1370.0,baseline
1777619857.11746,0.05616497993469238,1368.0,baseline
1777619857.117495,0.05620002746582031,1367.0,baseline
1777619857.11753,0.05623507499694824,1370.0,baseline
1777619857.117565,0.05626988410949707,1370.0,baseline
1777619857.117602,0.056307077407836914,1368.0,baseline
1777619857.1176379,0.05634284019470215,1370.0,baseline
1777619857.117673,0.05637788772583008,1369.0,baseline
1777619857.117708,0.05641293525695801,1368.0,baseline
1777619857.117743,0.05644798278808594,1369.0,baseline
1777619857.1177778,0.056482791900634766,1367.0,baseline
1777619857.117814,0.0565190315246582,1370.0,baseline
1777619857.117849,0.05655407905578613,1370.0,baseline
1777619857.117884,0.05658888816833496,1371.0,baseline
1777619857.117919,0.05662393569946289,1369.0,baseline
1777619857.117955,0.05665993690490723,1370.0,baseline
1777619857.1179898,0.056694746017456055,1370.0,baseline
1777619857.118025,0.056730031967163086,1367.0,baseline
1777619857.1180642,0.05676913261413574,1366.0,baseline
1777619857.118101,0.05680584907531738,1369.0,baseline
1777619857.1181362,0.056841135025024414,1370.0,baseline
1777619857.118172,0.05687689781188965,1369.0,baseline
1777619857.118207,0.05691194534301758,1368.0,baseline
1777619857.118242,0.05694699287414551,1368.0,baseline
1777619857.118277,0.05698204040527344,1368.0,baseline
1777619857.118313,0.05701804161071777,1368.0,baseline
1777619857.11835,0.057054996490478516,1369.0,baseline
1777619857.1183848,0.057089805603027344,1370.0,baseline
1777619857.11842,0.05712485313415527,1368.0,baseline
1777619857.118455,0.0571599006652832,1368.0,baseline
1777619857.118491,0.05719590187072754,1370.0,baseline
1777619857.118526,0.05723094940185547,1369.0,baseline
1777619857.118561,0.0572659969329834,1368.0,baseline
1777619857.118596,0.05730104446411133,1371.0,baseline
1777619857.118631,0.057335853576660156,1368.0,baseline
1777619857.1186671,0.057372093200683594,1368.0,baseline
1777619857.1187022,0.05740714073181152,1369.0,baseline
1777619857.118737,0.05744194984436035,1370.0,baseline
1777619857.118772,0.05747699737548828,1371.0,baseline
1777619857.118807,0.05751204490661621,1368.0,baseline
1777619857.118853,0.05755805969238281,1368.0,baseline
1777619857.11889,0.057595014572143555,1370.0,baseline
1777619857.118925,0.057630062103271484,1370.0,baseline
1777619857.1189601,0.057665109634399414,1372.0,baseline
1777619857.118995,0.05769991874694824,1369.0,baseline
1777619857.11903,0.05773496627807617,1366.0,baseline
1777619857.119065,0.0577700138092041,1366.0,baseline
1777619857.1190999,0.05780482292175293,1367.0,baseline
1777619857.119136,0.05784106254577637,1369.0,baseline
1777619857.1191711,0.0578761100769043,1369.0,baseline
1777619857.119206,0.057910919189453125,1367.0,baseline
1777619857.119241,0.057945966720581055,1368.0,baseline
1777619857.119277,0.05798196792602539,1368.0,baseline
1777619857.1193118,0.05801677703857422,1368.0,baseline
1777619857.1193469,0.05805182456970215,1367.0,baseline
1777619857.119382,0.05808687210083008,1368.0,baseline
1777619857.1194172,0.05812215805053711,1370.0,baseline
1777619857.119453,0.058157920837402344,1369.0,baseline
1777619857.119488,0.05819296836853027,1367.0,baseline
1777619857.119523,0.0582280158996582,1368.0,baseline
1777619857.1195579,0.05826282501220703,1370.0,baseline
1777619857.119622,0.05832695960998535,1367.0,baseline
1777619857.1196642,0.05836915969848633,1366.0,baseline
1777619857.119701,0.05840587615966797,1368.0,baseline
1777619857.119736,0.0584409236907959,1369.0,baseline
1777619857.1197708,0.05847573280334473,1365.0,baseline
1777619857.119806,0.05851101875305176,1369.0,baseline
1777619857.119842,0.058547019958496094,1368.0,baseline
1777619857.119875,0.05857992172241211,1369.0,baseline
1777619857.1199071,0.05861210823059082,1372.0,baseline
1777619857.119939,0.05864405632019043,1370.0,baseline
1777619857.11997,0.05867505073547363,1370.0,baseline
1777619857.120002,0.05870699882507324,1370.0,baseline
1777619857.120034,0.05873894691467285,1368.0,baseline
1777619857.120065,0.058769941329956055,1367.0,baseline
1777619857.120097,0.058801889419555664,1370.0,baseline
1777619857.120128,0.05883288383483887,1368.0,baseline
1777619857.12016,0.05886507034301758,1366.0,baseline
1777619857.120192,0.05889701843261719,1368.0,baseline
1777619857.120223,0.05892801284790039,1369.0,baseline
1777619857.120255,0.0589599609375,1367.0,baseline
1777619857.120286,0.0589909553527832,1367.0,baseline
1777619857.120318,0.05902290344238281,1367.0,baseline
1777619857.120349,0.059053897857666016,1366.0,baseline
1777619857.120387,0.059092044830322266,1366.0,baseline
1777619857.120419,0.059123992919921875,1367.0,baseline
1777619857.120451,0.059155941009521484,1366.0,baseline
1777619857.1204832,0.059188127517700195,1365.0,baseline
1777619857.1205142,0.0592191219329834,1368.0,baseline
1777619857.120546,0.05925107002258301,1367.0,baseline
1777619857.120577,0.05928206443786621,1366.0,baseline
1777619857.120609,0.05931401252746582,1366.0,baseline
1777619857.12064,0.05934500694274902,1365.0,baseline
1777619857.120672,0.05937695503234863,1365.0,baseline
1777619857.120704,0.05940890312194824,1366.0,baseline
1777619857.120735,0.059439897537231445,1367.0,baseline
1777619857.1207669,0.059471845626831055,1368.0,baseline
1777619857.120799,0.059504032135009766,1370.0,baseline
1777619857.120831,0.059535980224609375,1370.0,baseline
1777619857.120863,0.059567928314208984,1372.0,baseline
1777619857.120894,0.05959892272949219,1370.0,baseline
1777619857.120926,0.0596308708190918,1369.0,baseline
1777619857.1209579,0.059662818908691406,1370.0,baseline
1777619857.12099,0.05969500541687012,1370.0,baseline
1777619857.121022,0.05972695350646973,1370.0,baseline
1777619857.1210592,0.05976414680480957,1369.0,baseline
1777619857.121093,0.05979800224304199,1368.0,baseline
1777619857.1211252,0.0598301887512207,1367.0,baseline
1777619857.1211572,0.05986213684082031,1368.0,baseline
1777619857.121189,0.05989408493041992,1367.0,baseline
1777619857.1212218,0.059926748275756836,1369.0,baseline
1777619857.121254,0.05995893478393555,1367.0,baseline
1777619857.121286,0.059990882873535156,1366.0,baseline
1777619857.1213171,0.06002211570739746,1367.0,baseline
1777619857.121349,0.06005406379699707,1369.0,baseline
1777619857.121381,0.06008601188659668,1366.0,baseline
1777619857.1214132,0.06011819839477539,1370.0,baseline
1777619857.121446,0.060150861740112305,1369.0,baseline
1777619857.1214778,0.060182809829711914,1371.0,baseline
1777619857.1215098,0.06021475791931152,1371.0,baseline
1777619857.121542,0.060246944427490234,1367.0,baseline
1777619857.121574,0.060278892517089844,1368.0,baseline
1777619857.1216059,0.06031084060668945,1369.0,baseline
1777619857.1216378,0.06034278869628906,1369.0,baseline
1777619857.1216698,0.06037473678588867,1370.0,baseline
1777619857.121702,0.06040692329406738,1369.0,baseline
1777619857.121734,0.06043887138366699,1365.0,baseline
1777619857.121769,0.06047391891479492,1368.0,baseline
1777619857.121805,0.06050992012023926,1369.0,baseline
1777619857.121836,0.06054091453552246,1370.0,baseline
1777619857.1218681,0.06057310104370117,1369.0,baseline
1777619857.1219,0.06060504913330078,1365.0,baseline
1777619857.121932,0.06063699722290039,1368.0,baseline
1777619857.121964,0.0606689453125,1369.0,baseline
1777619857.121996,0.06070089340209961,1370.0,baseline
1777619857.122029,0.06073403358459473,1367.0,baseline
1777619857.122062,0.06076693534851074,1370.0,baseline
1777619857.1220942,0.06079912185668945,1370.0,baseline
1777619857.122127,0.06083202362060547,1367.0,baseline
1777619857.122159,0.06086397171020508,1368.0,baseline
1777619857.122192,0.060896873474121094,1367.0,baseline
1777619857.122224,0.060929059982299805,1368.0,baseline
1777619857.122257,0.06096196174621582,1369.0,baseline
1777619857.122289,0.06099390983581543,1368.0,baseline
1777619857.1223218,0.061026811599731445,1366.0,baseline
1777619857.1223528,0.06105780601501465,1369.0,baseline
1777619857.1223848,0.06108975410461426,1370.0,baseline
1777619857.122418,0.061122894287109375,1366.0,baseline
1777619857.1224499,0.061154842376708984,1368.0,baseline
1777619857.122487,0.06119203567504883,1368.0,baseline
1777619857.12252,0.061224937438964844,1368.0,baseline
1777619857.122553,0.06125807762145996,1369.0,baseline
1777619857.122585,0.06129002571105957,1367.0,baseline
1777619857.122617,0.06132197380065918,1369.0,baseline
1777619857.1226492,0.06135416030883789,1367.0,baseline
1777619857.1226811,0.0613861083984375,1366.0,baseline
1777619857.122713,0.06141805648803711,1367.0,baseline
1777619857.122745,0.06145000457763672,1368.0,baseline
1777619857.1227782,0.061483144760131836,1367.0,baseline
1777619857.1228101,0.061515092849731445,1367.0,baseline
1777619857.122842,0.061547040939331055,1368.0,baseline
1777619857.122874,0.061578989028930664,1368.0,baseline
1777619857.1229062,0.061611175537109375,1367.0,baseline
1777619857.1229389,0.06164383888244629,1368.0,baseline
1777619857.12297,0.061675071716308594,1368.0,baseline
1777619857.123002,0.0617070198059082,1364.0,baseline
1777619857.123034,0.06173896789550781,1366.0,baseline
1777619857.1230662,0.06177115440368652,1369.0,baseline
1777619857.1230981,0.06180310249328613,1370.0,baseline
1777619857.12313,0.06183505058288574,1369.0,baseline
1777619857.123162,0.06186699867248535,1367.0,baseline
1777619857.123198,0.06190299987792969,1372.0,baseline
1777619857.12323,0.0619349479675293,1368.0,baseline
1777619857.123262,0.061966896057128906,1366.0,baseline
1777619857.1232939,0.061998844146728516,1365.0,baseline
1777619857.123326,0.06203103065490723,1366.0,baseline
1777619857.1233568,0.06206178665161133,1365.0,baseline
1777619857.123389,0.06209397315979004,1367.0,baseline
1777619857.12342,0.06212496757507324,1367.0,baseline
1777619857.123452,0.06215691566467285,1369.0,baseline
1777619857.123483,0.062187910079956055,1368.0,baseline
1777619857.123515,0.062219858169555664,1369.0,baseline
1777619857.1235468,0.06225180625915527,1370.0,baseline
1777619857.1235788,0.06228375434875488,1370.0,baseline
1777619857.12361,0.06231498718261719,1366.0,baseline
1777619857.1236422,0.0623471736907959,1368.0,baseline
1777619857.1236732,0.0623781681060791,1367.0,baseline
1777619857.1237051,0.06241011619567871,1369.0,baseline
1777619857.123737,0.06244206428527832,1369.0,baseline
1777619857.12377,0.062474966049194336,1367.0,baseline
1777619857.123801,0.06250596046447754,1366.0,baseline
1777619857.1238332,0.06253814697265625,1365.0,baseline
1777619857.1238651,0.06257009506225586,1365.0,baseline
1777619857.1239,0.06260490417480469,1366.0,baseline
1777619857.123932,0.0626368522644043,1368.0,baseline
1777619857.1239638,0.0626688003540039,1367.0,baseline
1777619857.1239948,0.06269979476928711,1368.0,baseline
1777619857.1240268,0.06273174285888672,1367.0,baseline
1777619857.124058,0.06276297569274902,1368.0,baseline
1777619857.1240902,0.06279516220092773,1368.0,baseline
1777619857.1241212,0.06282615661621094,1368.0,baseline
1777619857.1241531,0.06285810470581055,1368.0,baseline
1777619857.124185,0.06289005279541016,1370.0,baseline
1777619857.124217,0.06292200088500977,1368.0,baseline
1777619857.124248,0.06295299530029297,1367.0,baseline
1777619857.12428,0.06298494338989258,1367.0,baseline
1777619857.124311,0.06301593780517578,1367.0,baseline
1777619857.1243432,0.06304812431335449,1368.0,baseline
1777619857.124374,0.0630788803100586,1365.0,baseline
1777619857.124426,0.06313085556030273,1367.0,baseline
1777619857.124459,0.06316399574279785,1369.0,baseline
1777619857.124491,0.06319594383239746,1368.0,baseline
1777619857.124523,0.06322789192199707,1367.0,baseline
1777619857.124554,0.06325888633728027,1365.0,baseline
1777619857.1245859,0.06329083442687988,1367.0,baseline
1777619857.1246212,0.06332612037658691,1369.0,baseline
1777619857.124653,0.06335806846618652,1369.0,baseline
1777619857.124684,0.06338906288146973,1369.0,baseline
1777619857.124716,0.06342101097106934,1369.0,baseline
1777619857.124748,0.06345295906066895,1369.0,baseline
1777619857.124779,0.06348395347595215,1368.0,baseline
1777619857.124811,0.06351590156555176,1369.0,baseline
1777619857.1248431,0.06354808807373047,1370.0,baseline
1777619857.1248739,0.06357884407043457,1368.0,baseline
1777619857.1249049,0.06360983848571777,1367.0,baseline
1777619857.124937,0.06364202499389648,1367.0,baseline
1777619857.124968,0.06367301940917969,1368.0,baseline
1777619857.125,0.0637049674987793,1370.0,baseline
1777619857.125032,0.0637369155883789,1368.0,baseline
1777619857.125063,0.06376791000366211,1368.0,baseline
1777619857.125095,0.06379985809326172,1368.0,baseline
1777619857.1251268,0.06383180618286133,1368.0,baseline
1777619857.125159,0.06386399269104004,1368.0,baseline
1777619857.125191,0.06389594078063965,1368.0,baseline
1777619857.125222,0.06392693519592285,1368.0,baseline
1777619857.125254,0.06395888328552246,1369.0,baseline
1777619857.1252851,0.06399011611938477,1368.0,baseline
1777619857.125321,0.06402587890625,1370.0,baseline
1777619857.125352,0.0640568733215332,1369.0,baseline
1777619857.1253839,0.06408882141113281,1370.0,baseline
1777619857.1254148,0.06411981582641602,1370.0,baseline
1777619857.1254468,0.06415176391601562,1368.0,baseline
1777619857.125479,0.06418395042419434,1367.0,baseline
1777619857.12551,0.06421494483947754,1369.0,baseline
1777619857.125542,0.06424689292907715,1367.0,baseline
1777619857.1255732,0.06427812576293945,1367.0,baseline
1777619857.1256042,0.06430912017822266,1368.0,baseline
1777619857.125636,0.06434106826782227,1366.0,baseline
1777619857.125667,0.06437206268310547,1367.0,baseline
1777619857.125699,0.06440401077270508,1367.0,baseline
1777619857.12573,0.06443500518798828,1368.0,baseline
1777619857.125762,0.06446695327758789,1368.0,baseline
1777619857.125794,0.0644989013671875,1369.0,baseline
1777619857.1258261,0.06453108787536621,1368.0,baseline
1777619857.125858,0.06456303596496582,1368.0,baseline
1777619857.125889,0.06459403038024902,1369.0,baseline
1777619857.12592,0.06462502479553223,1368.0,baseline
1777619857.125952,0.06465697288513184,1369.0,baseline
1777619857.125983,0.06468796730041504,1370.0,baseline
1777619857.1260202,0.06472516059875488,1369.0,baseline
1777619857.1260521,0.06475710868835449,1369.0,baseline
1777619857.126084,0.0647890567779541,1368.0,baseline
1777619857.126115,0.0648200511932373,1370.0,baseline
1777619857.126147,0.06485199928283691,1369.0,baseline
1777619857.126178,0.06488299369812012,1367.0,baseline
1777619857.12621,0.06491494178771973,1366.0,baseline
1777619857.126241,0.06494593620300293,1367.0,baseline
1777619857.126273,0.06497788429260254,1370.0,baseline
1777619857.126304,0.06500887870788574,1369.0,baseline
1777619857.126336,0.06504106521606445,1367.0,baseline
1777619857.126368,0.06507301330566406,1368.0,baseline
1777619857.126399,0.06510400772094727,1369.0,baseline
1777619857.126431,0.06513595581054688,1370.0,baseline
1777619857.126463,0.06516790390014648,1370.0,baseline
1777619857.126495,0.0651998519897461,1368.0,baseline
1777619857.1265259,0.0652308464050293,1367.0,baseline
1777619857.126558,0.06526303291320801,1368.0,baseline
1777619857.1265888,0.06529378890991211,1369.0,baseline
1777619857.1266198,0.06532478332519531,1369.0,baseline
1777619857.126652,0.06535696983337402,1368.0,baseline
1777619857.126683,0.06538796424865723,1369.0,baseline
1777619857.12672,0.06542491912841797,1368.0,baseline
1777619857.126751,0.06545591354370117,1370.0,baseline
1777619857.126783,0.06548786163330078,1370.0,baseline
1777619857.126815,0.06552004814147949,1368.0,baseline
1777619857.1268458,0.0655508041381836,1368.0,baseline
1777619857.126878,0.0655829906463623,1366.0,baseline
1777619857.12691,0.06561493873596191,1366.0,baseline
1777619857.126941,0.06564593315124512,1368.0,baseline
1777619857.126972,0.06567692756652832,1370.0,baseline
1777619857.127004,0.06570887565612793,1370.0,baseline
1777619857.127052,0.06575703620910645,1371.0,baseline
1777619857.127084,0.06578898429870605,1369.0,baseline
1777619857.127118,0.06582307815551758,1367.0,baseline
1777619857.12715,0.06585502624511719,1370.0,baseline
1777619857.127181,0.06588602066040039,1370.0,baseline
1777619857.127213,0.06591796875,1370.0,baseline
1777619857.127245,0.06594991683959961,1370.0,baseline
1777619857.1272771,0.06598210334777832,1367.0,baseline
1777619857.1273081,0.06601309776306152,1368.0,baseline
1777619857.12734,0.06604504585266113,1369.0,baseline
1777619857.127372,0.06607699394226074,1369.0,baseline
1777619857.127412,0.0661170482635498,1370.0,baseline
1777619857.127446,0.06615090370178223,1369.0,baseline
1777619857.127477,0.06618189811706543,1367.0,baseline
1777619857.1275089,0.06621384620666504,1365.0,baseline
1777619857.1275399,0.06624484062194824,1367.0,baseline
1777619857.1275709,0.06627583503723145,1367.0,baseline
1777619857.127603,0.06630802154541016,1368.0,baseline
1777619857.127635,0.06633996963500977,1369.0,baseline
1777619857.127666,0.06637096405029297,1372.0,baseline
1777619857.127698,0.06640291213989258,1369.0,baseline
1777619857.12773,0.06643486022949219,1368.0,baseline
1777619857.127761,0.06646585464477539,1367.0,baseline
1777619857.1277928,0.066497802734375,1368.0,baseline
1777619857.1278248,0.06652975082397461,1368.0,baseline
1777619857.127854,0.0665590763092041,1368.0,baseline
1777619857.127883,0.06658792495727539,1367.0,baseline
1777619857.127912,0.06661701202392578,1369.0,baseline
1777619857.1279411,0.06664609909057617,1370.0,baseline
1777619857.12797,0.06667494773864746,1370.0,baseline
1777619857.1279979,0.06670284271240234,1370.0,baseline
1777619857.128027,0.06673192977905273,1368.0,baseline
1777619857.128056,0.06676101684570312,1369.0,baseline
1777619857.1280901,0.06679511070251465,1369.0,baseline
1777619857.128119,0.06682395935058594,1369.0,baseline
1777619857.128148,0.06685304641723633,1368.0,baseline
1777619857.128177,0.06688189506530762,1367.0,baseline
1777619857.128206,0.06691098213195801,1367.0,baseline
1777619857.128235,0.0669400691986084,1368.0,baseline
1777619857.128264,0.06696891784667969,1366.0,baseline
1777619857.128292,0.06699705123901367,1366.0,baseline
1777619857.128321,0.06702589988708496,1368.0,baseline
1777619857.12835,0.06705498695373535,1367.0,baseline
1777619857.1283789,0.06708383560180664,1369.0,baseline
1777619857.128408,0.06711292266845703,1370.0,baseline
1777619857.128437,0.06714200973510742,1367.0,baseline
1777619857.128466,0.06717085838317871,1367.0,baseline
1777619857.1284952,0.0672001838684082,1369.0,baseline
1777619857.128524,0.06722903251647949,1370.0,baseline
1777619857.128552,0.06725692749023438,1372.0,baseline
1777619857.128581,0.06728601455688477,1370.0,baseline
1777619857.1286101,0.06731510162353516,1369.0,baseline
1777619857.128639,0.06734395027160645,1365.0,baseline
1777619857.1286669,0.06737184524536133,1365.0,baseline
1777619857.128696,0.06740093231201172,1367.0,baseline
1777619857.128736,0.06744098663330078,1365.0,baseline
1777619857.1287649,0.06746983528137207,1366.0,baseline
1777619857.1287942,0.06749916076660156,1365.0,baseline
1777619857.128822,0.06752705574035645,1365.0,baseline
1777619857.128851,0.06755590438842773,1368.0,baseline
1777619857.12888,0.06758499145507812,1367.0,baseline
1777619857.128908,0.06761288642883301,1368.0,baseline
1777619857.128937,0.0676419734954834,1368.0,baseline
1777619857.1289659,0.06767082214355469,1367.0,baseline
1777619857.1289952,0.06770014762878418,1369.0,baseline
1777619857.129023,0.06772804260253906,1369.0,baseline
1777619857.12906,0.0677649974822998,1367.0,baseline
1777619857.1291058,0.0678107738494873,1367.0,baseline
1777619857.129136,0.0678410530090332,1362.0,baseline
1777619857.1291652,0.0678701400756836,1365.0,baseline
1777619857.129194,0.06789898872375488,1366.0,baseline
1777619857.129222,0.06792688369750977,1367.0,baseline
1777619857.129251,0.06795597076416016,1366.0,baseline
1777619857.12928,0.06798505783081055,1367.0,baseline
1777619857.129309,0.06801390647888184,1370.0,baseline
1777619857.129338,0.06804299354553223,1369.0,baseline
1777619857.129367,0.06807208061218262,1369.0,baseline
1777619857.1294012,0.06810617446899414,1370.0,baseline
1777619857.12943,0.06813502311706543,1372.0,baseline
1777619857.129459,0.06816387176513672,1369.0,baseline
1777619857.129487,0.0681920051574707,1365.0,baseline
1777619857.1295161,0.0682210922241211,1371.0,baseline
1777619857.129545,0.06824994087219238,1367.0,baseline
1777619857.1295738,0.06827878952026367,1367.0,baseline
1777619857.1296031,0.06830811500549316,1369.0,baseline
1777619857.129632,0.06833696365356445,1370.0,baseline
1777619857.1296608,0.06836581230163574,1369.0,baseline
1777619857.1296902,0.06839513778686523,1369.0,baseline
1777619857.129719,0.06842398643493652,1370.0,baseline
1777619857.1297479,0.06845283508300781,1370.0,baseline
1777619857.129777,0.0684819221496582,1370.0,baseline
1777619857.129806,0.0685110092163086,1369.0,baseline
1777619857.129834,0.06853890419006348,1369.0,baseline
1777619857.129863,0.06856799125671387,1371.0,baseline
1777619857.129892,0.06859707832336426,1371.0,baseline
1777619857.129921,0.06862592697143555,1368.0,baseline
1777619857.12995,0.06865501403808594,1367.0,baseline
1777619857.1299782,0.06868314743041992,1366.0,baseline
1777619857.130007,0.06871199607849121,1368.0,baseline
1777619857.130045,0.06874990463256836,1368.0,baseline
1777619857.130074,0.06877899169921875,1367.0,baseline
1777619857.130103,0.06880807876586914,1366.0,baseline
1777619857.130132,0.06883692741394043,1366.0,baseline
1777619857.13016,0.06886506080627441,1368.0,baseline
1777619857.130189,0.0688939094543457,1368.0,baseline
1777619857.130218,0.0689229965209961,1367.0,baseline
1777619857.1302469,0.06895184516906738,1367.0,baseline
1777619857.1302772,0.06898212432861328,1369.0,baseline
1777619857.130306,0.06901097297668457,1369.0,baseline
1777619857.130335,0.06904006004333496,1368.0,baseline
1777619857.130363,0.06906795501708984,1366.0,baseline
1777619857.130392,0.06909704208374023,1365.0,baseline
1777619857.130421,0.06912589073181152,1365.0,baseline
1777619857.1304488,0.0691537857055664,1366.0,baseline
1777619857.1304781,0.0691831111907959,1369.0,baseline
1777619857.130507,0.06921195983886719,1369.0,baseline
1777619857.130535,0.06923985481262207,1368.0,baseline
1777619857.1305642,0.06926918029785156,1370.0,baseline
1777619857.130593,0.06929802894592285,1370.0,baseline
1777619857.130621,0.06932592391967773,1368.0,baseline
1777619857.13065,0.06935501098632812,1370.0,baseline
1777619857.130687,0.06939196586608887,1367.0,baseline
1777619857.130717,0.06942200660705566,1367.0,baseline
1777619857.1307461,0.06945109367370605,1368.0,baseline
1777619857.130775,0.06947994232177734,1368.0,baseline
1777619857.1308029,0.06950783729553223,1367.0,baseline
1777619857.130832,0.06953692436218262,1368.0,baseline
1777619857.130861,0.06956601142883301,1369.0,baseline
1777619857.13089,0.0695948600769043,1369.0,baseline
1777619857.130919,0.06962394714355469,1370.0,baseline
1777619857.130948,0.06965303421020508,1367.0,baseline
1777619857.13098,0.06968498229980469,1367.0,baseline
1777619857.131008,0.06971287727355957,1369.0,baseline
1777619857.131037,0.06974196434020996,1369.0,baseline
1777619857.131066,0.06977105140686035,1369.0,baseline
1777619857.131095,0.06979990005493164,1368.0,baseline
1777619857.131124,0.06982898712158203,1367.0,baseline
1777619857.1311529,0.06985783576965332,1368.0,baseline
1777619857.131181,0.0698859691619873,1368.0,baseline
1777619857.13121,0.0699150562286377,1369.0,baseline
1777619857.131239,0.06994390487670898,1370.0,baseline
1777619857.131268,0.06997299194335938,1369.0,baseline
1777619857.131297,0.07000207901000977,1368.0,baseline
1777619857.13133,0.07003498077392578,1366.0,baseline
1777619857.13136,0.07006502151489258,1367.0,baseline
1777619857.131389,0.07009387016296387,1368.0,baseline
1777619857.131417,0.07012200355529785,1366.0,baseline
1777619857.1314461,0.07015109062194824,1368.0,baseline
1777619857.131475,0.07017993927001953,1369.0,baseline
1777619857.131504,0.07020902633666992,1366.0,baseline
1777619857.1315331,0.07023811340332031,1367.0,baseline
1777619857.131561,0.0702660083770752,1367.0,baseline
1777619857.13159,0.07029485702514648,1369.0,baseline
1777619857.131619,0.07032394409179688,1372.0,baseline
1777619857.131648,0.07035303115844727,1369.0,baseline
1777619857.131676,0.07038092613220215,1367.0,baseline
1777619857.131706,0.07041096687316895,1369.0,baseline
1777619857.1317341,0.07043910026550293,1369.0,baseline
1777619857.131763,0.07046794891357422,1368.0,baseline
1777619857.1317928,0.07049775123596191,1365.0,baseline
1777619857.1318212,0.070526123046875,1368.0,baseline
1777619857.13185,0.07055497169494629,1368.0,baseline
1777619857.1318789,0.07058382034301758,1365.0,baseline
1777619857.1319082,0.07061314582824707,1364.0,baseline
1777619857.131937,0.07064199447631836,1365.0,baseline
1777619857.131973,0.0706779956817627,1368.0,baseline
1777619857.132003,0.07070803642272949,1367.0,baseline
1777619857.132032,0.07073688507080078,1369.0,baseline
1777619857.132061,0.07076597213745117,1369.0,baseline
1777619857.1320891,0.07079410552978516,1367.0,baseline
1777619857.132118,0.07082295417785645,1366.0,baseline
1777619857.1321468,0.07085180282592773,1367.0,baseline
1777619857.1321752,0.07088017463684082,1367.0,baseline
1777619857.132204,0.07090902328491211,1366.0,baseline
1777619857.132233,0.0709378719329834,1365.0,baseline
1777619857.132262,0.07096695899963379,1365.0,baseline
1777619857.132291,0.07099604606628418,1366.0,baseline
1777619857.13232,0.07102489471435547,1364.0,baseline
1777619857.132349,0.07105398178100586,1367.0,baseline
1777619857.132378,0.07108306884765625,1369.0,baseline
1777619857.132407,0.07111191749572754,1369.0,baseline
1777619857.132436,0.07114100456237793,1367.0,baseline
1777619857.132465,0.07116985321044922,1368.0,baseline
1777619857.132494,0.07119894027709961,1366.0,baseline
1777619857.1325219,0.07122683525085449,1363.0,baseline
1777619857.132551,0.07125592231750488,1363.0,baseline
1777619857.13258,0.07128500938415527,1367.0,baseline
1777619857.1326132,0.07131814956665039,1370.0,baseline
1777619857.132642,0.07134699821472168,1369.0,baseline
1777619857.1326709,0.07137584686279297,1368.0,baseline
1777619857.1327,0.07140493392944336,1368.0,baseline
1777619857.132729,0.07143402099609375,1370.0,baseline
1777619857.132758,0.07146286964416504,1367.0,baseline
1777619857.132786,0.07149100303649902,1369.0,baseline
1777619857.1328151,0.07152009010314941,1371.0,baseline
1777619857.132844,0.0715489387512207,1369.0,baseline
1777619857.132873,0.0715780258178711,1369.0,baseline
1777619857.1329012,0.07160615921020508,1369.0,baseline
1777619857.13293,0.07163500785827637,1369.0,baseline
1777619857.132959,0.07166385650634766,1368.0,baseline
1777619857.132988,0.07169294357299805,1368.0,baseline
1777619857.133017,0.07172203063964844,1368.0,baseline
1777619857.133046,0.07175087928771973,1367.0,baseline
1777619857.1330738,0.07177877426147461,1366.0,baseline
1777619857.1331031,0.0718080997467041,1366.0,baseline
1777619857.133132,0.07183694839477539,1366.0,baseline
1777619857.133161,0.07186603546142578,1366.0,baseline
1777619857.13319,0.07189488410949707,1365.0,baseline
1777619857.133218,0.07192301750183105,1367.0,baseline
1777619857.133255,0.0719599723815918,1370.0,baseline
1777619857.133285,0.0719900131225586,1369.0,baseline
1777619857.133313,0.07201790809631348,1369.0,baseline
1777619857.133342,0.07204699516296387,1369.0,baseline
1777619857.1333709,0.07207584381103516,1369.0,baseline
1777619857.1334,0.07210493087768555,1367.0,baseline
1777619857.133429,0.07213401794433594,1365.0,baseline
1777619857.133475,0.07218003273010254,1365.0,baseline
1777619857.133505,0.07221007347106934,1366.0,baseline
1777619857.133533,0.07223796844482422,1369.0,baseline
1777619857.133562,0.07226705551147461,1368.0,baseline
1777619857.133591,0.0722959041595459,1367.0,baseline
1777619857.13362,0.07232499122619629,1369.0,baseline
1777619857.1336489,0.07235383987426758,1369.0,baseline
1777619857.1336782,0.07238316535949707,1369.0,baseline
1777619857.133708,0.07241296768188477,1368.0,baseline
1777619857.1337368,0.07244181632995605,1367.0,baseline
1777619857.133766,0.07247090339660645,1368.0,baseline
1777619857.133795,0.07249999046325684,1368.0,baseline
1777619857.133824,0.07252907752990723,1370.0,baseline
1777619857.133853,0.07255792617797852,1370.0,baseline
1777619857.133882,0.0725870132446289,1367.0,baseline
1777619857.133914,0.07261896133422852,1367.0,baseline
1777619857.133944,0.07264900207519531,1368.0,baseline
1777619857.133973,0.0726778507232666,1368.0,baseline
1777619857.134003,0.0727078914642334,1368.0,baseline
1777619857.1340318,0.07273674011230469,1367.0,baseline
1777619857.134061,0.07276606559753418,1369.0,baseline
1777619857.13409,0.07279491424560547,1367.0,baseline
1777619857.13412,0.07282495498657227,1368.0,baseline
1777619857.134149,0.07285404205322266,1367.0,baseline
1777619857.1341782,0.07288312911987305,1367.0,baseline
1777619857.134207,0.07291197776794434,1369.0,baseline
1777619857.134235,0.07293987274169922,1370.0,baseline
1777619857.134264,0.07296895980834961,1369.0,baseline
1777619857.134293,0.072998046875,1367.0,baseline
1777619857.134322,0.07302689552307129,1368.0,baseline
1777619857.134351,0.07305598258972168,1366.0,baseline
1777619857.13438,0.07308506965637207,1367.0,baseline
1777619857.134409,0.07311391830444336,1368.0,baseline
1777619857.134437,0.07314205169677734,1366.0,baseline
1777619857.1344728,0.07317781448364258,1368.0,baseline
1777619857.134502,0.07320690155029297,1369.0,baseline
1777619857.134531,0.07323598861694336,1369.0,baseline
1777619857.134563,0.07326793670654297,1368.0,baseline
1777619857.134593,0.07329797744750977,1366.0,baseline
1777619857.1346219,0.07332682609558105,1366.0,baseline
1777619857.134651,0.07335591316223145,1368.0,baseline
1777619857.13468,0.07338500022888184,1366.0,baseline
1777619857.134708,0.07341289520263672,1369.0,baseline
1777619857.134738,0.07344293594360352,1370.0,baseline
1777619857.134767,0.0734720230102539,1369.0,baseline
1777619857.1347961,0.0735011100769043,1368.0,baseline
1777619857.134825,0.07352995872497559,1367.0,baseline
1777619857.1348538,0.07355880737304688,1368.0,baseline
1777619857.134882,0.07358694076538086,1367.0,baseline
1777619857.134911,0.07361602783203125,1365.0,baseline
1777619857.13494,0.07364487648010254,1365.0,baseline
1777619857.134969,0.07367396354675293,1363.0,baseline
1777619857.134998,0.07370305061340332,1365.0,baseline
1777619857.135027,0.07373189926147461,1365.0,baseline
1777619857.1350558,0.0737607479095459,1367.0,baseline
1777619857.135085,0.07379007339477539,1369.0,baseline
1777619857.135114,0.07381892204284668,1369.0,baseline
1777619857.1351428,0.07384777069091797,1367.0,baseline
1777619857.1351712,0.07387614250183105,1369.0,baseline
1777619857.135206,0.07391095161437988,1370.0,baseline
1777619857.1352372,0.07394218444824219,1367.0,baseline
1777619857.135266,0.07397103309631348,1367.0,baseline
1777619857.135295,0.07399988174438477,1365.0,baseline
1777619857.135324,0.07402896881103516,1368.0,baseline
1777619857.135353,0.07405805587768555,1368.0,baseline
1777619857.135382,0.07408690452575684,1365.0,baseline
1777619857.135411,0.07411599159240723,1363.0,baseline
1777619857.1354392,0.07414412498474121,1362.0,baseline
1777619857.135468,0.0741729736328125,1366.0,baseline
1777619857.1354969,0.07420182228088379,1368.0,baseline
1777619857.135526,0.07423090934753418,1368.0,baseline
1777619857.135555,0.07425999641418457,1367.0,baseline
1777619857.135583,0.07428789138793945,1368.0,baseline
1777619857.135612,0.07431697845458984,1366.0,baseline
1777619857.135641,0.07434606552124023,1369.0,baseline
1777619857.13567,0.07437491416931152,1369.0,baseline
1777619857.135699,0.07440400123596191,1365.0,baseline
1777619857.135726,0.07443094253540039,1365.0,baseline
1777619857.135752,0.07445693016052246,1366.0,baseline
1777619857.1357791,0.07448410987854004,1367.0,baseline
1777619857.135805,0.07450985908508301,1366.0,baseline
1777619857.1358368,0.07454180717468262,1368.0,baseline
1777619857.135864,0.0745689868927002,1364.0,baseline
1777619857.135891,0.07459592819213867,1363.0,baseline
1777619857.135917,0.07462191581726074,1365.0,baseline
1777619857.135946,0.07465100288391113,1363.0,baseline
1777619857.1359732,0.07467818260192871,1360.0,baseline
1777619857.135999,0.07470393180847168,1362.0,baseline
1777619857.1360252,0.07473015785217285,1363.0,baseline
1777619857.136052,0.07475686073303223,1363.0,baseline
1777619857.136079,0.0747840404510498,1367.0,baseline
1777619857.136105,0.07481002807617188,1367.0,baseline
1777619857.136132,0.07483696937561035,1368.0,baseline
1777619857.136158,0.07486295700073242,1368.0,baseline
1777619857.1361852,0.07489013671875,1368.0,baseline
1777619857.136211,0.07491588592529297,1367.0,baseline
1777619857.136238,0.07494306564331055,1368.0,baseline
1777619857.136265,0.07497000694274902,1369.0,baseline
1777619857.136291,0.0749959945678711,1368.0,baseline
1777619857.136318,0.07502293586730957,1370.0,baseline
1777619857.136344,0.07504892349243164,1370.0,baseline
1777619857.136371,0.07507586479187012,1369.0,baseline
1777619857.1363971,0.07510209083557129,1367.0,baseline
1777619857.136427,0.07513189315795898,1366.0,baseline
1777619857.1364539,0.07515883445739746,1366.0,baseline
1777619857.13648,0.07518506050109863,1366.0,baseline
1777619857.1365068,0.07521176338195801,1367.0,baseline
1777619857.136534,0.07523894309997559,1367.0,baseline
1777619857.136561,0.07526588439941406,1365.0,baseline
1777619857.136587,0.07529187202453613,1366.0,baseline
1777619857.1366138,0.07531881332397461,1368.0,baseline
1777619857.13664,0.07534503936767578,1366.0,baseline
1777619857.1366668,0.07537174224853516,1366.0,baseline
1777619857.136693,0.07539796829223633,1369.0,baseline
1777619857.13672,0.0754249095916748,1366.0,baseline
1777619857.136746,0.07545089721679688,1365.0,baseline
1777619857.136773,0.07547807693481445,1367.0,baseline
1777619857.1367989,0.07550382614135742,1368.0,baseline
1777619857.136826,0.075531005859375,1370.0,baseline
1777619857.136852,0.07555699348449707,1369.0,baseline
1777619857.1368792,0.07558417320251465,1369.0,baseline
1777619857.136905,0.07560992240905762,1370.0,baseline
1777619857.1369321,0.0756371021270752,1370.0,baseline
1777619857.136959,0.07566404342651367,1370.0,baseline
1777619857.136985,0.07569003105163574,1367.0,baseline
1777619857.137015,0.07572007179260254,1368.0,baseline
1777619857.1370418,0.07574677467346191,1367.0,baseline
1777619857.137068,0.07577300071716309,1367.0,baseline
1777619857.137095,0.07579994201660156,1365.0,baseline
1777619857.137124,0.07582902908325195,1367.0,baseline
1777619857.137151,0.07585597038269043,1367.0,baseline
1777619857.137177,0.0758819580078125,1368.0,baseline
1777619857.137204,0.07590889930725098,1368.0,baseline
1777619857.1372302,0.07593512535095215,1365.0,baseline
1777619857.1372569,0.07596182823181152,1368.0,baseline
1777619857.137284,0.0759890079498291,1368.0,baseline
1777619857.13731,0.07601499557495117,1369.0,baseline
1777619857.137337,0.07604193687438965,1367.0,baseline
1777619857.137363,0.07606792449951172,1367.0,baseline
1777619857.1373901,0.0760951042175293,1365.0,baseline
1777619857.137417,0.07612204551696777,1365.0,baseline
1777619857.137443,0.07614803314208984,1365.0,baseline
1777619857.13747,0.07617497444152832,1367.0,baseline
1777619857.137496,0.07620096206665039,1366.0,baseline
1777619857.137523,0.07622790336608887,1367.0,baseline
1777619857.1375492,0.07625412940979004,1368.0,baseline
1777619857.1375759,0.07628083229064941,1369.0,baseline
1777619857.137609,0.07631397247314453,1368.0,baseline
1777619857.1376362,0.07634115219116211,1365.0,baseline
1777619857.137675,0.07638001441955566,1368.0,baseline
1777619857.137702,0.07640695571899414,1368.0,baseline
1777619857.137729,0.07643389701843262,1368.0,baseline
1777619857.1377568,0.0764617919921875,1367.0,baseline
1777619857.137784,0.07648897171020508,1369.0,baseline
1777619857.137811,0.07651591300964355,1370.0,baseline
1777619857.1378381,0.07654309272766113,1368.0,baseline
1777619857.137865,0.07657003402709961,1369.0,baseline
1777619857.137892,0.07659697532653809,1370.0,baseline
1777619857.137919,0.07662391662597656,1370.0,baseline
1777619857.1379461,0.07665109634399414,1368.0,baseline
1777619857.137973,0.07667803764343262,1369.0,baseline
1777619857.1379998,0.07670474052429199,1371.0,baseline
1777619857.138027,0.07673192024230957,1370.0,baseline
1777619857.1380532,0.07675814628601074,1369.0,baseline
1777619857.13808,0.07678484916687012,1368.0,baseline
1777619857.138106,0.07681107521057129,1368.0,baseline
1777619857.138133,0.07683801651000977,1367.0,baseline
1777619857.138159,0.07686400413513184,1366.0,baseline
1777619857.1381881,0.07689309120178223,1368.0,baseline
1777619857.138216,0.07692098617553711,1366.0,baseline
1777619857.138243,0.07694792747497559,1365.0,baseline
1777619857.138269,0.07697391510009766,1365.0,baseline
1777619857.1382961,0.07700109481811523,1369.0,baseline
1777619857.1383228,0.07702779769897461,1367.0,baseline
1777619857.13835,0.07705497741699219,1370.0,baseline
1777619857.138376,0.07708096504211426,1366.0,baseline
1777619857.1384032,0.07710814476013184,1366.0,baseline
1777619857.138429,0.0771338939666748,1366.0,baseline
1777619857.138456,0.07716107368469238,1366.0,baseline
1777619857.138483,0.07718801498413086,1368.0,baseline
1777619857.138509,0.07721400260925293,1367.0,baseline
1777619857.138536,0.0772409439086914,1368.0,baseline
1777619857.1385632,0.07726812362670898,1368.0,baseline
1777619857.138589,0.07729387283325195,1367.0,baseline
1777619857.138616,0.07732105255126953,1367.0,baseline
1777619857.1386418,0.0773468017578125,1367.0,baseline
1777619857.138669,0.07737398147583008,1369.0,baseline
1777619857.138695,0.07739996910095215,1366.0,baseline
1777619857.138722,0.07742691040039062,1367.0,baseline
1777619857.138749,0.0774538516998291,1369.0,baseline
1777619857.138782,0.07748699188232422,1369.0,baseline
1777619857.1388092,0.0775141716003418,1368.0,baseline
1777619857.138835,0.07753992080688477,1368.0,baseline
1777619857.1388621,0.07756710052490234,1369.0,baseline
1777619857.138889,0.07759404182434082,1371.0,baseline
1777619857.138915,0.07762002944946289,1370.0,baseline
1777619857.138942,0.07764697074890137,1370.0,baseline
1777619857.138968,0.07767295837402344,1368.0,baseline
1777619857.138995,0.07769989967346191,1365.0,baseline
1777619857.1390212,0.07772612571716309,1365.0,baseline
1777619857.1390479,0.07775282859802246,1365.0,baseline
1777619857.139074,0.07777905464172363,1365.0,baseline
1777619857.139101,0.07780599594116211,1366.0,baseline
1777619857.139128,0.07783293724060059,1368.0,baseline
1777619857.139154,0.07785892486572266,1371.0,baseline
1777619857.1391811,0.07788610458374023,1370.0,baseline
1777619857.139207,0.0779118537902832,1370.0,baseline
1777619857.139234,0.07793903350830078,1367.0,baseline
1777619857.139261,0.07796597480773926,1368.0,baseline
1777619857.139287,0.07799196243286133,1369.0,baseline
1777619857.139314,0.0780189037322998,1369.0,baseline
1777619857.13934,0.07804489135742188,1372.0,baseline
1777619857.13937,0.07807493209838867,1367.0,baseline
1777619857.1393962,0.07810115814208984,1367.0,baseline
1777619857.139423,0.07812786102294922,1365.0,baseline
1777619857.13945,0.0781550407409668,1365.0,baseline
1777619857.139476,0.07818102836608887,1365.0,baseline
1777619857.139503,0.07820796966552734,1368.0,baseline
1777619857.139529,0.07823395729064941,1367.0,baseline
1777619857.1395562,0.07826113700866699,1369.0,baseline
1777619857.1395829,0.07828783988952637,1368.0,baseline
1777619857.139609,0.07831406593322754,1367.0,baseline
1777619857.139636,0.07834100723266602,1369.0,baseline
1777619857.139662,0.07836699485778809,1368.0,baseline
1777619857.139689,0.07839393615722656,1368.0,baseline
1777619857.1397161,0.07842111587524414,1367.0,baseline
1777619857.139742,0.07844686508178711,1366.0,baseline
1777619857.139769,0.07847404479980469,1366.0,baseline
1777619857.1397948,0.07849979400634766,1368.0,baseline
1777619857.139822,0.07852697372436523,1369.0,baseline
1777619857.139848,0.0785529613494873,1367.0,baseline
1777619857.1398752,0.07858014106750488,1366.0,baseline
1777619857.1399019,0.07860684394836426,1366.0,baseline
1777619857.139928,0.07863306999206543,1370.0,baseline
1777619857.139963,0.07866787910461426,1370.0,baseline
1777619857.13999,0.07869505882263184,1369.0,baseline
1777619857.140016,0.0787210464477539,1369.0,baseline
1777619857.140051,0.07875585556030273,1368.0,baseline
1777619857.140078,0.07878303527832031,1367.0,baseline
1777619857.1401038,0.07880878448486328,1367.0,baseline
1777619857.140131,0.07883596420288086,1368.0,baseline
1777619857.140158,0.07886290550231934,1368.0,baseline
1777619857.1401842,0.07888913154602051,1368.0,baseline
1777619857.1402109,0.07891583442687988,1369.0,baseline
1777619857.140237,0.07894206047058105,1369.0,baseline
1777619857.140264,0.07896900177001953,1368.0,baseline
1777619857.14029,0.0789949893951416,1367.0,baseline
1777619857.140317,0.07902193069458008,1366.0,baseline
1777619857.140343,0.07904791831970215,1366.0,baseline
1777619857.14037,0.07907485961914062,1367.0,baseline
1777619857.140396,0.0791010856628418,1367.0,baseline
1777619857.1404228,0.07912778854370117,1367.0,baseline
1777619857.140449,0.07915401458740234,1368.0,baseline
1777619857.1404748,0.07917976379394531,1367.0,baseline
1777619857.140502,0.07920694351196289,1368.0,baseline
1777619857.1405282,0.07923316955566406,1369.0,baseline
1777619857.140563,0.07926797866821289,1367.0,baseline
1777619857.1405902,0.07929515838623047,1370.0,baseline
1777619857.140616,0.07932090759277344,1369.0,baseline
1777619857.1406431,0.07934808731079102,1367.0,baseline
1777619857.14067,0.07937502861022949,1367.0,baseline
1777619857.140696,0.07940101623535156,1369.0,baseline
1777619857.140723,0.07942795753479004,1367.0,baseline
1777619857.1407502,0.07945513725280762,1366.0,baseline
1777619857.140776,0.07948088645935059,1367.0,baseline
1777619857.140803,0.07950806617736816,1371.0,baseline
1777619857.1408288,0.07953381538391113,1370.0,baseline
1777619857.140856,0.07956099510192871,1368.0,baseline
1777619857.140882,0.07958698272705078,1369.0,baseline
1777619857.140909,0.07961392402648926,1366.0,baseline
1777619857.140935,0.07963991165161133,1368.0,baseline
1777619857.1409621,0.0796670913696289,1367.0,baseline
1777619857.1409879,0.07969284057617188,1370.0,baseline
1777619857.141015,0.07972002029418945,1367.0,baseline
1777619857.141042,0.07974696159362793,1369.0,baseline
1777619857.1410692,0.07977414131164551,1369.0,baseline
1777619857.141095,0.07979989051818848,1369.0,baseline
1777619857.141122,0.07982707023620605,1366.0,baseline
1777619857.1411562,0.07986116409301758,1368.0,baseline
1777619857.141183,0.07988786697387695,1369.0,baseline
1777619857.14121,0.07991504669189453,1369.0,baseline
1777619857.141236,0.0799410343170166,1370.0,baseline
1777619857.141263,0.07996797561645508,1369.0,baseline
1777619857.141289,0.07999396324157715,1370.0,baseline
1777619857.1413162,0.08002114295959473,1370.0,baseline
1777619857.1413429,0.0800478458404541,1370.0,baseline
1777619857.141369,0.08007407188415527,1369.0,baseline
1777619857.141396,0.08010101318359375,1367.0,baseline
1777619857.141423,0.08012795448303223,1369.0,baseline
1777619857.14145,0.0801548957824707,1368.0,baseline
1777619857.1414762,0.08018112182617188,1368.0,baseline
1777619857.141502,0.08020687103271484,1367.0,baseline
1777619857.141529,0.08023405075073242,1365.0,baseline
1777619857.141556,0.0802609920501709,1365.0,baseline
1777619857.141582,0.08028697967529297,1365.0,baseline
1777619857.141609,0.08031392097473145,1365.0,baseline
1777619857.1416361,0.08034110069274902,1369.0,baseline
1777619857.1416771,0.08038210868835449,1366.0,baseline
1777619857.1417038,0.08040881156921387,1369.0,baseline
1777619857.141731,0.08043599128723145,1369.0,baseline
1777619857.141762,0.08046698570251465,1369.0,baseline
1777619857.141788,0.08049297332763672,1369.0,baseline
1777619857.141815,0.0805199146270752,1370.0,baseline
1777619857.141842,0.08054685592651367,1369.0,baseline
1777619857.141868,0.08057308197021484,1366.0,baseline
1777619857.1418948,0.08059978485107422,1368.0,baseline
1777619857.141921,0.08062601089477539,1368.0,baseline
1777619857.141948,0.08065295219421387,1367.0,baseline
1777619857.141974,0.08067893981933594,1370.0,baseline
1777619857.142001,0.08070588111877441,1370.0,baseline
1777619857.142027,0.08073186874389648,1370.0,baseline
1777619857.1420538,0.08075881004333496,1371.0,baseline
1777619857.142081,0.08078598976135254,1368.0,baseline
1777619857.1421068,0.08081173896789551,1368.0,baseline
1777619857.142133,0.08083796501159668,1370.0,baseline
1777619857.14216,0.08086490631103516,1367.0,baseline
1777619857.142187,0.08089208602905273,1367.0,baseline
1777619857.142213,0.0809180736541748,1368.0,baseline
1777619857.14224,0.08094501495361328,1370.0,baseline
1777619857.142267,0.08097195625305176,1366.0,baseline
1777619857.142293,0.08099794387817383,1367.0,baseline
1777619857.1423202,0.0810251235961914,1368.0,baseline
1777619857.1423528,0.08105778694152832,1368.0,baseline
1777619857.14238,0.0810849666595459,1367.0,baseline
1777619857.142407,0.08111190795898438,1366.0,baseline
1777619857.142433,0.08113789558410645,1366.0,baseline
1777619857.1424599,0.08116483688354492,1364.0,baseline
1777619857.142486,0.0811910629272461,1368.0,baseline
1777619857.1425128,0.08121776580810547,1368.0,baseline
1777619857.14254,0.08124494552612305,1367.0,baseline
1777619857.142566,0.08127093315124512,1367.0,baseline
1777619857.142593,0.0812978744506836,1368.0,baseline
1777619857.142619,0.08132386207580566,1366.0,baseline
1777619857.142646,0.08135104179382324,1366.0,baseline
1777619857.1426728,0.08137774467468262,1368.0,baseline
1777619857.142699,0.08140397071838379,1369.0,baseline
1777619857.1427252,0.08143019676208496,1369.0,baseline
1777619857.142752,0.08145689964294434,1366.0,baseline
1777619857.1427789,0.08148384094238281,1366.0,baseline
1777619857.142806,0.08151102066040039,1367.0,baseline
1777619857.142832,0.08153700828552246,1366.0,baseline
1777619857.142859,0.08156394958496094,1370.0,baseline
1777619857.142886,0.08159089088439941,1366.0,baseline
1777619857.142912,0.08161687850952148,1366.0,baseline
1777619857.142946,0.08165097236633301,1368.0,baseline
1777619857.142972,0.08167695999145508,1367.0,baseline
1777619857.142999,0.08170390129089355,1368.0,baseline
1777619857.143025,0.08172988891601562,1368.0,baseline
1777619857.143052,0.0817570686340332,1367.0,baseline
1777619857.1430779,0.08178281784057617,1367.0,baseline
1777619857.143105,0.08180999755859375,1368.0,baseline
1777619857.1431308,0.08183574676513672,1368.0,baseline
1777619857.143158,0.0818629264831543,1369.0,baseline
1777619857.143185,0.08188986778259277,1369.0,baseline
1777619857.1432111,0.08191609382629395,1367.0,baseline
1777619857.1432378,0.08194279670715332,1369.0,baseline
1777619857.143264,0.08196902275085449,1368.0,baseline
1777619857.143291,0.08199596405029297,1367.0,baseline
1777619857.143318,0.08202290534973145,1370.0,baseline
1777619857.1433442,0.08204913139343262,1371.0,baseline
1777619857.143371,0.0820760726928711,1371.0,baseline
1777619857.143397,0.08210206031799316,1369.0,baseline
1777619857.143424,0.08212900161743164,1367.0,baseline
1777619857.14345,0.08215498924255371,1367.0,baseline
1777619857.143477,0.08218193054199219,1365.0,baseline
1777619857.1435032,0.08220815658569336,1363.0,baseline
1777619857.143533,0.08223795890808105,1366.0,baseline
1777619857.14356,0.08226490020751953,1362.0,baseline
1777619857.143585,0.0822899341583252,1364.0,baseline
1777619857.14361,0.08231496810913086,1362.0,baseline
1777619857.143635,0.08234000205993652,1368.0,baseline
1777619857.143659,0.08236408233642578,1367.0,baseline
1777619857.1436841,0.08238911628723145,1369.0,baseline
1777619857.143709,0.08241391181945801,1369.0,baseline
1777619857.143734,0.08243894577026367,1366.0,baseline
1777619857.143759,0.08246397972106934,1365.0,baseline
1777619857.143784,0.082489013671875,1365.0,baseline
1777619857.143808,0.08251285552978516,1366.0,baseline
1777619857.1438332,0.08253812789916992,1367.0,baseline
1777619857.143858,0.08256292343139648,1366.0,baseline
1777619857.143883,0.08258795738220215,1368.0,baseline
1777619857.143908,0.08261299133300781,1367.0,baseline
1777619857.1439328,0.08263778686523438,1368.0,baseline
1777619857.143958,0.08266305923461914,1366.0,baseline
1777619857.1439831,0.0826880931854248,1364.0,baseline
1777619857.144008,0.08271288871765137,1361.0,baseline
1777619857.144032,0.08273696899414062,1362.0,baseline
1777619857.144057,0.08276200294494629,1367.0,baseline
1777619857.1440861,0.08279109001159668,1367.0,baseline
1777619857.1441112,0.08281612396240234,1369.0,baseline
1777619857.144136,0.0828409194946289,1370.0,baseline
1777619857.14416,0.08286499977111816,1369.0,baseline
1777619857.144185,0.08289003372192383,1368.0,baseline
1777619857.1442099,0.08291482925415039,1369.0,baseline
1777619857.144235,0.08293986320495605,1370.0,baseline
1777619857.1442602,0.08296513557434082,1369.0,baseline
1777619857.144284,0.08298897743225098,1370.0,baseline
1777619857.144309,0.08301401138305664,1367.0,baseline
1777619857.144334,0.0830390453338623,1366.0,baseline
1777619857.1443589,0.08306384086608887,1365.0,baseline
1777619857.144384,0.08308887481689453,1370.0,baseline
1777619857.1444092,0.0831141471862793,1367.0,baseline
1777619857.144434,0.08313894271850586,1367.0,baseline
1777619857.144458,0.08316302299499512,1365.0,baseline
1777619857.144483,0.08318805694580078,1367.0,baseline
1777619857.144508,0.08321285247802734,1366.0,baseline
1777619857.144533,0.08323788642883301,1366.0,baseline
1777619857.1445582,0.08326315879821777,1369.0,baseline
1777619857.144583,0.08328795433044434,1367.0,baseline
1777619857.1446102,0.08331513404846191,1367.0,baseline
1777619857.1446369,0.08334183692932129,1369.0,baseline
1777619857.144662,0.08336687088012695,1371.0,baseline
1777619857.144686,0.08339095115661621,1370.0,baseline
1777619857.144711,0.08341598510742188,1368.0,baseline
1777619857.144736,0.08344101905822754,1367.0,baseline
1777619857.144761,0.0834660530090332,1364.0,baseline
1777619857.144786,0.08349084854125977,1367.0,baseline
1777619857.14481,0.08351492881774902,1368.0,baseline
1777619857.144835,0.08353996276855469,1367.0,baseline
1777619857.1448598,0.08356475830078125,1368.0,baseline
1777619857.1448839,0.08358883857727051,1370.0,baseline
1777619857.1449091,0.08361411094665527,1369.0,baseline
1777619857.144934,0.08363890647888184,1367.0,baseline
1777619857.144959,0.0836639404296875,1368.0,baseline
1777619857.144984,0.08368897438049316,1368.0,baseline
1777619857.1450088,0.08371376991271973,1368.0,baseline
1777619857.145034,0.08373904228210449,1368.0,baseline
1777619857.145061,0.08376598358154297,1366.0,baseline
1777619857.145086,0.08379101753234863,1369.0,baseline
1777619857.145111,0.0838160514831543,1367.0,baseline
1777619857.145136,0.08384108543395996,1368.0,baseline
1777619857.145167,0.08387207984924316,1369.0,baseline
1777619857.145192,0.08389687538146973,1367.0,baseline
1777619857.145217,0.08392190933227539,1362.0,baseline
1777619857.1452422,0.08394718170166016,1366.0,baseline
1777619857.145267,0.08397197723388672,1367.0,baseline
1777619857.145292,0.08399701118469238,1368.0,baseline
1777619857.1453161,0.08402109146118164,1369.0,baseline
1777619857.145341,0.0840458869934082,1371.0,baseline
1777619857.145366,0.08407092094421387,1368.0,baseline
1777619857.145391,0.08409595489501953,1370.0,baseline
1777619857.145416,0.0841209888458252,1372.0,baseline
1777619857.14544,0.08414506912231445,1369.0,baseline
1777619857.1454651,0.08417010307312012,1368.0,baseline
1777619857.14549,0.08419489860534668,1369.0,baseline
1777619857.145525,0.08422994613647461,1367.0,baseline
1777619857.1455512,0.08425617218017578,1369.0,baseline
1777619857.145576,0.08428096771240234,1370.0,baseline
1777619857.145601,0.08430600166320801,1368.0,baseline
1777619857.145626,0.08433103561401367,1367.0,baseline
1777619857.14565,0.08435487747192383,1368.0,baseline
1777619857.145675,0.08437991142272949,1367.0,baseline
1777619857.1457,0.08440494537353516,1365.0,baseline
1777619857.145731,0.08443593978881836,1368.0,baseline
1777619857.145757,0.08446192741394043,1368.0,baseline
1777619857.145782,0.0844869613647461,1369.0,baseline
1777619857.145807,0.08451199531555176,1371.0,baseline
1777619857.1458318,0.08453679084777832,1369.0,baseline
1777619857.145857,0.08456206321716309,1366.0,baseline
1777619857.1458812,0.08458614349365234,1364.0,baseline
1777619857.145906,0.0846109390258789,1367.0,baseline
1777619857.145931,0.08463597297668457,1367.0,baseline
1777619857.145956,0.08466100692749023,1366.0,baseline
1777619857.14598,0.08468484878540039,1367.0,baseline
1777619857.146005,0.08470988273620605,1367.0,baseline
1777619857.1460302,0.08473515510559082,1366.0,baseline
1777619857.146055,0.08475995063781738,1368.0,baseline
1777619857.146079,0.08478403091430664,1368.0,baseline
1777619857.146104,0.0848090648651123,1369.0,baseline
1777619857.146129,0.08483386039733887,1367.0,baseline
1777619857.146154,0.08485889434814453,1368.0,baseline
1777619857.146178,0.08488297462463379,1366.0,baseline
1777619857.1462028,0.08490777015686035,1367.0,baseline
1777619857.146228,0.08493304252624512,1368.0,baseline
1777619857.146253,0.08495807647705078,1370.0,baseline
1777619857.146284,0.08498907089233398,1368.0,baseline
1777619857.146312,0.08501696586608887,1366.0,baseline
1777619857.146337,0.08504199981689453,1365.0,baseline
1777619857.146361,0.08506608009338379,1366.0,baseline
1777619857.146386,0.08509087562561035,1366.0,baseline
1777619857.146411,0.08511590957641602,1365.0,baseline
1777619857.1464362,0.08514118194580078,1367.0,baseline
1777619857.146461,0.08516597747802734,1368.0,baseline
1777619857.146486,0.08519101142883301,1365.0,baseline
1777619857.146511,0.08521604537963867,1367.0,baseline
1777619857.1465359,0.08524084091186523,1367.0,baseline
1777619857.14656,0.08526492118835449,1369.0,baseline
1777619857.146585,0.08528995513916016,1369.0,baseline
1777619857.1466088,0.08531379699707031,1367.0,baseline
1777619857.146634,0.08533906936645508,1367.0,baseline
1777619857.1466591,0.08536410331726074,1371.0,baseline
1777619857.146684,0.0853888988494873,1369.0,baseline
1777619857.146708,0.08541297912597656,1367.0,baseline
1777619857.146733,0.08543801307678223,1364.0,baseline
1777619857.1467578,0.08546280860900879,1363.0,baseline
1777619857.1467829,0.08548784255981445,1364.0,baseline
1777619857.146807,0.08551192283630371,1369.0,baseline
1777619857.146838,0.08554291725158691,1369.0,baseline
1777619857.1468658,0.0855708122253418,1368.0,baseline
1777619857.146891,0.08559608459472656,1368.0,baseline
1777619857.1469162,0.08562111854553223,1369.0,baseline
1777619857.146941,0.08564591407775879,1368.0,baseline
1777619857.146966,0.08567094802856445,1370.0,baseline
1777619857.146991,0.08569598197937012,1369.0,baseline
1777619857.1470149,0.08571982383728027,1369.0,baseline
1777619857.14704,0.08574485778808594,1369.0,baseline
1777619857.1470652,0.0857701301574707,1368.0,baseline
1777619857.14709,0.08579492568969727,1368.0,baseline
1777619857.1471202,0.08582520484924316,1367.0,baseline
1777619857.147145,0.08585000038146973,1368.0,baseline
1777619857.14717,0.08587503433227539,1367.0,baseline
1777619857.1471941,0.08589911460876465,1368.0,baseline
1777619857.147219,0.08592391014099121,1369.0,baseline
1777619857.147244,0.08594894409179688,1367.0,baseline
1777619857.147269,0.08597397804260254,1367.0,baseline
1777619857.1472929,0.0859978199005127,1365.0,baseline
1777619857.1473181,0.08602309226989746,1366.0,baseline
1777619857.1473432,0.08604812622070312,1368.0,baseline
1777619857.147368,0.08607292175292969,1367.0,baseline
1777619857.147393,0.08609795570373535,1369.0,baseline
1777619857.147424,0.08612895011901855,1369.0,baseline
1777619857.1474502,0.08615517616271973,1366.0,baseline
1777619857.147475,0.08617997169494629,1366.0,baseline
1777619857.1475,0.08620500564575195,1367.0,baseline
1777619857.147525,0.08623003959655762,1367.0,baseline
1777619857.1475499,0.08625483512878418,1366.0,baseline
1777619857.147574,0.08627891540527344,1369.0,baseline
1777619857.1475992,0.0863041877746582,1368.0,baseline
1777619857.147624,0.08632898330688477,1368.0,baseline
1777619857.147648,0.08635306358337402,1368.0,baseline
1777619857.1476731,0.08637809753417969,1368.0,baseline
1777619857.147698,0.08640289306640625,1370.0,baseline
1777619857.147723,0.08642792701721191,1371.0,baseline
1777619857.147747,0.08645200729370117,1367.0,baseline
1777619857.1477718,0.08647680282592773,1367.0,baseline
1777619857.147797,0.0865020751953125,1365.0,baseline
1777619857.1478221,0.08652710914611816,1367.0,baseline
1777619857.147847,0.08655190467834473,1367.0,baseline
1777619857.147872,0.08657693862915039,1369.0,baseline
1777619857.147896,0.08660101890563965,1368.0,baseline
1777619857.1479208,0.08662581443786621,1365.0,baseline
1777619857.147946,0.08665084838867188,1367.0,baseline
1777619857.1479769,0.08668184280395508,1368.0,baseline
1777619857.148004,0.08670902252197266,1366.0,baseline
1777619857.148028,0.08673286437988281,1365.0,baseline
1777619857.148053,0.08675789833068848,1367.0,baseline
1777619857.148078,0.08678293228149414,1367.0,baseline
1777619857.148103,0.0868079662322998,1369.0,baseline
1777619857.148127,0.08683204650878906,1369.0,baseline
1777619857.148152,0.08685708045959473,1368.0,baseline
1777619857.148177,0.08688187599182129,1369.0,baseline
1777619857.148202,0.08690690994262695,1368.0,baseline
1777619857.148226,0.08693099021911621,1369.0,baseline
1777619857.1482508,0.08695578575134277,1366.0,baseline
1777619857.1482759,0.08698081970214844,1366.0,baseline
1777619857.1483011,0.0870060920715332,1367.0,baseline
1777619857.148326,0.08703088760375977,1368.0,baseline
1777619857.148351,0.08705592155456543,1369.0,baseline
1777619857.148376,0.0870809555053711,1367.0,baseline
1777619857.1484008,0.08710575103759766,1369.0,baseline
1777619857.148426,0.08713102340698242,1370.0,baseline
1777619857.148451,0.08715605735778809,1368.0,baseline
1777619857.148475,0.08717989921569824,1368.0,baseline
1777619857.1485,0.0872049331665039,1367.0,baseline
1777619857.148531,0.08723592758178711,1368.0,baseline
1777619857.148557,0.08726191520690918,1367.0,baseline
1777619857.148582,0.08728694915771484,1368.0,baseline
1777619857.148607,0.08731198310852051,1370.0,baseline
1777619857.148632,0.08733701705932617,1368.0,baseline
1777619857.1486568,0.08736181259155273,1369.0,baseline
1777619857.1486819,0.0873868465423584,1370.0,baseline
1777619857.1487072,0.08741211891174316,1368.0,baseline
1777619857.148731,0.08743596076965332,1366.0,baseline
1777619857.148756,0.08746099472045898,1365.0,baseline
1777619857.148781,0.08748602867126465,1366.0,baseline
1777619857.1488059,0.08751082420349121,1366.0,baseline
1777619857.148831,0.08753585815429688,1366.0,baseline
1777619857.1488562,0.08756113052368164,1367.0,baseline
1777619857.148881,0.0875859260559082,1367.0,baseline
1777619857.148906,0.08761096000671387,1369.0,baseline
1777619857.148931,0.08763599395751953,1366.0,baseline
1777619857.1489558,0.0876607894897461,1368.0,baseline
1777619857.148981,0.08768606185913086,1367.0,baseline
1777619857.1490061,0.08771109580993652,1366.0,baseline
1777619857.14903,0.08773493766784668,1369.0,baseline
1777619857.149055,0.08775997161865234,1370.0,baseline
1777619857.1490822,0.08778715133666992,1368.0,baseline
1777619857.149108,0.08781290054321289,1365.0,baseline
1777619857.149133,0.08783793449401855,1368.0,baseline
1777619857.149157,0.08786201477050781,1367.0,baseline
1777619857.1491818,0.08788681030273438,1365.0,baseline
1777619857.149207,0.08791208267211914,1369.0,baseline
1777619857.1492321,0.0879371166229248,1369.0,baseline
1777619857.149278,0.0879828929901123,1368.0,baseline
1777619857.149303,0.08800792694091797,1368.0,baseline
1777619857.1493278,0.08803272247314453,1366.0,baseline
1777619857.149353,0.0880579948425293,1365.0,baseline
1777619857.1493812,0.08808612823486328,1363.0,baseline
1777619857.149406,0.08811092376708984,1363.0,baseline
1777619857.149431,0.08813595771789551,1364.0,baseline
1777619857.149455,0.08816003799438477,1363.0,baseline
1777619857.1494799,0.08818483352661133,1367.0,baseline
1777619857.149506,0.0882110595703125,1365.0,baseline
1777619857.149531,0.08823585510253906,1367.0,baseline
1777619857.149556,0.08826088905334473,1368.0,baseline
1777619857.149581,0.08828592300415039,1366.0,baseline
1777619857.149605,0.08831000328063965,1366.0,baseline
1777619857.14963,0.08833503723144531,1369.0,baseline
1777619857.1496582,0.0883631706237793,1368.0,baseline
1777619857.149687,0.08839201927185059,1367.0,baseline
1777619857.1497111,0.08841609954833984,1368.0,baseline
1777619857.149736,0.0884408950805664,1369.0,baseline
1777619857.149761,0.08846592903137207,1369.0,baseline
1777619857.149786,0.08849096298217773,1367.0,baseline
1777619857.149811,0.0885159969329834,1366.0,baseline
1777619857.149835,0.08854007720947266,1366.0,baseline
1777619857.1498601,0.08856511116027832,1368.0,baseline
1777619857.149885,0.08858990669250488,1368.0,baseline
1777619857.14991,0.08861494064331055,1368.0,baseline
1777619857.149935,0.08863997459411621,1368.0,baseline
1777619857.14996,0.08866500854492188,1367.0,baseline
1777619857.149984,0.08868885040283203,1366.0,baseline
1777619857.1500092,0.0887141227722168,1366.0,baseline
1777619857.150034,0.08873891830444336,1367.0,baseline
1777619857.150059,0.08876395225524902,1368.0,baseline
1777619857.150083,0.08878803253173828,1368.0,baseline
1777619857.1501079,0.08881282806396484,1369.0,baseline
1777619857.150133,0.08883786201477051,1371.0,baseline
1777619857.150157,0.08886194229125977,1369.0,baseline
1777619857.1501818,0.08888673782348633,1367.0,baseline
1777619857.150213,0.08891797065734863,1367.0,baseline
1777619857.150239,0.0889439582824707,1367.0,baseline
1777619857.150264,0.08896899223327637,1367.0,baseline
1777619857.1502888,0.08899378776550293,1369.0,baseline
1777619857.150314,0.0890190601348877,1369.0,baseline
1777619857.150338,0.08904290199279785,1368.0,baseline
1777619857.150363,0.08906793594360352,1367.0,baseline
1777619857.150388,0.08909296989440918,1368.0,baseline
1777619857.150413,0.08911800384521484,1367.0,baseline
1777619857.1504378,0.0891427993774414,1367.0,baseline
1777619857.1504629,0.08916783332824707,1369.0,baseline
1777619857.1504881,0.08919310569763184,1368.0,baseline
1777619857.150513,0.0892179012298584,1369.0,baseline
1777619857.150537,0.08924198150634766,1365.0,baseline
1777619857.150562,0.08926701545715332,1370.0,baseline
1777619857.1505868,0.08929181098937988,1368.0,baseline
1777619857.1506119,0.08931684494018555,1369.0,baseline
1777619857.1506371,0.08934211730957031,1367.0,baseline
1777619857.150662,0.08936691284179688,1368.0,baseline
1777619857.150686,0.08939099311828613,1368.0,baseline
1777619857.150711,0.0894160270690918,1368.0,baseline
1777619857.1507359,0.08944082260131836,1366.0,baseline
1777619857.150767,0.08947205543518066,1369.0,baseline
1777619857.150792,0.08949685096740723,1367.0,baseline
1777619857.150817,0.08952188491821289,1363.0,baseline
1777619857.1508422,0.08954715728759766,1365.0,baseline
1777619857.150867,0.08957195281982422,1367.0,baseline
1777619857.150892,0.08959698677062988,1366.0,baseline
1777619857.150916,0.08962106704711914,1369.0,baseline
1777619857.150941,0.0896458625793457,1367.0,baseline
1777619857.150966,0.08967089653015137,1370.0,baseline
1777619857.1509912,0.08969616889953613,1371.0,baseline
1777619857.151016,0.0897209644317627,1369.0,baseline
1777619857.15104,0.08974504470825195,1363.0,baseline
1777619857.151065,0.08977007865905762,1365.0,baseline
1777619857.15109,0.08979487419128418,1366.0,baseline
1777619857.151114,0.08981895446777344,1368.0,baseline
1777619857.151139,0.0898439884185791,1367.0,baseline
1777619857.1511629,0.08986783027648926,1366.0,baseline
1777619857.151189,0.08989405632019043,1369.0,baseline
1777619857.1512132,0.08991813659667969,1369.0,baseline
1777619857.151238,0.08994293212890625,1368.0,baseline
1777619857.151263,0.08996796607971191,1369.0,baseline
1777619857.151287,0.08999204635620117,1369.0,baseline
1777619857.151318,0.09002304077148438,1367.0,baseline
1777619857.151344,0.09004902839660645,1366.0,baseline
1777619857.1513689,0.09007382392883301,1366.0,baseline
1777619857.1513941,0.09009909629821777,1368.0,baseline
1777619857.151419,0.09012389183044434,1369.0,baseline
1777619857.151443,0.0901479721069336,1369.0,baseline
1777619857.151469,0.09017395973205566,1371.0,baseline
1777619857.151493,0.09019804000854492,1370.0,baseline
1777619857.1515179,0.09022283554077148,1368.0,baseline
1777619857.1515431,0.09024810791015625,1367.0,baseline
1777619857.151568,0.09027290344238281,1369.0,baseline
1777619857.151593,0.09029793739318848,1369.0,baseline
1777619857.151618,0.09032297134399414,1370.0,baseline
1777619857.1516428,0.0903477668762207,1368.0,baseline
1777619857.151668,0.09037303924560547,1366.0,baseline
1777619857.151693,0.09039807319641113,1365.0,baseline
1777619857.151718,0.0904228687286377,1367.0,baseline
1777619857.151743,0.09044790267944336,1366.0,baseline
1777619857.151768,0.09047293663024902,1367.0,baseline
1777619857.151792,0.09049701690673828,1367.0,baseline
1777619857.1518168,0.09052181243896484,1369.0,baseline
1777619857.151842,0.09054708480834961,1371.0,baseline
1777619857.151873,0.09057807922363281,1369.0,baseline
1777619857.1518981,0.09060311317443848,1368.0,baseline
1777619857.151923,0.09062790870666504,1367.0,baseline
1777619857.151948,0.0906529426574707,1367.0,baseline
1777619857.151973,0.09067797660827637,1366.0,baseline
1777619857.1519969,0.09070181846618652,1367.0,baseline
1777619857.1520221,0.09072709083557129,1367.0,baseline
1777619857.1520472,0.09075212478637695,1365.0,baseline
1777619857.152072,0.09077692031860352,1365.0,baseline
1777619857.152097,0.09080195426940918,1366.0,baseline
1777619857.152121,0.09082603454589844,1367.0,baseline
1777619857.1521459,0.090850830078125,1368.0,baseline
1777619857.152171,0.09087586402893066,1366.0,baseline
1777619857.1521962,0.09090113639831543,1366.0,baseline
1777619857.152221,0.09092593193054199,1368.0,baseline
1777619857.152245,0.09095001220703125,1369.0,baseline
1777619857.15227,0.09097504615783691,1369.0,baseline
1777619857.1522949,0.09099984169006348,1369.0,baseline
1777619857.15232,0.09102487564086914,1369.0,baseline
1777619857.1523452,0.0910501480102539,1368.0,baseline
1777619857.1523688,0.09107375144958496,1370.0,baseline
1777619857.152394,0.09109902381896973,1369.0,baseline
1777619857.152425,0.09113001823425293,1368.0,baseline
1777619857.1524532,0.09115815162658691,1367.0,baseline
1777619857.152478,0.09118294715881348,1368.0,baseline
1777619857.152503,0.09120798110961914,1369.0,baseline
1777619857.152527,0.0912320613861084,1369.0,baseline
1777619857.152552,0.09125685691833496,1367.0,baseline
1777619857.152577,0.09128189086914062,1366.0,baseline
1777619857.1526022,0.09130716323852539,1370.0,baseline
1777619857.152627,0.09133195877075195,1364.0,baseline
1777619857.152652,0.09135699272155762,1371.0,baseline
1777619857.152676,0.09138107299804688,1369.0,baseline
1777619857.152701,0.09140586853027344,1365.0,baseline
1777619857.1527412,0.0914461612701416,1367.0,baseline
1777619857.15277,0.09147500991821289,1368.0,baseline
1777619857.1527948,0.09149980545043945,1370.0,baseline
1777619857.1528199,0.09152483940124512,1369.0,baseline
1777619857.152846,0.09155106544494629,1367.0,baseline
1777619857.1528718,0.09157681465148926,1367.0,baseline
1777619857.1528971,0.09160208702087402,1368.0,baseline
1777619857.1529229,0.09162783622741699,1366.0,baseline
1777619857.152947,0.09165191650390625,1366.0,baseline
1777619857.152972,0.09167695045471191,1366.0,baseline
1777619857.1529999,0.0917048454284668,1365.0,baseline
1777619857.1530461,0.0917510986328125,1362.0,baseline
1777619857.153072,0.09177708625793457,1366.0,baseline
1777619857.153097,0.09180188179016113,1366.0,baseline
1777619857.153122,0.0918269157409668,1364.0,baseline
1777619857.153147,0.09185194969177246,1367.0,baseline
1777619857.153172,0.09187698364257812,1369.0,baseline
1777619857.153197,0.09190201759338379,1369.0,baseline
1777619857.1532218,0.09192681312561035,1367.0,baseline
1777619857.1532469,0.09195184707641602,1366.0,baseline
1777619857.1532722,0.09197711944580078,1368.0,baseline
1777619857.153297,0.09200191497802734,1368.0,baseline
1777619857.153322,0.09202694892883301,1364.0,baseline
1777619857.153346,0.09205102920532227,1366.0,baseline
1777619857.1533709,0.09207582473754883,1366.0,baseline
1777619857.153396,0.09210085868835449,1369.0,baseline
1777619857.1534212,0.09212613105773926,1368.0,baseline
1777619857.153446,0.09215092658996582,1367.0,baseline
1777619857.153471,0.09217596054077148,1367.0,baseline
1777619857.153496,0.09220099449157715,1368.0,baseline
1777619857.1535208,0.09222579002380371,1367.0,baseline
1777619857.153546,0.09225106239318848,1368.0,baseline
1777619857.153575,0.09227991104125977,1363.0,baseline
1777619857.153598,0.09230303764343262,1364.0,baseline
1777619857.153623,0.09232807159423828,1364.0,baseline
1777619857.153646,0.09235095977783203,1366.0,baseline
1777619857.1536698,0.09237480163574219,1366.0,baseline
1777619857.153693,0.09239792823791504,1365.0,baseline
1777619857.1537158,0.09242081642150879,1363.0,baseline
1777619857.153739,0.09244394302368164,1362.0,baseline
1777619857.153761,0.09246587753295898,1364.0,baseline
1777619857.153785,0.09248995780944824,1367.0,baseline
1777619857.1538079,0.09251284599304199,1367.0,baseline
1777619857.153831,0.09253597259521484,1368.0,baseline
1777619857.153854,0.0925588607788086,1367.0,baseline
1777619857.153877,0.09258198738098145,1366.0,baseline
1777619857.1539001,0.0926051139831543,1368.0,baseline
1777619857.153923,0.09262800216674805,1369.0,baseline
1777619857.1539478,0.09265279769897461,1368.0,baseline
1777619857.153971,0.09267592430114746,1368.0,baseline
1777619857.153993,0.0926978588104248,1368.0,baseline
1777619857.154017,0.09272193908691406,1368.0,baseline
1777619857.15404,0.09274506568908691,1367.0,baseline
1777619857.154063,0.09276795387268066,1365.0,baseline
1777619857.15411,0.09281492233276367,1363.0,baseline
1777619857.1541362,0.09284114837646484,1362.0,baseline
1777619857.15416,0.092864990234375,1365.0,baseline
1777619857.154183,0.09288787841796875,1366.0,baseline
1777619857.154206,0.0929110050201416,1365.0,baseline
1777619857.15423,0.09293508529663086,1367.0,baseline
1777619857.154253,0.09295797348022461,1366.0,baseline
1777619857.1542761,0.09298110008239746,1368.0,baseline
1777619857.1542988,0.09300374984741211,1366.0,baseline
1777619857.1543229,0.09302783012390137,1367.0,baseline
1777619857.154346,0.09305095672607422,1367.0,baseline
1777619857.154369,0.09307408332824707,1367.0,baseline
1777619857.1543932,0.09309816360473633,1367.0,baseline
1777619857.154416,0.09312105178833008,1368.0,baseline
1777619857.154439,0.09314393997192383,1367.0,baseline
1777619857.1544619,0.09316682815551758,1367.0,baseline
1777619857.154486,0.09319090843200684,1367.0,baseline
1777619857.154509,0.09321403503417969,1365.0,baseline
1777619857.1545322,0.09323716163635254,1363.0,baseline
1777619857.1545558,0.0932607650756836,1365.0,baseline
1777619857.154579,0.09328389167785645,1366.0,baseline
1777619857.154602,0.0933070182800293,1366.0,baseline
1777619857.15463,0.09333491325378418,1367.0,baseline
1777619857.1546528,0.09335780143737793,1367.0,baseline
1777619857.154676,0.09338092803955078,1368.0,baseline
1777619857.154699,0.09340405464172363,1368.0,baseline
1777619857.1547232,0.09342813491821289,1368.0,baseline
1777619857.154746,0.09345102310180664,1367.0,baseline
1777619857.154769,0.09347391128540039,1369.0,baseline
1777619857.1547918,0.09349679946899414,1369.0,baseline
1777619857.154815,0.09351992607116699,1370.0,baseline
1777619857.154838,0.09354305267333984,1370.0,baseline
1777619857.154861,0.0935659408569336,1368.0,baseline
1777619857.154885,0.09359002113342285,1369.0,baseline
1777619857.154908,0.0936129093170166,1368.0,baseline
1777619857.1549308,0.09363579750061035,1366.0,baseline
1777619857.154954,0.0936589241027832,1367.0,baseline
1777619857.154977,0.09368205070495605,1368.0,baseline
1777619857.155,0.0937049388885498,1370.0,baseline
1777619857.155023,0.09372806549072266,1368.0,baseline
1777619857.155046,0.0937509536743164,1366.0,baseline
1777619857.1550689,0.09377384185791016,1365.0,baseline
1777619857.155092,0.09379696846008301,1369.0,baseline
1777619857.155115,0.09381985664367676,1369.0,baseline
1777619857.155146,0.09385085105895996,1367.0,baseline
1777619857.155169,0.09387397766113281,1368.0,baseline
1777619857.1551921,0.09389710426330566,1365.0,baseline
1777619857.155215,0.09391999244689941,1366.0,baseline
1777619857.155238,0.09394288063049316,1365.0,baseline
1777619857.155262,0.09396696090698242,1368.0,baseline
1777619857.155285,0.09398984909057617,1367.0,baseline
1777619857.155308,0.09401297569274902,1368.0,baseline
1777619857.1553311,0.09403610229492188,1370.0,baseline
1777619857.155354,0.09405899047851562,1371.0,baseline
1777619857.155377,0.09408187866210938,1368.0,baseline
1777619857.1554,0.09410500526428223,1367.0,baseline
1777619857.155423,0.09412789344787598,1369.0,baseline
1777619857.155447,0.09415197372436523,1369.0,baseline
1777619857.1554701,0.09417510032653809,1367.0,baseline
1777619857.155493,0.09419798851013184,1367.0,baseline
1777619857.155516,0.09422087669372559,1366.0,baseline
1777619857.155539,0.09424400329589844,1367.0,baseline
1777619857.155562,0.09426689147949219,1367.0,baseline
1777619857.155585,0.09429001808166504,1367.0,baseline
1777619857.1556082,0.09431314468383789,1368.0,baseline
1777619857.155631,0.09433603286743164,1368.0,baseline
1777619857.155662,0.09436702728271484,1370.0,baseline
1777619857.155686,0.094390869140625,1367.0,baseline
1777619857.155709,0.09441399574279785,1367.0,baseline
1777619857.155732,0.0944368839263916,1368.0,baseline
1777619857.155755,0.09446001052856445,1367.0,baseline
1777619857.155778,0.0944828987121582,1367.0,baseline
1777619857.155801,0.09450602531433105,1367.0,baseline
1777619857.1558242,0.0945291519165039,1367.0,baseline
1777619857.1558468,0.09455180168151855,1368.0,baseline
1777619857.15587,0.0945749282836914,1367.0,baseline
1777619857.155893,0.09459805488586426,1367.0,baseline
1777619857.155916,0.09462094306945801,1367.0,baseline
1777619857.155939,0.09464406967163086,1367.0,baseline
1777619857.1559622,0.09466719627380371,1365.0,baseline
1777619857.1559849,0.09468984603881836,1365.0,baseline
1777619857.1560068,0.0947117805480957,1367.0,baseline
1777619857.156031,0.09473586082458496,1366.0,baseline
1777619857.156054,0.09475898742675781,1366.0,baseline
1777619857.1560771,0.09478211402893066,1366.0,baseline
1777619857.1561012,0.09480619430541992,1365.0,baseline
1777619857.1561239,0.09482884407043457,1363.0,baseline
1777619857.156147,0.09485197067260742,1362.0,baseline
1777619857.1561742,0.094879150390625,1364.0,baseline
1777619857.156197,0.09490203857421875,1364.0,baseline
1777619857.15622,0.0949249267578125,1363.0,baseline
1777619857.1562428,0.09494781494140625,1362.0,baseline
1777619857.156266,0.0949709415435791,1364.0,baseline
1777619857.156289,0.09499406814575195,1366.0,baseline
1777619857.156312,0.0950169563293457,1368.0,baseline
1777619857.156335,0.09504008293151855,1366.0,baseline
1777619857.156358,0.0950629711151123,1366.0,baseline
1777619857.156381,0.09508585929870605,1368.0,baseline
1777619857.156404,0.0951089859008789,1365.0,baseline
1777619857.156426,0.09513092041015625,1366.0,baseline
1777619857.156449,0.0951540470123291,1363.0,baseline
1777619857.156472,0.09517693519592285,1363.0,baseline
1777619857.156495,0.0952000617980957,1369.0,baseline
1777619857.156518,0.09522294998168945,1367.0,baseline
1777619857.1565409,0.0952458381652832,1367.0,baseline
1777619857.156565,0.09526991844177246,1366.0,baseline
1777619857.156631,0.0953359603881836,1365.0,baseline
1777619857.156655,0.09536004066467285,1366.0,baseline
1777619857.156678,0.0953829288482666,1364.0,baseline
1777619857.1567008,0.09540581703186035,1364.0,baseline
1777619857.1567318,0.09543681144714355,1363.0,baseline
1777619857.156755,0.0954599380493164,1365.0,baseline
1777619857.156778,0.09548306465148926,1366.0,baseline
1777619857.156801,0.09550595283508301,1368.0,baseline
1777619857.156824,0.09552907943725586,1369.0,baseline
1777619857.156846,0.0955510139465332,1369.0,baseline
1777619857.1568692,0.09557414054870605,1372.0,baseline
1777619857.1568918,0.0955967903137207,1369.0,baseline
1777619857.156915,0.09561991691589355,1368.0,baseline
1777619857.156938,0.0956430435180664,1367.0,baseline
1777619857.156961,0.09566593170166016,1366.0,baseline
1777619857.156984,0.09568905830383301,1367.0,baseline
1777619857.1570072,0.09571218490600586,1364.0,baseline
1777619857.1570299,0.09573483467102051,1364.0,baseline
1777619857.157053,0.09575796127319336,1367.0,baseline
1777619857.157076,0.09578084945678711,1363.0,baseline
1777619857.157099,0.09580397605895996,1364.0,baseline
1777619857.1571221,0.09582710266113281,1366.0,baseline
1777619857.157145,0.09584999084472656,1366.0,baseline
1777619857.1571681,0.09587311744689941,1366.0,baseline
1777619857.1571908,0.09589576721191406,1367.0,baseline
1777619857.157214,0.09591889381408691,1365.0,baseline
1777619857.157245,0.09594988822937012,1364.0,baseline
1777619857.157268,0.09597301483154297,1363.0,baseline
1777619857.15729,0.09599494934082031,1363.0,baseline
1777619857.157313,0.09601807594299316,1364.0,baseline
1777619857.1573372,0.09604215621948242,1366.0,baseline
1777619857.15736,0.09606504440307617,1367.0,baseline
1777619857.157383,0.09608793258666992,1367.0,baseline
1777619857.1574059,0.09611082077026367,1366.0,baseline
1777619857.157429,0.09613394737243652,1366.0,baseline
1777619857.157452,0.09615707397460938,1366.0,baseline
1777619857.157475,0.09617996215820312,1364.0,baseline
1777619857.1574981,0.09620308876037598,1363.0,baseline
1777619857.157521,0.09622597694396973,1364.0,baseline
1777619857.157544,0.09624886512756348,1363.0,baseline
1777619857.157567,0.09627199172973633,1363.0,baseline
1777619857.15759,0.09629487991333008,1366.0,baseline
1777619857.157613,0.09631800651550293,1366.0,baseline
1777619857.1576362,0.09634113311767578,1366.0,baseline
1777619857.1576588,0.09636378288269043,1369.0,baseline
1777619857.157682,0.09638690948486328,1367.0,baseline
1777619857.157705,0.09641003608703613,1367.0,baseline
1777619857.157727,0.09643197059631348,1368.0,baseline
1777619857.157758,0.09646296501159668,1365.0,baseline
1777619857.157781,0.09648585319519043,1363.0,baseline
1777619857.157804,0.09650897979736328,1363.0,baseline
1777619857.1578271,0.09653210639953613,1365.0,baseline
1777619857.157849,0.09655404090881348,1366.0,baseline
1777619857.1578722,0.09657716751098633,1365.0,baseline
1777619857.1578948,0.09659981727600098,1363.0,baseline
1777619857.157918,0.09662294387817383,1363.0,baseline
1777619857.157941,0.09664607048034668,1366.0,baseline
1777619857.157964,0.09666895866394043,1367.0,baseline
1777619857.1579862,0.09669113159179688,1368.0,baseline
1777619857.158009,0.09671401977539062,1366.0,baseline
1777619857.158032,0.09673690795898438,1365.0,baseline
1777619857.1580548,0.09675979614257812,1365.0,baseline
1777619857.158078,0.09678292274475098,1364.0,baseline
1777619857.158101,0.09680604934692383,1367.0,baseline
1777619857.1581252,0.09683012962341309,1368.0,baseline
1777619857.158148,0.09685301780700684,1368.0,baseline
1777619857.158171,0.09687590599060059,1366.0,baseline
1777619857.1581929,0.09689784049987793,1366.0,baseline
1777619857.158216,0.09692096710205078,1366.0,baseline
1777619857.158239,0.09694385528564453,1367.0,baseline
1777619857.15827,0.09697484970092773,1368.0,baseline
1777619857.158292,0.09699702262878418,1367.0,baseline
1777619857.158315,0.09701991081237793,1367.0,baseline
1777619857.158338,0.09704303741455078,1366.0,baseline
1777619857.1583612,0.09706616401672363,1369.0,baseline
1777619857.158384,0.09708905220031738,1368.0,baseline
1777619857.158407,0.09711194038391113,1367.0,baseline
1777619857.1584299,0.09713482856750488,1369.0,baseline
1777619857.158453,0.09715795516967773,1365.0,baseline
1777619857.158475,0.09717988967895508,1366.0,baseline
1777619857.158498,0.09720301628112793,1366.0,baseline
1777619857.1585212,0.09722614288330078,1367.0,baseline
1777619857.1585438,0.09724879264831543,1365.0,baseline
1777619857.158567,0.09727191925048828,1362.0,baseline
1777619857.1585898,0.09729480743408203,1363.0,baseline
1777619857.158613,0.09731793403625488,1363.0,baseline
1777619857.158636,0.09734106063842773,1363.0,baseline
1777619857.158659,0.09736394882202148,1364.0,baseline
1777619857.158682,0.09738707542419434,1368.0,baseline
1777619857.158705,0.09740996360778809,1368.0,baseline
1777619857.158728,0.09743285179138184,1367.0,baseline
1777619857.158751,0.09745597839355469,1366.0,baseline
1777619857.1587808,0.09748578071594238,1366.0,baseline
1777619857.158804,0.09750890731811523,1365.0,baseline
1777619857.158827,0.09753203392028809,1367.0,baseline
1777619857.15885,0.09755492210388184,1365.0,baseline
1777619857.158873,0.09757804870605469,1367.0,baseline
1777619857.1588962,0.09760117530822754,1367.0,baseline
1777619857.1589189,0.09762382507324219,1365.0,baseline
1777619857.158942,0.09764695167541504,1360.0,baseline
1777619857.158965,0.09767007827758789,1362.0,baseline
1777619857.158988,0.09769296646118164,1365.0,baseline
1777619857.1590111,0.09771609306335449,1366.0,baseline
1777619857.159034,0.09773898124694824,1371.0,baseline
1777619857.159057,0.09776186943054199,1368.0,baseline
1777619857.1590788,0.09778380393981934,1366.0,baseline
1777619857.159102,0.09780693054199219,1368.0,baseline
1777619857.159125,0.09783005714416504,1367.0,baseline
1777619857.1591492,0.0978541374206543,1368.0,baseline
1777619857.159172,0.09787702560424805,1368.0,baseline
1777619857.159195,0.0978999137878418,1368.0,baseline
1777619857.1592178,0.09792280197143555,1369.0,baseline
1777619857.159241,0.0979459285736084,1368.0,baseline
1777619857.159264,0.09796905517578125,1368.0,baseline
1777619857.159294,0.09799885749816895,1367.0,baseline
1777619857.159317,0.0980219841003418,1367.0,baseline
1777619857.1593401,0.09804511070251465,1369.0,baseline
1777619857.159363,0.0980679988861084,1368.0,baseline
1777619857.1593869,0.09809184074401855,1370.0,baseline
1777619857.15941,0.0981149673461914,1368.0,baseline
1777619857.159433,0.09813785552978516,1367.0,baseline
1777619857.159455,0.0981600284576416,1367.0,baseline
1777619857.159478,0.09818291664123535,1363.0,baseline
1777619857.159502,0.09820699691772461,1365.0,baseline
1777619857.1595252,0.09823012351989746,1366.0,baseline
1777619857.1595478,0.09825277328491211,1365.0,baseline
1777619857.159571,0.09827589988708496,1366.0,baseline
1777619857.1595929,0.0982978343963623,1366.0,baseline
1777619857.159616,0.09832096099853516,1368.0,baseline
1777619857.1596391,0.09834408760070801,1368.0,baseline
1777619857.159662,0.09836697578430176,1369.0,baseline
1777619857.1596851,0.09839010238647461,1369.0,baseline
1777619857.159708,0.09841299057006836,1369.0,baseline
1777619857.159731,0.09843587875366211,1368.0,baseline
1777619857.159754,0.09845900535583496,1367.0,baseline
1777619857.159777,0.09848189353942871,1368.0,baseline
1777619857.159807,0.09851193428039551,1366.0,baseline
1777619857.15983,0.09853506088256836,1368.0,baseline
1777619857.159853,0.09855794906616211,1367.0,baseline
1777619857.159877,0.09858202934265137,1369.0,baseline
1777619857.159899,0.09860396385192871,1369.0,baseline
1777619857.159922,0.09862685203552246,1366.0,baseline
1777619857.159945,0.09864997863769531,1367.0,baseline
1777619857.159968,0.09867286682128906,1365.0,baseline
1777619857.159992,0.09869694709777832,1366.0,baseline
1777619857.160015,0.09872007369995117,1367.0,baseline
1777619857.160038,0.09874296188354492,1367.0,baseline
1777619857.160061,0.09876585006713867,1367.0,baseline
1777619857.1600971,0.09880208969116211,1367.0,baseline
1777619857.1601212,0.09882616996765137,1368.0,baseline
1777619857.1601448,0.09884977340698242,1366.0,baseline
1777619857.160168,0.09887290000915527,1365.0,baseline
1777619857.160191,0.09889602661132812,1363.0,baseline
1777619857.160214,0.09891891479492188,1362.0,baseline
1777619857.160237,0.09894204139709473,1362.0,baseline
1777619857.1602602,0.09896516799926758,1360.0,baseline
1777619857.1602829,0.09898781776428223,1362.0,baseline
1777619857.160306,0.09901094436645508,1366.0,baseline
1777619857.1603332,0.09903812408447266,1367.0,baseline
1777619857.160356,0.0990610122680664,1368.0,baseline
1777619857.160379,0.09908390045166016,1368.0,baseline
1777619857.1604018,0.0991067886352539,1368.0,baseline
1777619857.160426,0.09913086891174316,1369.0,baseline
1777619857.160449,0.09915399551391602,1371.0,baseline
1777619857.1604722,0.09917712211608887,1369.0,baseline
1777619857.160495,0.09920001029968262,1368.0,baseline
1777619857.160518,0.09922289848327637,1367.0,baseline
1777619857.1605408,0.09924578666687012,1366.0,baseline
1777619857.160564,0.09926891326904297,1368.0,baseline
1777619857.160588,0.09929299354553223,1367.0,baseline
1777619857.1606112,0.09931612014770508,1367.0,baseline
1777619857.160634,0.09933900833129883,1368.0,baseline
1777619857.160657,0.09936189651489258,1366.0,baseline
1777619857.1606798,0.09938478469848633,1366.0,baseline
1777619857.160703,0.09940791130065918,1365.0,baseline
1777619857.160726,0.09943103790283203,1368.0,baseline
1777619857.160749,0.09945392608642578,1369.0,baseline
1777619857.160772,0.09947705268859863,1367.0,baseline
1777619857.160794,0.09949898719787598,1370.0,baseline
1777619857.160823,0.09952807426452637,1365.0,baseline
1777619857.1608489,0.09955382347106934,1370.0,baseline
1777619857.160887,0.09959197044372559,1370.0,baseline
1777619857.160909,0.09961390495300293,1370.0,baseline
1777619857.160933,0.09963798522949219,1371.0,baseline
1777619857.160956,0.09966087341308594,1370.0,baseline
1777619857.160979,0.09968400001525879,1367.0,baseline
1777619857.161002,0.09970688819885254,1367.0,baseline
1777619857.161025,0.09973001480102539,1369.0,baseline
1777619857.1610482,0.09975314140319824,1366.0,baseline
1777619857.16107,0.09977507591247559,1365.0,baseline
1777619857.1610932,0.09979820251464844,1364.0,baseline
1777619857.161116,0.09982085227966309,1364.0,baseline
1777619857.16114,0.09984493255615234,1367.0,baseline
1777619857.161162,0.09986686706542969,1366.0,baseline
1777619857.161185,0.09988999366760254,1361.0,baseline
1777619857.1612082,0.09991312026977539,1366.0,baseline
1777619857.161241,0.0999460220336914,1366.0,baseline
1777619857.1612642,0.09996914863586426,1369.0,baseline
1777619857.1612868,0.0999917984008789,1370.0,baseline
1777619857.16131,0.10001492500305176,1370.0,baseline
1777619857.161333,0.10003805160522461,1367.0,baseline
1777619857.1613598,0.10006475448608398,1367.0,baseline
1777619857.161386,0.10009098052978516,1367.0,baseline
1777619857.1614091,0.10011410713195801,1369.0,baseline
1777619857.161432,0.10013699531555176,1369.0,baseline
1777619857.161464,0.10016894340515137,1368.0,baseline
1777619857.161487,0.10019207000732422,1368.0,baseline
1777619857.16151,0.10021495819091797,1365.0,baseline
1777619857.1615329,0.10023784637451172,1366.0,baseline
1777619857.16156,0.1002650260925293,1370.0,baseline
1777619857.1615841,0.10028910636901855,1367.0,baseline
1777619857.161607,0.1003119945526123,1366.0,baseline
1777619857.16163,0.10033488273620605,1367.0,baseline
1777619857.161653,0.1003580093383789,1367.0,baseline
1777619857.161681,0.10038590431213379,1367.0,baseline
1777619857.161705,0.10040998458862305,1364.0,baseline
1777619857.161728,0.1004328727722168,1366.0,baseline
1777619857.161751,0.10045599937438965,1368.0,baseline
1777619857.1617742,0.1004791259765625,1366.0,baseline
1777619857.1618,0.10050487518310547,1365.0,baseline
1777619857.161823,0.10052800178527832,1367.0,baseline
1777619857.161846,0.10055088996887207,1367.0,baseline
1777619857.161869,0.10057401657104492,1365.0,baseline
1777619857.161898,0.10060286521911621,1367.0,baseline
1777619857.1619241,0.10062909126281738,1367.0,baseline
1777619857.1619468,0.10065174102783203,1367.0,baseline
1777619857.16197,0.10067486763000488,1367.0,baseline
1777619857.161993,0.10069799423217773,1368.0,baseline
1777619857.162016,0.10072088241577148,1367.0,baseline
1777619857.162039,0.10074400901794434,1367.0,baseline
1777619857.1620622,0.10076713562011719,1367.0,baseline
1777619857.162085,0.10079002380371094,1366.0,baseline
1777619857.162108,0.10081291198730469,1367.0,baseline
1777619857.1621308,0.10083580017089844,1367.0,baseline
1777619857.162154,0.10085892677307129,1367.0,baseline
1777619857.162177,0.10088205337524414,1368.0,baseline
1777619857.162199,0.10090398788452148,1368.0,baseline
1777619857.1622221,0.10092711448669434,1368.0,baseline
1777619857.162245,0.10095000267028809,1369.0,baseline
1777619857.162268,0.10097289085388184,1367.0,baseline
1777619857.162291,0.10099601745605469,1366.0,baseline
1777619857.162314,0.10101890563964844,1363.0,baseline
1777619857.162337,0.10104203224182129,1362.0,baseline
1777619857.16236,0.10106492042541504,1367.0,baseline
1777619857.162383,0.10108804702758789,1371.0,baseline
1777619857.162412,0.10111689567565918,1366.0,baseline
1777619857.162438,0.10114288330078125,1369.0,baseline
1777619857.162461,0.1011660099029541,1365.0,baseline
1777619857.162484,0.10118889808654785,1365.0,baseline
1777619857.162507,0.1012120246887207,1363.0,baseline
1777619857.16253,0.10123491287231445,1362.0,baseline
1777619857.162553,0.1012580394744873,1368.0,baseline
1777619857.162576,0.10128092765808105,1365.0,baseline
1777619857.1625988,0.1013038158416748,1368.0,baseline
1777619857.162622,0.10132694244384766,1371.0,baseline
1777619857.162645,0.10135006904602051,1368.0,baseline
1777619857.162668,0.10137295722961426,1355.0,baseline
1777619857.162691,0.10139608383178711,1357.0,baseline
1777619857.162714,0.10141897201538086,1363.0,baseline
1777619857.162742,0.10144686698913574,1370.0,baseline
1777619857.162765,0.1014699935913086,1375.0,baseline
1777619857.1627882,0.10149312019348145,1371.0,baseline
1777619857.162814,0.10151886940002441,1370.0,baseline
1777619857.162837,0.10154199600219727,1363.0,baseline
1777619857.16286,0.10156488418579102,1356.0,baseline
1777619857.162883,0.10158801078796387,1357.0,baseline
1777619857.1629062,0.10161113739013672,1363.0,baseline
1777619857.1629288,0.10163378715515137,1375.0,baseline
1777619857.1629581,0.10166311264038086,1370.0,baseline
1777619857.162981,0.10168600082397461,1359.0,baseline
1777619857.163004,0.10170888900756836,1373.0,baseline
1777619857.163027,0.10173201560974121,1372.0,baseline
1777619857.16305,0.10175490379333496,1358.0,baseline
1777619857.163073,0.10177803039550781,1366.0,baseline
1777619857.163096,0.10180091857910156,1369.0,baseline
1777619857.163119,0.10182404518127441,1368.0,baseline
1777619857.163142,0.10184693336486816,1370.0,baseline
1777619857.1631649,0.10186982154846191,1365.0,baseline
1777619857.163188,0.10189294815063477,1363.0,baseline
1777619857.163211,0.10191607475280762,1366.0,baseline
1777619857.163234,0.10193896293640137,1370.0,baseline
1777619857.1632571,0.10196208953857422,1363.0,baseline
1777619857.1632798,0.10198473930358887,1364.0,baseline
1777619857.163303,0.10200786590576172,1367.0,baseline
1777619857.163326,0.10203099250793457,1366.0,baseline
1777619857.163349,0.10205388069152832,1363.0,baseline
1777619857.163372,0.10207700729370117,1362.0,baseline
1777619857.1633952,0.10210013389587402,1364.0,baseline
1777619857.1634188,0.10212373733520508,1365.0,baseline
1777619857.163441,0.10214591026306152,1366.0,baseline
1777619857.16347,0.10217499732971191,1369.0,baseline
1777619857.1634948,0.10219979286193848,1367.0,baseline
1777619857.163518,0.10222291946411133,1367.0,baseline
1777619857.163541,0.10224604606628418,1371.0,baseline
1777619857.163564,0.10226893424987793,1369.0,baseline
1777619857.163587,0.10229206085205078,1367.0,baseline
1777619857.1636229,0.10232782363891602,1366.0,baseline
1777619857.163646,0.10235095024108887,1369.0,baseline
1777619857.163669,0.10237407684326172,1369.0,baseline
1777619857.163692,0.10239696502685547,1366.0,baseline
1777619857.1637151,0.10242009162902832,1367.0,baseline
1777619857.163739,0.10244393348693848,1367.0,baseline
1777619857.1637619,0.10246682167053223,1367.0,baseline
1777619857.163785,0.10248994827270508,1370.0,baseline
1777619857.163808,0.10251307487487793,1369.0,baseline
1777619857.163831,0.10253596305847168,1366.0,baseline
1777619857.1638541,0.10255908966064453,1368.0,baseline
1777619857.163877,0.10258197784423828,1368.0,baseline
1777619857.1639,0.10260486602783203,1368.0,baseline
1777619857.163923,0.10262799263000488,1368.0,baseline
1777619857.163946,0.10265088081359863,1368.0,baseline
1777619857.163969,0.10267400741577148,1367.0,baseline
1777619857.163998,0.10270285606384277,1368.0,baseline
1777619857.164023,0.10272789001464844,1365.0,baseline
1777619857.164046,0.10275101661682129,1365.0,baseline
1777619857.1640692,0.10277414321899414,1362.0,baseline
1777619857.1640918,0.10279679298400879,1366.0,baseline
1777619857.164115,0.10281991958618164,1365.0,baseline
1777619857.164138,0.10284304618835449,1365.0,baseline
1777619857.164161,0.10286593437194824,1364.0,baseline
1777619857.164184,0.1028890609741211,1369.0,baseline
1777619857.1642072,0.10291218757629395,1369.0,baseline
1777619857.1642299,0.1029348373413086,1369.0,baseline
1777619857.164253,0.10295796394348145,1368.0,baseline
1777619857.164276,0.1029808521270752,1371.0,baseline
1777619857.164298,0.10300302505493164,1370.0,baseline
1777619857.164324,0.10302901268005371,1368.0,baseline
1777619857.164347,0.10305190086364746,1367.0,baseline
1777619857.1643698,0.10307478904724121,1367.0,baseline
1777619857.164393,0.10309791564941406,1367.0,baseline
1777619857.164416,0.10312104225158691,1368.0,baseline
1777619857.164439,0.10314393043518066,1370.0,baseline
1777619857.1644611,0.10316610336303711,1370.0,baseline
1777619857.1644852,0.10319018363952637,1370.0,baseline
1777619857.1645079,0.10321283340454102,1370.0,baseline
1777619857.164534,0.10323905944824219,1367.0,baseline
1777619857.164557,0.10326194763183594,1368.0,baseline
1777619857.16458,0.10328507423400879,1371.0,baseline
1777619857.164603,0.10330796241760254,1370.0,baseline
1777619857.164626,0.10333085060119629,1368.0,baseline
1777619857.164649,0.10335397720336914,1368.0,baseline
1777619857.164672,0.10337686538696289,1366.0,baseline
1777619857.164695,0.10339999198913574,1369.0,baseline
1777619857.1647182,0.1034231185913086,1371.0,baseline
1777619857.164741,0.10344600677490234,1370.0,baseline
1777619857.164764,0.1034688949584961,1368.0,baseline
1777619857.164787,0.10349202156066895,1358.0,baseline
1777619857.164812,0.10351705551147461,1373.0,baseline
1777619857.164835,0.10353994369506836,1364.0,baseline
1777619857.164858,0.10356307029724121,1376.0,baseline
1777619857.164881,0.10358595848083496,1366.0,baseline
1777619857.1649039,0.10360884666442871,1362.0,baseline
1777619857.164927,0.10363197326660156,1368.0,baseline
1777619857.1649501,0.10365509986877441,1366.0,baseline
1777619857.164972,0.10367703437805176,1367.0,baseline
1777619857.164995,0.10369992256164551,1362.0,baseline
1777619857.165018,0.10372304916381836,1367.0,baseline
1777619857.165047,0.10375189781188965,1370.0,baseline
1777619857.165072,0.10377693176269531,1367.0,baseline
1777619857.1650949,0.10379981994628906,1366.0,baseline
1777619857.165118,0.10382294654846191,1362.0,baseline
1777619857.165141,0.10384607315063477,1367.0,baseline
1777619857.165164,0.10386896133422852,1368.0,baseline
1777619857.1651871,0.10389208793640137,1368.0,baseline
1777619857.16521,0.10391497611999512,1370.0,baseline
1777619857.1652322,0.10393714904785156,1367.0,baseline
1777619857.1652548,0.10395979881286621,1368.0,baseline
1777619857.165278,0.10398292541503906,1367.0,baseline
1777619857.165301,0.10400605201721191,1367.0,baseline
1777619857.165324,0.10402894020080566,1367.0,baseline
1777619857.165347,0.10405206680297852,1369.0,baseline
1777619857.1653702,0.10407519340515137,1370.0,baseline
1777619857.1653938,0.10409879684448242,1369.0,baseline
1777619857.165416,0.10412096977233887,1368.0,baseline
1777619857.165438,0.10414290428161621,1368.0,baseline
1777619857.1654599,0.10416483879089355,1367.0,baseline
1777619857.165483,0.1041879653930664,1366.0,baseline
1777619857.165505,0.10420989990234375,1367.0,baseline
1777619857.165527,0.1042320728302002,1370.0,baseline
1777619857.165555,0.10425996780395508,1366.0,baseline
1777619857.16558,0.10428500175476074,1368.0,baseline
1777619857.165602,0.10430693626403809,1366.0,baseline
1777619857.1656241,0.10432910919189453,1363.0,baseline
1777619857.165646,0.10435104370117188,1366.0,baseline
1777619857.165668,0.10437297821044922,1368.0,baseline
1777619857.165691,0.10439586639404297,1367.0,baseline
1777619857.1657128,0.10441780090332031,1366.0,baseline
1777619857.165735,0.10443997383117676,1362.0,baseline
1777619857.165757,0.1044619083404541,1367.0,baseline
1777619857.1657789,0.10448384284973145,1369.0,baseline
1777619857.1658041,0.10450911521911621,1370.0,baseline
1777619857.165826,0.10453104972839355,1371.0,baseline
1777619857.165848,0.1045529842376709,1369.0,baseline
1777619857.1658702,0.10457515716552734,1370.0,baseline
1777619857.165893,0.1045980453491211,1370.0,baseline
1777619857.1659148,0.10461974143981934,1369.0,baseline
1777619857.165937,0.10464191436767578,1368.0,baseline
1777619857.165959,0.10466384887695312,1366.0,baseline
1777619857.165982,0.10468697547912598,1366.0,baseline
1777619857.166004,0.10470890998840332,1368.0,baseline
1777619857.1660259,0.10473084449768066,1368.0,baseline
1777619857.166056,0.10476088523864746,1367.0,baseline
1777619857.16608,0.10478496551513672,1367.0,baseline
1777619857.166102,0.10480690002441406,1365.0,baseline
1777619857.166124,0.10482907295227051,1368.0,baseline
1777619857.166146,0.10485100746154785,1367.0,baseline
1777619857.166168,0.1048729419708252,1367.0,baseline
1777619857.1661901,0.10489511489868164,1369.0,baseline
1777619857.166213,0.10491800308227539,1373.0,baseline
1777619857.166235,0.10493993759155273,1369.0,baseline
1777619857.166257,0.10496187210083008,1368.0,baseline
1777619857.1662788,0.10498380661010742,1368.0,baseline
1777619857.166302,0.10500693321228027,1368.0,baseline
1777619857.166324,0.10502886772155762,1368.0,baseline
1777619857.166346,0.10505104064941406,1368.0,baseline
1777619857.166368,0.1050729751586914,1367.0,baseline
1777619857.16639,0.10509490966796875,1367.0,baseline
1777619857.166412,0.1051170825958252,1368.0,baseline
1777619857.166434,0.10513901710510254,1368.0,baseline
1777619857.1664572,0.10516214370727539,1368.0,baseline
1777619857.166479,0.10518407821655273,1368.0,baseline
1777619857.166501,0.10520601272583008,1369.0,baseline
1777619857.166523,0.10522794723510742,1369.0,baseline
1777619857.166545,0.10524988174438477,1370.0,baseline
1777619857.166573,0.10527801513671875,1368.0,baseline
1777619857.1665978,0.10530281066894531,1368.0,baseline
1777619857.16662,0.10532498359680176,1370.0,baseline
1777619857.166642,0.1053469181060791,1367.0,baseline
1777619857.166664,0.10536885261535645,1370.0,baseline
1777619857.166686,0.10539102554321289,1370.0,baseline
1777619857.166708,0.10541296005249023,1369.0,baseline
1777619857.16673,0.10543489456176758,1370.0,baseline
1777619857.166753,0.10545802116394043,1370.0,baseline
1777619857.166775,0.10547995567321777,1368.0,baseline
1777619857.1667972,0.10550212860107422,1368.0,baseline
1777619857.166819,0.10552406311035156,1367.0,baseline
1777619857.166841,0.1055459976196289,1367.0,baseline
1777619857.1668632,0.10556817054748535,1366.0,baseline
1777619857.1668851,0.1055901050567627,1369.0,baseline
1777619857.1669068,0.10561180114746094,1370.0,baseline
1777619857.166929,0.10563397407531738,1369.0,baseline
1777619857.166952,0.10565686225891113,1369.0,baseline
1777619857.166974,0.10567903518676758,1367.0,baseline
1777619857.166996,0.10570096969604492,1367.0,baseline
1777619857.167028,0.10573291778564453,1367.0,baseline
1777619857.167051,0.10575604438781738,1370.0,baseline
1777619857.167079,0.10578393936157227,1367.0,baseline
1777619857.167104,0.10580897331237793,1370.0,baseline
1777619857.167126,0.10583090782165527,1369.0,baseline
1777619857.167148,0.10585308074951172,1370.0,baseline
1777619857.167171,0.10587596893310547,1369.0,baseline
1777619857.1671932,0.10589814186096191,1369.0,baseline
1777619857.167215,0.10592007637023926,1368.0,baseline
1777619857.167237,0.1059420108795166,1369.0,baseline
1777619857.16726,0.10596489906311035,1370.0,baseline
1777619857.1672819,0.1059868335723877,1369.0,baseline
1777619857.167304,0.10600900650024414,1366.0,baseline
1777619857.167326,0.10603094100952148,1371.0,baseline
1777619857.167348,0.10605287551879883,1369.0,baseline
1777619857.16737,0.10607504844665527,1371.0,baseline
1777619857.167392,0.10609698295593262,1370.0,baseline
1777619857.167414,0.10611891746520996,1369.0,baseline
1777619857.167437,0.10614204406738281,1370.0,baseline
1777619857.167459,0.10616397857666016,1372.0,baseline
1777619857.1674812,0.1061861515045166,1371.0,baseline
1777619857.167503,0.10620808601379395,1370.0,baseline
1777619857.167525,0.10623002052307129,1369.0,baseline
1777619857.167547,0.10625195503234863,1367.0,baseline
1777619857.167569,0.10627388954162598,1370.0,baseline
1777619857.167598,0.10630297660827637,1372.0,baseline
1777619857.1676219,0.10632681846618652,1365.0,baseline
1777619857.1676438,0.10634875297546387,1369.0,baseline
1777619857.167666,0.10637092590332031,1370.0,baseline
1777619857.1676888,0.10639381408691406,1371.0,baseline
1777619857.167711,0.10641598701477051,1372.0,baseline
1777619857.167733,0.10643792152404785,1370.0,baseline
1777619857.1677551,0.1064600944519043,1368.0,baseline
1777619857.167778,0.10648298263549805,1363.0,baseline
1777619857.1678,0.10650491714477539,1363.0,baseline
1777619857.1678221,0.10652709007263184,1363.0,baseline
1777619857.167844,0.10654902458190918,1361.0,baseline
1777619857.1678662,0.10657119750976562,1359.0,baseline
1777619857.167888,0.10659289360046387,1360.0,baseline
1777619857.1679108,0.10661578178405762,1359.0,baseline
1777619857.167933,0.10663795471191406,1360.0,baseline
1777619857.167955,0.1066598892211914,1361.0,baseline
1777619857.1679769,0.10668182373046875,1362.0,baseline
1777619857.167999,0.1067039966583252,1363.0,baseline
1777619857.168021,0.10672593116760254,1360.0,baseline
1777619857.168043,0.10674786567687988,1363.0,baseline
1777619857.168065,0.10677003860473633,1367.0,baseline
1777619857.1680949,0.10679984092712402,1367.0,baseline
1777619857.1681201,0.10682511329650879,1372.0,baseline
1777619857.168143,0.10684800148010254,1369.0,baseline
1777619857.1681652,0.10687017440795898,1370.0,baseline
1777619857.168187,0.10689187049865723,1370.0,baseline
1777619857.1682088,0.10691380500793457,1371.0,baseline
1777619857.168232,0.10693693161010742,1369.0,baseline
1777619857.168254,0.10695886611938477,1371.0,baseline
1777619857.168276,0.10698103904724121,1369.0,baseline
1777619857.168298,0.10700297355651855,1365.0,baseline
1777619857.16832,0.1070249080657959,1362.0,baseline
1777619857.168343,0.10704803466796875,1367.0,baseline
1777619857.168365,0.1070699691772461,1370.0,baseline
1777619857.1683872,0.10709214210510254,1373.0,baseline
1777619857.168409,0.10711407661437988,1372.0,baseline
1777619857.168431,0.10713601112365723,1371.0,baseline
1777619857.168454,0.10715889930725098,1372.0,baseline
1777619857.1684759,0.10718083381652832,1370.0,baseline
1777619857.1684978,0.10720276832580566,1372.0,baseline
1777619857.16852,0.10722494125366211,1369.0,baseline
1777619857.168542,0.10724687576293945,1370.0,baseline
1777619857.168565,0.1072700023651123,1372.0,baseline
1777619857.168593,0.10729789733886719,1370.0,baseline
1777619857.168618,0.10732293128967285,1370.0,baseline
1777619857.16864,0.1073448657989502,1370.0,baseline
1777619857.168662,0.10736703872680664,1367.0,baseline
1777619857.168684,0.10738897323608398,1365.0,baseline
1777619857.168706,0.10741090774536133,1368.0,baseline
1777619857.168728,0.10743308067321777,1371.0,baseline
1777619857.168751,0.10745596885681152,1366.0,baseline
1777619857.1687732,0.10747814178466797,1367.0,baseline
1777619857.1687949,0.10749983787536621,1370.0,baseline
1777619857.1688168,0.10752177238464355,1369.0,baseline
1777619857.168839,0.1075439453125,1370.0,baseline
1777619857.168861,0.10756587982177734,1368.0,baseline
1777619857.168884,0.1075890064239502,1371.0,baseline
1777619857.168906,0.10761094093322754,1370.0,baseline
1777619857.168928,0.10763287544250488,1369.0,baseline
1777619857.16895,0.10765504837036133,1369.0,baseline
1777619857.168972,0.10767698287963867,1370.0,baseline
1777619857.168994,0.10769891738891602,1367.0,baseline
1777619857.169017,0.10772204399108887,1367.0,baseline
1777619857.169039,0.10774397850036621,1370.0,baseline
1777619857.1690612,0.10776615142822266,1371.0,baseline
1777619857.169089,0.10779404640197754,1370.0,baseline
1777619857.1691148,0.10781979560852051,1371.0,baseline
1777619857.169137,0.10784196853637695,1370.0,baseline
1777619857.169159,0.1078639030456543,1370.0,baseline
1777619857.169182,0.10788702964782715,1371.0,baseline
1777619857.169204,0.10790896415710449,1370.0,baseline
1777619857.169226,0.10793089866638184,1366.0,baseline
1777619857.169248,0.10795307159423828,1360.0,baseline
1777619857.16927,0.10797500610351562,1360.0,baseline
1777619857.169292,0.10799694061279297,1362.0,baseline
1777619857.169315,0.10802006721496582,1367.0,baseline
1777619857.169337,0.10804200172424316,1369.0,baseline
1777619857.16936,0.10806488990783691,1367.0,baseline
1777619857.1693828,0.10808777809143066,1366.0,baseline
1777619857.169406,0.10811090469360352,1366.0,baseline
1777619857.169429,0.10813403129577637,1370.0,baseline
1777619857.169452,0.10815691947937012,1367.0,baseline
1777619857.169475,0.10818004608154297,1368.0,baseline
1777619857.169497,0.10820198059082031,1368.0,baseline
1777619857.1695201,0.10822510719299316,1368.0,baseline
1777619857.1695418,0.1082468032836914,1365.0,baseline
1777619857.169564,0.10826897621154785,1363.0,baseline
1777619857.169586,0.1082909107208252,1361.0,baseline
1777619857.169612,0.10831689834594727,1365.0,baseline
1777619857.169634,0.10833907127380371,1365.0,baseline
1777619857.169657,0.10836195945739746,1367.0,baseline
1777619857.1696792,0.1083841323852539,1369.0,baseline
1777619857.169701,0.10840606689453125,1368.0,baseline
1777619857.1697228,0.10842776298522949,1367.0,baseline
1777619857.169746,0.10845088958740234,1364.0,baseline
1777619857.1697679,0.10847282409667969,1367.0,baseline
1777619857.16979,0.10849499702453613,1366.0,baseline
1777619857.169812,0.10851693153381348,1363.0,baseline
1777619857.169834,0.10853886604309082,1364.0,baseline
1777619857.169856,0.10856103897094727,1366.0,baseline
1777619857.169878,0.10858297348022461,1367.0,baseline
1777619857.1699011,0.10860610008239746,1365.0,baseline
1777619857.169923,0.1086280345916748,1366.0,baseline
1777619857.1699462,0.10865116119384766,1367.0,baseline
1777619857.1699681,0.108673095703125,1367.0,baseline
1777619857.169991,0.10869598388671875,1367.0,baseline
1777619857.170013,0.1087179183959961,1367.0,baseline
1777619857.170035,0.10873985290527344,1369.0,baseline
1777619857.170057,0.10876202583312988,1366.0,baseline
1777619857.170079,0.10878396034240723,1367.0,baseline
1777619857.170105,0.1088099479675293,1368.0,baseline
1777619857.1701288,0.10883378982543945,1368.0,baseline
1777619857.170152,0.1088569164276123,1369.0,baseline
1777619857.170174,0.10887885093688965,1369.0,baseline
1777619857.170197,0.1089019775390625,1367.0,baseline
1777619857.170219,0.10892391204833984,1369.0,baseline
1777619857.170241,0.10894608497619629,1369.0,baseline
1777619857.170263,0.10896801948547363,1368.0,baseline
1777619857.170285,0.10898995399475098,1368.0,baseline
1777619857.1703072,0.10901212692260742,1369.0,baseline
1777619857.170329,0.10903406143188477,1369.0,baseline
1777619857.1703522,0.10905718803405762,1367.0,baseline
1777619857.170385,0.10908985137939453,1367.0,baseline
1777619857.170408,0.10911297798156738,1367.0,baseline
1777619857.17043,0.10913491249084473,1368.0,baseline
1777619857.1704519,0.10915684700012207,1367.0,baseline
1777619857.170474,0.10917901992797852,1367.0,baseline
1777619857.170496,0.10920095443725586,1367.0,baseline
1777619857.170518,0.1092228889465332,1368.0,baseline
1777619857.170541,0.10924601554870605,1369.0,baseline
1777619857.170563,0.1092679500579834,1368.0,baseline
1777619857.1705852,0.10929012298583984,1367.0,baseline
1777619857.17061,0.1093149185180664,1365.0,baseline
1777619857.170635,0.10933995246887207,1369.0,baseline
1777619857.170657,0.10936188697814941,1369.0,baseline
1777619857.170679,0.10938405990600586,1367.0,baseline
1777619857.170701,0.1094059944152832,1363.0,baseline
1777619857.1707242,0.10942912101745605,1369.0,baseline
1777619857.170746,0.1094510555267334,1370.0,baseline
1777619857.1707678,0.10947275161743164,1370.0,baseline
1777619857.17079,0.10949492454528809,1369.0,baseline
1777619857.170812,0.10951685905456543,1369.0,baseline
1777619857.170835,0.10953998565673828,1369.0,baseline
1777619857.170857,0.10956192016601562,1368.0,baseline
1777619857.170879,0.10958385467529297,1367.0,baseline
1777619857.170901,0.10960602760314941,1367.0,baseline
1777619857.170923,0.10962796211242676,1369.0,baseline
1777619857.170945,0.1096498966217041,1369.0,baseline
1777619857.170968,0.10967302322387695,1367.0,baseline
1777619857.17099,0.1096949577331543,1368.0,baseline
1777619857.1710122,0.10971713066101074,1369.0,baseline
1777619857.171034,0.10973906517028809,1369.0,baseline
1777619857.171056,0.10976099967956543,1369.0,baseline
1777619857.171079,0.10978388786315918,1366.0,baseline
1777619857.171103,0.10980796813964844,1367.0,baseline
1777619857.171128,0.1098330020904541,1370.0,baseline
1777619857.17115,0.10985493659973145,1372.0,baseline
1777619857.1711721,0.10987710952758789,1371.0,baseline
1777619857.171194,0.10989904403686523,1372.0,baseline
1777619857.171217,0.10992193222045898,1370.0,baseline
1777619857.171239,0.10994386672973633,1371.0,baseline
1777619857.1712608,0.10996580123901367,1370.0,baseline
1777619857.171283,0.10998797416687012,1370.0,baseline
1777619857.171305,0.11000990867614746,1370.0,baseline
1777619857.1713269,0.1100318431854248,1368.0,baseline
1777619857.171349,0.11005401611328125,1370.0,baseline
1777619857.171371,0.1100759506225586,1368.0,baseline
1777619857.171393,0.11009788513183594,1370.0,baseline
1777619857.171415,0.11012005805969238,1367.0,baseline
1777619857.171436,0.11014103889465332,1367.0,baseline
1777619857.171458,0.11016297340393066,1369.0,baseline
1777619857.1714802,0.11018514633178711,1369.0,baseline
1777619857.171502,0.11020708084106445,1368.0,baseline
1777619857.171523,0.11022806167602539,1370.0,baseline
1777619857.171545,0.11024999618530273,1370.0,baseline
1777619857.1715672,0.11027216911315918,1369.0,baseline
1777619857.1715982,0.11030316352844238,1369.0,baseline
1777619857.171621,0.11032605171203613,1372.0,baseline
1777619857.1716428,0.11034774780273438,1370.0,baseline
1777619857.171665,0.11036992073059082,1369.0,baseline
1777619857.171687,0.11039185523986816,1369.0,baseline
1777619857.1717088,0.11041378974914551,1370.0,baseline
1777619857.171731,0.11043596267700195,1369.0,baseline
1777619857.171752,0.11045694351196289,1368.0,baseline
1777619857.171774,0.11047887802124023,1369.0,baseline
1777619857.171796,0.11050105094909668,1367.0,baseline
1777619857.171818,0.11052298545837402,1370.0,baseline
1777619857.17184,0.11054491996765137,1370.0,baseline
1777619857.1718621,0.11056709289550781,1370.0,baseline
1777619857.171884,0.11058902740478516,1369.0,baseline
1777619857.171906,0.1106109619140625,1369.0,baseline
1777619857.1719282,0.11063313484191895,1368.0,baseline
1777619857.17195,0.11065506935119629,1370.0,baseline
1777619857.171972,0.11067700386047363,1369.0,baseline
1777619857.1719942,0.11069917678833008,1368.0,baseline
1777619857.1720161,0.11072111129760742,1370.0,baseline
1777619857.1720378,0.11074280738830566,1370.0,baseline
1777619857.17206,0.11076498031616211,1370.0,baseline
1777619857.172085,0.11079001426696777,1370.0,baseline
1777619857.1721091,0.11081409454345703,1369.0,baseline
1777619857.172131,0.11083602905273438,1370.0,baseline
1777619857.172153,0.11085796356201172,1369.0,baseline
1777619857.1721752,0.11088013648986816,1368.0,baseline
1777619857.1721961,0.1109011173248291,1366.0,baseline
1777619857.172218,0.11092305183410645,1368.0,baseline
1777619857.1722398,0.11094474792480469,1369.0,baseline
1777619857.172262,0.11096692085266113,1369.0,baseline
1777619857.172284,0.11098885536193848,1370.0,baseline
1777619857.1723058,0.11101078987121582,1368.0,baseline
1777619857.172328,0.11103296279907227,1369.0,baseline
1777619857.17235,0.11105489730834961,1369.0,baseline
1777619857.172371,0.11107587814331055,1368.0,baseline
1777619857.1723928,0.11109781265258789,1370.0,baseline
1777619857.172415,0.11111998558044434,1369.0,baseline
1777619857.172437,0.11114192008972168,1368.0,baseline
1777619857.1724591,0.11116409301757812,1370.0,baseline
1777619857.172481,0.11118602752685547,1369.0,baseline
1777619857.172503,0.11120796203613281,1370.0,baseline
1777619857.172524,0.11122894287109375,1370.0,baseline
1777619857.1725461,0.1112511157989502,1369.0,baseline
1777619857.172574,0.11127901077270508,1368.0,baseline
1777619857.172599,0.11130404472351074,1370.0,baseline
1777619857.172621,0.11132597923278809,1365.0,baseline
1777619857.1726432,0.11134815216064453,1369.0,baseline
1777619857.172665,0.11137008666992188,1367.0,baseline
1777619857.172686,0.11139106750488281,1367.0,baseline
1777619857.172708,0.11141300201416016,1370.0,baseline
1777619857.1727302,0.1114351749420166,1370.0,baseline
1777619857.172757,0.11146187782287598,1368.0,baseline
1777619857.172779,0.11148405075073242,1367.0,baseline
1777619857.172801,0.11150598526000977,1366.0,baseline
1777619857.172823,0.11152791976928711,1369.0,baseline
1777619857.1728451,0.11155009269714355,1370.0,baseline
1777619857.172867,0.1115720272064209,1369.0,baseline
1777619857.172889,0.11159396171569824,1369.0,baseline
1777619857.17291,0.11161494255065918,1370.0,baseline
1777619857.1729321,0.11163711547851562,1369.0,baseline
1777619857.172954,0.11165904998779297,1370.0,baseline
1777619857.172976,0.11168098449707031,1372.0,baseline
1777619857.1729972,0.11170220375061035,1370.0,baseline
1777619857.173019,0.1117238998413086,1368.0,baseline
1777619857.1730409,0.11174583435058594,1369.0,baseline
1777619857.173068,0.11177301406860352,1369.0,baseline
1777619857.1730921,0.11179709434509277,1372.0,baseline
1777619857.173114,0.11181902885437012,1369.0,baseline
1777619857.1731358,0.11184072494506836,1370.0,baseline
1777619857.173158,0.1118628978729248,1370.0,baseline
1777619857.1731799,0.11188483238220215,1367.0,baseline
1777619857.173202,0.1119070053100586,1370.0,baseline
1777619857.173224,0.11192893981933594,1369.0,baseline
1777619857.173246,0.11195087432861328,1369.0,baseline
1777619857.173267,0.11197185516357422,1368.0,baseline
1777619857.173289,0.11199402809143066,1367.0,baseline
1777619857.173311,0.11201596260070801,1368.0,baseline
1777619857.173333,0.11203789710998535,1370.0,baseline
1777619857.173355,0.1120600700378418,1369.0,baseline
1777619857.173377,0.11208200454711914,1369.0,baseline
1777619857.173399,0.11210393905639648,1369.0,baseline
1777619857.17342,0.11212491989135742,1370.0,baseline
1777619857.1734421,0.11214709281921387,1370.0,baseline
1777619857.173464,0.11216902732849121,1369.0,baseline
1777619857.173486,0.11219096183776855,1370.0,baseline
1777619857.1735082,0.112213134765625,1370.0,baseline
1777619857.17353,0.11223506927490234,1372.0,baseline
1777619857.173557,0.11226201057434082,1371.0,baseline
1777619857.1735811,0.11228609085083008,1371.0,baseline
1777619857.173602,0.11230707168579102,1370.0,baseline
1777619857.173624,0.11232900619506836,1372.0,baseline
1777619857.173646,0.1123509407043457,1372.0,baseline
1777619857.1736681,0.11237311363220215,1369.0,baseline
1777619857.1736991,0.11240410804748535,1369.0,baseline
1777619857.173721,0.1124260425567627,1369.0,baseline
1777619857.173743,0.11244797706604004,1369.0,baseline
1777619857.1737652,0.11247014999389648,1370.0,baseline
1777619857.1737869,0.11249184608459473,1369.0,baseline
1777619857.173808,0.11251306533813477,1369.0,baseline
1777619857.1738298,0.11253476142883301,1371.0,baseline
1777619857.173852,0.11255693435668945,1370.0,baseline
1777619857.173874,0.1125788688659668,1370.0,baseline
1777619857.173895,0.11259984970092773,1369.0,baseline
1777619857.1739168,0.11262178421020508,1371.0,baseline
1777619857.173939,0.11264395713806152,1371.0,baseline
1777619857.173961,0.11266589164733887,1370.0,baseline
1777619857.1739829,0.11268782615661621,1368.0,baseline
1777619857.174005,0.11270999908447266,1368.0,baseline
1777619857.174026,0.1127309799194336,1370.0,baseline
1777619857.174048,0.11275291442871094,1369.0,baseline
1777619857.174077,0.11278200149536133,1368.0,baseline
1777619857.1741,0.11280488967895508,1371.0,baseline
1777619857.174122,0.11282706260681152,1370.0,baseline
1777619857.174144,0.11284899711608887,1367.0,baseline
1777619857.174166,0.11287093162536621,1367.0,baseline
1777619857.1741881,0.11289310455322266,1368.0,baseline
1777619857.17421,0.1129150390625,1369.0,baseline
1777619857.174232,0.11293697357177734,1370.0,baseline
1777619857.1742542,0.11295914649963379,1369.0,baseline
1777619857.1742752,0.11298012733459473,1370.0,baseline
1777619857.174297,0.11300206184387207,1370.0,baseline
1777619857.174319,0.11302399635314941,1369.0,baseline
1777619857.1743412,0.11304616928100586,1370.0,baseline
1777619857.174363,0.1130678653717041,1368.0,baseline
1777619857.1743848,0.11308979988098145,1371.0,baseline
1777619857.174407,0.11311197280883789,1371.0,baseline
1777619857.174429,0.11313390731811523,1370.0,baseline
1777619857.1744509,0.11315584182739258,1369.0,baseline
1777619857.174473,0.11317801475524902,1370.0,baseline
1777619857.174494,0.11319899559020996,1370.0,baseline
1777619857.174516,0.1132209300994873,1369.0,baseline
1777619857.174538,0.11324286460876465,1369.0,baseline
1777619857.1745658,0.11327075958251953,1369.0,baseline
1777619857.174589,0.11329388618469238,1367.0,baseline
1777619857.1746109,0.11331582069396973,1366.0,baseline
1777619857.174633,0.11333799362182617,1368.0,baseline
1777619857.174655,0.11335992813110352,1370.0,baseline
1777619857.174677,0.11338186264038086,1370.0,baseline
1777619857.174699,0.1134040355682373,1369.0,baseline
1777619857.174721,0.11342597007751465,1369.0,baseline
1777619857.174743,0.11344790458679199,1371.0,baseline
1777619857.174764,0.11346888542175293,1371.0,baseline
1777619857.174786,0.11349105834960938,1370.0,baseline
1777619857.174808,0.11351299285888672,1370.0,baseline
1777619857.1748302,0.11353516578674316,1372.0,baseline
1777619857.1748521,0.11355710029602051,1371.0,baseline
1777619857.174874,0.11357903480529785,1372.0,baseline
1777619857.174895,0.11360001564025879,1370.0,baseline
1777619857.1749172,0.11362218856811523,1369.0,baseline
1777619857.174939,0.11364388465881348,1370.0,baseline
1777619857.1749609,0.11366581916809082,1369.0,baseline
1777619857.174983,0.11368799209594727,1370.0,baseline
1777619857.175005,0.11370992660522461,1368.0,baseline
1777619857.175027,0.11373186111450195,1368.0,baseline
1777619857.175054,0.11375904083251953,1369.0,baseline
1777619857.1750789,0.1137838363647461,1369.0,baseline
1777619857.175101,0.11380600929260254,1369.0,baseline
1777619857.175123,0.11382794380187988,1368.0,baseline
1777619857.175145,0.11384987831115723,1368.0,baseline
1777619857.175166,0.11387085914611816,1367.0,baseline
1777619857.175189,0.11389398574829102,1366.0,baseline
1777619857.1752121,0.11391711235046387,1368.0,baseline
1777619857.175234,0.11393904685974121,1369.0,baseline
1777619857.175255,0.11396002769470215,1370.0,baseline
1777619857.175277,0.11398196220397949,1369.0,baseline
1777619857.1752992,0.11400413513183594,1367.0,baseline
1777619857.175321,0.11402606964111328,1367.0,baseline
1777619857.175343,0.11404800415039062,1367.0,baseline
1777619857.1753652,0.11407017707824707,1367.0,baseline
1777619857.175387,0.11409187316894531,1369.0,baseline
1777619857.175412,0.11411690711975098,1370.0,baseline
1777619857.1754339,0.11413884162902832,1369.0,baseline
1777619857.175456,0.11416101455688477,1370.0,baseline
1777619857.175478,0.11418294906616211,1369.0,baseline
1777619857.1755,0.11420488357543945,1368.0,baseline
1777619857.175522,0.1142270565032959,1370.0,baseline
1777619857.175544,0.11424899101257324,1373.0,baseline
1777619857.175571,0.11427593231201172,1368.0,baseline
1777619857.175594,0.11429905891418457,1368.0,baseline
1777619857.175616,0.11432099342346191,1369.0,baseline
1777619857.175638,0.11434292793273926,1370.0,baseline
1777619857.1756601,0.1143651008605957,1367.0,baseline
1777619857.175682,0.11438703536987305,1366.0,baseline
1777619857.175704,0.11440896987915039,1368.0,baseline
1777619857.175725,0.11442995071411133,1365.0,baseline
1777619857.1757472,0.11445212364196777,1368.0,baseline
1777619857.175769,0.11447405815124512,1369.0,baseline
1777619857.175791,0.11449599266052246,1367.0,baseline
1777619857.1758132,0.1145181655883789,1368.0,baseline
1777619857.175835,0.11453986167907715,1369.0,baseline
1777619857.1758568,0.11456179618835449,1369.0,baseline
1777619857.1758778,0.11458277702331543,1368.0,baseline
1777619857.1759,0.11460494995117188,1360.0,baseline
1777619857.175922,0.11462688446044922,1370.0,baseline
1777619857.1759439,0.11464881896972656,1359.0,baseline
1777619857.175966,0.11467099189758301,1361.0,baseline
1777619857.175988,0.11469292640686035,1370.0,baseline
1777619857.17601,0.1147148609161377,1372.0,baseline
1777619857.1760309,0.11473584175109863,1372.0,baseline
1777619857.1760588,0.11476373672485352,1372.0,baseline
1777619857.1760828,0.11478781700134277,1373.0,baseline
1777619857.176105,0.11480998992919922,1371.0,baseline
1777619857.176127,0.11483192443847656,1370.0,baseline
1777619857.176149,0.1148538589477539,1372.0,baseline
1777619857.1761699,0.11487483978271484,1370.0,baseline
1777619857.176192,0.11489701271057129,1374.0,baseline
1777619857.176214,0.11491894721984863,1377.0,baseline
1777619857.176235,0.11493992805480957,1371.0,baseline
1777619857.1762571,0.11496210098266602,1369.0,baseline
1777619857.176279,0.11498403549194336,1368.0,baseline
1777619857.176301,0.1150059700012207,1368.0,baseline
1777619857.1763232,0.11502814292907715,1370.0,baseline
1777619857.176345,0.11505007743835449,1372.0,baseline
1777619857.176367,0.11507201194763184,1370.0,baseline
1777619857.176388,0.11509299278259277,1370.0,baseline
1777619857.1764102,0.11511516571044922,1369.0,baseline
1777619857.1764321,0.11513710021972656,1370.0,baseline
1777619857.1764538,0.1151587963104248,1372.0,baseline
1777619857.176476,0.11518096923828125,1369.0,baseline
1777619857.176498,0.1152029037475586,1370.0,baseline
1777619857.1765199,0.11522483825683594,1372.0,baseline
1777619857.176548,0.11525297164916992,1372.0,baseline
1777619857.176573,0.11527800559997559,1359.0,baseline
1777619857.176594,0.11529898643493652,1362.0,baseline
1777619857.176616,0.11532092094421387,1367.0,baseline
1777619857.176638,0.11534285545349121,1371.0,baseline
1777619857.17666,0.11536502838134766,1373.0,baseline
1777619857.176682,0.115386962890625,1350.0,baseline
1777619857.176704,0.11540889739990234,1354.0,baseline
1777619857.176726,0.11543107032775879,1362.0,baseline
1777619857.176747,0.11545205116271973,1368.0,baseline
1777619857.176769,0.11547398567199707,1365.0,baseline
1777619857.176791,0.11549592018127441,1367.0,baseline
1777619857.1768131,0.11551809310913086,1358.0,baseline
1777619857.176838,0.11554288864135742,1364.0,baseline
1777619857.176859,0.11556386947631836,1376.0,baseline
1777619857.1768808,0.1155858039855957,1370.0,baseline
1777619857.176903,0.11560797691345215,1371.0,baseline
1777619857.176925,0.11562991142272949,1367.0,baseline
1777619857.1769469,0.11565184593200684,1358.0,baseline
1777619857.176969,0.11567401885986328,1362.0,baseline
1777619857.177005,0.11571002006530762,1365.0,baseline
1777619857.177027,0.11573195457458496,1369.0,baseline
1777619857.1770492,0.1157541275024414,1359.0,baseline
1777619857.177077,0.11578202247619629,1343.0,baseline
1777619857.1771,0.11580491065979004,1356.0,baseline
1777619857.177122,0.11582708358764648,1372.0,baseline
1777619857.177143,0.11584806442260742,1375.0,baseline
1777619857.177165,0.11586999893188477,1364.0,baseline
1777619857.177187,0.11589193344116211,1369.0,baseline
1777619857.1772091,0.11591410636901855,1372.0,baseline
1777619857.177231,0.1159360408782959,1369.0,baseline
1777619857.177253,0.11595797538757324,1374.0,baseline
1777619857.177275,0.11597990989685059,1375.0,baseline
1777619857.1772969,0.11600184440612793,1374.0,baseline
1777619857.1773188,0.11602377891540527,1380.0,baseline
1777619857.177341,0.11604595184326172,1381.0,baseline
1777619857.177363,0.11606788635253906,1381.0,baseline
1777619857.1773849,0.1160898208618164,1381.0,baseline
1777619857.177407,0.11611199378967285,1377.0,baseline
1777619857.177429,0.1161339282989502,1374.0,baseline
1777619857.177451,0.11615586280822754,1372.0,baseline
1777619857.177473,0.11617803573608398,1368.0,baseline
1777619857.177495,0.11619997024536133,1363.0,baseline
1777619857.177517,0.11622190475463867,1361.0,baseline
1777619857.177539,0.11624407768249512,1359.0,baseline
1777619857.177563,0.11626791954040527,1367.0,baseline
1777619857.177588,0.11629295349121094,1367.0,baseline
1777619857.17761,0.11631488800048828,1370.0,baseline
1777619857.177632,0.11633706092834473,1369.0,baseline
1777619857.177654,0.11635899543762207,1359.0,baseline
1777619857.177676,0.11638092994689941,1357.0,baseline
1777619857.1776981,0.11640310287475586,1353.0,baseline
1777619857.17772,0.1164250373840332,1352.0,baseline
1777619857.177742,0.11644697189331055,1355.0,baseline
1777619857.1777642,0.11646914482116699,1356.0,baseline
1777619857.1777852,0.11649012565612793,1355.0,baseline
1777619857.177807,0.11651206016540527,1361.0,baseline
1777619857.177829,0.11653399467468262,1365.0,baseline
1777619857.177851,0.11655592918395996,1371.0,baseline
1777619857.177873,0.1165778636932373,1371.0,baseline
1777619857.1778948,0.11659979820251465,1368.0,baseline
1777619857.177917,0.1166219711303711,1367.0,baseline
1777619857.177939,0.11664390563964844,1370.0,baseline
1777619857.1779609,0.11666584014892578,1371.0,baseline
1777619857.177983,0.11668801307678223,1372.0,baseline
1777619857.178005,0.11670994758605957,1371.0,baseline
1777619857.178026,0.11673092842102051,1370.0,baseline
1777619857.178051,0.11675596237182617,1370.0,baseline
1777619857.1780748,0.11677980422973633,1370.0,baseline
1777619857.178097,0.11680197715759277,1372.0,baseline
1777619857.178119,0.11682391166687012,1372.0,baseline
1777619857.1781409,0.11684584617614746,1373.0,baseline
1777619857.178163,0.1168680191040039,1372.0,baseline
1777619857.178185,0.11688995361328125,1370.0,baseline
1777619857.178207,0.1169118881225586,1370.0,baseline
1777619857.178228,0.11693286895751953,1371.0,baseline
1777619857.17825,0.11695504188537598,1368.0,baseline
1777619857.178272,0.11697697639465332,1369.0,baseline
1777619857.178294,0.11699891090393066,1370.0,baseline
1777619857.178315,0.1170198917388916,1371.0,baseline
1777619857.178337,0.11704206466674805,1370.0,baseline
1777619857.178359,0.11706399917602539,1369.0,baseline
1777619857.178381,0.11708593368530273,1368.0,baseline
1777619857.1784031,0.11710810661315918,1367.0,baseline
1777619857.178425,0.11713004112243652,1368.0,baseline
1777619857.178447,0.11715197563171387,1369.0,baseline
1777619857.178468,0.1171729564666748,1370.0,baseline
1777619857.1784909,0.11719584465026855,1369.0,baseline
1777619857.1785128,0.1172177791595459,1371.0,baseline
1777619857.178538,0.11724305152893066,1371.0,baseline
1777619857.178563,0.11726808547973633,1369.0,baseline
1777619857.178585,0.11729001998901367,1370.0,baseline
1777619857.178606,0.11731100082397461,1369.0,baseline
1777619857.1786282,0.11733317375183105,1370.0,baseline
1777619857.1786501,0.1173551082611084,1369.0,baseline
1777619857.178672,0.11737704277038574,1368.0,baseline
1777619857.1786938,0.11739873886108398,1367.0,baseline
1777619857.178716,0.11742091178894043,1368.0,baseline
1777619857.178741,0.1174459457397461,1369.0,baseline
1777619857.178762,0.11746692657470703,1369.0,baseline
1777619857.178784,0.11748886108398438,1370.0,baseline
1777619857.178806,0.11751103401184082,1370.0,baseline
1777619857.178828,0.11753296852111816,1369.0,baseline
1777619857.17885,0.11755490303039551,1370.0,baseline
1777619857.178872,0.11757707595825195,1369.0,baseline
1777619857.178894,0.1175990104675293,1369.0,baseline
1777619857.178915,0.11761999130249023,1368.0,baseline
1777619857.1789372,0.11764216423034668,1370.0,baseline
1777619857.1789591,0.11766409873962402,1369.0,baseline
1777619857.178981,0.11768603324890137,1371.0,baseline
1777619857.179002,0.1177070140838623,1372.0,baseline
1777619857.17903,0.11773490905761719,1369.0,baseline
1777619857.179054,0.11775898933410645,1367.0,baseline
1777619857.1790762,0.11778116226196289,1369.0,baseline
1777619857.1790981,0.11780309677124023,1370.0,baseline
1777619857.17912,0.11782503128051758,1370.0,baseline
1777619857.179142,0.11784696578979492,1369.0,baseline
1777619857.179164,0.11786890029907227,1366.0,baseline
1777619857.179185,0.1178898811340332,1367.0,baseline
1777619857.17921,0.11791491508483887,1368.0,baseline
1777619857.179231,0.1179358959197998,1369.0,baseline
1777619857.179253,0.11795806884765625,1370.0,baseline
1777619857.179275,0.1179800033569336,1371.0,baseline
1777619857.179297,0.11800193786621094,1371.0,baseline
1777619857.1793191,0.11802411079406738,1372.0,baseline
1777619857.179341,0.11804604530334473,1371.0,baseline
1777619857.179362,0.11806702613830566,1370.0,baseline
1777619857.179384,0.11808896064758301,1370.0,baseline
1777619857.1794071,0.11811208724975586,1370.0,baseline
1777619857.179429,0.1181340217590332,1371.0,baseline
1777619857.17945,0.11815500259399414,1370.0,baseline
1777619857.179472,0.11817693710327148,1369.0,baseline
1777619857.179494,0.11819887161254883,1371.0,baseline
1777619857.1795158,0.11822080612182617,1370.0,baseline
1777619857.179544,0.11824893951416016,1368.0,baseline
1777619857.1795661,0.1182711124420166,1368.0,baseline
1777619857.179588,0.11829304695129395,1370.0,baseline
1777619857.17961,0.11831498146057129,1369.0,baseline
1777619857.1796322,0.11833715438842773,1368.0,baseline
1777619857.1796532,0.11835813522338867,1370.0,baseline
1777619857.1796749,0.11837983131408691,1371.0,baseline
1777619857.1797,0.11840486526489258,1372.0,baseline
1777619857.179722,0.11842703819274902,1369.0,baseline
1777619857.179744,0.11844897270202637,1367.0,baseline
1777619857.179766,0.11847090721130371,1367.0,baseline
1777619857.179787,0.11849188804626465,1367.0,baseline
1777619857.179809,0.1185140609741211,1370.0,baseline
1777619857.179831,0.11853599548339844,1372.0,baseline
1777619857.179853,0.11855792999267578,1371.0,baseline
1777619857.179874,0.11857891082763672,1371.0,baseline
1777619857.179896,0.11860108375549316,1372.0,baseline
1777619857.179918,0.11862301826477051,1370.0,baseline
1777619857.17994,0.11864495277404785,1368.0,baseline
1777619857.1799622,0.1186671257019043,1369.0,baseline
1777619857.1799839,0.11868882179260254,1372.0,baseline
1777619857.1800058,0.11871075630187988,1378.0,baseline
1777619857.1800342,0.11873912811279297,1373.0,baseline
1777619857.180058,0.11876296997070312,1372.0,baseline
1777619857.1800802,0.11878514289855957,1369.0,baseline
1777619857.1801028,0.11880779266357422,1369.0,baseline
1777619857.180126,0.11883091926574707,1371.0,baseline
1777619857.180148,0.11885285377502441,1370.0,baseline
1777619857.18017,0.11887502670288086,1370.0,baseline
1777619857.180193,0.11889791488647461,1369.0,baseline
1777619857.180214,0.11891889572143555,1367.0,baseline
1777619857.180236,0.11894106864929199,1369.0,baseline
1777619857.180258,0.11896300315856934,1369.0,baseline
1777619857.18028,0.11898493766784668,1370.0,baseline
1777619857.1803021,0.11900711059570312,1368.0,baseline
1777619857.1803362,0.11904120445251465,1369.0,baseline
1777619857.180358,0.11906290054321289,1370.0,baseline
1777619857.1803799,0.11908483505249023,1368.0,baseline
1777619857.1804018,0.11910676956176758,1369.0,baseline
1777619857.180424,0.11912894248962402,1371.0,baseline
1777619857.180446,0.11915087699890137,1371.0,baseline
1777619857.180467,0.1191718578338623,1371.0,baseline
1777619857.180489,0.11919403076171875,1372.0,baseline
1777619857.180511,0.1192159652709961,1370.0,baseline
1777619857.1805382,0.11924314498901367,1370.0,baseline
1777619857.180562,0.11926698684692383,1369.0,baseline
1777619857.180584,0.11928892135620117,1371.0,baseline
1777619857.180606,0.11931085586547852,1370.0,baseline
1777619857.1806269,0.11933183670043945,1370.0,baseline
1777619857.1806521,0.11935710906982422,1370.0,baseline
1777619857.180674,0.11937904357910156,1371.0,baseline
1777619857.180696,0.1194009780883789,1370.0,baseline
1777619857.1807182,0.11942315101623535,1370.0,baseline
1777619857.1807392,0.11944413185119629,1369.0,baseline
1777619857.180761,0.11946606636047363,1369.0,baseline
1777619857.180783,0.11948800086975098,1368.0,baseline
1777619857.1808052,0.11951017379760742,1368.0,baseline
1777619857.180827,0.11953186988830566,1368.0,baseline
1777619857.1808481,0.1195530891418457,1368.0,baseline
1777619857.1808698,0.11957478523254395,1372.0,baseline
1777619857.180892,0.11959695816040039,1370.0,baseline
1777619857.180914,0.11961889266967773,1369.0,baseline
1777619857.1809359,0.11964082717895508,1370.0,baseline
1777619857.180958,0.11966300010681152,1369.0,baseline
1777619857.18098,0.11968493461608887,1369.0,baseline
1777619857.181001,0.1197059154510498,1369.0,baseline
1777619857.181023,0.11972784996032715,1368.0,baseline
1777619857.181052,0.11975693702697754,1366.0,baseline
1777619857.181074,0.11977887153625488,1371.0,baseline
1777619857.1810958,0.11980080604553223,1370.0,baseline
1777619857.181118,0.11982297897338867,1372.0,baseline
1777619857.18114,0.11984491348266602,1370.0,baseline
1777619857.1811619,0.11986684799194336,1370.0,baseline
1777619857.181184,0.1198890209197998,1369.0,baseline
1777619857.181205,0.11991000175476074,1370.0,baseline
1777619857.181227,0.11993193626403809,1371.0,baseline
1777619857.181248,0.11995291709899902,1369.0,baseline
1777619857.1812701,0.11997509002685547,1370.0,baseline
1777619857.181291,0.1199960708618164,1371.0,baseline
1777619857.181312,0.12001705169677734,1369.0,baseline
1777619857.181334,0.12003898620605469,1369.0,baseline
1777619857.181355,0.12005996704101562,1369.0,baseline
1777619857.181377,0.12008190155029297,1368.0,baseline
1777619857.181399,0.12010407447814941,1369.0,baseline
1777619857.18142,0.12012505531311035,1369.0,baseline
1777619857.181442,0.1201469898223877,1372.0,baseline
1777619857.181463,0.12016797065734863,1369.0,baseline
1777619857.181485,0.12018990516662598,1370.0,baseline
1777619857.1815062,0.12021112442016602,1369.0,baseline
1777619857.181534,0.1202390193939209,1370.0,baseline
1777619857.181556,0.12026095390319824,1372.0,baseline
1777619857.181578,0.12028288841247559,1369.0,baseline
1777619857.181602,0.12030696868896484,1368.0,baseline
1777619857.181623,0.12032794952392578,1372.0,baseline
1777619857.1816452,0.12035012245178223,1371.0,baseline
1777619857.1816661,0.12037110328674316,1371.0,baseline
1777619857.181688,0.12039303779602051,1369.0,baseline
1777619857.181709,0.12041401863098145,1368.0,baseline
1777619857.181731,0.12043595314025879,1370.0,baseline
1777619857.181752,0.12045693397521973,1371.0,baseline
1777619857.1817741,0.12047910690307617,1369.0,baseline
1777619857.1817951,0.12050008773803711,1370.0,baseline
1777619857.181817,0.12052202224731445,1371.0,baseline
1777619857.181838,0.12054300308227539,1371.0,baseline
1777619857.1818602,0.12056517601013184,1371.0,baseline
1777619857.1818812,0.12058615684509277,1370.0,baseline
1777619857.1819022,0.12060713768005371,1370.0,baseline
1777619857.181924,0.12062907218933105,1371.0,baseline
1777619857.181945,0.12065005302429199,1373.0,baseline
1777619857.181967,0.12067198753356934,1371.0,baseline
1777619857.181988,0.12069296836853027,1369.0,baseline
1777619857.182015,0.12071990966796875,1372.0,baseline
1777619857.18204,0.12074494361877441,1372.0,baseline
1777619857.182065,0.12076997756958008,1372.0,baseline
1777619857.182087,0.12079191207885742,1372.0,baseline
1777619857.182108,0.12081289291381836,1371.0,baseline
1777619857.1821299,0.1208348274230957,1372.0,baseline
1777619857.1821508,0.12085580825805664,1370.0,baseline
1777619857.182173,0.12087798118591309,1369.0,baseline
1777619857.182194,0.12089896202087402,1371.0,baseline
1777619857.182216,0.12092089653015137,1368.0,baseline
1777619857.182237,0.1209418773651123,1369.0,baseline
1777619857.182258,0.12096285820007324,1371.0,baseline
1777619857.1822798,0.12098479270935059,1370.0,baseline
1777619857.182301,0.12100601196289062,1369.0,baseline
1777619857.182323,0.12102794647216797,1368.0,baseline
1777619857.182344,0.1210489273071289,1369.0,baseline
1777619857.182366,0.12107086181640625,1369.0,baseline
1777619857.1823869,0.12109184265136719,1370.0,baseline
1777619857.182409,0.12111401557922363,1371.0,baseline
1777619857.182431,0.12113595008850098,1370.0,baseline
1777619857.182452,0.12115693092346191,1370.0,baseline
1777619857.182473,0.12117791175842285,1369.0,baseline
1777619857.1824949,0.1211998462677002,1371.0,baseline
1777619857.1825228,0.12122774124145508,1369.0,baseline
1777619857.182545,0.12124991416931152,1369.0,baseline
1777619857.182566,0.12127089500427246,1369.0,baseline
1777619857.1825879,0.1212928295135498,1369.0,baseline
1777619857.1826088,0.12131381034851074,1368.0,baseline
1777619857.182631,0.12133598327636719,1369.0,baseline
1777619857.182652,0.12135696411132812,1369.0,baseline
1777619857.182674,0.12137889862060547,1371.0,baseline
1777619857.182695,0.1213998794555664,1372.0,baseline
1777619857.182716,0.12142086029052734,1368.0,baseline
1777619857.182743,0.12144804000854492,1370.0,baseline
1777619857.182765,0.12146997451782227,1371.0,baseline
1777619857.182786,0.1214909553527832,1370.0,baseline
1777619857.1828082,0.12151312828063965,1369.0,baseline
1777619857.1828291,0.12153410911560059,1369.0,baseline
1777619857.182851,0.12155604362487793,1370.0,baseline
1777619857.182872,0.12157702445983887,1371.0,baseline
1777619857.182894,0.12159895896911621,1370.0,baseline
1777619857.182915,0.12161993980407715,1369.0,baseline
1777619857.1829371,0.1216421127319336,1370.0,baseline
1777619857.1829581,0.12166309356689453,1370.0,baseline
1777619857.18298,0.12168502807617188,1372.0,baseline
1777619857.183007,0.12171196937561035,1371.0,baseline
1777619857.1830301,0.1217350959777832,1369.0,baseline
1777619857.183051,0.12175607681274414,1369.0,baseline
1777619857.183073,0.12177801132202148,1368.0,baseline
1777619857.183094,0.12179899215698242,1369.0,baseline
1777619857.183116,0.12182092666625977,1369.0,baseline
1777619857.183137,0.1218419075012207,1370.0,baseline
1777619857.183158,0.12186288833618164,1372.0,baseline
1777619857.18318,0.12188506126403809,1371.0,baseline
1777619857.183201,0.12190604209899902,1370.0,baseline
1777619857.183223,0.12192797660827637,1370.0,baseline
1777619857.183244,0.1219489574432373,1369.0,baseline
1777619857.183265,0.12196993827819824,1370.0,baseline
1777619857.1832871,0.12199211120605469,1370.0,baseline
1777619857.1833081,0.12201309204101562,1370.0,baseline
1777619857.18333,0.12203502655029297,1372.0,baseline
1777619857.183351,0.1220560073852539,1371.0,baseline
1777619857.183373,0.12207794189453125,1372.0,baseline
1777619857.183394,0.12209892272949219,1373.0,baseline
1777619857.183415,0.12211990356445312,1370.0,baseline
1777619857.183437,0.12214207649230957,1370.0,baseline
1777619857.183458,0.12216305732727051,1372.0,baseline
1777619857.183485,0.12218999862670898,1370.0,baseline
1777619857.183508,0.12221288681030273,1372.0,baseline
1777619857.183529,0.12223386764526367,1372.0,baseline
1777619857.18355,0.12225484848022461,1369.0,baseline
1777619857.183572,0.12227702140808105,1369.0,baseline
1777619857.183606,0.12231087684631348,1370.0,baseline
1777619857.183627,0.12233185768127441,1370.0,baseline
1777619857.183649,0.12235403060913086,1370.0,baseline
1777619857.18367,0.1223750114440918,1372.0,baseline
1777619857.183692,0.12239694595336914,1371.0,baseline
1777619857.183713,0.12241792678833008,1371.0,baseline
1777619857.183734,0.12243890762329102,1370.0,baseline
1777619857.183756,0.12246108055114746,1369.0,baseline
1777619857.183777,0.1224820613861084,1369.0,baseline
1777619857.183799,0.12250399589538574,1370.0,baseline
1777619857.18382,0.12252497673034668,1371.0,baseline
1777619857.183841,0.12254595756530762,1372.0,baseline
1777619857.183862,0.12256693840026855,1372.0,baseline
1777619857.1838841,0.122589111328125,1369.0,baseline
1777619857.1839051,0.12261009216308594,1370.0,baseline
1777619857.183926,0.12263107299804688,1372.0,baseline
1777619857.183948,0.12265300750732422,1369.0,baseline
1777619857.183969,0.12267398834228516,1370.0,baseline
1777619857.183997,0.12270188331604004,1371.0,baseline
1777619857.18402,0.12272500991821289,1370.0,baseline
1777619857.184041,0.12274599075317383,1370.0,baseline
1777619857.184063,0.12276792526245117,1370.0,baseline
1777619857.184084,0.12278890609741211,1370.0,baseline
1777619857.1841059,0.12281084060668945,1370.0,baseline
1777619857.184127,0.12283205986022949,1370.0,baseline
1777619857.184148,0.12285304069519043,1368.0,baseline
1777619857.18417,0.12287497520446777,1370.0,baseline
1777619857.184191,0.12289595603942871,1369.0,baseline
1777619857.184213,0.12291789054870605,1369.0,baseline
1777619857.184234,0.12293887138366699,1369.0,baseline
1777619857.184255,0.12295985221862793,1372.0,baseline
1777619857.184277,0.12298202514648438,1371.0,baseline
1777619857.184298,0.12300300598144531,1371.0,baseline
1777619857.184319,0.12302398681640625,1371.0,baseline
1777619857.184341,0.1230459213256836,1370.0,baseline
1777619857.184362,0.12306690216064453,1372.0,baseline
1777619857.184384,0.12308907508850098,1370.0,baseline
1777619857.184405,0.12311005592346191,1371.0,baseline
1777619857.184427,0.12313199043273926,1369.0,baseline
1777619857.184448,0.1231529712677002,1369.0,baseline
1777619857.184476,0.12318086624145508,1369.0,baseline
1777619857.1844978,0.12320280075073242,1369.0,baseline
1777619857.18452,0.12322497367858887,1369.0,baseline
1777619857.184541,0.1232459545135498,1370.0,baseline
1777619857.184563,0.12326788902282715,1371.0,baseline
1777619857.184584,0.12328886985778809,1370.0,baseline
1777619857.1846058,0.12331080436706543,1369.0,baseline
1777619857.184627,0.12333202362060547,1369.0,baseline
1777619857.184648,0.1233530044555664,1369.0,baseline
1777619857.18467,0.12337493896484375,1368.0,baseline
1777619857.184691,0.12339591979980469,1366.0,baseline
1777619857.184713,0.12341785430908203,1370.0,baseline
1777619857.1847339,0.12343883514404297,1369.0,baseline
1777619857.184756,0.12346100807189941,1370.0,baseline
1777619857.184777,0.12348198890686035,1370.0,baseline
1777619857.184799,0.1235039234161377,1370.0,baseline
1777619857.18482,0.12352490425109863,1370.0,baseline
1777619857.1848419,0.12354683876037598,1372.0,baseline
1777619857.184866,0.12357091903686523,1369.0,baseline
1777619857.184887,0.12359189987182617,1368.0,baseline
1777619857.184908,0.12361288070678711,1367.0,baseline
1777619857.18493,0.12363505363464355,1370.0,baseline
1777619857.184957,0.12366199493408203,1369.0,baseline
1777619857.18498,0.12368488311767578,1371.0,baseline
1777619857.185002,0.12370705604553223,1373.0,baseline
1777619857.185023,0.12372803688049316,1373.0,baseline
1777619857.185045,0.12374997138977051,1367.0,baseline
1777619857.185067,0.12377190589904785,1368.0,baseline
1777619857.185088,0.12379288673400879,1371.0,baseline
1777619857.185109,0.12381386756896973,1374.0,baseline
1777619857.185131,0.12383604049682617,1376.0,baseline
1777619857.185152,0.12385702133178711,1374.0,baseline
1777619857.185173,0.12387800216674805,1376.0,baseline
1777619857.185195,0.12389993667602539,1375.0,baseline
1777619857.185216,0.12392091751098633,1372.0,baseline
1777619857.1852381,0.12394309043884277,1379.0,baseline
1777619857.185259,0.12396407127380371,1378.0,baseline
1777619857.18528,0.12398505210876465,1375.0,baseline
1777619857.185302,0.12400698661804199,1374.0,baseline
1777619857.185323,0.12402796745300293,1369.0,baseline
1777619857.185344,0.12404894828796387,1367.0,baseline
1777619857.185366,0.12407088279724121,1372.0,baseline
1777619857.185387,0.12409186363220215,1372.0,baseline
1777619857.185408,0.12411308288574219,1369.0,baseline
1777619857.18543,0.12413501739501953,1370.0,baseline
1777619857.185458,0.12416291236877441,1366.0,baseline
1777619857.1854799,0.12418484687805176,1369.0,baseline
1777619857.1855009,0.1242058277130127,1369.0,baseline
1777619857.1855218,0.12422680854797363,1371.0,baseline
1777619857.185544,0.12424898147583008,1370.0,baseline
1777619857.185565,0.12426996231079102,1368.0,baseline
1777619857.185587,0.12429189682006836,1370.0,baseline
1777619857.185608,0.1243128776550293,1369.0,baseline
1777619857.1856298,0.12433481216430664,1370.0,baseline
1777619857.1856508,0.12435579299926758,1372.0,baseline
1777619857.185672,0.12437701225280762,1370.0,baseline
1777619857.185694,0.12439894676208496,1367.0,baseline
1777619857.185715,0.1244199275970459,1367.0,baseline
1777619857.185736,0.12444090843200684,1370.0,baseline
1777619857.1857579,0.12446284294128418,1366.0,baseline
1777619857.1857789,0.12448382377624512,1363.0,baseline
1777619857.185801,0.12450599670410156,1362.0,baseline
1777619857.185822,0.1245269775390625,1356.0,baseline
1777619857.185843,0.12454795837402344,1354.0,baseline
1777619857.185865,0.12456989288330078,1353.0,baseline
1777619857.185886,0.12459087371826172,1357.0,baseline
1777619857.185907,0.12461185455322266,1362.0,baseline
1777619857.185934,0.12463903427124023,1366.0,baseline
1777619857.1859572,0.12466216087341309,1369.0,baseline
1777619857.1859782,0.12468314170837402,1367.0,baseline
1777619857.1859999,0.12470483779907227,1370.0,baseline
1777619857.186023,0.12472796440124512,1369.0,baseline
1777619857.186046,0.12475085258483887,1370.0,baseline
1777619857.186069,0.12477397918701172,1371.0,baseline
1777619857.1860921,0.12479710578918457,1376.0,baseline
1777619857.186116,0.12482094764709473,1372.0,baseline
1777619857.1861382,0.12484312057495117,1370.0,baseline
1777619857.1861591,0.12486410140991211,1370.0,baseline
1777619857.186181,0.12488603591918945,1372.0,baseline
1777619857.186202,0.12490701675415039,1372.0,baseline
1777619857.1862242,0.12492918968200684,1369.0,baseline
1777619857.1862452,0.12495017051696777,1370.0,baseline
1777619857.186267,0.12497186660766602,1370.0,baseline
1777619857.186288,0.12499308586120605,1367.0,baseline
1777619857.1863098,0.1250147819519043,1371.0,baseline
1777619857.1863308,0.12503576278686523,1371.0,baseline
1777619857.186353,0.12505793571472168,1371.0,baseline
1777619857.186374,0.12507891654968262,1371.0,baseline
1777619857.186396,0.12510085105895996,1372.0,baseline
1777619857.18642,0.12512493133544922,1371.0,baseline
1777619857.186444,0.12514901161193848,1370.0,baseline
1777619857.186465,0.12516999244689941,1370.0,baseline
1777619857.186487,0.12519192695617676,1369.0,baseline
1777619857.186508,0.1252129077911377,1368.0,baseline
1777619857.186529,0.12523388862609863,1369.0,baseline
1777619857.186551,0.12525606155395508,1368.0,baseline
1777619857.186572,0.12527704238891602,1371.0,baseline
1777619857.186594,0.12529897689819336,1368.0,baseline
1777619857.186615,0.1253199577331543,1368.0,baseline
1777619857.186636,0.12534093856811523,1368.0,baseline
1777619857.1866581,0.12536311149597168,1372.0,baseline
1777619857.1866791,0.12538409233093262,1372.0,baseline
1777619857.186701,0.12540602684020996,1370.0,baseline
1777619857.186722,0.1254270076751709,1371.0,baseline
1777619857.186743,0.12544798851013184,1371.0,baseline
1777619857.186765,0.12546992301940918,1371.0,baseline
1777619857.186786,0.12549090385437012,1372.0,baseline
1777619857.186808,0.12551307678222656,1370.0,baseline
1777619857.186838,0.12554287910461426,1370.0,baseline
1777619857.186859,0.1255638599395752,1371.0,baseline
1777619857.186881,0.12558603286743164,1373.0,baseline
1777619857.1869051,0.1256101131439209,1376.0,baseline
1777619857.186929,0.12563395500183105,1387.0,baseline
1777619857.186951,0.1256558895111084,1386.0,baseline
1777619857.186972,0.12567687034606934,1379.0,baseline
1777619857.186993,0.12569785118103027,1385.0,baseline
1777619857.1870148,0.12571978569030762,1433.0,baseline
1777619857.187037,0.12574195861816406,1407.0,baseline
1777619857.187058,0.125762939453125,1385.0,baseline
1777619857.18708,0.12578487396240234,1367.0,baseline
1777619857.187101,0.12580585479736328,1360.0,baseline
1777619857.187123,0.12582802772521973,1358.0,baseline
1777619857.187144,0.12584900856018066,1353.0,baseline
1777619857.187166,0.125870943069458,1351.0,baseline
1777619857.187187,0.12589192390441895,1346.0,baseline
1777619857.187208,0.12591290473937988,1331.0,baseline
1777619857.1872299,0.12593483924865723,1324.0,baseline
1777619857.1872509,0.12595582008361816,1315.0,baseline
1777619857.1872718,0.1259768009185791,1318.0,baseline
1777619857.187294,0.12599897384643555,1348.0,baseline
1777619857.187315,0.12601995468139648,1373.0,baseline
1777619857.187336,0.12604093551635742,1385.0,baseline
1777619857.187358,0.12606287002563477,1392.0,baseline
1777619857.187382,0.12608695030212402,1392.0,baseline
1777619857.187406,0.12611103057861328,1391.0,baseline
1777619857.187427,0.12613201141357422,1388.0,baseline
1777619857.187449,0.12615394592285156,1384.0,baseline
1777619857.1874702,0.1261751651763916,1376.0,baseline
1777619857.1874912,0.12619614601135254,1369.0,baseline
1777619857.187513,0.12621808052062988,1365.0,baseline
1777619857.187534,0.12623906135559082,1366.0,baseline
1777619857.187556,0.12626099586486816,1365.0,baseline
1777619857.187577,0.1262819766998291,1363.0,baseline
1777619857.1875992,0.12630414962768555,1356.0,baseline
1777619857.1876202,0.12632513046264648,1355.0,baseline
1777619857.187642,0.12634706497192383,1358.0,baseline
1777619857.187663,0.12636804580688477,1357.0,baseline
1777619857.187684,0.1263890266418457,1359.0,baseline
1777619857.187706,0.12641096115112305,1362.0,baseline
1777619857.1877272,0.12643218040466309,1364.0,baseline
1777619857.1877491,0.12645411491394043,1365.0,baseline
1777619857.1877701,0.12647509574890137,1366.0,baseline
1777619857.187791,0.1264960765838623,1367.0,baseline
1777619857.187813,0.12651801109313965,1366.0,baseline
1777619857.187834,0.12653899192810059,1367.0,baseline
1777619857.1878579,0.12656283378601074,1367.0,baseline
1777619857.187882,0.1265869140625,1365.0,baseline
1777619857.187903,0.12660789489746094,1365.0,baseline
1777619857.187924,0.12662887573242188,1365.0,baseline
1777619857.187946,0.12665104866027832,1366.0,baseline
1777619857.187967,0.12667202949523926,1366.0,baseline
1777619857.187988,0.1266930103302002,1367.0,baseline
1777619857.18801,0.12671494483947754,1368.0,baseline
1777619857.188031,0.12673592567443848,1366.0,baseline
1777619857.188053,0.12675786018371582,1368.0,baseline
1777619857.1880739,0.12677884101867676,1366.0,baseline
1777619857.188096,0.1268010139465332,1365.0,baseline
1777619857.188117,0.12682199478149414,1366.0,baseline
1777619857.188138,0.12684297561645508,1362.0,baseline
1777619857.18816,0.12686491012573242,1363.0,baseline
1777619857.188181,0.12688589096069336,1367.0,baseline
1777619857.188203,0.1269080638885498,1369.0,baseline
1777619857.188224,0.12692904472351074,1370.0,baseline
1777619857.188246,0.12695097923278809,1372.0,baseline
1777619857.188267,0.12697196006774902,1366.0,baseline
1777619857.188288,0.12699294090270996,1368.0,baseline
1777619857.18831,0.1270148754119873,1366.0,baseline
1777619857.188334,0.12703895568847656,1368.0,baseline
1777619857.188357,0.12706208229064941,1367.0,baseline
1777619857.1883788,0.12708377838134766,1370.0,baseline
1777619857.1884,0.1271049976348877,1370.0,baseline
1777619857.188421,0.12712597846984863,1371.0,baseline
1777619857.188443,0.12714791297912598,1369.0,baseline
1777619857.1884642,0.12716913223266602,1368.0,baseline
1777619857.1884859,0.12719082832336426,1368.0,baseline
1777619857.1885078,0.1272127628326416,1368.0,baseline
1777619857.188529,0.12723398208618164,1367.0,baseline
1777619857.188551,0.12725591659545898,1368.0,baseline
1777619857.188572,0.12727689743041992,1368.0,baseline
1777619857.1885939,0.12729883193969727,1369.0,baseline
1777619857.1886148,0.1273198127746582,1370.0,baseline
1777619857.188637,0.12734198570251465,1369.0,baseline
1777619857.188658,0.12736296653747559,1369.0,baseline
1777619857.188679,0.12738394737243652,1370.0,baseline
1777619857.188701,0.12740588188171387,1371.0,baseline
1777619857.188722,0.1274268627166748,1372.0,baseline
1777619857.1887438,0.12744879722595215,1369.0,baseline
1777619857.1887648,0.12746977806091309,1370.0,baseline
1777619857.188787,0.12749195098876953,1368.0,baseline
1777619857.1888142,0.1275191307067871,1365.0,baseline
1777619857.188837,0.12754201889038086,1368.0,baseline
1777619857.188859,0.1275639533996582,1367.0,baseline
1777619857.18888,0.12758493423461914,1368.0,baseline
1777619857.1889012,0.12760615348815918,1369.0,baseline
1777619857.188923,0.12762784957885742,1369.0,baseline
1777619857.1889439,0.12764883041381836,1369.0,baseline
1777619857.1889658,0.1276707649230957,1368.0,baseline
1777619857.1889868,0.12769174575805664,1367.0,baseline
1777619857.1890078,0.12771272659301758,1370.0,baseline
1777619857.18903,0.12773489952087402,1373.0,baseline
1777619857.1890519,0.12775683403015137,1370.0,baseline
1777619857.1890728,0.1277778148651123,1370.0,baseline
1777619857.189095,0.12779998779296875,1368.0,baseline
1777619857.189116,0.1278209686279297,1369.0,baseline
1777619857.189137,0.12784194946289062,1369.0,baseline
1777619857.189159,0.12786388397216797,1368.0,baseline
1777619857.18918,0.1278848648071289,1369.0,baseline
1777619857.1892009,0.12790584564208984,1370.0,baseline
1777619857.1892228,0.1279277801513672,1369.0,baseline
1777619857.1892438,0.12794876098632812,1370.0,baseline
1777619857.189266,0.12797093391418457,1375.0,baseline
1777619857.189287,0.1279919147491455,1376.0,baseline
1777619857.189315,0.1280200481414795,1373.0,baseline
1777619857.189337,0.12804198265075684,1372.0,baseline
1777619857.189358,0.12806296348571777,1369.0,baseline
1777619857.1893802,0.12808513641357422,1372.0,baseline
1777619857.1894011,0.12810611724853516,1372.0,baseline
1777619857.189423,0.1281280517578125,1366.0,baseline
1777619857.189444,0.12814903259277344,1362.0,baseline
1777619857.189466,0.12817096710205078,1359.0,baseline
1777619857.1894872,0.12819218635559082,1363.0,baseline
1777619857.1895092,0.12821412086486816,1363.0,baseline
1777619857.1895301,0.1282351016998291,1360.0,baseline
1777619857.189552,0.12825703620910645,1359.0,baseline
1777619857.189573,0.12827801704406738,1357.0,baseline
1777619857.189595,0.12829995155334473,1363.0,baseline
1777619857.1896162,0.12832117080688477,1370.0,baseline
1777619857.189638,0.128342866897583,1370.0,baseline
1777619857.1896589,0.12836384773254395,1369.0,baseline
1777619857.1896808,0.1283857822418213,1368.0,baseline
1777619857.1897018,0.12840676307678223,1368.0,baseline
1777619857.1897228,0.12842774391174316,1369.0,baseline
1777619857.189745,0.1284499168395996,1369.0,baseline
1777619857.189766,0.12847089767456055,1370.0,baseline
1777619857.189794,0.12849903106689453,1369.0,baseline
1777619857.1898172,0.12852215766906738,1369.0,baseline
1777619857.1898382,0.12854313850402832,1367.0,baseline
1777619857.18986,0.12856507301330566,1370.0,baseline
1777619857.189882,0.128587007522583,1369.0,baseline
1777619857.189903,0.12860798835754395,1366.0,baseline
1777619857.189924,0.12862896919250488,1361.0,baseline
1777619857.1899462,0.12865114212036133,1362.0,baseline
1777619857.1899672,0.12867212295532227,1359.0,baseline
1777619857.189989,0.1286940574645996,1356.0,baseline
1777619857.19001,0.12871503829956055,1359.0,baseline
1777619857.190031,0.12873601913452148,1362.0,baseline
1777619857.190067,0.12877202033996582,1361.0,baseline
1777619857.1901,0.12880492210388184,1367.0,baseline
1777619857.190122,0.12882685661315918,1371.0,baseline
1777619857.1901429,0.12884783744812012,1373.0,baseline
1777619857.190165,0.12887001037597656,1371.0,baseline
1777619857.190187,0.1288919448852539,1369.0,baseline
1777619857.190208,0.12891292572021484,1367.0,baseline
1777619857.1902301,0.1289350986480713,1370.0,baseline
1777619857.190251,0.12895607948303223,1368.0,baseline
1777619857.190273,0.12897801399230957,1367.0,baseline
1777619857.1903,0.12900495529174805,1367.0,baseline
1777619857.190324,0.1290290355682373,1369.0,baseline
1777619857.190345,0.12905001640319824,1370.0,baseline
1777619857.190367,0.12907195091247559,1370.0,baseline
1777619857.190388,0.12909293174743652,1371.0,baseline
1777619857.190409,0.12911391258239746,1371.0,baseline
1777619857.1904309,0.1291358470916748,1381.0,baseline
1777619857.1904519,0.12915682792663574,1383.0,baseline
1777619857.190474,0.1291790008544922,1375.0,baseline
1777619857.190495,0.12919998168945312,1372.0,baseline
1777619857.190516,0.12922096252441406,1370.0,baseline
1777619857.190538,0.1292428970336914,1369.0,baseline
1777619857.190559,0.12926387786865234,1368.0,baseline
1777619857.190581,0.1292860507965088,1369.0,baseline
1777619857.190602,0.12930703163146973,1379.0,baseline
1777619857.190623,0.12932801246643066,1379.0,baseline
1777619857.190645,0.129349946975708,1373.0,baseline
1777619857.190666,0.12937092781066895,1371.0,baseline
1777619857.190687,0.12939190864562988,1371.0,baseline
1777619857.1907089,0.12941384315490723,1371.0,baseline
1777619857.19073,0.12943506240844727,1370.0,baseline
1777619857.190752,0.1294569969177246,1371.0,baseline
1777619857.190773,0.12947797775268555,1371.0,baseline
1777619857.1908019,0.12950682640075684,1372.0,baseline
1777619857.190824,0.12952899932861328,1370.0,baseline
1777619857.190845,0.12954998016357422,1371.0,baseline
1777619857.190866,0.12957096099853516,1372.0,baseline
1777619857.190888,0.1295928955078125,1370.0,baseline
1777619857.190909,0.12961387634277344,1369.0,baseline
1777619857.19093,0.12963485717773438,1367.0,baseline
1777619857.1909518,0.12965679168701172,1368.0,baseline
1777619857.190973,0.12967801094055176,1368.0,baseline
1777619857.190995,0.1296999454498291,1369.0,baseline
1777619857.191016,0.12972092628479004,1367.0,baseline
1777619857.191038,0.12974286079406738,1363.0,baseline
1777619857.1910589,0.12976384162902832,1359.0,baseline
1777619857.191081,0.12978601455688477,1359.0,baseline
1777619857.191102,0.1298069953918457,1364.0,baseline
1777619857.191124,0.12982892990112305,1361.0,baseline
1777619857.191145,0.12984991073608398,1362.0,baseline
1777619857.1911669,0.12987184524536133,1365.0,baseline
1777619857.1911879,0.12989282608032227,1367.0,baseline
1777619857.191209,0.1299140453338623,1370.0,baseline
1777619857.191231,0.12993597984313965,1368.0,baseline
1777619857.191252,0.12995696067810059,1370.0,baseline
1777619857.1912801,0.12998509407043457,1362.0,baseline
1777619857.191303,0.13000798225402832,1358.0,baseline
1777619857.191324,0.13002896308898926,1357.0,baseline
1777619857.191346,0.1300508975982666,1366.0,baseline
1777619857.191367,0.13007187843322754,1370.0,baseline
1777619857.191388,0.13009285926818848,1369.0,baseline
1777619857.1914098,0.13011479377746582,1369.0,baseline
1777619857.1914308,0.13013577461242676,1370.0,baseline
1777619857.191453,0.1301579475402832,1368.0,baseline
1777619857.191474,0.13017892837524414,1368.0,baseline
1777619857.191495,0.13019990921020508,1367.0,baseline
1777619857.1915169,0.13022184371948242,1362.0,baseline
1777619857.1915379,0.13024282455444336,1358.0,baseline
1777619857.19156,0.1302649974822998,1360.0,baseline
1777619857.191581,0.13028597831726074,1368.0,baseline
1777619857.191602,0.13030695915222168,1371.0,baseline
1777619857.191624,0.13032889366149902,1371.0,baseline
1777619857.191645,0.13034987449645996,1373.0,baseline
1777619857.191666,0.1303708553314209,1378.0,baseline
1777619857.1916869,0.13039183616638184,1372.0,baseline
1777619857.191709,0.13041400909423828,1368.0,baseline
1777619857.19173,0.13043498992919922,1367.0,baseline
1777619857.191757,0.1304619312286377,1367.0,baseline
1777619857.19178,0.13048505783081055,1368.0,baseline
1777619857.191801,0.13050603866577148,1368.0,baseline
1777619857.191823,0.13052797317504883,1366.0,baseline
1777619857.191844,0.13054895401000977,1381.0,baseline
1777619857.1918678,0.13057279586791992,1393.0,baseline
1777619857.1918888,0.13059377670288086,1392.0,baseline
1777619857.191911,0.1306159496307373,1386.0,baseline
1777619857.191932,0.13063693046569824,1376.0,baseline
1777619857.191953,0.13065791130065918,1370.0,baseline
1777619857.1919749,0.13067984580993652,1370.0,baseline
1777619857.1919959,0.13070082664489746,1372.0,baseline
1777619857.192018,0.1307229995727539,1372.0,baseline
1777619857.192039,0.13074398040771484,1372.0,baseline
1777619857.19206,0.13076496124267578,1366.0,baseline
1777619857.192081,0.13078594207763672,1369.0,baseline
1777619857.192103,0.13080787658691406,1391.0,baseline
1777619857.192124,0.130828857421875,1386.0,baseline
1777619857.1921458,0.13085079193115234,1369.0,baseline
1777619857.1921668,0.13087177276611328,1356.0,baseline
1777619857.1921878,0.13089275360107422,1361.0,baseline
1777619857.19221,0.13091492652893066,1365.0,baseline
1777619857.192231,0.1309359073638916,1370.0,baseline
1777619857.19226,0.130964994430542,1369.0,baseline
1777619857.1922822,0.13098716735839844,1363.0,baseline
1777619857.1923032,0.13100814819335938,1368.0,baseline
1777619857.192325,0.13103008270263672,1392.0,baseline
1777619857.192349,0.13105392456054688,1378.0,baseline
1777619857.19237,0.1310749053955078,1363.0,baseline
1777619857.1923919,0.13109683990478516,1365.0,baseline
1777619857.1924129,0.1311178207397461,1354.0,baseline
1777619857.1924338,0.13113880157470703,1377.0,baseline
1777619857.192456,0.13116097450256348,1368.0,baseline
1777619857.192477,0.13118195533752441,1360.0,baseline
1777619857.192498,0.13120293617248535,1355.0,baseline
1777619857.19252,0.1312248706817627,1349.0,baseline
1777619857.192541,0.13124585151672363,1350.0,baseline
1777619857.192563,0.13126802444458008,1347.0,baseline
1777619857.192584,0.13128900527954102,1332.0,baseline
1777619857.192605,0.13130998611450195,1332.0,baseline
1777619857.192627,0.1313319206237793,1348.0,baseline
1777619857.192648,0.13135290145874023,1365.0,baseline
1777619857.1926699,0.13137483596801758,1363.0,baseline
1777619857.1926908,0.13139581680297852,1364.0,baseline
1777619857.192713,0.13141798973083496,1362.0,baseline
1777619857.192739,0.13144397735595703,1364.0,baseline
1777619857.1927621,0.13146710395812988,1366.0,baseline
1777619857.1927838,0.13148880004882812,1367.0,baseline
1777619857.192807,0.13151192665100098,1365.0,baseline
1777619857.192829,0.13153386116027832,1366.0,baseline
1777619857.1928508,0.13155579566955566,1364.0,baseline
1777619857.192873,0.1315779685974121,1363.0,baseline
1777619857.192894,0.13159894943237305,1360.0,baseline
1777619857.192916,0.1316208839416504,1365.0,baseline
1777619857.192937,0.13164186477661133,1370.0,baseline
1777619857.1929579,0.13166284561157227,1367.0,baseline
1777619857.19298,0.1316850185394287,1367.0,baseline
1777619857.193002,0.13170695304870605,1370.0,baseline
1777619857.193023,0.131727933883667,1367.0,baseline
1777619857.193044,0.13174891471862793,1368.0,baseline
1777619857.193066,0.13177084922790527,1370.0,baseline
1777619857.193088,0.13179302215576172,1369.0,baseline
1777619857.193109,0.13181400299072266,1368.0,baseline
1777619857.19313,0.1318349838256836,1360.0,baseline
1777619857.193151,0.13185596466064453,1358.0,baseline
1777619857.193173,0.13187789916992188,1368.0,baseline
1777619857.193194,0.1318988800048828,1373.0,baseline
1777619857.193221,0.1319260597229004,1372.0,baseline
1777619857.193246,0.13195085525512695,1370.0,baseline
1777619857.193268,0.1319730281829834,1370.0,baseline
1777619857.193289,0.13199400901794434,1366.0,baseline
1777619857.19331,0.13201498985290527,1362.0,baseline
1777619857.193332,0.13203692436218262,1357.0,baseline
1777619857.193362,0.13206696510314941,1353.0,baseline
1777619857.193384,0.13208889961242676,1355.0,baseline
1777619857.1934059,0.1321108341217041,1366.0,baseline
1777619857.1934268,0.13213181495666504,1372.0,baseline
1777619857.193449,0.13215398788452148,1360.0,baseline
1777619857.19347,0.13217496871948242,1346.0,baseline
1777619857.193492,0.13219690322875977,1331.0,baseline
1777619857.193513,0.1322178840637207,1356.0,baseline
1777619857.193535,0.13224005699157715,1369.0,baseline
1777619857.193556,0.13226103782653809,1370.0,baseline
1777619857.193578,0.13228297233581543,1373.0,baseline
1777619857.193599,0.13230395317077637,1373.0,baseline
1777619857.193621,0.1323258876800537,1370.0,baseline
1777619857.193642,0.13234686851501465,1380.0,baseline
1777619857.193663,0.13236784934997559,1380.0,baseline
1777619857.193685,0.13239002227783203,1372.0,baseline
1777619857.1937122,0.1324172019958496,1373.0,baseline
1777619857.1937358,0.13244080543518066,1371.0,baseline
1777619857.193758,0.1324629783630371,1369.0,baseline
1777619857.193779,0.13248395919799805,1370.0,baseline
1777619857.1938,0.13250494003295898,1369.0,baseline
1777619857.193822,0.13252687454223633,1369.0,baseline
1777619857.193843,0.13254785537719727,1371.0,baseline
1777619857.1938639,0.1325688362121582,1370.0,baseline
1777619857.193886,0.13259100914001465,1371.0,baseline
1777619857.193907,0.13261198997497559,1372.0,baseline
1777619857.193929,0.13263392448425293,1371.0,baseline
1777619857.19395,0.13265490531921387,1372.0,baseline
1777619857.193971,0.1326758861541748,1372.0,baseline
1777619857.1939929,0.13269782066345215,1374.0,baseline
1777619857.1940138,0.13271880149841309,1371.0,baseline
1777619857.194036,0.13274097442626953,1371.0,baseline
1777619857.194057,0.13276195526123047,1376.0,baseline
1777619857.194078,0.1327829360961914,1370.0,baseline
1777619857.1941,0.13280487060546875,1372.0,baseline
1777619857.194121,0.1328258514404297,1372.0,baseline
1777619857.1941419,0.13284683227539062,1369.0,baseline
1777619857.194164,0.13286900520324707,1369.0,baseline
1777619857.194185,0.132889986038208,1369.0,baseline
1777619857.1942132,0.132918119430542,1372.0,baseline
1777619857.194237,0.13294196128845215,1367.0,baseline
1777619857.194258,0.13296294212341309,1368.0,baseline
1777619857.19428,0.13298487663269043,1370.0,baseline
1777619857.194301,0.13300585746765137,1372.0,baseline
1777619857.194323,0.1330280303955078,1371.0,baseline
1777619857.194344,0.13304901123046875,1371.0,baseline
1777619857.194366,0.1330709457397461,1373.0,baseline
1777619857.194387,0.13309192657470703,1373.0,baseline
1777619857.194408,0.13311290740966797,1375.0,baseline
1777619857.1944299,0.1331348419189453,1372.0,baseline
1777619857.194452,0.13315701484680176,1367.0,baseline
1777619857.194473,0.1331779956817627,1362.0,baseline
1777619857.194494,0.13319897651672363,1367.0,baseline
1777619857.194516,0.13322091102600098,1361.0,baseline
1777619857.194537,0.13324189186096191,1372.0,baseline
1777619857.1945589,0.13326382637023926,1373.0,baseline
1777619857.19458,0.1332850456237793,1369.0,baseline
1777619857.194602,0.13330698013305664,1365.0,baseline
1777619857.194623,0.13332796096801758,1376.0,baseline
1777619857.194645,0.13334989547729492,1379.0,baseline
1777619857.194666,0.13337087631225586,1369.0,baseline
1777619857.194693,0.13339805603027344,1374.0,baseline
1777619857.194718,0.1334228515625,1385.0,baseline
1777619857.19474,0.13344502449035645,1383.0,baseline
1777619857.194761,0.13346600532531738,1393.0,baseline
1777619857.194783,0.13348793983459473,1392.0,baseline
1777619857.194804,0.13350892066955566,1385.0,baseline
1777619857.194826,0.133530855178833,1385.0,baseline
1777619857.1948469,0.13355183601379395,1381.0,baseline
1777619857.1948678,0.13357281684875488,1376.0,baseline
1777619857.19489,0.13359498977661133,1376.0,baseline
1777619857.194911,0.13361597061157227,1380.0,baseline
1777619857.194932,0.1336369514465332,1381.0,baseline
1777619857.194954,0.13365888595581055,1379.0,baseline
1777619857.194975,0.13367986679077148,1361.0,baseline
1777619857.1949959,0.13370084762573242,1355.0,baseline
1777619857.195018,0.13372302055358887,1371.0,baseline
1777619857.195039,0.1337440013885498,1396.0,baseline
1777619857.195061,0.13376593589782715,1389.0,baseline
1777619857.195082,0.13378691673278809,1378.0,baseline
1777619857.195103,0.13380789756774902,1368.0,baseline
1777619857.195125,0.13383007049560547,1367.0,baseline
1777619857.195146,0.1338510513305664,1365.0,baseline
1777619857.195173,0.13387799263000488,1364.0,baseline
1777619857.1951969,0.13390183448791504,1372.0,baseline
1777619857.195219,0.13392400741577148,1371.0,baseline
1777619857.195241,0.13394594192504883,1366.0,baseline
1777619857.195262,0.13396692276000977,1370.0,baseline
1777619857.195284,0.1339888572692871,1370.0,baseline
1777619857.1953049,0.13400983810424805,1369.0,baseline
1777619857.1953259,0.13403081893920898,1369.0,baseline
1777619857.195348,0.13405299186706543,1368.0,baseline
1777619857.195369,0.13407397270202637,1362.0,baseline
1777619857.195391,0.1340959072113037,1358.0,baseline
1777619857.195412,0.13411688804626465,1366.0,baseline
1777619857.195434,0.1341390609741211,1367.0,baseline
1777619857.195455,0.13416004180908203,1372.0,baseline
1777619857.195476,0.13418102264404297,1369.0,baseline
1777619857.195498,0.1342029571533203,1367.0,baseline
1777619857.195519,0.13422393798828125,1361.0,baseline
1777619857.195541,0.1342458724975586,1366.0,baseline
1777619857.195562,0.13426685333251953,1367.0,baseline
1777619857.1955829,0.13428783416748047,1363.0,baseline
1777619857.195605,0.13431000709533691,1368.0,baseline
1777619857.195626,0.13433098793029785,1369.0,baseline
1777619857.195648,0.1343529224395752,1369.0,baseline
1777619857.195675,0.13437986373901367,1370.0,baseline
1777619857.195699,0.13440394401550293,1370.0,baseline
1777619857.195721,0.13442587852478027,1370.0,baseline
1777619857.195743,0.13444805145263672,1369.0,baseline
1777619857.195764,0.13446903228759766,1370.0,baseline
1777619857.195785,0.1344900131225586,1369.0,baseline
1777619857.195806,0.13451099395751953,1368.0,baseline
1777619857.195828,0.13453292846679688,1368.0,baseline
1777619857.195849,0.1345539093017578,1367.0,baseline
1777619857.1958709,0.13457584381103516,1370.0,baseline
1777619857.1958919,0.1345968246459961,1369.0,baseline
1777619857.195914,0.13461899757385254,1367.0,baseline
1777619857.195935,0.13463997840881348,1366.0,baseline
1777619857.195957,0.13466191291809082,1367.0,baseline
1777619857.195978,0.13468289375305176,1362.0,baseline
1777619857.195999,0.1347038745880127,1366.0,baseline
1777619857.196021,0.13472604751586914,1367.0,baseline
1777619857.196042,0.13474702835083008,1366.0,baseline
1777619857.196064,0.13476896286010742,1366.0,baseline
1777619857.196085,0.13478994369506836,1368.0,baseline
1777619857.196106,0.1348109245300293,1369.0,baseline
1777619857.196128,0.13483285903930664,1371.0,baseline
1777619857.1961548,0.13485980033874512,1366.0,baseline
1777619857.1961799,0.13488483428955078,1368.0,baseline
1777619857.1962008,0.13490581512451172,1372.0,baseline
1777619857.196223,0.13492798805236816,1372.0,baseline
1777619857.196244,0.1349489688873291,1370.0,baseline
1777619857.196266,0.13497090339660645,1370.0,baseline
1777619857.196287,0.13499188423156738,1371.0,baseline
1777619857.196308,0.13501286506652832,1371.0,baseline
1777619857.19633,0.13503503799438477,1371.0,baseline
1777619857.196351,0.1350560188293457,1371.0,baseline
1777619857.196372,0.13507699966430664,1373.0,baseline
1777619857.196393,0.13509798049926758,1374.0,baseline
1777619857.196415,0.13511991500854492,1370.0,baseline
1777619857.196436,0.13514089584350586,1373.0,baseline
1777619857.196458,0.1351630687713623,1374.0,baseline
1777619857.196479,0.13518404960632324,1367.0,baseline
1777619857.1965,0.13520503044128418,1367.0,baseline
1777619857.196522,0.13522696495056152,1370.0,baseline
1777619857.196543,0.13524794578552246,1370.0,baseline
1777619857.196564,0.1352689266204834,1368.0,baseline
1777619857.196586,0.13529086112976074,1368.0,baseline
1777619857.196621,0.13532590866088867,1370.0,baseline
1777619857.196643,0.13534808158874512,1370.0,baseline
1777619857.19667,0.1353750228881836,1372.0,baseline
1777619857.196693,0.13539791107177734,1371.0,baseline
1777619857.196715,0.1354200839996338,1368.0,baseline
1777619857.196737,0.13544201850891113,1369.0,baseline
1777619857.196759,0.13546395301818848,1370.0,baseline
1777619857.196782,0.13548707962036133,1368.0,baseline
1777619857.196804,0.13550901412963867,1370.0,baseline
1777619857.1968262,0.13553118705749512,1369.0,baseline
1777619857.1968482,0.13555312156677246,1370.0,baseline
1777619857.1968691,0.1355741024017334,1369.0,baseline
1777619857.1968908,0.13559579849243164,1372.0,baseline
1777619857.196912,0.13561701774597168,1369.0,baseline
1777619857.196934,0.13563895225524902,1370.0,baseline
1777619857.196955,0.13565993309020996,1371.0,baseline
1777619857.1969762,0.13568115234375,1371.0,baseline
1777619857.196998,0.13570284843444824,1375.0,baseline
1777619857.1970189,0.13572382926940918,1382.0,baseline
1777619857.19704,0.13574504852294922,1384.0,baseline
1777619857.1970618,0.13576674461364746,1383.0,baseline
1777619857.197083,0.1357879638671875,1394.0,baseline
1777619857.197105,0.13580989837646484,1392.0,baseline
1777619857.197126,0.13583087921142578,1387.0,baseline
1777619857.197153,0.13585805892944336,1391.0,baseline
1777619857.1971781,0.13588309288024902,1387.0,baseline
1777619857.197199,0.13590407371520996,1393.0,baseline
1777619857.197221,0.1359260082244873,1357.0,baseline
1777619857.197242,0.13594698905944824,1324.0,baseline
1777619857.197263,0.13596796989440918,1316.0,baseline
1777619857.1972852,0.13599014282226562,1329.0,baseline
1777619857.1973069,0.13601183891296387,1321.0,baseline
1777619857.1973279,0.1360328197479248,1317.0,baseline
1777619857.197349,0.13605403900146484,1325.0,baseline
1777619857.1973708,0.13607573509216309,1332.0,baseline
1777619857.197392,0.13609695434570312,1335.0,baseline
1777619857.197414,0.13611888885498047,1350.0,baseline
1777619857.197435,0.1361398696899414,1361.0,baseline
1777619857.1974568,0.13616180419921875,1357.0,baseline
1777619857.1974778,0.1361827850341797,1363.0,baseline
1777619857.1975,0.13620495796203613,1367.0,baseline
1777619857.197521,0.13622593879699707,1364.0,baseline
1777619857.197542,0.136246919631958,1364.0,baseline
1777619857.197564,0.13626885414123535,1357.0,baseline
1777619857.1975849,0.1362898349761963,1356.0,baseline
1777619857.1976058,0.13631081581115723,1360.0,baseline
1777619857.197628,0.13633298873901367,1359.0,baseline
1777619857.1976562,0.13636112213134766,1359.0,baseline
1777619857.1976802,0.13638520240783691,1362.0,baseline
1777619857.1977012,0.13640618324279785,1359.0,baseline
1777619857.197723,0.1364278793334961,1369.0,baseline
1777619857.1977441,0.13644909858703613,1367.0,baseline
1777619857.1977658,0.13647079467773438,1366.0,baseline
1777619857.1977868,0.1364917755126953,1353.0,baseline
1777619857.197809,0.13651394844055176,1354.0,baseline
1777619857.19783,0.1365349292755127,1363.0,baseline
1777619857.197852,0.13655686378479004,1364.0,baseline
1777619857.1978729,0.13657784461975098,1368.0,baseline
1777619857.1978939,0.13659882545471191,1366.0,baseline
1777619857.1979158,0.13662075996398926,1362.0,baseline
1777619857.197937,0.1366419792175293,1367.0,baseline
1777619857.197959,0.13666391372680664,1359.0,baseline
1777619857.19798,0.13668489456176758,1327.0,baseline
1777619857.198001,0.13670587539672852,1346.0,baseline
1777619857.1980228,0.13672780990600586,1357.0,baseline
1777619857.198045,0.1367499828338623,1368.0,baseline
1777619857.198066,0.13677096366882324,1358.0,baseline
1777619857.1980999,0.13680481910705566,1354.0,baseline
1777619857.198122,0.1368269920349121,1354.0,baseline
1777619857.198146,0.13685107231140137,1359.0,baseline
1777619857.198171,0.13687586784362793,1370.0,baseline
1777619857.1981921,0.13689708709716797,1375.0,baseline
1777619857.1982138,0.1369187831878662,1371.0,baseline
1777619857.1982348,0.13693976402282715,1371.0,baseline
1777619857.198257,0.1369619369506836,1374.0,baseline
1777619857.198278,0.13698291778564453,1376.0,baseline
1777619857.1983,0.13700485229492188,1380.0,baseline
1777619857.1983209,0.1370258331298828,1380.0,baseline
1777619857.1983428,0.13704776763916016,1382.0,baseline
1777619857.198364,0.1370689868927002,1383.0,baseline
1777619857.198385,0.13708996772766113,1383.0,baseline
1777619857.198407,0.13711190223693848,1381.0,baseline
1777619857.198428,0.13713288307189941,1378.0,baseline
1777619857.198449,0.13715386390686035,1374.0,baseline
1777619857.1984708,0.1371757984161377,1368.0,baseline
1777619857.1984918,0.13719677925109863,1363.0,baseline
1777619857.1985128,0.13721776008605957,1361.0,baseline
1777619857.198535,0.13723993301391602,1368.0,baseline
1777619857.198556,0.13726091384887695,1370.0,baseline
1777619857.198578,0.1372828483581543,1371.0,baseline
1777619857.1985989,0.13730382919311523,1371.0,baseline
1777619857.198627,0.13733196258544922,1369.0,baseline
1777619857.1986508,0.13735580444335938,1368.0,baseline
1777619857.198673,0.13737797737121582,1371.0,baseline
1777619857.198694,0.13739895820617676,1369.0,baseline
1777619857.198716,0.1374208927154541,1371.0,baseline
1777619857.198737,0.13744187355041504,1355.0,baseline
1777619857.1987588,0.13746380805969238,1437.0,baseline
1777619857.198781,0.13748598098754883,1398.0,baseline
1777619857.198802,0.13750696182250977,1392.0,baseline
1777619857.198823,0.1375279426574707,1370.0,baseline
1777619857.198845,0.13754987716674805,1370.0,baseline
1777619857.198866,0.13757085800170898,1360.0,baseline
1777619857.1988878,0.13759279251098633,1354.0,baseline
1777619857.198909,0.13761401176452637,1359.0,baseline
1777619857.198931,0.1376359462738037,1356.0,baseline
1777619857.198952,0.13765692710876465,1355.0,baseline
1777619857.198974,0.137678861618042,1356.0,baseline
1777619857.1989949,0.13769984245300293,1337.0,baseline
1777619857.1990159,0.13772082328796387,1329.0,baseline
1777619857.199038,0.1377429962158203,1346.0,baseline
1777619857.199059,0.13776397705078125,1350.0,baseline
1777619857.19908,0.1377849578857422,1333.0,baseline
1777619857.1991081,0.13781309127807617,1325.0,baseline
1777619857.199132,0.13783693313598633,1327.0,baseline
1777619857.199153,0.13785791397094727,1329.0,baseline
1777619857.199175,0.1378798484802246,1347.0,baseline
1777619857.1991959,0.13790082931518555,1361.0,baseline
1777619857.199218,0.137923002243042,1368.0,baseline
1777619857.199239,0.13794398307800293,1371.0,baseline
1777619857.199261,0.13796591758728027,1370.0,baseline
1777619857.199282,0.1379868984222412,1379.0,baseline
1777619857.199303,0.13800787925720215,1381.0,baseline
1777619857.1993248,0.1380298137664795,1373.0,baseline
1777619857.1993458,0.13805079460144043,1368.0,baseline
1777619857.199368,0.13807296752929688,1370.0,baseline
1777619857.199389,0.1380939483642578,1371.0,baseline
1777619857.199411,0.13811588287353516,1364.0,baseline
1777619857.199432,0.1381368637084961,1365.0,baseline
1777619857.199454,0.13815903663635254,1371.0,baseline
1777619857.199475,0.13818001747131348,1370.0,baseline
1777619857.199497,0.13820195198059082,1370.0,baseline
1777619857.199518,0.13822293281555176,1365.0,baseline
1777619857.199539,0.1382439136505127,1367.0,baseline
1777619857.1995609,0.13826584815979004,1373.0,baseline
1777619857.1995819,0.13828682899475098,1374.0,baseline
1777619857.19961,0.13831496238708496,1375.0,baseline
1777619857.1996338,0.13833880424499512,1373.0,baseline
1777619857.199656,0.13836097717285156,1375.0,baseline
1777619857.199678,0.1383829116821289,1375.0,baseline
1777619857.199699,0.13840389251708984,1369.0,baseline
1777619857.19972,0.13842487335205078,1373.0,baseline
1777619857.1997418,0.13844680786132812,1380.0,baseline
1777619857.199763,0.13846802711486816,1377.0,baseline
1777619857.199785,0.1384899616241455,1373.0,baseline
1777619857.199806,0.13851094245910645,1370.0,baseline
1777619857.199828,0.1385328769683838,1370.0,baseline
1777619857.199849,0.13855385780334473,1368.0,baseline
1777619857.199871,0.13857603073120117,1367.0,baseline
1777619857.1999009,0.13860583305358887,1366.0,baseline
1777619857.199923,0.1386280059814453,1366.0,baseline
1777619857.199944,0.13864898681640625,1367.0,baseline
1777619857.199966,0.1386709213256836,1369.0,baseline
1777619857.199987,0.13869190216064453,1366.0,baseline
1777619857.2000089,0.13871383666992188,1367.0,baseline
1777619857.2000299,0.1387348175048828,1371.0,baseline
1777619857.200052,0.13875699043273926,1370.0,baseline
1777619857.200073,0.1387779712677002,1372.0,baseline
1777619857.2001002,0.13880515098571777,1371.0,baseline
1777619857.2001238,0.13882875442504883,1372.0,baseline
1777619857.200146,0.13885092735290527,1375.0,baseline
1777619857.200167,0.1388719081878662,1372.0,baseline
1777619857.2001889,0.13889384269714355,1371.0,baseline
1777619857.2002099,0.1389148235321045,1369.0,baseline
1777619857.200232,0.13893699645996094,1370.0,baseline
1777619857.200253,0.13895797729492188,1373.0,baseline
1777619857.200275,0.13897991180419922,1368.0,baseline
1777619857.200296,0.13900089263916016,1372.0,baseline
1777619857.200317,0.1390218734741211,1372.0,baseline
1777619857.2003388,0.13904380798339844,1369.0,baseline
1777619857.2003598,0.13906478881835938,1369.0,baseline
1777619857.200382,0.13908696174621582,1369.0,baseline
1777619857.200403,0.13910794258117676,1371.0,baseline
1777619857.200424,0.1391289234161377,1372.0,baseline
1777619857.200446,0.13915085792541504,1371.0,baseline
1777619857.2004669,0.13917183876037598,1369.0,baseline
1777619857.200489,0.13919401168823242,1373.0,baseline
1777619857.20051,0.13921499252319336,1371.0,baseline
1777619857.200532,0.1392369270324707,1368.0,baseline
1777619857.200553,0.13925790786743164,1368.0,baseline
1777619857.200581,0.13928604125976562,1368.0,baseline
1777619857.200605,0.13930988311767578,1368.0,baseline
1777619857.2006269,0.13933181762695312,1370.0,baseline
1777619857.2006478,0.13935279846191406,1371.0,baseline
1777619857.20067,0.1393749713897705,1370.0,baseline
1777619857.200691,0.13939595222473145,1370.0,baseline
1777619857.200713,0.1394178867340088,1370.0,baseline
1777619857.200734,0.13943886756896973,1371.0,baseline
1777619857.200755,0.13945984840393066,1372.0,baseline
1777619857.200777,0.1394820213317871,1371.0,baseline
1777619857.200798,0.13950300216674805,1370.0,baseline
1777619857.20082,0.1395249366760254,1370.0,baseline
1777619857.200842,0.13954687118530273,1369.0,baseline
1777619857.200863,0.13956785202026367,1365.0,baseline
1777619857.2008839,0.1395888328552246,1369.0,baseline
1777619857.200906,0.13961100578308105,1366.0,baseline
1777619857.200927,0.139631986618042,1368.0,baseline
1777619857.200949,0.13965392112731934,1371.0,baseline
1777619857.20097,0.13967490196228027,1371.0,baseline
1777619857.200992,0.13969707489013672,1369.0,baseline
1777619857.201013,0.13971805572509766,1368.0,baseline
1777619857.201035,0.139739990234375,1370.0,baseline
1777619857.201056,0.13976097106933594,1369.0,baseline
1777619857.201084,0.13978886604309082,1370.0,baseline
1777619857.201107,0.13981199264526367,1372.0,baseline
1777619857.201128,0.1398329734802246,1371.0,baseline
1777619857.201149,0.13985395431518555,1372.0,baseline
1777619857.201171,0.1398758888244629,1371.0,baseline
1777619857.201192,0.13989686965942383,1370.0,baseline
1777619857.2012138,0.13991880416870117,1372.0,baseline
1777619857.201235,0.1399400234222412,1372.0,baseline
1777619857.201257,0.13996195793151855,1373.0,baseline
1777619857.201278,0.1399829387664795,1375.0,baseline
1777619857.201299,0.14000391960144043,1371.0,baseline
1777619857.201321,0.14002585411071777,1369.0,baseline
1777619857.201343,0.14004802703857422,1368.0,baseline
1777619857.201364,0.14006900787353516,1370.0,baseline
1777619857.201386,0.1400909423828125,1369.0,baseline
1777619857.201408,0.14011287689208984,1368.0,baseline
1777619857.201429,0.14013385772705078,1369.0,baseline
1777619857.201451,0.14015603065490723,1367.0,baseline
1777619857.201472,0.14017701148986816,1369.0,baseline
1777619857.201494,0.1401989459991455,1368.0,baseline
1777619857.201515,0.14021992683410645,1364.0,baseline
1777619857.2015371,0.1402420997619629,1369.0,baseline
1777619857.201565,0.14026999473571777,1364.0,baseline
1777619857.201588,0.14029288291931152,1367.0,baseline
1777619857.20161,0.14031505584716797,1370.0,baseline
1777619857.201631,0.1403360366821289,1369.0,baseline
1777619857.201652,0.14035701751708984,1370.0,baseline
1777619857.201674,0.1403789520263672,1369.0,baseline
1777619857.201695,0.14039993286132812,1369.0,baseline
1777619857.201716,0.14042091369628906,1370.0,baseline
1777619857.2017379,0.1404428482055664,1367.0,baseline
1777619857.2017589,0.14046382904052734,1366.0,baseline
1777619857.201781,0.1404860019683838,1362.0,baseline
1777619857.201802,0.14050698280334473,1362.0,baseline
1777619857.201823,0.14052796363830566,1363.0,baseline
1777619857.201845,0.140549898147583,1365.0,baseline
1777619857.201866,0.14057087898254395,1367.0,baseline
1777619857.201888,0.1405930519104004,1368.0,baseline
1777619857.201909,0.14061403274536133,1368.0,baseline
1777619857.20193,0.14063501358032227,1365.0,baseline
1777619857.201952,0.1406569480895996,1359.0,baseline
1777619857.201973,0.14067792892456055,1358.0,baseline
1777619857.201994,0.14069890975952148,1361.0,baseline
1777619857.202016,0.14072108268737793,1366.0,baseline
1777619857.2020428,0.1407477855682373,1366.0,baseline
1777619857.202066,0.14077091217041016,1367.0,baseline
1777619857.2020879,0.1407928466796875,1368.0,baseline
1777619857.2021089,0.14081382751464844,1369.0,baseline
1777619857.202131,0.14083600044250488,1370.0,baseline
1777619857.202152,0.14085698127746582,1368.0,baseline
1777619857.202173,0.14087796211242676,1367.0,baseline
1777619857.202195,0.1408998966217041,1369.0,baseline
1777619857.202216,0.14092087745666504,1367.0,baseline
1777619857.202237,0.14094185829162598,1365.0,baseline
1777619857.2022588,0.14096379280090332,1365.0,baseline
1777619857.202281,0.14098596572875977,1366.0,baseline
1777619857.202302,0.1410069465637207,1368.0,baseline
1777619857.202324,0.14102888107299805,1364.0,baseline
1777619857.202345,0.14104986190795898,1361.0,baseline
1777619857.202367,0.14107203483581543,1358.0,baseline
1777619857.202388,0.14109301567077637,1374.0,baseline
1777619857.202409,0.1411139965057373,1376.0,baseline
1777619857.202431,0.14113593101501465,1374.0,baseline
1777619857.202452,0.14115691184997559,1372.0,baseline
1777619857.2024739,0.14117884635925293,1374.0,baseline
1777619857.2024949,0.14119982719421387,1376.0,baseline
1777619857.202522,0.14122700691223145,1372.0,baseline
1777619857.202545,0.1412498950958252,1374.0,baseline
1777619857.2025669,0.14127182960510254,1375.0,baseline
1777619857.2025878,0.14129281044006348,1375.0,baseline
1777619857.20261,0.14131498336791992,1371.0,baseline
1777619857.202631,0.14133596420288086,1371.0,baseline
1777619857.202653,0.1413578987121582,1367.0,baseline
1777619857.2026749,0.14137983322143555,1367.0,baseline
1777619857.202698,0.1414029598236084,1370.0,baseline
1777619857.202722,0.14142704010009766,1373.0,baseline
1777619857.2027469,0.14145183563232422,1369.0,baseline
1777619857.20277,0.14147496223449707,1370.0,baseline
1777619857.202793,0.14149785041809082,1371.0,baseline
1777619857.2028139,0.14151883125305176,1369.0,baseline
1777619857.202836,0.1415410041809082,1369.0,baseline
1777619857.202857,0.14156198501586914,1369.0,baseline
1777619857.202879,0.14158391952514648,1365.0,baseline
1777619857.2029,0.14160490036010742,1366.0,baseline
1777619857.202921,0.14162588119506836,1371.0,baseline
1777619857.202943,0.1416480541229248,1371.0,baseline
1777619857.202964,0.14166903495788574,1367.0,baseline
1777619857.202986,0.14169096946716309,1368.0,baseline
1777619857.203007,0.14171195030212402,1367.0,baseline
1777619857.203033,0.1417379379272461,1368.0,baseline
1777619857.2030542,0.14175915718078613,1368.0,baseline
1777619857.2030761,0.14178109169006348,1369.0,baseline
1777619857.203097,0.14180207252502441,1370.0,baseline
1777619857.203119,0.14182400703430176,1370.0,baseline
1777619857.20314,0.1418449878692627,1370.0,baseline
1777619857.2031748,0.14187979698181152,1370.0,baseline
1777619857.203197,0.14190196990966797,1371.0,baseline
1777619857.203219,0.1419239044189453,1371.0,baseline
1777619857.20324,0.14194488525390625,1369.0,baseline
1777619857.2032619,0.1419668197631836,1367.0,baseline
1777619857.2032828,0.14198780059814453,1369.0,baseline
1777619857.203304,0.14200901985168457,1369.0,baseline
1777619857.203326,0.14203095436096191,1369.0,baseline
1777619857.203347,0.14205193519592285,1369.0,baseline
1777619857.203369,0.1420738697052002,1368.0,baseline
1777619857.20339,0.14209485054016113,1369.0,baseline
1777619857.203412,0.14211702346801758,1371.0,baseline
1777619857.203434,0.14213895797729492,1371.0,baseline
1777619857.203455,0.14215993881225586,1371.0,baseline
1777619857.203476,0.1421809196472168,1366.0,baseline
1777619857.203498,0.14220285415649414,1368.0,baseline
1777619857.203525,0.14223003387451172,1371.0,baseline
1777619857.203549,0.14225387573242188,1370.0,baseline
1777619857.2035708,0.14227581024169922,1370.0,baseline
1777619857.203593,0.14229798316955566,1369.0,baseline
1777619857.203614,0.1423189640045166,1366.0,baseline
1777619857.203635,0.14233994483947754,1365.0,baseline
1777619857.203657,0.14236187934875488,1367.0,baseline
1777619857.203678,0.14238286018371582,1369.0,baseline
1777619857.2037,0.14240503311157227,1370.0,baseline
1777619857.203721,0.1424260139465332,1369.0,baseline
1777619857.203742,0.14244699478149414,1369.0,baseline
1777619857.203764,0.14246892929077148,1370.0,baseline
1777619857.203785,0.14248991012573242,1371.0,baseline
1777619857.203806,0.14251089096069336,1372.0,baseline
1777619857.2038279,0.1425328254699707,1369.0,baseline
1777619857.203849,0.14255404472351074,1370.0,baseline
1777619857.203871,0.14257597923278809,1369.0,baseline
1777619857.203892,0.14259696006774902,1365.0,baseline
1777619857.203914,0.14261889457702637,1366.0,baseline
1777619857.203935,0.1426398754119873,1367.0,baseline
1777619857.203956,0.14266085624694824,1365.0,baseline
1777619857.203978,0.1426830291748047,1367.0,baseline
1777619857.204005,0.14270997047424316,1367.0,baseline
1777619857.204027,0.1427319049835205,1368.0,baseline
1777619857.2040489,0.14275383949279785,1370.0,baseline
1777619857.2040708,0.1427757740020752,1369.0,baseline
1777619857.2040918,0.14279675483703613,1369.0,baseline
1777619857.204114,0.14281892776489258,1367.0,baseline
1777619857.204135,0.14283990859985352,1368.0,baseline
1777619857.204156,0.14286088943481445,1369.0,baseline
1777619857.2041779,0.1428828239440918,1369.0,baseline
1777619857.2041988,0.14290380477905273,1369.0,baseline
1777619857.204221,0.14292597770690918,1371.0,baseline
1777619857.204242,0.14294695854187012,1371.0,baseline
1777619857.204264,0.14296889305114746,1370.0,baseline
1777619857.204285,0.1429898738861084,1372.0,baseline
1777619857.204306,0.14301085472106934,1375.0,baseline
1777619857.2043278,0.14303278923034668,1380.0,baseline
1777619857.204349,0.14305400848388672,1383.0,baseline
1777619857.204371,0.14307594299316406,1376.0,baseline
1777619857.204392,0.143096923828125,1370.0,baseline
1777619857.204414,0.14311885833740234,1367.0,baseline
1777619857.2044349,0.14313983917236328,1367.0,baseline
1777619857.2044559,0.14316082000732422,1362.0,baseline
1777619857.204484,0.1431889533996582,1361.0,baseline
1777619857.2045078,0.14321279525756836,1361.0,baseline
1777619857.20453,0.1432349681854248,1360.0,baseline
1777619857.204551,0.14325594902038574,1362.0,baseline
1777619857.204572,0.14327692985534668,1362.0,baseline
1777619857.204594,0.14329886436462402,1369.0,baseline
1777619857.2046149,0.14331984519958496,1370.0,baseline
1777619857.2046368,0.1433417797088623,1366.0,baseline
1777619857.204658,0.14336299896240234,1369.0,baseline
1777619857.204681,0.1433858871459961,1372.0,baseline
1777619857.204703,0.14340806007385254,1375.0,baseline
1777619857.204725,0.14342999458312988,1370.0,baseline
1777619857.204746,0.14345097541809082,1367.0,baseline
1777619857.204768,0.14347290992736816,1364.0,baseline
1777619857.204789,0.1434938907623291,1360.0,baseline
1777619857.204811,0.14351606369018555,1364.0,baseline
1777619857.204832,0.14353704452514648,1366.0,baseline
1777619857.204854,0.14355897903442383,1363.0,baseline
1777619857.204875,0.14357995986938477,1359.0,baseline
1777619857.204897,0.1436018943786621,1366.0,baseline
1777619857.204918,0.14362287521362305,1365.0,baseline
1777619857.20494,0.1436450481414795,1366.0,baseline
1777619857.204961,0.14366602897644043,1366.0,baseline
1777619857.204988,0.1436929702758789,1365.0,baseline
1777619857.205011,0.14371585845947266,1363.0,baseline
1777619857.205033,0.1437380313873291,1367.0,baseline
1777619857.205054,0.14375901222229004,1365.0,baseline
1777619857.205076,0.14378094673156738,1366.0,baseline
1777619857.205097,0.14380192756652832,1366.0,baseline
1777619857.205119,0.14382386207580566,1370.0,baseline
1777619857.2051399,0.1438448429107666,1370.0,baseline
1777619857.205162,0.14386701583862305,1369.0,baseline
1777619857.205183,0.14388799667358398,1369.0,baseline
1777619857.205205,0.14390993118286133,1369.0,baseline
1777619857.205226,0.14393091201782227,1368.0,baseline
1777619857.205248,0.1439530849456787,1368.0,baseline
1777619857.205269,0.14397406578063965,1368.0,baseline
1777619857.205291,0.143996000289917,1369.0,baseline
1777619857.205312,0.14401698112487793,1369.0,baseline
1777619857.205334,0.14403891563415527,1369.0,baseline
1777619857.205355,0.1440598964691162,1370.0,baseline
1777619857.205376,0.14408087730407715,1372.0,baseline
1777619857.205398,0.1441030502319336,1369.0,baseline
1777619857.205419,0.14412403106689453,1369.0,baseline
1777619857.205441,0.14414596557617188,1369.0,baseline
1777619857.205468,0.14417290687561035,1368.0,baseline
1777619857.205492,0.1441969871520996,1367.0,baseline
1777619857.205513,0.14421796798706055,1371.0,baseline
1777619857.205534,0.14423894882202148,1370.0,baseline
1777619857.205556,0.14426088333129883,1370.0,baseline
1777619857.205577,0.14428186416625977,1370.0,baseline
1777619857.205599,0.1443040370941162,1369.0,baseline
1777619857.20562,0.14432501792907715,1366.0,baseline
1777619857.205642,0.1443469524383545,1368.0,baseline
1777619857.205663,0.14436793327331543,1369.0,baseline
1777619857.205684,0.14438891410827637,1376.0,baseline
1777619857.205706,0.1444108486175537,1386.0,baseline
1777619857.2057269,0.14443182945251465,1392.0,baseline
1777619857.205749,0.1444540023803711,1393.0,baseline
1777619857.20577,0.14447498321533203,1384.0,baseline
1777619857.205792,0.14449691772460938,1360.0,baseline
1777619857.205813,0.1445178985595703,1355.0,baseline
1777619857.205835,0.14454007148742676,1357.0,baseline
1777619857.205856,0.1445610523223877,1364.0,baseline
1777619857.205878,0.14458298683166504,1370.0,baseline
1777619857.205899,0.14460396766662598,1375.0,baseline
1777619857.20592,0.14462494850158691,1368.0,baseline
1777619857.205942,0.14464688301086426,1362.0,baseline
1777619857.2059698,0.14467477798461914,1360.0,baseline
1777619857.205994,0.1446988582611084,1359.0,baseline
1777619857.2060149,0.14471983909606934,1357.0,baseline
1777619857.2060359,0.14474081993103027,1360.0,baseline
1777619857.206058,0.14476299285888672,1363.0,baseline
1777619857.206079,0.14478397369384766,1367.0,baseline
1777619857.2061,0.1448049545288086,1369.0,baseline
1777619857.206122,0.14482688903808594,1366.0,baseline
1777619857.206143,0.14484786987304688,1362.0,baseline
1777619857.206165,0.14487004280090332,1363.0,baseline
1777619857.206186,0.14489102363586426,1366.0,baseline
1777619857.206207,0.1449120044708252,1365.0,baseline
1777619857.206229,0.14493393898010254,1363.0,baseline
1777619857.20625,0.14495491981506348,1363.0,baseline
1777619857.206272,0.14497685432434082,1364.0,baseline
1777619857.206293,0.14499807357788086,1365.0,baseline
1777619857.206314,0.1450190544128418,1367.0,baseline
1777619857.206336,0.14504098892211914,1367.0,baseline
1777619857.206357,0.14506196975708008,1367.0,baseline
1777619857.206379,0.14508390426635742,1366.0,baseline
1777619857.206401,0.14510607719421387,1366.0,baseline
1777619857.20643,0.14513492584228516,1366.0,baseline
1777619857.206458,0.14516305923461914,1368.0,baseline
1777619857.206482,0.1451869010925293,1367.0,baseline
1777619857.206503,0.14520788192749023,1368.0,baseline
1777619857.2065248,0.14522981643676758,1367.0,baseline
1777619857.206547,0.14525198936462402,1368.0,baseline
1777619857.206568,0.14527297019958496,1369.0,baseline
1777619857.206589,0.1452939510345459,1367.0,baseline
1777619857.206611,0.14531588554382324,1367.0,baseline
1777619857.2066329,0.14533782005310059,1368.0,baseline
1777619857.206655,0.14535999298095703,1368.0,baseline
1777619857.206676,0.14538097381591797,1363.0,baseline
1777619857.206698,0.1454029083251953,1367.0,baseline
1777619857.206719,0.14542388916015625,1362.0,baseline
1777619857.20674,0.1454448699951172,1367.0,baseline
1777619857.206761,0.14546585083007812,1367.0,baseline
1777619857.206783,0.14548802375793457,1365.0,baseline
1777619857.206804,0.1455090045928955,1366.0,baseline
1777619857.206826,0.14553093910217285,1367.0,baseline
1777619857.20685,0.1455550193786621,1367.0,baseline
1777619857.206871,0.14557600021362305,1366.0,baseline
1777619857.206893,0.1455979347229004,1367.0,baseline
1777619857.206914,0.14561891555786133,1368.0,baseline
1777619857.206938,0.14564299583435059,1367.0,baseline
1777619857.206961,0.14566588401794434,1370.0,baseline
1777619857.2069829,0.14568781852722168,1367.0,baseline
1777619857.207005,0.14570999145507812,1365.0,baseline
1777619857.207027,0.14573192596435547,1365.0,baseline
1777619857.207049,0.1457538604736328,1363.0,baseline
1777619857.207071,0.14577603340148926,1365.0,baseline
1777619857.207092,0.1457970142364502,1363.0,baseline
1777619857.207114,0.14581894874572754,1365.0,baseline
1777619857.207135,0.14583992958068848,1362.0,baseline
1777619857.207157,0.14586186408996582,1358.0,baseline
1777619857.2071779,0.14588284492492676,1360.0,baseline
1777619857.2071989,0.1459038257598877,1369.0,baseline
1777619857.20722,0.14592504501342773,1373.0,baseline
1777619857.207242,0.14594697952270508,1374.0,baseline
1777619857.207263,0.14596796035766602,1371.0,baseline
1777619857.207285,0.14598989486694336,1369.0,baseline
1777619857.207309,0.14601397514343262,1369.0,baseline
1777619857.20733,0.14603495597839355,1367.0,baseline
1777619857.2073522,0.14605712890625,1367.0,baseline
1777619857.2073731,0.14607810974121094,1365.0,baseline
1777619857.207395,0.14610004425048828,1360.0,baseline
1777619857.207416,0.14612102508544922,1364.0,baseline
1777619857.207443,0.1461479663848877,1361.0,baseline
1777619857.207468,0.14617300033569336,1360.0,baseline
1777619857.207489,0.1461939811706543,1361.0,baseline
1777619857.20751,0.14621496200561523,1361.0,baseline
1777619857.207532,0.14623689651489258,1360.0,baseline
1777619857.207553,0.14625787734985352,1367.0,baseline
1777619857.207575,0.14628005027770996,1367.0,baseline
1777619857.207596,0.1463010311126709,1365.0,baseline
1777619857.207618,0.14632296562194824,1365.0,baseline
1777619857.207639,0.14634394645690918,1366.0,baseline
1777619857.20766,0.14636492729187012,1371.0,baseline
1777619857.2076821,0.14638710021972656,1370.0,baseline
1777619857.207703,0.1464080810546875,1368.0,baseline
1777619857.207725,0.14643001556396484,1364.0,baseline
1777619857.207746,0.14645099639892578,1367.0,baseline
1777619857.207767,0.14647197723388672,1370.0,baseline
1777619857.207789,0.14649391174316406,1370.0,baseline
1777619857.207811,0.1465160846710205,1372.0,baseline
1777619857.207832,0.14653706550598145,1373.0,baseline
1777619857.207854,0.1465590000152588,1373.0,baseline
1777619857.207875,0.14657998085021973,1370.0,baseline
1777619857.2078972,0.14660215377807617,1362.0,baseline
1777619857.2079208,0.14662575721740723,1357.0,baseline
1777619857.207944,0.14664888381958008,1357.0,baseline
1777619857.207967,0.14667201042175293,1348.0,baseline
1777619857.207988,0.14669299125671387,1327.0,baseline
1777619857.20801,0.1467149257659912,1330.0,baseline
1777619857.208031,0.14673590660095215,1350.0,baseline
1777619857.2080529,0.1467578411102295,1359.0,baseline
1777619857.208075,0.14678001403808594,1366.0,baseline
1777619857.208096,0.14680099487304688,1368.0,baseline
1777619857.208118,0.14682292938232422,1369.0,baseline
1777619857.208139,0.14684391021728516,1370.0,baseline
1777619857.208161,0.1468660831451416,1368.0,baseline
1777619857.208183,0.14688801765441895,1370.0,baseline
1777619857.208205,0.1469099521636963,1370.0,baseline
1777619857.208226,0.14693093299865723,1373.0,baseline
1777619857.2082481,0.14695310592651367,1370.0,baseline
1777619857.20827,0.14697504043579102,1370.0,baseline
1777619857.208292,0.14699697494506836,1371.0,baseline
1777619857.208313,0.1470179557800293,1372.0,baseline
1777619857.2083352,0.14704012870788574,1371.0,baseline
1777619857.2083561,0.14706110954284668,1369.0,baseline
1777619857.208378,0.14708304405212402,1370.0,baseline
1777619857.208405,0.1471099853515625,1368.0,baseline
1777619857.20843,0.14713501930236816,1371.0,baseline
1777619857.208452,0.1471569538116455,1370.0,baseline
1777619857.2084732,0.14717817306518555,1370.0,baseline
1777619857.2084951,0.1472001075744629,1369.0,baseline
1777619857.2085161,0.14722108840942383,1367.0,baseline
1777619857.208538,0.14724302291870117,1370.0,baseline
1777619857.208559,0.1472640037536621,1370.0,baseline
1777619857.2085812,0.14728617668151855,1371.0,baseline
1777619857.2086022,0.1473071575164795,1368.0,baseline
1777619857.2086232,0.14732813835144043,1368.0,baseline
1777619857.208645,0.14735007286071777,1370.0,baseline
1777619857.208666,0.1473710536956787,1368.0,baseline
1777619857.208688,0.14739298820495605,1368.0,baseline
1777619857.208709,0.147413969039917,1368.0,baseline
1777619857.208731,0.14743590354919434,1367.0,baseline
1777619857.2087522,0.14745712280273438,1370.0,baseline
1777619857.2087739,0.14747881889343262,1369.0,baseline
1777619857.2087948,0.14749979972839355,1370.0,baseline
1777619857.208817,0.14752197265625,1369.0,baseline
1777619857.208838,0.14754295349121094,1369.0,baseline
1777619857.208859,0.14756393432617188,1368.0,baseline
1777619857.208881,0.14758586883544922,1368.0,baseline
1777619857.208908,0.1476130485534668,1372.0,baseline
1777619857.208933,0.14763808250427246,1368.0,baseline
1777619857.208954,0.1476590633392334,1366.0,baseline
1777619857.208975,0.14768004417419434,1367.0,baseline
1777619857.208997,0.14770197868347168,1368.0,baseline
1777619857.2090182,0.14772319793701172,1368.0,baseline
1777619857.2090392,0.14774417877197266,1369.0,baseline
1777619857.2090611,0.14776611328125,1369.0,baseline
1777619857.2090821,0.14778709411621094,1368.0,baseline
1777619857.209103,0.14780807495117188,1370.0,baseline
1777619857.209125,0.14783000946044922,1370.0,baseline
1777619857.209146,0.14785099029541016,1370.0,baseline
1777619857.209168,0.1478729248046875,1370.0,baseline
1777619857.2091892,0.14789414405822754,1369.0,baseline
1777619857.2092102,0.14791512489318848,1369.0,baseline
1777619857.2092319,0.14793682098388672,1369.0,baseline
1777619857.2092538,0.14795875549316406,1370.0,baseline
1777619857.2092748,0.147979736328125,1367.0,baseline
1777619857.209296,0.14800095558166504,1369.0,baseline
1777619857.209318,0.14802289009094238,1367.0,baseline
1777619857.209339,0.14804387092590332,1368.0,baseline
1777619857.20936,0.14806485176086426,1369.0,baseline
1777619857.209388,0.14809298515319824,1369.0,baseline
1777619857.209412,0.1481170654296875,1369.0,baseline
1777619857.209433,0.14813804626464844,1367.0,baseline
1777619857.209455,0.14815998077392578,1368.0,baseline
1777619857.209476,0.14818096160888672,1366.0,baseline
1777619857.209497,0.14820194244384766,1362.0,baseline
1777619857.2095191,0.1482241153717041,1367.0,baseline
1777619857.2095401,0.14824509620666504,1366.0,baseline
1777619857.209562,0.14826703071594238,1367.0,baseline
1777619857.209583,0.14828801155090332,1366.0,baseline
1777619857.209604,0.14830899238586426,1367.0,baseline
1777619857.2096262,0.1483311653137207,1366.0,baseline
1777619857.2096472,0.14835214614868164,1369.0,baseline
1777619857.209669,0.14837408065795898,1370.0,baseline
1777619857.2097049,0.14840984344482422,1370.0,baseline
1777619857.209727,0.14843201637268066,1369.0,baseline
1777619857.209748,0.1484529972076416,1369.0,baseline
1777619857.20977,0.14847493171691895,1369.0,baseline
1777619857.209791,0.14849591255187988,1369.0,baseline
1777619857.209812,0.14851689338684082,1368.0,baseline
1777619857.209834,0.14853906631469727,1368.0,baseline
1777619857.209855,0.1485600471496582,1370.0,baseline
1777619857.209879,0.14858388900756836,1369.0,baseline
1777619857.209903,0.14860796928405762,1369.0,baseline
1777619857.2099252,0.14863014221191406,1368.0,baseline
1777619857.2099469,0.1486518383026123,1370.0,baseline
1777619857.209968,0.14867305755615234,1369.0,baseline
1777619857.209989,0.14869403839111328,1371.0,baseline
1777619857.2100108,0.14871573448181152,1369.0,baseline
1777619857.2100322,0.14873719215393066,1369.0,baseline
1777619857.2100532,0.1487581729888916,1368.0,baseline
1777619857.210075,0.14877986907958984,1370.0,baseline
1777619857.2100961,0.14880108833312988,1371.0,baseline
1777619857.210117,0.14882206916809082,1369.0,baseline
1777619857.2101388,0.14884376525878906,1370.0,baseline
1777619857.21016,0.1488649845123291,1369.0,baseline
1777619857.2101812,0.14888620376586914,1368.0,baseline
1777619857.210203,0.14890789985656738,1368.0,baseline
1777619857.2102242,0.14892911911010742,1368.0,baseline
1777619857.2102458,0.14895081520080566,1368.0,baseline
1777619857.21028,0.1489849090576172,1368.0,baseline
1777619857.210301,0.14900588989257812,1368.0,baseline
1777619857.2103229,0.14902782440185547,1367.0,baseline
1777619857.210345,0.14904999732971191,1368.0,baseline
1777619857.210367,0.14907193183898926,1369.0,baseline
1777619857.210392,0.14909696578979492,1368.0,baseline
1777619857.210416,0.14912104606628418,1369.0,baseline
1777619857.210439,0.14914393424987793,1372.0,baseline
1777619857.210461,0.14916586875915527,1369.0,baseline
1777619857.2104828,0.14918780326843262,1368.0,baseline
1777619857.210506,0.14921092987060547,1368.0,baseline
1777619857.210528,0.1492328643798828,1370.0,baseline
1777619857.21055,0.14925503730773926,1367.0,baseline
1777619857.210573,0.149277925491333,1369.0,baseline
1777619857.2105951,0.14930009841918945,1370.0,baseline
1777619857.210617,0.1493220329284668,1369.0,baseline
1777619857.21064,0.14934492111206055,1368.0,baseline
1777619857.2106628,0.1493678092956543,1367.0,baseline
1777619857.210687,0.14939188957214355,1369.0,baseline
1777619857.21071,0.1494150161743164,1362.0,baseline
1777619857.210733,0.14943790435791016,1360.0,baseline
1777619857.210756,0.149461030960083,1362.0,baseline
1777619857.210779,0.14948391914367676,1359.0,baseline
1777619857.210803,0.14950799942016602,1357.0,baseline
1777619857.210826,0.14953088760375977,1361.0,baseline
1777619857.210849,0.14955401420593262,1368.0,baseline
1777619857.210871,0.14957594871520996,1367.0,baseline
1777619857.210895,0.14960002899169922,1376.0,baseline
1777619857.210918,0.14962291717529297,1381.0,baseline
1777619857.21094,0.1496448516845703,1380.0,baseline
1777619857.2109609,0.14966583251953125,1375.0,baseline
1777619857.2109828,0.1496877670288086,1370.0,baseline
1777619857.211004,0.14970898628234863,1368.0,baseline
1777619857.211026,0.14973092079162598,1366.0,baseline
1777619857.211047,0.14975190162658691,1365.0,baseline
1777619857.2110689,0.14977383613586426,1367.0,baseline
1777619857.2110898,0.1497948169708252,1367.0,baseline
1777619857.211112,0.14981698989868164,1367.0,baseline
1777619857.211133,0.14983797073364258,1369.0,baseline
1777619857.211155,0.14985990524291992,1368.0,baseline
1777619857.211176,0.14988088607788086,1367.0,baseline
1777619857.211197,0.1499018669128418,1369.0,baseline
1777619857.2112179,0.14992284774780273,1373.0,baseline
1777619857.21124,0.14994502067565918,1367.0,baseline
1777619857.211261,0.14996600151062012,1368.0,baseline
1777619857.211283,0.14998793601989746,1373.0,baseline
1777619857.211304,0.1500089168548584,1375.0,baseline
1777619857.211325,0.15002989768981934,1375.0,baseline
1777619857.2113469,0.15005183219909668,1373.0,baseline
1777619857.211371,0.15007591247558594,1372.0,baseline
1777619857.211396,0.1501009464263916,1372.0,baseline
1777619857.2114172,0.15012216567993164,1373.0,baseline
1777619857.2114391,0.15014410018920898,1375.0,baseline
1777619857.21146,0.15016508102416992,1372.0,baseline
1777619857.211482,0.15018701553344727,1370.0,baseline
1777619857.211503,0.1502079963684082,1368.0,baseline
1777619857.211524,0.15022897720336914,1367.0,baseline
1777619857.2115462,0.15025115013122559,1368.0,baseline
1777619857.2115672,0.15027213096618652,1368.0,baseline
1777619857.2115881,0.15029311180114746,1368.0,baseline
1777619857.21161,0.1503150463104248,1367.0,baseline
1777619857.211631,0.15033602714538574,1365.0,baseline
1777619857.211652,0.15035700798034668,1367.0,baseline
1777619857.211673,0.15037798881530762,1366.0,baseline
1777619857.2116952,0.15040016174316406,1364.0,baseline
1777619857.2117162,0.150421142578125,1350.0,baseline
1777619857.211738,0.15044307708740234,1349.0,baseline
1777619857.211759,0.15046405792236328,1355.0,baseline
1777619857.211781,0.15048599243164062,1366.0,baseline
1777619857.211802,0.15050697326660156,1371.0,baseline
1777619857.211823,0.1505279541015625,1373.0,baseline
1777619857.21185,0.15055489540100098,1371.0,baseline
1777619857.211874,0.15057897567749023,1375.0,baseline
1777619857.211895,0.15059995651245117,1376.0,baseline
1777619857.2119172,0.15062212944030762,1371.0,baseline
1777619857.2119381,0.15064311027526855,1364.0,baseline
1777619857.2119591,0.1506640911102295,1363.0,baseline
1777619857.211981,0.15068602561950684,1367.0,baseline
1777619857.212002,0.15070700645446777,1365.0,baseline
1777619857.212023,0.1507279872894287,1368.0,baseline
1777619857.212045,0.15074992179870605,1372.0,baseline
1777619857.212066,0.150770902633667,1376.0,baseline
1777619857.212088,0.15079307556152344,1376.0,baseline
1777619857.212109,0.15081405639648438,1375.0,baseline
1777619857.21213,0.1508350372314453,1374.0,baseline
1777619857.212152,0.15085697174072266,1375.0,baseline
1777619857.212173,0.1508779525756836,1366.0,baseline
1777619857.212194,0.15089893341064453,1364.0,baseline
1777619857.2122161,0.15092110633850098,1364.0,baseline
1777619857.2122371,0.15094208717346191,1363.0,baseline
1777619857.212259,0.15096402168273926,1367.0,baseline
1777619857.21228,0.1509850025177002,1370.0,baseline
1777619857.212301,0.15100598335266113,1366.0,baseline
1777619857.212328,0.1510329246520996,1375.0,baseline
1777619857.212352,0.15105700492858887,1379.0,baseline
1777619857.212374,0.1510789394378662,1369.0,baseline
1777619857.212395,0.15109992027282715,1362.0,baseline
1777619857.2124171,0.1511220932006836,1360.0,baseline
1777619857.212438,0.15114307403564453,1362.0,baseline
1777619857.212459,0.15116405487060547,1372.0,baseline
1777619857.2124841,0.15118908882141113,1366.0,baseline
1777619857.212505,0.15121006965637207,1363.0,baseline
1777619857.212526,0.151231050491333,1366.0,baseline
1777619857.212548,0.15125298500061035,1368.0,baseline
1777619857.212569,0.1512739658355713,1370.0,baseline
1777619857.2125912,0.15129613876342773,1370.0,baseline
1777619857.2126122,0.15131711959838867,1368.0,baseline
1777619857.2126331,0.1513381004333496,1372.0,baseline
1777619857.212655,0.15136003494262695,1371.0,baseline
1777619857.212677,0.1513819694519043,1370.0,baseline
1777619857.2126982,0.15140318870544434,1364.0,baseline
1777619857.2127202,0.15142512321472168,1365.0,baseline
1777619857.212746,0.15145087242126465,1372.0,baseline
1777619857.212768,0.1514730453491211,1370.0,baseline
1777619857.21279,0.15149497985839844,1369.0,baseline
1777619857.212811,0.15151596069335938,1363.0,baseline
1777619857.212832,0.1515369415283203,1361.0,baseline
1777619857.212854,0.15155887603759766,1363.0,baseline
1777619857.212875,0.1515798568725586,1365.0,baseline
1777619857.212897,0.15160202980041504,1371.0,baseline
1777619857.212918,0.15162301063537598,1370.0,baseline
1777619857.212939,0.15164399147033691,1369.0,baseline
1777619857.212961,0.15166592597961426,1367.0,baseline
1777619857.212991,0.15169596672058105,1369.0,baseline
1777619857.213013,0.1517179012298584,1372.0,baseline
1777619857.213035,0.15174007415771484,1372.0,baseline
1777619857.213056,0.15176105499267578,1369.0,baseline
1777619857.213077,0.15178203582763672,1369.0,baseline
1777619857.213099,0.15180397033691406,1368.0,baseline
1777619857.21312,0.151824951171875,1366.0,baseline
1777619857.213142,0.15184688568115234,1368.0,baseline
1777619857.213163,0.15186786651611328,1366.0,baseline
1777619857.213184,0.15188908576965332,1367.0,baseline
1777619857.213206,0.15191102027893066,1367.0,baseline
1777619857.213227,0.1519320011138916,1369.0,baseline
1777619857.213248,0.15195298194885254,1372.0,baseline
1777619857.21327,0.15197491645812988,1367.0,baseline
1777619857.213291,0.15199589729309082,1367.0,baseline
1777619857.213313,0.15201807022094727,1367.0,baseline
1777619857.213334,0.1520390510559082,1367.0,baseline
1777619857.213356,0.15206098556518555,1368.0,baseline
1777619857.213377,0.15208196640014648,1368.0,baseline
1777619857.213399,0.15210390090942383,1369.0,baseline
1777619857.21342,0.15212488174438477,1369.0,baseline
1777619857.2134411,0.1521461009979248,1370.0,baseline
1777619857.213463,0.15216803550720215,1369.0,baseline
1777619857.213484,0.15218901634216309,1368.0,baseline
1777619857.213505,0.15220999717712402,1367.0,baseline
1777619857.213527,0.15223193168640137,1369.0,baseline
1777619857.213548,0.1522529125213623,1367.0,baseline
1777619857.21357,0.15227508544921875,1369.0,baseline
1777619857.213591,0.1522960662841797,1369.0,baseline
1777619857.213612,0.15231704711914062,1367.0,baseline
1777619857.213634,0.15233898162841797,1369.0,baseline
1777619857.213655,0.1523599624633789,1367.0,baseline
1777619857.213676,0.15238094329833984,1366.0,baseline
1777619857.2136981,0.1524031162261963,1368.0,baseline
1777619857.2137191,0.15242409706115723,1369.0,baseline
1777619857.213741,0.15244603157043457,1368.0,baseline
1777619857.213762,0.1524670124053955,1368.0,baseline
1777619857.213783,0.15248799324035645,1367.0,baseline
1777619857.213804,0.15250897407531738,1369.0,baseline
1777619857.213826,0.15253090858459473,1369.0,baseline
1777619857.213848,0.15255308151245117,1368.0,baseline
1777619857.213869,0.1525740623474121,1370.0,baseline
1777619857.213891,0.15259599685668945,1371.0,baseline
1777619857.213912,0.1526169776916504,1370.0,baseline
1777619857.213933,0.15263795852661133,1370.0,baseline
1777619857.2139552,0.15266013145446777,1370.0,baseline
1777619857.2139761,0.1526811122894287,1370.0,baseline
1777619857.2139971,0.15270209312438965,1369.0,baseline
1777619857.214019,0.152724027633667,1369.0,baseline
1777619857.21404,0.15274500846862793,1368.0,baseline
1777619857.214061,0.15276598930358887,1367.0,baseline
1777619857.214083,0.1527879238128662,1367.0,baseline
1777619857.2141051,0.15281009674072266,1368.0,baseline
1777619857.214127,0.15283203125,1367.0,baseline
1777619857.2141492,0.15285420417785645,1368.0,baseline
1777619857.2141702,0.15287518501281738,1368.0,baseline
1777619857.2141912,0.15289616584777832,1366.0,baseline
1777619857.2142131,0.15291810035705566,1370.0,baseline
1777619857.214234,0.1529390811920166,1369.0,baseline
1777619857.214256,0.15296101570129395,1367.0,baseline
1777619857.214277,0.15298199653625488,1368.0,baseline
1777619857.214298,0.15300297737121582,1367.0,baseline
1777619857.2143202,0.15302515029907227,1366.0,baseline
1777619857.2143412,0.1530461311340332,1367.0,baseline
1777619857.2143629,0.15306782722473145,1368.0,baseline
1777619857.214384,0.15308904647827148,1369.0,baseline
1777619857.2144058,0.15311074256896973,1362.0,baseline
1777619857.214427,0.15313196182250977,1350.0,baseline
1777619857.214449,0.1531538963317871,1332.0,baseline
1777619857.21447,0.15317487716674805,1351.0,baseline
1777619857.2144918,0.1531968116760254,1358.0,baseline
1777619857.2145128,0.15321779251098633,1356.0,baseline
1777619857.214535,0.15323996543884277,1367.0,baseline
1777619857.214556,0.1532609462738037,1371.0,baseline
1777619857.214578,0.15328288078308105,1375.0,baseline
1777619857.214599,0.153303861618042,1376.0,baseline
1777619857.2146208,0.15332579612731934,1372.0,baseline
1777619857.2146418,0.15334677696228027,1370.0,baseline
1777619857.214664,0.15336894989013672,1370.0,baseline
1777619857.214685,0.15338993072509766,1371.0,baseline
1777619857.214707,0.153411865234375,1371.0,baseline
1777619857.2147279,0.15343284606933594,1371.0,baseline
1777619857.21475,0.15345501899719238,1369.0,baseline
1777619857.214771,0.15347599983215332,1369.0,baseline
1777619857.214792,0.15349698066711426,1369.0,baseline
1777619857.214814,0.1535189151763916,1370.0,baseline
1777619857.214835,0.15353989601135254,1371.0,baseline
1777619857.214856,0.15356087684631348,1367.0,baseline
1777619857.2148778,0.15358281135559082,1363.0,baseline
1777619857.214899,0.15360403060913086,1350.0,baseline
1777619857.214921,0.1536259651184082,1331.0,baseline
1777619857.214942,0.15364694595336914,1357.0,baseline
1777619857.214964,0.15366888046264648,1386.0,baseline
1777619857.214985,0.15368986129760742,1385.0,baseline
1777619857.215007,0.15371203422546387,1375.0,baseline
1777619857.215028,0.1537330150604248,1372.0,baseline
1777619857.215049,0.15375399589538574,1370.0,baseline
1777619857.215071,0.15377593040466309,1369.0,baseline
1777619857.215092,0.15379691123962402,1367.0,baseline
1777619857.2151139,0.15381884574890137,1368.0,baseline
1777619857.2151349,0.1538398265838623,1368.0,baseline
1777619857.215157,0.15386199951171875,1366.0,baseline
1777619857.215178,0.1538829803466797,1368.0,baseline
1777619857.215199,0.15390396118164062,1367.0,baseline
1777619857.215221,0.15392589569091797,1365.0,baseline
1777619857.215245,0.15394997596740723,1365.0,baseline
1777619857.215266,0.15397095680236816,1364.0,baseline
1777619857.215287,0.1539919376373291,1367.0,baseline
1777619857.2153091,0.15401411056518555,1367.0,baseline
1777619857.215331,0.1540360450744629,1370.0,baseline
1777619857.215352,0.15405702590942383,1370.0,baseline
1777619857.215373,0.15407800674438477,1370.0,baseline
1777619857.215395,0.1540999412536621,1370.0,baseline
1777619857.2154171,0.15412211418151855,1370.0,baseline
1777619857.2154381,0.1541430950164795,1368.0,baseline
1777619857.215459,0.15416407585144043,1367.0,baseline
1777619857.215481,0.15418601036071777,1367.0,baseline
1777619857.215502,0.1542069911956787,1367.0,baseline
1777619857.2155242,0.15422916412353516,1367.0,baseline
1777619857.2155452,0.1542501449584961,1367.0,baseline
1777619857.2155662,0.15427112579345703,1367.0,baseline
1777619857.215588,0.15429306030273438,1371.0,baseline
1777619857.21561,0.15431499481201172,1367.0,baseline
1777619857.215631,0.15433597564697266,1369.0,baseline
1777619857.215652,0.1543569564819336,1369.0,baseline
1777619857.2156742,0.15437912940979004,1369.0,baseline
1777619857.2156951,0.15440011024475098,1368.0,baseline
1777619857.215717,0.15442204475402832,1367.0,baseline
1777619857.215738,0.15444302558898926,1368.0,baseline
1777619857.2157598,0.1544647216796875,1369.0,baseline
1777619857.2157812,0.15448617935180664,1367.0,baseline
1777619857.215803,0.15450787544250488,1370.0,baseline
1777619857.215824,0.15452885627746582,1369.0,baseline
1777619857.2158458,0.15455079078674316,1368.0,baseline
1777619857.2158668,0.1545717716217041,1366.0,baseline
1777619857.215889,0.15459394454956055,1370.0,baseline
1777619857.21591,0.15461492538452148,1366.0,baseline
1777619857.215932,0.15463685989379883,1365.0,baseline
1777619857.2159529,0.15465784072875977,1366.0,baseline
1777619857.2159739,0.1546788215637207,1368.0,baseline
1777619857.2403681,0.17907309532165527,1367.0,baseline
1777619857.290378,0.22908306121826172,1369.0,baseline
1777619857.340432,0.27913689613342285,1369.0,baseline
1777619857.390681,0.32938599586486816,1369.0,baseline
1777619857.4405718,0.37927675247192383,1365.0,baseline
1777619857.4906821,0.42938709259033203,1369.0,baseline
1777619857.540729,0.4794340133666992,1367.0,baseline
1777619857.5907478,0.5294528007507324,1367.0,baseline
1777619857.640756,0.579460859298706,1368.0,baseline
1777619857.6905332,0.6292381286621094,1368.0,baseline
1777619857.740554,0.6792590618133545,1370.0,baseline
1777619857.790584,0.7292890548706055,1372.0,baseline
1777619857.840854,0.7795588970184326,1369.0,baseline
1777619857.890826,0.8295309543609619,1370.0,baseline
1777619857.940824,0.8795289993286133,1370.0,baseline
1777619857.990856,0.9295608997344971,1369.0,baseline
1777619858.0409229,0.9796278476715088,1372.0,baseline
1777619858.090755,1.0294599533081055,1372.0,baseline
1777619858.140668,1.0793728828430176,1365.0,baseline
1777619858.190797,1.1295020580291748,1367.0,baseline
1777619858.2407591,1.1794641017913818,1367.0,baseline
1777619858.290949,1.22965407371521,1369.0,baseline
1777619858.3410602,1.2797651290893555,1368.0,baseline
1777619858.390893,1.3295979499816895,1368.0,baseline
1777619858.4409769,1.3796818256378174,1370.0,baseline
1777619858.4911292,1.4298341274261475,1370.0,baseline
1777619858.5410812,1.4797861576080322,1369.0,baseline
1777619858.591189,1.5298938751220703,1370.0,baseline
1777619858.641132,1.5798370838165283,1370.0,baseline
1777619858.691249,1.6299538612365723,1367.0,baseline
1777619858.741102,1.6798069477081299,1365.0,baseline
1777619858.79123,1.7299349308013916,1366.0,baseline
1777619858.841248,1.7799530029296875,1369.0,baseline
1777619858.891335,1.8300399780273438,1366.0,baseline
1777619858.9411688,1.8798737525939941,1362.0,baseline
1777619858.9913511,1.930056095123291,1364.0,baseline
1777619859.041331,1.9800360202789307,1365.0,baseline
1777619859.091284,2.029989004135132,1366.0,baseline
1777619859.5535092,0.4539163112640381,1366.0,stimulus
1777619859.553845,0.4542520046234131,1365.0,stimulus
1777619859.553911,0.4543180465698242,1368.0,stimulus
1777619859.553977,0.45438408851623535,1366.0,stimulus
1777619859.554106,0.4545130729675293,1368.0,stimulus
1777619859.554202,0.4546091556549072,1368.0,stimulus
1777619859.55426,0.4546670913696289,1367.0,stimulus
1777619859.5542889,0.4546959400177002,1368.0,stimulus
1777619859.554314,0.45472097396850586,1366.0,stimulus
1777619859.591511,0.49191808700561523,1368.0,stimulus
1777619859.6416671,0.5420742034912109,1367.0,stimulus
1777619859.691575,0.5919821262359619,1368.0,stimulus
1777619859.741587,0.6419939994812012,1366.0,stimulus
1777619859.791637,0.6920440196990967,1367.0,stimulus
1777619859.841654,0.7420611381530762,1367.0,stimulus
1777619859.89166,0.7920670509338379,1368.0,stimulus
1777619859.9417422,0.8421492576599121,1369.0,stimulus
1777619859.991819,0.892225980758667,1369.0,stimulus
1777619860.0417888,0.9421958923339844,1367.0,stimulus
1777619860.091789,0.9921960830688477,1366.0,stimulus
1777619860.141692,1.0420989990234375,1370.0,stimulus
1777619860.1916292,1.092036247253418,1367.0,stimulus
1777619860.241605,1.142012119293213,1366.0,stimulus
1777619860.291855,1.1922621726989746,1367.0,stimulus
1777619860.341938,1.2423450946807861,1366.0,stimulus
1777619860.39185,1.2922570705413818,1366.0,stimulus
1777619860.4419148,1.3423218727111816,1367.0,stimulus
1777619860.49197,1.3923771381378174,1370.0,stimulus
1777619860.541916,1.4423229694366455,1369.0,stimulus
1777619860.591924,1.4923310279846191,1369.0,stimulus
1777619860.642022,1.542428970336914,1367.0,stimulus
1777619860.691967,1.5923740863800049,1362.0,stimulus
1777619860.7420878,1.6424949169158936,1364.0,stimulus
1777619860.792137,1.6925439834594727,1366.0,stimulus
1777619860.84213,1.742537021636963,1366.0,stimulus
1777619860.892069,1.7924761772155762,1369.0,stimulus
1777619860.942223,1.84263014793396,1369.0,stimulus
1777619860.992216,1.8926231861114502,1366.0,stimulus
1777619861.04196,1.9423670768737793,1367.0,stimulus
1777619861.0919292,1.9923362731933594,1366.0,stimulus
1777619861.1420002,2.042407274246216,1364.0,stimulus
1777619861.1919801,2.0923871994018555,1366.0,stimulus
1777619861.242038,2.1424450874328613,1366.0,stimulus
1777619861.2922409,2.192647933959961,1371.0,stimulus
1777619861.342211,2.2426180839538574,1371.0,stimulus
1777619861.3924391,2.292846202850342,1367.0,stimulus
1777619861.442113,2.342519998550415,1369.0,stimulus
1777619861.492198,2.3926050662994385,1369.0,stimulus
1777619861.542326,2.4427330493927,1367.0,stimulus
1777619861.592457,2.4928641319274902,1367.0,stimulus
1777619861.642529,2.542936086654663,1360.0,stimulus
1777619861.692585,2.592992067337036,1361.0,stimulus
1777619861.742547,2.642954111099243,1362.0,stimulus
1777619861.792685,2.693092107772827,1363.0,stimulus
1777619861.842685,2.7430920600891113,1365.0,stimulus
1777619861.892608,2.7930150032043457,1365.0,stimulus
1777619861.942701,2.8431081771850586,1366.0,stimulus
1777619861.9927309,2.8931379318237305,1367.0,stimulus
1777619862.042637,2.9430441856384277,1369.0,stimulus
1777619862.092795,2.993201971054077,1367.0,stimulus
1777619862.142669,3.0430760383605957,1366.0,stimulus
1777619862.192897,3.09330415725708,1365.0,stimulus
1777619862.242702,3.143109083175659,1368.0,stimulus
1777619862.2929192,3.193326234817505,1367.0,stimulus
1777619862.342817,3.2432241439819336,1366.0,stimulus
1777619862.392863,3.2932701110839844,1369.0,stimulus
1777619862.442969,3.3433761596679688,1369.0,stimulus
1777619862.4929018,3.3933088779449463,1366.0,stimulus
1777619862.5429661,3.443373203277588,1366.0,stimulus
1777619862.59292,3.4933271408081055,1366.0,stimulus
1777619862.643059,3.543466091156006,1366.0,stimulus
1777619862.693016,3.5934231281280518,1367.0,stimulus
1777619862.743105,3.643512010574341,1365.0,stimulus
1777619862.793024,3.6934311389923096,1366.0,stimulus
1777619862.843162,3.7435691356658936,1366.0,stimulus
1777619862.893066,3.7934730052948,1368.0,stimulus
1777619862.943184,3.8435909748077393,1367.0,stimulus
1777619862.993093,3.8935000896453857,1365.0,stimulus
1777619863.043185,3.943592071533203,1365.0,stimulus
1777619863.093181,3.9935879707336426,1365.0,stimulus
1777619863.1432269,4.043633937835693,1368.0,stimulus
1777619863.1933372,4.093744277954102,1365.0,stimulus
1777619863.3241239,0.00025391578674316406,1363.0,post
1777619863.3242471,0.0003771781921386719,1362.0,post
1777619863.343283,0.019412994384765625,1365.0,post
1777619863.393402,0.06953215599060059,1362.0,post
1777619863.446454,0.12258410453796387,1365.0,post
1777619863.493407,0.16953706741333008,1365.0,post
1777619863.5435,0.21963000297546387,1363.0,post
1777619863.593483,0.26961302757263184,1365.0,post
1777619863.643554,0.3196840286254883,1366.0,post
1777619863.693493,0.36962294578552246,1367.0,post
1777619863.743576,0.4197061061859131,1367.0,post
1777619863.793611,0.4697411060333252,1366.0,post
1777619863.84358,0.5197100639343262,1365.0,post
1777619863.893609,0.5697391033172607,1362.0,post
1777619863.943553,0.619683027267456,1361.0,post
1777619863.9937432,0.6698732376098633,1363.0,post
1777619864.043623,0.7197530269622803,1366.0,post
1777619864.093732,0.769862174987793,1367.0,post
1777619864.143669,0.8197989463806152,1366.0,post
1777619864.193755,0.8698849678039551,1364.0,post
1777619864.243563,0.9196929931640625,1363.0,post
1777619864.293835,0.9699649810791016,1367.0,post
1777619864.343714,1.0198440551757812,1366.0,post
1777619864.393843,1.0699729919433594,1366.0,post
1777619864.443833,1.1199631690979004,1367.0,post
1777619864.4938471,1.1699771881103516,1368.0,post
1777619864.543849,1.2199790477752686,1367.0,post
1777619864.5938392,1.2699692249298096,1366.0,post
1777619864.643955,1.320085048675537,1367.0,post
1777619864.6940002,1.3701303005218506,1364.0,post
1777619864.744019,1.4201490879058838,1362.0,post
1777619864.7939541,1.4700841903686523,1360.0,post
1777619864.843928,1.5200581550598145,1364.0,post
1777619864.894034,1.5701639652252197,1365.0,post
1777619864.944149,1.62027907371521,1367.0,post
1777619864.994056,1.6701860427856445,1366.0,post
1777619865.044147,1.7202770709991455,1366.0,post
1777619865.094096,1.770226001739502,1366.0,post
1777619865.1441112,1.8202412128448486,1368.0,post
1777619865.194144,1.8702740669250488,1366.0,post
1777619865.244097,1.92022705078125,1368.0,post
1777619865.2943249,1.9704549312591553,1361.0,post
1777619865.344181,2.020311117172241,1363.0,post
